ISO-10303-21;
HEADER;
FILE_DESCRIPTION(('FreeCAD Model'),'2;1');
FILE_NAME(
  '/home/dan/kicad/3dModels/BarrelJack-102AH_Horizontal-kicad.step',
  '2019-02-22T16:36:45',('kicad StepUp'),('ksu MCAD'),
  'Open CASCADE STEP processor 7.3','FreeCAD','Unknown');
FILE_SCHEMA(('AUTOMOTIVE_DESIGN { 1 0 10303 214 1 1 1 1 }'));
ENDSEC;
DATA;
#1 = APPLICATION_PROTOCOL_DEFINITION('international standard',
  'automotive_design',2000,#2);
#2 = APPLICATION_CONTEXT(
  'core data for automotive mechanical design processes');
#3 = SHAPE_DEFINITION_REPRESENTATION(#4,#10);
#4 = PRODUCT_DEFINITION_SHAPE('','',#5);
#5 = PRODUCT_DEFINITION('design','',#6,#9);
#6 = PRODUCT_DEFINITION_FORMATION('','',#7);
#7 = PRODUCT('BarrelJack-102AH_Horizontal-kicad',
  'BarrelJack-102AH_Horizontal-kicad','',(#8));
#8 = PRODUCT_CONTEXT('',#2,'mechanical');
#9 = PRODUCT_DEFINITION_CONTEXT('part definition',#2,'design');
#10 = ADVANCED_BREP_SHAPE_REPRESENTATION('',(#11,#15),#2531);
#11 = AXIS2_PLACEMENT_3D('',#12,#13,#14);
#12 = CARTESIAN_POINT('',(0.,0.,0.));
#13 = DIRECTION('',(0.,0.,1.));
#14 = DIRECTION('',(1.,0.,-0.));
#15 = MANIFOLD_SOLID_BREP('',#16);
#16 = CLOSED_SHELL('',(#17,#57,#89,#159,#190,#207,#219,#239,#300,#310,
    #335,#496,#521,#650,#674,#762,#780,#816,#885,#909,#992,#1017,#1066,
    #1090,#1202,#1226,#1243,#1274,#1298,#1323,#1347,#1372,#1396,#1420,
    #1469,#1481,#1520,#1562,#1594,#1618,#1635,#1684,#1708,#1750,#1767,
    #1784,#1801,#1818,#1830,#1839,#1856,#1873,#1890,#1907,#1919,#1931,
    #1943,#1967,#1991,#2016,#2040,#2065,#2089,#2106,#2130,#2181,#2193,
    #2210,#2227,#2244,#2256,#2281,#2325,#2342,#2354,#2376,#2388,#2400,
    #2425,#2451,#2471,#2497,#2522));
#17 = ADVANCED_FACE('',(#18),#52,.F.);
#18 = FACE_BOUND('',#19,.F.);
#19 = EDGE_LOOP('',(#20,#30,#38,#46));
#20 = ORIENTED_EDGE('',*,*,#21,.F.);
#21 = EDGE_CURVE('',#22,#24,#26,.T.);
#22 = VERTEX_POINT('',#23);
#23 = CARTESIAN_POINT('',(-1.25,-6.25,4.));
#24 = VERTEX_POINT('',#25);
#25 = CARTESIAN_POINT('',(-1.25,-9.085640909809,3.5));
#26 = LINE('',#27,#28);
#27 = CARTESIAN_POINT('',(-1.25,-6.25,4.));
#28 = VECTOR('',#29,1.);
#29 = DIRECTION('',(0.,-0.984807753012,-0.173648177667));
#30 = ORIENTED_EDGE('',*,*,#31,.T.);
#31 = EDGE_CURVE('',#22,#32,#34,.T.);
#32 = VERTEX_POINT('',#33);
#33 = CARTESIAN_POINT('',(-1.25,-6.336824088833,4.492403876506));
#34 = LINE('',#35,#36);
#35 = CARTESIAN_POINT('',(-1.25,-6.25,4.));
#36 = VECTOR('',#37,1.);
#37 = DIRECTION('',(0.,-0.173648177667,0.984807753012));
#38 = ORIENTED_EDGE('',*,*,#39,.T.);
#39 = EDGE_CURVE('',#32,#40,#42,.T.);
#40 = VERTEX_POINT('',#41);
#41 = CARTESIAN_POINT('',(-1.25,-11.96502615138,3.5));
#42 = LINE('',#43,#44);
#43 = CARTESIAN_POINT('',(-1.25,-6.336824088833,4.492403876506));
#44 = VECTOR('',#45,1.);
#45 = DIRECTION('',(0.,-0.984807753012,-0.173648177667));
#46 = ORIENTED_EDGE('',*,*,#47,.F.);
#47 = EDGE_CURVE('',#24,#40,#48,.T.);
#48 = LINE('',#49,#50);
#49 = CARTESIAN_POINT('',(-1.25,-4.,3.5));
#50 = VECTOR('',#51,1.);
#51 = DIRECTION('',(0.,-1.,2.22044604925E-16));
#52 = PLANE('',#53);
#53 = AXIS2_PLACEMENT_3D('',#54,#55,#56);
#54 = CARTESIAN_POINT('',(-1.25,-6.25,4.));
#55 = DIRECTION('',(1.,0.,0.));
#56 = DIRECTION('',(0.,-0.984807753012,-0.173648177667));
#57 = ADVANCED_FACE('',(#58),#84,.F.);
#58 = FACE_BOUND('',#59,.F.);
#59 = EDGE_LOOP('',(#60,#70,#76,#77));
#60 = ORIENTED_EDGE('',*,*,#61,.F.);
#61 = EDGE_CURVE('',#62,#64,#66,.T.);
#62 = VERTEX_POINT('',#63);
#63 = CARTESIAN_POINT('',(1.25,-6.25,4.));
#64 = VERTEX_POINT('',#65);
#65 = CARTESIAN_POINT('',(1.25,-9.085640909809,3.5));
#66 = LINE('',#67,#68);
#67 = CARTESIAN_POINT('',(1.25,-6.25,4.));
#68 = VECTOR('',#69,1.);
#69 = DIRECTION('',(0.,-0.984807753012,-0.173648177667));
#70 = ORIENTED_EDGE('',*,*,#71,.F.);
#71 = EDGE_CURVE('',#22,#62,#72,.T.);
#72 = LINE('',#73,#74);
#73 = CARTESIAN_POINT('',(-1.25,-6.25,4.));
#74 = VECTOR('',#75,1.);
#75 = DIRECTION('',(1.,0.,0.));
#76 = ORIENTED_EDGE('',*,*,#21,.T.);
#77 = ORIENTED_EDGE('',*,*,#78,.T.);
#78 = EDGE_CURVE('',#24,#64,#79,.T.);
#79 = ELLIPSE('',#80,18.716004070217,3.25);
#80 = AXIS2_PLACEMENT_3D('',#81,#82,#83);
#81 = CARTESIAN_POINT('',(0.,7.928204549044,6.5));
#82 = DIRECTION('',(0.,-0.173648177667,0.984807753012));
#83 = DIRECTION('',(0.,-0.984807753012,-0.173648177667));
#84 = PLANE('',#85);
#85 = AXIS2_PLACEMENT_3D('',#86,#87,#88);
#86 = CARTESIAN_POINT('',(-1.25,-6.25,4.));
#87 = DIRECTION('',(0.,-0.173648177667,0.984807753012));
#88 = DIRECTION('',(0.,-0.984807753012,-0.173648177667));
#89 = ADVANCED_FACE('',(#90,#117),#154,.F.);
#90 = FACE_BOUND('',#91,.F.);
#91 = EDGE_LOOP('',(#92,#102,#109,#110));
#92 = ORIENTED_EDGE('',*,*,#93,.T.);
#93 = EDGE_CURVE('',#94,#96,#98,.T.);
#94 = VERTEX_POINT('',#95);
#95 = CARTESIAN_POINT('',(3.25,-4.,6.5));
#96 = VERTEX_POINT('',#97);
#97 = CARTESIAN_POINT('',(3.25,-14.,6.5));
#98 = LINE('',#99,#100);
#99 = CARTESIAN_POINT('',(3.25,-4.,6.5));
#100 = VECTOR('',#101,1.);
#101 = DIRECTION('',(0.,-1.,2.22044604925E-16));
#102 = ORIENTED_EDGE('',*,*,#103,.F.);
#103 = EDGE_CURVE('',#96,#96,#104,.T.);
#104 = CIRCLE('',#105,3.25);
#105 = AXIS2_PLACEMENT_3D('',#106,#107,#108);
#106 = CARTESIAN_POINT('',(0.,-14.,6.5));
#107 = DIRECTION('',(0.,-1.,2.22044604925E-16));
#108 = DIRECTION('',(1.,0.,0.));
#109 = ORIENTED_EDGE('',*,*,#93,.F.);
#110 = ORIENTED_EDGE('',*,*,#111,.T.);
#111 = EDGE_CURVE('',#94,#94,#112,.T.);
#112 = CIRCLE('',#113,3.25);
#113 = AXIS2_PLACEMENT_3D('',#114,#115,#116);
#114 = CARTESIAN_POINT('',(0.,-4.,6.5));
#115 = DIRECTION('',(0.,-1.,2.22044604925E-16));
#116 = DIRECTION('',(1.,0.,0.));
#117 = FACE_BOUND('',#118,.F.);
#118 = EDGE_LOOP('',(#119,#120,#121,#130,#139,#148));
#119 = ORIENTED_EDGE('',*,*,#78,.F.);
#120 = ORIENTED_EDGE('',*,*,#47,.T.);
#121 = ORIENTED_EDGE('',*,*,#122,.T.);
#122 = EDGE_CURVE('',#40,#123,#125,.T.);
#123 = VERTEX_POINT('',#124);
#124 = CARTESIAN_POINT('',(-0.417026734736,-13.23047835991,
    3.276866632838));
#125 = ELLIPSE('',#126,18.716004070217,3.25);
#126 = AXIS2_PLACEMENT_3D('',#127,#128,#129);
#127 = CARTESIAN_POINT('',(0.,5.048819307472,6.5));
#128 = DIRECTION('',(0.,-0.173648177667,0.984807753012));
#129 = DIRECTION('',(0.,-0.984807753012,-0.173648177667));
#130 = ORIENTED_EDGE('',*,*,#131,.T.);
#131 = EDGE_CURVE('',#123,#132,#134,.T.);
#132 = VERTEX_POINT('',#133);
#133 = CARTESIAN_POINT('',(0.417026734736,-13.23047835991,3.276866632838
    ));
#134 = ELLIPSE('',#135,3.300136488629,3.25);
#135 = AXIS2_PLACEMENT_3D('',#136,#137,#138);
#136 = CARTESIAN_POINT('',(0.,-13.79880373497,6.5));
#137 = DIRECTION('',(-0.,-0.984807753012,-0.173648177667));
#138 = DIRECTION('',(0.,-0.173648177667,0.984807753012));
#139 = ORIENTED_EDGE('',*,*,#140,.T.);
#140 = EDGE_CURVE('',#132,#141,#143,.T.);
#141 = VERTEX_POINT('',#142);
#142 = CARTESIAN_POINT('',(1.25,-11.96502615138,3.5));
#143 = ELLIPSE('',#144,18.716004070217,3.25);
#144 = AXIS2_PLACEMENT_3D('',#145,#146,#147);
#145 = CARTESIAN_POINT('',(0.,5.048819307472,6.5));
#146 = DIRECTION('',(0.,-0.173648177667,0.984807753012));
#147 = DIRECTION('',(0.,-0.984807753012,-0.173648177667));
#148 = ORIENTED_EDGE('',*,*,#149,.F.);
#149 = EDGE_CURVE('',#64,#141,#150,.T.);
#150 = LINE('',#151,#152);
#151 = CARTESIAN_POINT('',(1.25,-4.,3.5));
#152 = VECTOR('',#153,1.);
#153 = DIRECTION('',(0.,-1.,2.22044604925E-16));
#154 = CYLINDRICAL_SURFACE('',#155,3.25);
#155 = AXIS2_PLACEMENT_3D('',#156,#157,#158);
#156 = CARTESIAN_POINT('',(0.,-4.,6.5));
#157 = DIRECTION('',(0.,-1.,2.22044604925E-16));
#158 = DIRECTION('',(1.,0.,0.));
#159 = ADVANCED_FACE('',(#160),#185,.T.);
#160 = FACE_BOUND('',#161,.T.);
#161 = EDGE_LOOP('',(#162,#170,#176,#177,#178,#184));
#162 = ORIENTED_EDGE('',*,*,#163,.F.);
#163 = EDGE_CURVE('',#164,#141,#166,.T.);
#164 = VERTEX_POINT('',#165);
#165 = CARTESIAN_POINT('',(1.25,-6.336824088833,4.492403876506));
#166 = LINE('',#167,#168);
#167 = CARTESIAN_POINT('',(1.25,-6.336824088833,4.492403876506));
#168 = VECTOR('',#169,1.);
#169 = DIRECTION('',(0.,-0.984807753012,-0.173648177667));
#170 = ORIENTED_EDGE('',*,*,#171,.F.);
#171 = EDGE_CURVE('',#32,#164,#172,.T.);
#172 = LINE('',#173,#174);
#173 = CARTESIAN_POINT('',(-1.25,-6.336824088833,4.492403876506));
#174 = VECTOR('',#175,1.);
#175 = DIRECTION('',(1.,0.,0.));
#176 = ORIENTED_EDGE('',*,*,#39,.T.);
#177 = ORIENTED_EDGE('',*,*,#122,.T.);
#178 = ORIENTED_EDGE('',*,*,#179,.T.);
#179 = EDGE_CURVE('',#123,#132,#180,.T.);
#180 = LINE('',#181,#182);
#181 = CARTESIAN_POINT('',(-1.25,-13.23047835991,3.276866632838));
#182 = VECTOR('',#183,1.);
#183 = DIRECTION('',(1.,0.,0.));
#184 = ORIENTED_EDGE('',*,*,#140,.T.);
#185 = PLANE('',#186);
#186 = AXIS2_PLACEMENT_3D('',#187,#188,#189);
#187 = CARTESIAN_POINT('',(-1.25,-6.336824088833,4.492403876506));
#188 = DIRECTION('',(0.,-0.173648177667,0.984807753012));
#189 = DIRECTION('',(0.,-0.984807753012,-0.173648177667));
#190 = ADVANCED_FACE('',(#191),#202,.F.);
#191 = FACE_BOUND('',#192,.F.);
#192 = EDGE_LOOP('',(#193,#194,#195,#201));
#193 = ORIENTED_EDGE('',*,*,#31,.F.);
#194 = ORIENTED_EDGE('',*,*,#71,.T.);
#195 = ORIENTED_EDGE('',*,*,#196,.T.);
#196 = EDGE_CURVE('',#62,#164,#197,.T.);
#197 = LINE('',#198,#199);
#198 = CARTESIAN_POINT('',(1.25,-6.25,4.));
#199 = VECTOR('',#200,1.);
#200 = DIRECTION('',(0.,-0.173648177667,0.984807753012));
#201 = ORIENTED_EDGE('',*,*,#171,.F.);
#202 = PLANE('',#203);
#203 = AXIS2_PLACEMENT_3D('',#204,#205,#206);
#204 = CARTESIAN_POINT('',(-1.25,-6.25,4.));
#205 = DIRECTION('',(0.,-0.984807753012,-0.173648177667));
#206 = DIRECTION('',(1.,0.,0.));
#207 = ADVANCED_FACE('',(#208),#214,.T.);
#208 = FACE_BOUND('',#209,.T.);
#209 = EDGE_LOOP('',(#210,#211,#212,#213));
#210 = ORIENTED_EDGE('',*,*,#61,.F.);
#211 = ORIENTED_EDGE('',*,*,#196,.T.);
#212 = ORIENTED_EDGE('',*,*,#163,.T.);
#213 = ORIENTED_EDGE('',*,*,#149,.F.);
#214 = PLANE('',#215);
#215 = AXIS2_PLACEMENT_3D('',#216,#217,#218);
#216 = CARTESIAN_POINT('',(1.25,-6.25,4.));
#217 = DIRECTION('',(1.,0.,0.));
#218 = DIRECTION('',(0.,-0.984807753012,-0.173648177667));
#219 = ADVANCED_FACE('',(#220,#223),#234,.T.);
#220 = FACE_BOUND('',#221,.T.);
#221 = EDGE_LOOP('',(#222));
#222 = ORIENTED_EDGE('',*,*,#111,.T.);
#223 = FACE_BOUND('',#224,.T.);
#224 = EDGE_LOOP('',(#225));
#225 = ORIENTED_EDGE('',*,*,#226,.F.);
#226 = EDGE_CURVE('',#227,#227,#229,.T.);
#227 = VERTEX_POINT('',#228);
#228 = CARTESIAN_POINT('',(1.,-4.,6.5));
#229 = CIRCLE('',#230,1.);
#230 = AXIS2_PLACEMENT_3D('',#231,#232,#233);
#231 = CARTESIAN_POINT('',(0.,-4.,6.5));
#232 = DIRECTION('',(0.,-1.,2.22044604925E-16));
#233 = DIRECTION('',(1.,0.,0.));
#234 = PLANE('',#235);
#235 = AXIS2_PLACEMENT_3D('',#236,#237,#238);
#236 = CARTESIAN_POINT('',(0.,-4.,6.5));
#237 = DIRECTION('',(0.,-1.,2.22044604925E-16));
#238 = DIRECTION('',(1.,0.,0.));
#239 = ADVANCED_FACE('',(#240,#292),#295,.F.);
#240 = FACE_BOUND('',#241,.F.);
#241 = EDGE_LOOP('',(#242,#252,#260,#268,#277,#285));
#242 = ORIENTED_EDGE('',*,*,#243,.F.);
#243 = EDGE_CURVE('',#244,#246,#248,.T.);
#244 = VERTEX_POINT('',#245);
#245 = CARTESIAN_POINT('',(4.5,-14.,0.));
#246 = VERTEX_POINT('',#247);
#247 = CARTESIAN_POINT('',(4.5,-14.,10.6));
#248 = LINE('',#249,#250);
#249 = CARTESIAN_POINT('',(4.5,-14.,0.));
#250 = VECTOR('',#251,1.);
#251 = DIRECTION('',(0.,0.,1.));
#252 = ORIENTED_EDGE('',*,*,#253,.F.);
#253 = EDGE_CURVE('',#254,#244,#256,.T.);
#254 = VERTEX_POINT('',#255);
#255 = CARTESIAN_POINT('',(-4.5,-14.,0.));
#256 = LINE('',#257,#258);
#257 = CARTESIAN_POINT('',(-4.5,-14.,0.));
#258 = VECTOR('',#259,1.);
#259 = DIRECTION('',(1.,0.,0.));
#260 = ORIENTED_EDGE('',*,*,#261,.T.);
#261 = EDGE_CURVE('',#254,#262,#264,.T.);
#262 = VERTEX_POINT('',#263);
#263 = CARTESIAN_POINT('',(-4.5,-14.,10.6));
#264 = LINE('',#265,#266);
#265 = CARTESIAN_POINT('',(-4.5,-14.,0.));
#266 = VECTOR('',#267,1.);
#267 = DIRECTION('',(0.,0.,1.));
#268 = ORIENTED_EDGE('',*,*,#269,.F.);
#269 = EDGE_CURVE('',#270,#262,#272,.T.);
#270 = VERTEX_POINT('',#271);
#271 = CARTESIAN_POINT('',(-4.1,-14.,11.));
#272 = CIRCLE('',#273,0.4);
#273 = AXIS2_PLACEMENT_3D('',#274,#275,#276);
#274 = CARTESIAN_POINT('',(-4.1,-14.,10.6));
#275 = DIRECTION('',(0.,-1.,0.));
#276 = DIRECTION('',(0.,0.,1.));
#277 = ORIENTED_EDGE('',*,*,#278,.T.);
#278 = EDGE_CURVE('',#270,#279,#281,.T.);
#279 = VERTEX_POINT('',#280);
#280 = CARTESIAN_POINT('',(4.1,-14.,11.));
#281 = LINE('',#282,#283);
#282 = CARTESIAN_POINT('',(-4.5,-14.,11.));
#283 = VECTOR('',#284,1.);
#284 = DIRECTION('',(1.,0.,0.));
#285 = ORIENTED_EDGE('',*,*,#286,.T.);
#286 = EDGE_CURVE('',#279,#246,#287,.T.);
#287 = CIRCLE('',#288,0.4);
#288 = AXIS2_PLACEMENT_3D('',#289,#290,#291);
#289 = CARTESIAN_POINT('',(4.1,-14.,10.6));
#290 = DIRECTION('',(0.,1.,0.));
#291 = DIRECTION('',(0.,0.,1.));
#292 = FACE_BOUND('',#293,.F.);
#293 = EDGE_LOOP('',(#294));
#294 = ORIENTED_EDGE('',*,*,#103,.T.);
#295 = PLANE('',#296);
#296 = AXIS2_PLACEMENT_3D('',#297,#298,#299);
#297 = CARTESIAN_POINT('',(-4.5,-14.,0.));
#298 = DIRECTION('',(0.,1.,0.));
#299 = DIRECTION('',(0.,0.,1.));
#300 = ADVANCED_FACE('',(#301),#305,.T.);
#301 = FACE_BOUND('',#302,.T.);
#302 = EDGE_LOOP('',(#303,#304));
#303 = ORIENTED_EDGE('',*,*,#179,.F.);
#304 = ORIENTED_EDGE('',*,*,#131,.T.);
#305 = PLANE('',#306);
#306 = AXIS2_PLACEMENT_3D('',#307,#308,#309);
#307 = CARTESIAN_POINT('',(-1.25,-13.14365427108,2.784462756331));
#308 = DIRECTION('',(0.,-0.984807753012,-0.173648177667));
#309 = DIRECTION('',(1.,0.,0.));
#310 = ADVANCED_FACE('',(#311),#330,.T.);
#311 = FACE_BOUND('',#312,.T.);
#312 = EDGE_LOOP('',(#313,#314,#322,#329));
#313 = ORIENTED_EDGE('',*,*,#226,.T.);
#314 = ORIENTED_EDGE('',*,*,#315,.T.);
#315 = EDGE_CURVE('',#227,#316,#318,.T.);
#316 = VERTEX_POINT('',#317);
#317 = CARTESIAN_POINT('',(1.,-12.01,6.5));
#318 = LINE('',#319,#320);
#319 = CARTESIAN_POINT('',(1.,0.5,6.5));
#320 = VECTOR('',#321,1.);
#321 = DIRECTION('',(0.,-1.,2.22044604925E-16));
#322 = ORIENTED_EDGE('',*,*,#323,.F.);
#323 = EDGE_CURVE('',#316,#316,#324,.T.);
#324 = CIRCLE('',#325,1.);
#325 = AXIS2_PLACEMENT_3D('',#326,#327,#328);
#326 = CARTESIAN_POINT('',(0.,-12.01,6.5));
#327 = DIRECTION('',(0.,-1.,2.22044604925E-16));
#328 = DIRECTION('',(1.,-4.881076851055E-32,-2.198241588758E-16));
#329 = ORIENTED_EDGE('',*,*,#315,.F.);
#330 = CYLINDRICAL_SURFACE('',#331,1.);
#331 = AXIS2_PLACEMENT_3D('',#332,#333,#334);
#332 = CARTESIAN_POINT('',(0.,0.5,6.5));
#333 = DIRECTION('',(0.,-1.,2.22044604925E-16));
#334 = DIRECTION('',(1.,0.,0.));
#335 = ADVANCED_FACE('',(#336),#491,.T.);
#336 = FACE_BOUND('',#337,.T.);
#337 = EDGE_LOOP('',(#338,#348,#354,#355,#363,#371,#379,#388,#396,#405,
    #413,#421,#429,#437,#445,#453,#461,#469,#477,#485));
#338 = ORIENTED_EDGE('',*,*,#339,.T.);
#339 = EDGE_CURVE('',#340,#342,#344,.T.);
#340 = VERTEX_POINT('',#341);
#341 = CARTESIAN_POINT('',(4.5,-13.,10.));
#342 = VERTEX_POINT('',#343);
#343 = CARTESIAN_POINT('',(4.5,-13.,10.6));
#344 = LINE('',#345,#346);
#345 = CARTESIAN_POINT('',(4.5,-13.,10.));
#346 = VECTOR('',#347,1.);
#347 = DIRECTION('',(0.,0.,1.));
#348 = ORIENTED_EDGE('',*,*,#349,.F.);
#349 = EDGE_CURVE('',#246,#342,#350,.T.);
#350 = LINE('',#351,#352);
#351 = CARTESIAN_POINT('',(4.5,-14.,10.6));
#352 = VECTOR('',#353,1.);
#353 = DIRECTION('',(0.,1.,0.));
#354 = ORIENTED_EDGE('',*,*,#243,.F.);
#355 = ORIENTED_EDGE('',*,*,#356,.T.);
#356 = EDGE_CURVE('',#244,#357,#359,.T.);
#357 = VERTEX_POINT('',#358);
#358 = CARTESIAN_POINT('',(4.5,-3.5,-2.22044604925E-16));
#359 = LINE('',#360,#361);
#360 = CARTESIAN_POINT('',(4.5,-0.5,0.));
#361 = VECTOR('',#362,1.);
#362 = DIRECTION('',(0.,1.,0.));
#363 = ORIENTED_EDGE('',*,*,#364,.F.);
#364 = EDGE_CURVE('',#365,#357,#367,.T.);
#365 = VERTEX_POINT('',#366);
#366 = CARTESIAN_POINT('',(4.5,-4.25,0.75));
#367 = LINE('',#368,#369);
#368 = CARTESIAN_POINT('',(4.5,-3.875,0.375));
#369 = VECTOR('',#370,1.);
#370 = DIRECTION('',(0.,0.707106781187,-0.707106781187));
#371 = ORIENTED_EDGE('',*,*,#372,.T.);
#372 = EDGE_CURVE('',#365,#373,#375,.T.);
#373 = VERTEX_POINT('',#374);
#374 = CARTESIAN_POINT('',(4.5,-4.25,4.2));
#375 = LINE('',#376,#377);
#376 = CARTESIAN_POINT('',(4.5,-4.25,0.));
#377 = VECTOR('',#378,1.);
#378 = DIRECTION('',(0.,0.,1.));
#379 = ORIENTED_EDGE('',*,*,#380,.T.);
#380 = EDGE_CURVE('',#373,#381,#383,.T.);
#381 = VERTEX_POINT('',#382);
#382 = CARTESIAN_POINT('',(4.5,-3.95,4.5));
#383 = CIRCLE('',#384,0.3);
#384 = AXIS2_PLACEMENT_3D('',#385,#386,#387);
#385 = CARTESIAN_POINT('',(4.5,-3.95,4.2));
#386 = DIRECTION('',(-1.,0.,0.));
#387 = DIRECTION('',(0.,0.,1.));
#388 = ORIENTED_EDGE('',*,*,#389,.T.);
#389 = EDGE_CURVE('',#381,#390,#392,.T.);
#390 = VERTEX_POINT('',#391);
#391 = CARTESIAN_POINT('',(4.5,-2.05,4.5));
#392 = LINE('',#393,#394);
#393 = CARTESIAN_POINT('',(4.5,-4.25,4.5));
#394 = VECTOR('',#395,1.);
#395 = DIRECTION('',(0.,1.,0.));
#396 = ORIENTED_EDGE('',*,*,#397,.T.);
#397 = EDGE_CURVE('',#390,#398,#400,.T.);
#398 = VERTEX_POINT('',#399);
#399 = CARTESIAN_POINT('',(4.5,-1.75,4.2));
#400 = CIRCLE('',#401,0.3);
#401 = AXIS2_PLACEMENT_3D('',#402,#403,#404);
#402 = CARTESIAN_POINT('',(4.5,-2.05,4.2));
#403 = DIRECTION('',(-1.,0.,0.));
#404 = DIRECTION('',(0.,0.,1.));
#405 = ORIENTED_EDGE('',*,*,#406,.F.);
#406 = EDGE_CURVE('',#407,#398,#409,.T.);
#407 = VERTEX_POINT('',#408);
#408 = CARTESIAN_POINT('',(4.5,-1.75,0.75));
#409 = LINE('',#410,#411);
#410 = CARTESIAN_POINT('',(4.5,-1.75,0.));
#411 = VECTOR('',#412,1.);
#412 = DIRECTION('',(0.,0.,1.));
#413 = ORIENTED_EDGE('',*,*,#414,.T.);
#414 = EDGE_CURVE('',#407,#415,#417,.T.);
#415 = VERTEX_POINT('',#416);
#416 = CARTESIAN_POINT('',(4.5,-2.5,1.110223024625E-16));
#417 = LINE('',#418,#419);
#418 = CARTESIAN_POINT('',(4.5,-2.75,-0.25));
#419 = VECTOR('',#420,1.);
#420 = DIRECTION('',(0.,-0.707106781187,-0.707106781187));
#421 = ORIENTED_EDGE('',*,*,#422,.T.);
#422 = EDGE_CURVE('',#415,#423,#425,.T.);
#423 = VERTEX_POINT('',#424);
#424 = CARTESIAN_POINT('',(4.5,0.5,0.));
#425 = LINE('',#426,#427);
#426 = CARTESIAN_POINT('',(4.5,-0.5,0.));
#427 = VECTOR('',#428,1.);
#428 = DIRECTION('',(0.,1.,0.));
#429 = ORIENTED_EDGE('',*,*,#430,.T.);
#430 = EDGE_CURVE('',#423,#431,#433,.T.);
#431 = VERTEX_POINT('',#432);
#432 = CARTESIAN_POINT('',(4.5,0.5,3.5));
#433 = LINE('',#434,#435);
#434 = CARTESIAN_POINT('',(4.5,0.5,0.));
#435 = VECTOR('',#436,1.);
#436 = DIRECTION('',(0.,0.,1.));
#437 = ORIENTED_EDGE('',*,*,#438,.F.);
#438 = EDGE_CURVE('',#439,#431,#441,.T.);
#439 = VERTEX_POINT('',#440);
#440 = CARTESIAN_POINT('',(4.5,0.,3.5));
#441 = LINE('',#442,#443);
#442 = CARTESIAN_POINT('',(4.5,-0.5,3.5));
#443 = VECTOR('',#444,1.);
#444 = DIRECTION('',(0.,1.,0.));
#445 = ORIENTED_EDGE('',*,*,#446,.T.);
#446 = EDGE_CURVE('',#439,#447,#449,.T.);
#447 = VERTEX_POINT('',#448);
#448 = CARTESIAN_POINT('',(4.5,0.,6.5));
#449 = LINE('',#450,#451);
#450 = CARTESIAN_POINT('',(4.5,0.,0.));
#451 = VECTOR('',#452,1.);
#452 = DIRECTION('',(0.,0.,1.));
#453 = ORIENTED_EDGE('',*,*,#454,.F.);
#454 = EDGE_CURVE('',#455,#447,#457,.T.);
#455 = VERTEX_POINT('',#456);
#456 = CARTESIAN_POINT('',(4.5,-10.5,6.5));
#457 = LINE('',#458,#459);
#458 = CARTESIAN_POINT('',(4.5,-13.5,6.5));
#459 = VECTOR('',#460,1.);
#460 = DIRECTION('',(0.,1.,0.));
#461 = ORIENTED_EDGE('',*,*,#462,.T.);
#462 = EDGE_CURVE('',#455,#463,#465,.T.);
#463 = VERTEX_POINT('',#464);
#464 = CARTESIAN_POINT('',(4.5,-10.5,10.6));
#465 = LINE('',#466,#467);
#466 = CARTESIAN_POINT('',(4.5,-10.5,0.));
#467 = VECTOR('',#468,1.);
#468 = DIRECTION('',(0.,0.,1.));
#469 = ORIENTED_EDGE('',*,*,#470,.F.);
#470 = EDGE_CURVE('',#471,#463,#473,.T.);
#471 = VERTEX_POINT('',#472);
#472 = CARTESIAN_POINT('',(4.5,-11.5,10.6));
#473 = LINE('',#474,#475);
#474 = CARTESIAN_POINT('',(4.5,-11.5,10.6));
#475 = VECTOR('',#476,1.);
#476 = DIRECTION('',(0.,1.,0.));
#477 = ORIENTED_EDGE('',*,*,#478,.F.);
#478 = EDGE_CURVE('',#479,#471,#481,.T.);
#479 = VERTEX_POINT('',#480);
#480 = CARTESIAN_POINT('',(4.5,-11.5,10.));
#481 = LINE('',#482,#483);
#482 = CARTESIAN_POINT('',(4.5,-11.5,10.));
#483 = VECTOR('',#484,1.);
#484 = DIRECTION('',(0.,0.,1.));
#485 = ORIENTED_EDGE('',*,*,#486,.F.);
#486 = EDGE_CURVE('',#340,#479,#487,.T.);
#487 = LINE('',#488,#489);
#488 = CARTESIAN_POINT('',(4.5,-13.,10.));
#489 = VECTOR('',#490,1.);
#490 = DIRECTION('',(0.,1.,0.));
#491 = PLANE('',#492);
#492 = AXIS2_PLACEMENT_3D('',#493,#494,#495);
#493 = CARTESIAN_POINT('',(4.5,-7.785019455253,4.492607003891));
#494 = DIRECTION('',(1.,0.,0.));
#495 = DIRECTION('',(0.,0.,1.));
#496 = ADVANCED_FACE('',(#497),#516,.T.);
#497 = FACE_BOUND('',#498,.T.);
#498 = EDGE_LOOP('',(#499,#500,#501,#510));
#499 = ORIENTED_EDGE('',*,*,#286,.T.);
#500 = ORIENTED_EDGE('',*,*,#349,.T.);
#501 = ORIENTED_EDGE('',*,*,#502,.F.);
#502 = EDGE_CURVE('',#503,#342,#505,.T.);
#503 = VERTEX_POINT('',#504);
#504 = CARTESIAN_POINT('',(4.1,-13.,11.));
#505 = CIRCLE('',#506,0.4);
#506 = AXIS2_PLACEMENT_3D('',#507,#508,#509);
#507 = CARTESIAN_POINT('',(4.1,-13.,10.6));
#508 = DIRECTION('',(0.,1.,0.));
#509 = DIRECTION('',(0.,0.,1.));
#510 = ORIENTED_EDGE('',*,*,#511,.F.);
#511 = EDGE_CURVE('',#279,#503,#512,.T.);
#512 = LINE('',#513,#514);
#513 = CARTESIAN_POINT('',(4.1,-14.,11.));
#514 = VECTOR('',#515,1.);
#515 = DIRECTION('',(0.,1.,0.));
#516 = CYLINDRICAL_SURFACE('',#517,0.4);
#517 = AXIS2_PLACEMENT_3D('',#518,#519,#520);
#518 = CARTESIAN_POINT('',(4.1,-14.,10.6));
#519 = DIRECTION('',(0.,1.,0.));
#520 = DIRECTION('',(0.,0.,1.));
#521 = ADVANCED_FACE('',(#522,#611),#645,.T.);
#522 = FACE_BOUND('',#523,.T.);
#523 = EDGE_LOOP('',(#524,#525,#533,#541,#549,#557,#565,#573,#581,#589,
    #597,#603,#604,#610));
#524 = ORIENTED_EDGE('',*,*,#253,.F.);
#525 = ORIENTED_EDGE('',*,*,#526,.T.);
#526 = EDGE_CURVE('',#254,#527,#529,.T.);
#527 = VERTEX_POINT('',#528);
#528 = CARTESIAN_POINT('',(-4.5,0.5,0.));
#529 = LINE('',#530,#531);
#530 = CARTESIAN_POINT('',(-4.5,-0.5,0.));
#531 = VECTOR('',#532,1.);
#532 = DIRECTION('',(0.,1.,0.));
#533 = ORIENTED_EDGE('',*,*,#534,.T.);
#534 = EDGE_CURVE('',#527,#535,#537,.T.);
#535 = VERTEX_POINT('',#536);
#536 = CARTESIAN_POINT('',(-1.5,0.5,0.));
#537 = LINE('',#538,#539);
#538 = CARTESIAN_POINT('',(-4.5,0.5,0.));
#539 = VECTOR('',#540,1.);
#540 = DIRECTION('',(1.,0.,0.));
#541 = ORIENTED_EDGE('',*,*,#542,.F.);
#542 = EDGE_CURVE('',#543,#535,#545,.T.);
#543 = VERTEX_POINT('',#544);
#544 = CARTESIAN_POINT('',(-1.5,0.,0.));
#545 = LINE('',#546,#547);
#546 = CARTESIAN_POINT('',(-1.5,-0.5,0.));
#547 = VECTOR('',#548,1.);
#548 = DIRECTION('',(0.,1.,0.));
#549 = ORIENTED_EDGE('',*,*,#550,.T.);
#550 = EDGE_CURVE('',#543,#551,#553,.T.);
#551 = VERTEX_POINT('',#552);
#552 = CARTESIAN_POINT('',(-0.5,0.,0.));
#553 = LINE('',#554,#555);
#554 = CARTESIAN_POINT('',(-4.5,0.,0.));
#555 = VECTOR('',#556,1.);
#556 = DIRECTION('',(1.,0.,0.));
#557 = ORIENTED_EDGE('',*,*,#558,.F.);
#558 = EDGE_CURVE('',#559,#551,#561,.T.);
#559 = VERTEX_POINT('',#560);
#560 = CARTESIAN_POINT('',(-0.5,-0.25,-5.551115123126E-17));
#561 = LINE('',#562,#563);
#562 = CARTESIAN_POINT('',(-0.5,-0.25,0.));
#563 = VECTOR('',#564,1.);
#564 = DIRECTION('',(0.,1.,0.));
#565 = ORIENTED_EDGE('',*,*,#566,.T.);
#566 = EDGE_CURVE('',#559,#567,#569,.T.);
#567 = VERTEX_POINT('',#568);
#568 = CARTESIAN_POINT('',(0.5,-0.25,-5.551115123126E-17));
#569 = LINE('',#570,#571);
#570 = CARTESIAN_POINT('',(4.380784303614E-17,-0.25,0.));
#571 = VECTOR('',#572,1.);
#572 = DIRECTION('',(1.,0.,0.));
#573 = ORIENTED_EDGE('',*,*,#574,.T.);
#574 = EDGE_CURVE('',#567,#575,#577,.T.);
#575 = VERTEX_POINT('',#576);
#576 = CARTESIAN_POINT('',(0.5,0.,0.));
#577 = LINE('',#578,#579);
#578 = CARTESIAN_POINT('',(0.5,-0.25,0.));
#579 = VECTOR('',#580,1.);
#580 = DIRECTION('',(0.,1.,0.));
#581 = ORIENTED_EDGE('',*,*,#582,.T.);
#582 = EDGE_CURVE('',#575,#583,#585,.T.);
#583 = VERTEX_POINT('',#584);
#584 = CARTESIAN_POINT('',(1.5,0.,0.));
#585 = LINE('',#586,#587);
#586 = CARTESIAN_POINT('',(-4.5,0.,0.));
#587 = VECTOR('',#588,1.);
#588 = DIRECTION('',(1.,0.,0.));
#589 = ORIENTED_EDGE('',*,*,#590,.T.);
#590 = EDGE_CURVE('',#583,#591,#593,.T.);
#591 = VERTEX_POINT('',#592);
#592 = CARTESIAN_POINT('',(1.5,0.5,0.));
#593 = LINE('',#594,#595);
#594 = CARTESIAN_POINT('',(1.5,-0.5,0.));
#595 = VECTOR('',#596,1.);
#596 = DIRECTION('',(0.,1.,0.));
#597 = ORIENTED_EDGE('',*,*,#598,.T.);
#598 = EDGE_CURVE('',#591,#423,#599,.T.);
#599 = LINE('',#600,#601);
#600 = CARTESIAN_POINT('',(1.5,0.5,0.));
#601 = VECTOR('',#602,1.);
#602 = DIRECTION('',(1.,0.,0.));
#603 = ORIENTED_EDGE('',*,*,#422,.F.);
#604 = ORIENTED_EDGE('',*,*,#605,.F.);
#605 = EDGE_CURVE('',#357,#415,#606,.T.);
#606 = LINE('',#607,#608);
#607 = CARTESIAN_POINT('',(4.5,-0.5,0.));
#608 = VECTOR('',#609,1.);
#609 = DIRECTION('',(0.,1.,0.));
#610 = ORIENTED_EDGE('',*,*,#356,.F.);
#611 = FACE_BOUND('',#612,.T.);
#612 = EDGE_LOOP('',(#613,#623,#631,#639));
#613 = ORIENTED_EDGE('',*,*,#614,.F.);
#614 = EDGE_CURVE('',#615,#617,#619,.T.);
#615 = VERTEX_POINT('',#616);
#616 = CARTESIAN_POINT('',(-0.5,-5.75,0.));
#617 = VERTEX_POINT('',#618);
#618 = CARTESIAN_POINT('',(0.5,-5.75,0.));
#619 = LINE('',#620,#621);
#620 = CARTESIAN_POINT('',(-0.5,-5.75,0.));
#621 = VECTOR('',#622,1.);
#622 = DIRECTION('',(1.,0.,0.));
#623 = ORIENTED_EDGE('',*,*,#624,.F.);
#624 = EDGE_CURVE('',#625,#615,#627,.T.);
#625 = VERTEX_POINT('',#626);
#626 = CARTESIAN_POINT('',(-0.5,-6.25,0.));
#627 = LINE('',#628,#629);
#628 = CARTESIAN_POINT('',(-0.5,-6.25,0.));
#629 = VECTOR('',#630,1.);
#630 = DIRECTION('',(0.,1.,0.));
#631 = ORIENTED_EDGE('',*,*,#632,.T.);
#632 = EDGE_CURVE('',#625,#633,#635,.T.);
#633 = VERTEX_POINT('',#634);
#634 = CARTESIAN_POINT('',(0.5,-6.25,0.));
#635 = LINE('',#636,#637);
#636 = CARTESIAN_POINT('',(-0.5,-6.25,0.));
#637 = VECTOR('',#638,1.);
#638 = DIRECTION('',(1.,0.,0.));
#639 = ORIENTED_EDGE('',*,*,#640,.T.);
#640 = EDGE_CURVE('',#633,#617,#641,.T.);
#641 = LINE('',#642,#643);
#642 = CARTESIAN_POINT('',(0.5,-6.25,0.));
#643 = VECTOR('',#644,1.);
#644 = DIRECTION('',(0.,1.,0.));
#645 = PLANE('',#646);
#646 = AXIS2_PLACEMENT_3D('',#647,#648,#649);
#647 = CARTESIAN_POINT('',(0.,-6.635416666667,0.));
#648 = DIRECTION('',(-0.,-0.,-1.));
#649 = DIRECTION('',(-1.,0.,0.));
#650 = ADVANCED_FACE('',(#651),#669,.T.);
#651 = FACE_BOUND('',#652,.T.);
#652 = EDGE_LOOP('',(#653,#661,#667,#668));
#653 = ORIENTED_EDGE('',*,*,#654,.F.);
#654 = EDGE_CURVE('',#655,#503,#657,.T.);
#655 = VERTEX_POINT('',#656);
#656 = CARTESIAN_POINT('',(-4.1,-13.,11.));
#657 = LINE('',#658,#659);
#658 = CARTESIAN_POINT('',(-4.5,-13.,11.));
#659 = VECTOR('',#660,1.);
#660 = DIRECTION('',(1.,0.,0.));
#661 = ORIENTED_EDGE('',*,*,#662,.F.);
#662 = EDGE_CURVE('',#270,#655,#663,.T.);
#663 = LINE('',#664,#665);
#664 = CARTESIAN_POINT('',(-4.1,-14.,11.));
#665 = VECTOR('',#666,1.);
#666 = DIRECTION('',(0.,1.,0.));
#667 = ORIENTED_EDGE('',*,*,#278,.T.);
#668 = ORIENTED_EDGE('',*,*,#511,.T.);
#669 = PLANE('',#670);
#670 = AXIS2_PLACEMENT_3D('',#671,#672,#673);
#671 = CARTESIAN_POINT('',(-4.5,-14.,11.));
#672 = DIRECTION('',(0.,0.,1.));
#673 = DIRECTION('',(1.,0.,0.));
#674 = ADVANCED_FACE('',(#675),#757,.T.);
#675 = FACE_BOUND('',#676,.T.);
#676 = EDGE_LOOP('',(#677,#678,#686,#694,#702,#710,#718,#726,#734,#742,
    #750,#756));
#677 = ORIENTED_EDGE('',*,*,#261,.T.);
#678 = ORIENTED_EDGE('',*,*,#679,.T.);
#679 = EDGE_CURVE('',#262,#680,#682,.T.);
#680 = VERTEX_POINT('',#681);
#681 = CARTESIAN_POINT('',(-4.5,-13.,10.6));
#682 = LINE('',#683,#684);
#683 = CARTESIAN_POINT('',(-4.5,-14.,10.6));
#684 = VECTOR('',#685,1.);
#685 = DIRECTION('',(0.,1.,0.));
#686 = ORIENTED_EDGE('',*,*,#687,.F.);
#687 = EDGE_CURVE('',#688,#680,#690,.T.);
#688 = VERTEX_POINT('',#689);
#689 = CARTESIAN_POINT('',(-4.5,-13.,10.));
#690 = LINE('',#691,#692);
#691 = CARTESIAN_POINT('',(-4.5,-13.,10.));
#692 = VECTOR('',#693,1.);
#693 = DIRECTION('',(0.,0.,1.));
#694 = ORIENTED_EDGE('',*,*,#695,.T.);
#695 = EDGE_CURVE('',#688,#696,#698,.T.);
#696 = VERTEX_POINT('',#697);
#697 = CARTESIAN_POINT('',(-4.5,-11.5,10.));
#698 = LINE('',#699,#700);
#699 = CARTESIAN_POINT('',(-4.5,-13.,10.));
#700 = VECTOR('',#701,1.);
#701 = DIRECTION('',(0.,1.,0.));
#702 = ORIENTED_EDGE('',*,*,#703,.T.);
#703 = EDGE_CURVE('',#696,#704,#706,.T.);
#704 = VERTEX_POINT('',#705);
#705 = CARTESIAN_POINT('',(-4.5,-11.5,10.6));
#706 = LINE('',#707,#708);
#707 = CARTESIAN_POINT('',(-4.5,-11.5,10.));
#708 = VECTOR('',#709,1.);
#709 = DIRECTION('',(0.,0.,1.));
#710 = ORIENTED_EDGE('',*,*,#711,.T.);
#711 = EDGE_CURVE('',#704,#712,#714,.T.);
#712 = VERTEX_POINT('',#713);
#713 = CARTESIAN_POINT('',(-4.5,-10.5,10.6));
#714 = LINE('',#715,#716);
#715 = CARTESIAN_POINT('',(-4.5,-11.5,10.6));
#716 = VECTOR('',#717,1.);
#717 = DIRECTION('',(0.,1.,0.));
#718 = ORIENTED_EDGE('',*,*,#719,.F.);
#719 = EDGE_CURVE('',#720,#712,#722,.T.);
#720 = VERTEX_POINT('',#721);
#721 = CARTESIAN_POINT('',(-4.5,-10.5,6.5));
#722 = LINE('',#723,#724);
#723 = CARTESIAN_POINT('',(-4.5,-10.5,0.));
#724 = VECTOR('',#725,1.);
#725 = DIRECTION('',(0.,0.,1.));
#726 = ORIENTED_EDGE('',*,*,#727,.T.);
#727 = EDGE_CURVE('',#720,#728,#730,.T.);
#728 = VERTEX_POINT('',#729);
#729 = CARTESIAN_POINT('',(-4.5,0.,6.5));
#730 = LINE('',#731,#732);
#731 = CARTESIAN_POINT('',(-4.5,-13.5,6.5));
#732 = VECTOR('',#733,1.);
#733 = DIRECTION('',(0.,1.,0.));
#734 = ORIENTED_EDGE('',*,*,#735,.F.);
#735 = EDGE_CURVE('',#736,#728,#738,.T.);
#736 = VERTEX_POINT('',#737);
#737 = CARTESIAN_POINT('',(-4.5,0.,3.5));
#738 = LINE('',#739,#740);
#739 = CARTESIAN_POINT('',(-4.5,0.,0.));
#740 = VECTOR('',#741,1.);
#741 = DIRECTION('',(0.,0.,1.));
#742 = ORIENTED_EDGE('',*,*,#743,.T.);
#743 = EDGE_CURVE('',#736,#744,#746,.T.);
#744 = VERTEX_POINT('',#745);
#745 = CARTESIAN_POINT('',(-4.5,0.5,3.5));
#746 = LINE('',#747,#748);
#747 = CARTESIAN_POINT('',(-4.5,-0.5,3.5));
#748 = VECTOR('',#749,1.);
#749 = DIRECTION('',(0.,1.,0.));
#750 = ORIENTED_EDGE('',*,*,#751,.F.);
#751 = EDGE_CURVE('',#527,#744,#752,.T.);
#752 = LINE('',#753,#754);
#753 = CARTESIAN_POINT('',(-4.5,0.5,0.));
#754 = VECTOR('',#755,1.);
#755 = DIRECTION('',(0.,0.,1.));
#756 = ORIENTED_EDGE('',*,*,#526,.F.);
#757 = PLANE('',#758);
#758 = AXIS2_PLACEMENT_3D('',#759,#760,#761);
#759 = CARTESIAN_POINT('',(-4.5,-7.785019455253,4.492607003891));
#760 = DIRECTION('',(-1.,1.402531005461E-31,-2.032673235485E-32));
#761 = DIRECTION('',(-1.402531005461E-31,-1.,0.));
#762 = ADVANCED_FACE('',(#763),#775,.T.);
#763 = FACE_BOUND('',#764,.F.);
#764 = EDGE_LOOP('',(#765,#766,#767,#774));
#765 = ORIENTED_EDGE('',*,*,#269,.T.);
#766 = ORIENTED_EDGE('',*,*,#679,.T.);
#767 = ORIENTED_EDGE('',*,*,#768,.F.);
#768 = EDGE_CURVE('',#655,#680,#769,.T.);
#769 = CIRCLE('',#770,0.4);
#770 = AXIS2_PLACEMENT_3D('',#771,#772,#773);
#771 = CARTESIAN_POINT('',(-4.1,-13.,10.6));
#772 = DIRECTION('',(0.,-1.,0.));
#773 = DIRECTION('',(0.,0.,1.));
#774 = ORIENTED_EDGE('',*,*,#662,.F.);
#775 = CYLINDRICAL_SURFACE('',#776,0.4);
#776 = AXIS2_PLACEMENT_3D('',#777,#778,#779);
#777 = CARTESIAN_POINT('',(-4.1,-14.,10.6));
#778 = DIRECTION('',(0.,1.,0.));
#779 = DIRECTION('',(0.,0.,1.));
#780 = ADVANCED_FACE('',(#781),#801,.T.);
#781 = FACE_BOUND('',#782,.T.);
#782 = EDGE_LOOP('',(#783,#792,#793,#794));
#783 = ORIENTED_EDGE('',*,*,#784,.F.);
#784 = EDGE_CURVE('',#316,#785,#787,.T.);
#785 = VERTEX_POINT('',#786);
#786 = CARTESIAN_POINT('',(1.E-02,-13.,6.5));
#787 = CIRCLE('',#788,0.99);
#788 = AXIS2_PLACEMENT_3D('',#789,#790,#791);
#789 = CARTESIAN_POINT('',(1.E-02,-12.01,6.5));
#790 = DIRECTION('',(-2.198241588758E-16,-2.22044604925E-16,-1.));
#791 = DIRECTION('',(1.,-4.881076851055E-32,-2.198241588758E-16));
#792 = ORIENTED_EDGE('',*,*,#323,.T.);
#793 = ORIENTED_EDGE('',*,*,#784,.T.);
#794 = ORIENTED_EDGE('',*,*,#795,.F.);
#795 = EDGE_CURVE('',#785,#785,#796,.T.);
#796 = CIRCLE('',#797,1.E-02);
#797 = AXIS2_PLACEMENT_3D('',#798,#799,#800);
#798 = CARTESIAN_POINT('',(0.,-13.,6.5));
#799 = DIRECTION('',(0.,-1.,2.22044604925E-16));
#800 = DIRECTION('',(1.,-4.881076851055E-32,-2.198241588758E-16));
#801 = SURFACE_OF_REVOLUTION('',#802,#813);
#802 = B_SPLINE_CURVE_WITH_KNOTS('',5,(#803,#804,#805,#806,#807,#808,
    #809,#810,#811,#812),.UNSPECIFIED.,.F.,.F.,(6,4,6),(0.,
    0.785398163397,1.570796326795),.UNSPECIFIED.);
#803 = CARTESIAN_POINT('',(1.,-12.01,6.5));
#804 = CARTESIAN_POINT('',(1.,-12.16550883635,6.5));
#805 = CARTESIAN_POINT('',(0.969472762984,-12.32102013644,6.5));
#806 = CARTESIAN_POINT('',(0.908374144633,-12.4685252495,6.5));
#807 = CARTESIAN_POINT('',(0.819997066094,-12.60007436065,6.5));
#808 = CARTESIAN_POINT('',(0.600074360655,-12.81999706609,6.5));
#809 = CARTESIAN_POINT('',(0.468525249506,-12.90837414463,6.5));
#810 = CARTESIAN_POINT('',(0.321020136442,-12.96947276298,6.5));
#811 = CARTESIAN_POINT('',(0.165508836353,-13.,6.5));
#812 = CARTESIAN_POINT('',(1.E-02,-13.,6.5));
#813 = AXIS1_PLACEMENT('',#814,#815);
#814 = CARTESIAN_POINT('',(0.,-12.01,6.5));
#815 = DIRECTION('',(0.,-1.,2.22044604925E-16));
#816 = ADVANCED_FACE('',(#817),#880,.T.);
#817 = FACE_BOUND('',#818,.T.);
#818 = EDGE_LOOP('',(#819,#820,#821,#829,#837,#846,#854,#863,#871,#877,
    #878,#879));
#819 = ORIENTED_EDGE('',*,*,#502,.T.);
#820 = ORIENTED_EDGE('',*,*,#339,.F.);
#821 = ORIENTED_EDGE('',*,*,#822,.F.);
#822 = EDGE_CURVE('',#823,#340,#825,.T.);
#823 = VERTEX_POINT('',#824);
#824 = CARTESIAN_POINT('',(2.5,-13.,10.));
#825 = LINE('',#826,#827);
#826 = CARTESIAN_POINT('',(-4.5,-13.,10.));
#827 = VECTOR('',#828,1.);
#828 = DIRECTION('',(1.,0.,0.));
#829 = ORIENTED_EDGE('',*,*,#830,.T.);
#830 = EDGE_CURVE('',#823,#831,#833,.T.);
#831 = VERTEX_POINT('',#832);
#832 = CARTESIAN_POINT('',(2.5,-13.,10.5));
#833 = LINE('',#834,#835);
#834 = CARTESIAN_POINT('',(2.5,-13.,10.));
#835 = VECTOR('',#836,1.);
#836 = DIRECTION('',(0.,0.,1.));
#837 = ORIENTED_EDGE('',*,*,#838,.T.);
#838 = EDGE_CURVE('',#831,#839,#841,.T.);
#839 = VERTEX_POINT('',#840);
#840 = CARTESIAN_POINT('',(2.3,-13.,10.7));
#841 = CIRCLE('',#842,0.2);
#842 = AXIS2_PLACEMENT_3D('',#843,#844,#845);
#843 = CARTESIAN_POINT('',(2.3,-13.,10.5));
#844 = DIRECTION('',(0.,-1.,0.));
#845 = DIRECTION('',(0.,0.,1.));
#846 = ORIENTED_EDGE('',*,*,#847,.F.);
#847 = EDGE_CURVE('',#848,#839,#850,.T.);
#848 = VERTEX_POINT('',#849);
#849 = CARTESIAN_POINT('',(-2.3,-13.,10.7));
#850 = LINE('',#851,#852);
#851 = CARTESIAN_POINT('',(-2.5,-13.,10.7));
#852 = VECTOR('',#853,1.);
#853 = DIRECTION('',(1.,0.,0.));
#854 = ORIENTED_EDGE('',*,*,#855,.F.);
#855 = EDGE_CURVE('',#856,#848,#858,.T.);
#856 = VERTEX_POINT('',#857);
#857 = CARTESIAN_POINT('',(-2.5,-13.,10.5));
#858 = CIRCLE('',#859,0.2);
#859 = AXIS2_PLACEMENT_3D('',#860,#861,#862);
#860 = CARTESIAN_POINT('',(-2.3,-13.,10.5));
#861 = DIRECTION('',(0.,1.,0.));
#862 = DIRECTION('',(0.,0.,1.));
#863 = ORIENTED_EDGE('',*,*,#864,.F.);
#864 = EDGE_CURVE('',#865,#856,#867,.T.);
#865 = VERTEX_POINT('',#866);
#866 = CARTESIAN_POINT('',(-2.5,-13.,10.));
#867 = LINE('',#868,#869);
#868 = CARTESIAN_POINT('',(-2.5,-13.,10.));
#869 = VECTOR('',#870,1.);
#870 = DIRECTION('',(0.,0.,1.));
#871 = ORIENTED_EDGE('',*,*,#872,.F.);
#872 = EDGE_CURVE('',#688,#865,#873,.T.);
#873 = LINE('',#874,#875);
#874 = CARTESIAN_POINT('',(-4.5,-13.,10.));
#875 = VECTOR('',#876,1.);
#876 = DIRECTION('',(1.,0.,0.));
#877 = ORIENTED_EDGE('',*,*,#687,.T.);
#878 = ORIENTED_EDGE('',*,*,#768,.F.);
#879 = ORIENTED_EDGE('',*,*,#654,.T.);
#880 = PLANE('',#881);
#881 = AXIS2_PLACEMENT_3D('',#882,#883,#884);
#882 = CARTESIAN_POINT('',(-4.5,-13.,10.));
#883 = DIRECTION('',(0.,1.,0.));
#884 = DIRECTION('',(0.,0.,1.));
#885 = ADVANCED_FACE('',(#886),#904,.T.);
#886 = FACE_BOUND('',#887,.T.);
#887 = EDGE_LOOP('',(#888,#896,#902,#903));
#888 = ORIENTED_EDGE('',*,*,#889,.F.);
#889 = EDGE_CURVE('',#890,#479,#892,.T.);
#890 = VERTEX_POINT('',#891);
#891 = CARTESIAN_POINT('',(2.5,-11.5,10.));
#892 = LINE('',#893,#894);
#893 = CARTESIAN_POINT('',(-4.5,-11.5,10.));
#894 = VECTOR('',#895,1.);
#895 = DIRECTION('',(1.,0.,0.));
#896 = ORIENTED_EDGE('',*,*,#897,.F.);
#897 = EDGE_CURVE('',#823,#890,#898,.T.);
#898 = LINE('',#899,#900);
#899 = CARTESIAN_POINT('',(2.5,-13.,10.));
#900 = VECTOR('',#901,1.);
#901 = DIRECTION('',(0.,1.,0.));
#902 = ORIENTED_EDGE('',*,*,#822,.T.);
#903 = ORIENTED_EDGE('',*,*,#486,.T.);
#904 = PLANE('',#905);
#905 = AXIS2_PLACEMENT_3D('',#906,#907,#908);
#906 = CARTESIAN_POINT('',(-4.5,-13.,10.));
#907 = DIRECTION('',(0.,0.,1.));
#908 = DIRECTION('',(1.,0.,0.));
#909 = ADVANCED_FACE('',(#910),#987,.F.);
#910 = FACE_BOUND('',#911,.F.);
#911 = EDGE_LOOP('',(#912,#921,#922,#923,#931,#940,#948,#957,#965,#971,
    #972,#981));
#912 = ORIENTED_EDGE('',*,*,#913,.F.);
#913 = EDGE_CURVE('',#471,#914,#916,.T.);
#914 = VERTEX_POINT('',#915);
#915 = CARTESIAN_POINT('',(4.1,-11.5,11.));
#916 = CIRCLE('',#917,0.4);
#917 = AXIS2_PLACEMENT_3D('',#918,#919,#920);
#918 = CARTESIAN_POINT('',(4.1,-11.5,10.6));
#919 = DIRECTION('',(0.,-1.,0.));
#920 = DIRECTION('',(0.,0.,1.));
#921 = ORIENTED_EDGE('',*,*,#478,.F.);
#922 = ORIENTED_EDGE('',*,*,#889,.F.);
#923 = ORIENTED_EDGE('',*,*,#924,.T.);
#924 = EDGE_CURVE('',#890,#925,#927,.T.);
#925 = VERTEX_POINT('',#926);
#926 = CARTESIAN_POINT('',(2.5,-11.5,10.5));
#927 = LINE('',#928,#929);
#928 = CARTESIAN_POINT('',(2.5,-11.5,10.));
#929 = VECTOR('',#930,1.);
#930 = DIRECTION('',(0.,0.,1.));
#931 = ORIENTED_EDGE('',*,*,#932,.T.);
#932 = EDGE_CURVE('',#925,#933,#935,.T.);
#933 = VERTEX_POINT('',#934);
#934 = CARTESIAN_POINT('',(2.3,-11.5,10.7));
#935 = CIRCLE('',#936,0.2);
#936 = AXIS2_PLACEMENT_3D('',#937,#938,#939);
#937 = CARTESIAN_POINT('',(2.3,-11.5,10.5));
#938 = DIRECTION('',(0.,-1.,0.));
#939 = DIRECTION('',(0.,0.,1.));
#940 = ORIENTED_EDGE('',*,*,#941,.F.);
#941 = EDGE_CURVE('',#942,#933,#944,.T.);
#942 = VERTEX_POINT('',#943);
#943 = CARTESIAN_POINT('',(-2.3,-11.5,10.7));
#944 = LINE('',#945,#946);
#945 = CARTESIAN_POINT('',(-2.5,-11.5,10.7));
#946 = VECTOR('',#947,1.);
#947 = DIRECTION('',(1.,0.,0.));
#948 = ORIENTED_EDGE('',*,*,#949,.F.);
#949 = EDGE_CURVE('',#950,#942,#952,.T.);
#950 = VERTEX_POINT('',#951);
#951 = CARTESIAN_POINT('',(-2.5,-11.5,10.5));
#952 = CIRCLE('',#953,0.2);
#953 = AXIS2_PLACEMENT_3D('',#954,#955,#956);
#954 = CARTESIAN_POINT('',(-2.3,-11.5,10.5));
#955 = DIRECTION('',(0.,1.,0.));
#956 = DIRECTION('',(0.,0.,1.));
#957 = ORIENTED_EDGE('',*,*,#958,.F.);
#958 = EDGE_CURVE('',#959,#950,#961,.T.);
#959 = VERTEX_POINT('',#960);
#960 = CARTESIAN_POINT('',(-2.5,-11.5,10.));
#961 = LINE('',#962,#963);
#962 = CARTESIAN_POINT('',(-2.5,-11.5,10.));
#963 = VECTOR('',#964,1.);
#964 = DIRECTION('',(0.,0.,1.));
#965 = ORIENTED_EDGE('',*,*,#966,.F.);
#966 = EDGE_CURVE('',#696,#959,#967,.T.);
#967 = LINE('',#968,#969);
#968 = CARTESIAN_POINT('',(-4.5,-11.5,10.));
#969 = VECTOR('',#970,1.);
#970 = DIRECTION('',(1.,0.,0.));
#971 = ORIENTED_EDGE('',*,*,#703,.T.);
#972 = ORIENTED_EDGE('',*,*,#973,.T.);
#973 = EDGE_CURVE('',#704,#974,#976,.T.);
#974 = VERTEX_POINT('',#975);
#975 = CARTESIAN_POINT('',(-4.1,-11.5,11.));
#976 = CIRCLE('',#977,0.4);
#977 = AXIS2_PLACEMENT_3D('',#978,#979,#980);
#978 = CARTESIAN_POINT('',(-4.1,-11.5,10.6));
#979 = DIRECTION('',(0.,1.,0.));
#980 = DIRECTION('',(0.,0.,1.));
#981 = ORIENTED_EDGE('',*,*,#982,.T.);
#982 = EDGE_CURVE('',#974,#914,#983,.T.);
#983 = LINE('',#984,#985);
#984 = CARTESIAN_POINT('',(-4.5,-11.5,11.));
#985 = VECTOR('',#986,1.);
#986 = DIRECTION('',(1.,0.,0.));
#987 = PLANE('',#988);
#988 = AXIS2_PLACEMENT_3D('',#989,#990,#991);
#989 = CARTESIAN_POINT('',(-4.5,-11.5,10.));
#990 = DIRECTION('',(0.,1.,0.));
#991 = DIRECTION('',(0.,0.,1.));
#992 = ADVANCED_FACE('',(#993),#1012,.T.);
#993 = FACE_BOUND('',#994,.F.);
#994 = EDGE_LOOP('',(#995,#996,#1004,#1011));
#995 = ORIENTED_EDGE('',*,*,#913,.T.);
#996 = ORIENTED_EDGE('',*,*,#997,.T.);
#997 = EDGE_CURVE('',#914,#998,#1000,.T.);
#998 = VERTEX_POINT('',#999);
#999 = CARTESIAN_POINT('',(4.1,-10.5,11.));
#1000 = LINE('',#1001,#1002);
#1001 = CARTESIAN_POINT('',(4.1,-11.5,11.));
#1002 = VECTOR('',#1003,1.);
#1003 = DIRECTION('',(0.,1.,0.));
#1004 = ORIENTED_EDGE('',*,*,#1005,.F.);
#1005 = EDGE_CURVE('',#463,#998,#1006,.T.);
#1006 = CIRCLE('',#1007,0.4);
#1007 = AXIS2_PLACEMENT_3D('',#1008,#1009,#1010);
#1008 = CARTESIAN_POINT('',(4.1,-10.5,10.6));
#1009 = DIRECTION('',(0.,-1.,0.));
#1010 = DIRECTION('',(0.,0.,1.));
#1011 = ORIENTED_EDGE('',*,*,#470,.F.);
#1012 = CYLINDRICAL_SURFACE('',#1013,0.4);
#1013 = AXIS2_PLACEMENT_3D('',#1014,#1015,#1016);
#1014 = CARTESIAN_POINT('',(4.1,-11.5,10.6));
#1015 = DIRECTION('',(0.,1.,0.));
#1016 = DIRECTION('',(1.,0.,0.));
#1017 = ADVANCED_FACE('',(#1018),#1061,.T.);
#1018 = FACE_BOUND('',#1019,.T.);
#1019 = EDGE_LOOP('',(#1020,#1021,#1029,#1038,#1044,#1045,#1054,#1060));
#1020 = ORIENTED_EDGE('',*,*,#462,.F.);
#1021 = ORIENTED_EDGE('',*,*,#1022,.F.);
#1022 = EDGE_CURVE('',#1023,#455,#1025,.T.);
#1023 = VERTEX_POINT('',#1024);
#1024 = CARTESIAN_POINT('',(4.,-10.5,6.5));
#1025 = LINE('',#1026,#1027);
#1026 = CARTESIAN_POINT('',(-4.5,-10.5,6.5));
#1027 = VECTOR('',#1028,1.);
#1028 = DIRECTION('',(1.,0.,0.));
#1029 = ORIENTED_EDGE('',*,*,#1030,.T.);
#1030 = EDGE_CURVE('',#1023,#1031,#1033,.T.);
#1031 = VERTEX_POINT('',#1032);
#1032 = CARTESIAN_POINT('',(-4.,-10.5,6.5));
#1033 = CIRCLE('',#1034,4.);
#1034 = AXIS2_PLACEMENT_3D('',#1035,#1036,#1037);
#1035 = CARTESIAN_POINT('',(0.,-10.5,6.5));
#1036 = DIRECTION('',(0.,-1.,2.22044604925E-16));
#1037 = DIRECTION('',(1.,0.,0.));
#1038 = ORIENTED_EDGE('',*,*,#1039,.F.);
#1039 = EDGE_CURVE('',#720,#1031,#1040,.T.);
#1040 = LINE('',#1041,#1042);
#1041 = CARTESIAN_POINT('',(-4.5,-10.5,6.5));
#1042 = VECTOR('',#1043,1.);
#1043 = DIRECTION('',(1.,0.,0.));
#1044 = ORIENTED_EDGE('',*,*,#719,.T.);
#1045 = ORIENTED_EDGE('',*,*,#1046,.T.);
#1046 = EDGE_CURVE('',#712,#1047,#1049,.T.);
#1047 = VERTEX_POINT('',#1048);
#1048 = CARTESIAN_POINT('',(-4.1,-10.5,11.));
#1049 = CIRCLE('',#1050,0.4);
#1050 = AXIS2_PLACEMENT_3D('',#1051,#1052,#1053);
#1051 = CARTESIAN_POINT('',(-4.1,-10.5,10.6));
#1052 = DIRECTION('',(0.,1.,0.));
#1053 = DIRECTION('',(0.,0.,1.));
#1054 = ORIENTED_EDGE('',*,*,#1055,.T.);
#1055 = EDGE_CURVE('',#1047,#998,#1056,.T.);
#1056 = LINE('',#1057,#1058);
#1057 = CARTESIAN_POINT('',(-4.5,-10.5,11.));
#1058 = VECTOR('',#1059,1.);
#1059 = DIRECTION('',(1.,0.,0.));
#1060 = ORIENTED_EDGE('',*,*,#1005,.F.);
#1061 = PLANE('',#1062);
#1062 = AXIS2_PLACEMENT_3D('',#1063,#1064,#1065);
#1063 = CARTESIAN_POINT('',(-4.5,-10.5,0.));
#1064 = DIRECTION('',(0.,1.,0.));
#1065 = DIRECTION('',(0.,0.,1.));
#1066 = ADVANCED_FACE('',(#1067),#1085,.T.);
#1067 = FACE_BOUND('',#1068,.T.);
#1068 = EDGE_LOOP('',(#1069,#1077,#1078,#1079));
#1069 = ORIENTED_EDGE('',*,*,#1070,.T.);
#1070 = EDGE_CURVE('',#1071,#1023,#1073,.T.);
#1071 = VERTEX_POINT('',#1072);
#1072 = CARTESIAN_POINT('',(4.,-2.175409717515E-31,6.5));
#1073 = LINE('',#1074,#1075);
#1074 = CARTESIAN_POINT('',(4.,-2.175409717515E-31,6.5));
#1075 = VECTOR('',#1076,1.);
#1076 = DIRECTION('',(0.,-1.,2.22044604925E-16));
#1077 = ORIENTED_EDGE('',*,*,#1022,.T.);
#1078 = ORIENTED_EDGE('',*,*,#454,.T.);
#1079 = ORIENTED_EDGE('',*,*,#1080,.F.);
#1080 = EDGE_CURVE('',#1071,#447,#1081,.T.);
#1081 = LINE('',#1082,#1083);
#1082 = CARTESIAN_POINT('',(-4.5,0.,6.5));
#1083 = VECTOR('',#1084,1.);
#1084 = DIRECTION('',(1.,0.,0.));
#1085 = PLANE('',#1086);
#1086 = AXIS2_PLACEMENT_3D('',#1087,#1088,#1089);
#1087 = CARTESIAN_POINT('',(-4.5,-13.5,6.5));
#1088 = DIRECTION('',(0.,0.,1.));
#1089 = DIRECTION('',(1.,0.,0.));
#1090 = ADVANCED_FACE('',(#1091),#1197,.T.);
#1091 = FACE_BOUND('',#1092,.T.);
#1092 = EDGE_LOOP('',(#1093,#1094,#1102,#1108,#1109,#1117,#1125,#1134,
    #1142,#1151,#1159,#1165,#1166,#1174,#1180,#1181,#1189,#1196));
#1093 = ORIENTED_EDGE('',*,*,#446,.F.);
#1094 = ORIENTED_EDGE('',*,*,#1095,.F.);
#1095 = EDGE_CURVE('',#1096,#439,#1098,.T.);
#1096 = VERTEX_POINT('',#1097);
#1097 = CARTESIAN_POINT('',(1.5,1.110223024625E-16,3.5));
#1098 = LINE('',#1099,#1100);
#1099 = CARTESIAN_POINT('',(0.75,1.173569364059E-16,3.5));
#1100 = VECTOR('',#1101,1.);
#1101 = DIRECTION('',(1.,4.120219463124E-33,0.));
#1102 = ORIENTED_EDGE('',*,*,#1103,.T.);
#1103 = EDGE_CURVE('',#1096,#583,#1104,.T.);
#1104 = LINE('',#1105,#1106);
#1105 = CARTESIAN_POINT('',(1.5,6.015129004762E-17,2.206611613159));
#1106 = VECTOR('',#1107,1.);
#1107 = DIRECTION('',(0.,-5.70749401408E-17,-1.));
#1108 = ORIENTED_EDGE('',*,*,#582,.F.);
#1109 = ORIENTED_EDGE('',*,*,#1110,.T.);
#1110 = EDGE_CURVE('',#575,#1111,#1113,.T.);
#1111 = VERTEX_POINT('',#1112);
#1112 = CARTESIAN_POINT('',(1.25,-5.551115123126E-17,0.75));
#1113 = LINE('',#1114,#1115);
#1114 = CARTESIAN_POINT('',(1.665805806579,3.923597470318E-18,
    1.165805806579));
#1115 = VECTOR('',#1116,1.);
#1116 = DIRECTION('',(0.707106781187,4.035807720938E-17,0.707106781187)
  );
#1117 = ORIENTED_EDGE('',*,*,#1118,.T.);
#1118 = EDGE_CURVE('',#1111,#1119,#1121,.T.);
#1119 = VERTEX_POINT('',#1120);
#1120 = CARTESIAN_POINT('',(1.25,3.885780586188E-16,7.3));
#1121 = LINE('',#1122,#1123);
#1122 = CARTESIAN_POINT('',(1.25,4.627350223981E-17,2.206611613159));
#1123 = VECTOR('',#1124,1.);
#1124 = DIRECTION('',(0.,5.70749401408E-17,1.));
#1125 = ORIENTED_EDGE('',*,*,#1126,.F.);
#1126 = EDGE_CURVE('',#1127,#1119,#1129,.T.);
#1127 = VERTEX_POINT('',#1128);
#1128 = CARTESIAN_POINT('',(5.E-02,4.440892098501E-16,8.5));
#1129 = CIRCLE('',#1130,1.2);
#1130 = AXIS2_PLACEMENT_3D('',#1131,#1132,#1133);
#1131 = CARTESIAN_POINT('',(5.E-02,3.885780586188E-16,7.3));
#1132 = DIRECTION('',(-0.,1.,0.));
#1133 = DIRECTION('',(1.,0.,0.));
#1134 = ORIENTED_EDGE('',*,*,#1135,.T.);
#1135 = EDGE_CURVE('',#1127,#1136,#1138,.T.);
#1136 = VERTEX_POINT('',#1137);
#1137 = CARTESIAN_POINT('',(-5.E-02,4.440892098501E-16,8.5));
#1138 = LINE('',#1139,#1140);
#1139 = CARTESIAN_POINT('',(-0.625,4.265777404517E-16,8.5));
#1140 = VECTOR('',#1141,1.);
#1141 = DIRECTION('',(-1.,-4.120219463124E-33,0.));
#1142 = ORIENTED_EDGE('',*,*,#1143,.F.);
#1143 = EDGE_CURVE('',#1144,#1136,#1146,.T.);
#1144 = VERTEX_POINT('',#1145);
#1145 = CARTESIAN_POINT('',(-1.25,3.885780586188E-16,7.3));
#1146 = CIRCLE('',#1147,1.2);
#1147 = AXIS2_PLACEMENT_3D('',#1148,#1149,#1150);
#1148 = CARTESIAN_POINT('',(-5.E-02,3.885780586188E-16,7.3));
#1149 = DIRECTION('',(0.,1.,-0.));
#1150 = DIRECTION('',(-1.,0.,0.));
#1151 = ORIENTED_EDGE('',*,*,#1152,.F.);
#1152 = EDGE_CURVE('',#1153,#1144,#1155,.T.);
#1153 = VERTEX_POINT('',#1154);
#1154 = CARTESIAN_POINT('',(-1.25,-5.551115123126E-17,0.75));
#1155 = LINE('',#1156,#1157);
#1156 = CARTESIAN_POINT('',(-1.25,4.627350223981E-17,2.206611613159));
#1157 = VECTOR('',#1158,1.);
#1158 = DIRECTION('',(0.,5.70749401408E-17,1.));
#1159 = ORIENTED_EDGE('',*,*,#1160,.T.);
#1160 = EDGE_CURVE('',#1153,#551,#1161,.T.);
#1161 = LINE('',#1162,#1163);
#1162 = CARTESIAN_POINT('',(-1.665805806579,3.923597470318E-18,
    1.165805806579));
#1163 = VECTOR('',#1164,1.);
#1164 = DIRECTION('',(0.707106781187,-4.035807720938E-17,-0.707106781187
    ));
#1165 = ORIENTED_EDGE('',*,*,#550,.F.);
#1166 = ORIENTED_EDGE('',*,*,#1167,.F.);
#1167 = EDGE_CURVE('',#1168,#543,#1170,.T.);
#1168 = VERTEX_POINT('',#1169);
#1169 = CARTESIAN_POINT('',(-1.5,1.110223024625E-16,3.5));
#1170 = LINE('',#1171,#1172);
#1171 = CARTESIAN_POINT('',(-1.5,6.015129004762E-17,2.206611613159));
#1172 = VECTOR('',#1173,1.);
#1173 = DIRECTION('',(0.,-5.70749401408E-17,-1.));
#1174 = ORIENTED_EDGE('',*,*,#1175,.F.);
#1175 = EDGE_CURVE('',#736,#1168,#1176,.T.);
#1176 = LINE('',#1177,#1178);
#1177 = CARTESIAN_POINT('',(-2.25,1.173569364059E-16,3.5));
#1178 = VECTOR('',#1179,1.);
#1179 = DIRECTION('',(1.,4.120219463124E-33,0.));
#1180 = ORIENTED_EDGE('',*,*,#735,.T.);
#1181 = ORIENTED_EDGE('',*,*,#1182,.T.);
#1182 = EDGE_CURVE('',#728,#1183,#1185,.T.);
#1183 = VERTEX_POINT('',#1184);
#1184 = CARTESIAN_POINT('',(-4.,-1.789220035084E-29,6.5));
#1185 = LINE('',#1186,#1187);
#1186 = CARTESIAN_POINT('',(-4.5,0.,6.5));
#1187 = VECTOR('',#1188,1.);
#1188 = DIRECTION('',(1.,0.,0.));
#1189 = ORIENTED_EDGE('',*,*,#1190,.F.);
#1190 = EDGE_CURVE('',#1071,#1183,#1191,.T.);
#1191 = CIRCLE('',#1192,4.);
#1192 = AXIS2_PLACEMENT_3D('',#1193,#1194,#1195);
#1193 = CARTESIAN_POINT('',(0.,0.,6.5));
#1194 = DIRECTION('',(0.,-1.,2.22044604925E-16));
#1195 = DIRECTION('',(1.,0.,0.));
#1196 = ORIENTED_EDGE('',*,*,#1080,.T.);
#1197 = PLANE('',#1198);
#1198 = AXIS2_PLACEMENT_3D('',#1199,#1200,#1201);
#1199 = CARTESIAN_POINT('',(0.,1.758137313265E-16,4.413223226317));
#1200 = DIRECTION('',(-4.120219463124E-33,1.,-5.70749401408E-17));
#1201 = DIRECTION('',(0.,5.70749401408E-17,1.));
#1202 = ADVANCED_FACE('',(#1203),#1221,.T.);
#1203 = FACE_BOUND('',#1204,.T.);
#1204 = EDGE_LOOP('',(#1205,#1213,#1214,#1215));
#1205 = ORIENTED_EDGE('',*,*,#1206,.F.);
#1206 = EDGE_CURVE('',#1096,#1207,#1209,.T.);
#1207 = VERTEX_POINT('',#1208);
#1208 = CARTESIAN_POINT('',(1.5,0.5,3.5));
#1209 = LINE('',#1210,#1211);
#1210 = CARTESIAN_POINT('',(1.5,-0.5,3.5));
#1211 = VECTOR('',#1212,1.);
#1212 = DIRECTION('',(0.,1.,0.));
#1213 = ORIENTED_EDGE('',*,*,#1095,.T.);
#1214 = ORIENTED_EDGE('',*,*,#438,.T.);
#1215 = ORIENTED_EDGE('',*,*,#1216,.F.);
#1216 = EDGE_CURVE('',#1207,#431,#1217,.T.);
#1217 = LINE('',#1218,#1219);
#1218 = CARTESIAN_POINT('',(1.5,0.5,3.5));
#1219 = VECTOR('',#1220,1.);
#1220 = DIRECTION('',(1.,0.,0.));
#1221 = PLANE('',#1222);
#1222 = AXIS2_PLACEMENT_3D('',#1223,#1224,#1225);
#1223 = CARTESIAN_POINT('',(1.5,-0.5,3.5));
#1224 = DIRECTION('',(0.,0.,1.));
#1225 = DIRECTION('',(1.,0.,0.));
#1226 = ADVANCED_FACE('',(#1227),#1238,.T.);
#1227 = FACE_BOUND('',#1228,.T.);
#1228 = EDGE_LOOP('',(#1229,#1230,#1236,#1237));
#1229 = ORIENTED_EDGE('',*,*,#598,.F.);
#1230 = ORIENTED_EDGE('',*,*,#1231,.T.);
#1231 = EDGE_CURVE('',#591,#1207,#1232,.T.);
#1232 = LINE('',#1233,#1234);
#1233 = CARTESIAN_POINT('',(1.5,0.5,0.));
#1234 = VECTOR('',#1235,1.);
#1235 = DIRECTION('',(0.,0.,1.));
#1236 = ORIENTED_EDGE('',*,*,#1216,.T.);
#1237 = ORIENTED_EDGE('',*,*,#430,.F.);
#1238 = PLANE('',#1239);
#1239 = AXIS2_PLACEMENT_3D('',#1240,#1241,#1242);
#1240 = CARTESIAN_POINT('',(1.5,0.5,0.));
#1241 = DIRECTION('',(0.,1.,0.));
#1242 = DIRECTION('',(0.,0.,1.));
#1243 = ADVANCED_FACE('',(#1244),#1269,.F.);
#1244 = FACE_BOUND('',#1245,.T.);
#1245 = EDGE_LOOP('',(#1246,#1247,#1255,#1263));
#1246 = ORIENTED_EDGE('',*,*,#414,.F.);
#1247 = ORIENTED_EDGE('',*,*,#1248,.T.);
#1248 = EDGE_CURVE('',#407,#1249,#1251,.T.);
#1249 = VERTEX_POINT('',#1250);
#1250 = CARTESIAN_POINT('',(5.,-1.75,0.75));
#1251 = LINE('',#1252,#1253);
#1252 = CARTESIAN_POINT('',(4.5,-1.75,0.75));
#1253 = VECTOR('',#1254,1.);
#1254 = DIRECTION('',(1.,0.,0.));
#1255 = ORIENTED_EDGE('',*,*,#1256,.T.);
#1256 = EDGE_CURVE('',#1249,#1257,#1259,.T.);
#1257 = VERTEX_POINT('',#1258);
#1258 = CARTESIAN_POINT('',(5.,-2.5,1.110223024625E-16));
#1259 = LINE('',#1260,#1261);
#1260 = CARTESIAN_POINT('',(5.,-2.75,-0.25));
#1261 = VECTOR('',#1262,1.);
#1262 = DIRECTION('',(0.,-0.707106781187,-0.707106781187));
#1263 = ORIENTED_EDGE('',*,*,#1264,.F.);
#1264 = EDGE_CURVE('',#415,#1257,#1265,.T.);
#1265 = LINE('',#1266,#1267);
#1266 = CARTESIAN_POINT('',(4.5,-2.5,0.));
#1267 = VECTOR('',#1268,1.);
#1268 = DIRECTION('',(1.,0.,0.));
#1269 = PLANE('',#1270);
#1270 = AXIS2_PLACEMENT_3D('',#1271,#1272,#1273);
#1271 = CARTESIAN_POINT('',(4.5,-2.125,0.375));
#1272 = DIRECTION('',(0.,-0.707106781187,0.707106781187));
#1273 = DIRECTION('',(-1.,-0.,-0.));
#1274 = ADVANCED_FACE('',(#1275),#1293,.T.);
#1275 = FACE_BOUND('',#1276,.T.);
#1276 = EDGE_LOOP('',(#1277,#1285,#1286,#1287));
#1277 = ORIENTED_EDGE('',*,*,#1278,.F.);
#1278 = EDGE_CURVE('',#1249,#1279,#1281,.T.);
#1279 = VERTEX_POINT('',#1280);
#1280 = CARTESIAN_POINT('',(5.,-1.75,4.2));
#1281 = LINE('',#1282,#1283);
#1282 = CARTESIAN_POINT('',(5.,-1.75,0.));
#1283 = VECTOR('',#1284,1.);
#1284 = DIRECTION('',(0.,0.,1.));
#1285 = ORIENTED_EDGE('',*,*,#1248,.F.);
#1286 = ORIENTED_EDGE('',*,*,#406,.T.);
#1287 = ORIENTED_EDGE('',*,*,#1288,.T.);
#1288 = EDGE_CURVE('',#398,#1279,#1289,.T.);
#1289 = LINE('',#1290,#1291);
#1290 = CARTESIAN_POINT('',(4.5,-1.75,4.2));
#1291 = VECTOR('',#1292,1.);
#1292 = DIRECTION('',(1.,0.,0.));
#1293 = PLANE('',#1294);
#1294 = AXIS2_PLACEMENT_3D('',#1295,#1296,#1297);
#1295 = CARTESIAN_POINT('',(4.5,-1.75,0.));
#1296 = DIRECTION('',(0.,1.,0.));
#1297 = DIRECTION('',(0.,0.,1.));
#1298 = ADVANCED_FACE('',(#1299),#1318,.T.);
#1299 = FACE_BOUND('',#1300,.F.);
#1300 = EDGE_LOOP('',(#1301,#1302,#1303,#1312));
#1301 = ORIENTED_EDGE('',*,*,#397,.T.);
#1302 = ORIENTED_EDGE('',*,*,#1288,.T.);
#1303 = ORIENTED_EDGE('',*,*,#1304,.F.);
#1304 = EDGE_CURVE('',#1305,#1279,#1307,.T.);
#1305 = VERTEX_POINT('',#1306);
#1306 = CARTESIAN_POINT('',(4.7,-2.05,4.5));
#1307 = ELLIPSE('',#1308,0.424264068712,0.3);
#1308 = AXIS2_PLACEMENT_3D('',#1309,#1310,#1311);
#1309 = CARTESIAN_POINT('',(4.7,-2.05,4.2));
#1310 = DIRECTION('',(-0.707106781187,0.707106781187,0.));
#1311 = DIRECTION('',(0.707106781187,0.707106781187,0.));
#1312 = ORIENTED_EDGE('',*,*,#1313,.F.);
#1313 = EDGE_CURVE('',#390,#1305,#1314,.T.);
#1314 = LINE('',#1315,#1316);
#1315 = CARTESIAN_POINT('',(4.5,-2.05,4.5));
#1316 = VECTOR('',#1317,1.);
#1317 = DIRECTION('',(1.,0.,0.));
#1318 = CYLINDRICAL_SURFACE('',#1319,0.3);
#1319 = AXIS2_PLACEMENT_3D('',#1320,#1321,#1322);
#1320 = CARTESIAN_POINT('',(4.5,-2.05,4.2));
#1321 = DIRECTION('',(1.,0.,0.));
#1322 = DIRECTION('',(0.,0.,1.));
#1323 = ADVANCED_FACE('',(#1324),#1342,.T.);
#1324 = FACE_BOUND('',#1325,.T.);
#1325 = EDGE_LOOP('',(#1326,#1327,#1335,#1341));
#1326 = ORIENTED_EDGE('',*,*,#389,.F.);
#1327 = ORIENTED_EDGE('',*,*,#1328,.T.);
#1328 = EDGE_CURVE('',#381,#1329,#1331,.T.);
#1329 = VERTEX_POINT('',#1330);
#1330 = CARTESIAN_POINT('',(4.7,-3.95,4.5));
#1331 = LINE('',#1332,#1333);
#1332 = CARTESIAN_POINT('',(4.5,-3.95,4.5));
#1333 = VECTOR('',#1334,1.);
#1334 = DIRECTION('',(1.,0.,0.));
#1335 = ORIENTED_EDGE('',*,*,#1336,.T.);
#1336 = EDGE_CURVE('',#1329,#1305,#1337,.T.);
#1337 = LINE('',#1338,#1339);
#1338 = CARTESIAN_POINT('',(4.7,-4.25,4.5));
#1339 = VECTOR('',#1340,1.);
#1340 = DIRECTION('',(0.,1.,0.));
#1341 = ORIENTED_EDGE('',*,*,#1313,.F.);
#1342 = PLANE('',#1343);
#1343 = AXIS2_PLACEMENT_3D('',#1344,#1345,#1346);
#1344 = CARTESIAN_POINT('',(4.5,-4.25,4.5));
#1345 = DIRECTION('',(0.,0.,1.));
#1346 = DIRECTION('',(1.,0.,0.));
#1347 = ADVANCED_FACE('',(#1348),#1367,.T.);
#1348 = FACE_BOUND('',#1349,.F.);
#1349 = EDGE_LOOP('',(#1350,#1351,#1352,#1361));
#1350 = ORIENTED_EDGE('',*,*,#380,.T.);
#1351 = ORIENTED_EDGE('',*,*,#1328,.T.);
#1352 = ORIENTED_EDGE('',*,*,#1353,.F.);
#1353 = EDGE_CURVE('',#1354,#1329,#1356,.T.);
#1354 = VERTEX_POINT('',#1355);
#1355 = CARTESIAN_POINT('',(5.,-4.25,4.2));
#1356 = ELLIPSE('',#1357,0.424264068712,0.3);
#1357 = AXIS2_PLACEMENT_3D('',#1358,#1359,#1360);
#1358 = CARTESIAN_POINT('',(4.7,-3.95,4.2));
#1359 = DIRECTION('',(-0.707106781187,-0.707106781187,0.));
#1360 = DIRECTION('',(0.707106781187,-0.707106781187,0.));
#1361 = ORIENTED_EDGE('',*,*,#1362,.F.);
#1362 = EDGE_CURVE('',#373,#1354,#1363,.T.);
#1363 = LINE('',#1364,#1365);
#1364 = CARTESIAN_POINT('',(4.5,-4.25,4.2));
#1365 = VECTOR('',#1366,1.);
#1366 = DIRECTION('',(1.,0.,0.));
#1367 = CYLINDRICAL_SURFACE('',#1368,0.3);
#1368 = AXIS2_PLACEMENT_3D('',#1369,#1370,#1371);
#1369 = CARTESIAN_POINT('',(4.5,-3.95,4.2));
#1370 = DIRECTION('',(1.,0.,0.));
#1371 = DIRECTION('',(0.,-1.,0.));
#1372 = ADVANCED_FACE('',(#1373),#1391,.F.);
#1373 = FACE_BOUND('',#1374,.F.);
#1374 = EDGE_LOOP('',(#1375,#1383,#1389,#1390));
#1375 = ORIENTED_EDGE('',*,*,#1376,.F.);
#1376 = EDGE_CURVE('',#1377,#1354,#1379,.T.);
#1377 = VERTEX_POINT('',#1378);
#1378 = CARTESIAN_POINT('',(5.,-4.25,0.75));
#1379 = LINE('',#1380,#1381);
#1380 = CARTESIAN_POINT('',(5.,-4.25,0.));
#1381 = VECTOR('',#1382,1.);
#1382 = DIRECTION('',(0.,0.,1.));
#1383 = ORIENTED_EDGE('',*,*,#1384,.F.);
#1384 = EDGE_CURVE('',#365,#1377,#1385,.T.);
#1385 = LINE('',#1386,#1387);
#1386 = CARTESIAN_POINT('',(4.5,-4.25,0.75));
#1387 = VECTOR('',#1388,1.);
#1388 = DIRECTION('',(1.,0.,0.));
#1389 = ORIENTED_EDGE('',*,*,#372,.T.);
#1390 = ORIENTED_EDGE('',*,*,#1362,.T.);
#1391 = PLANE('',#1392);
#1392 = AXIS2_PLACEMENT_3D('',#1393,#1394,#1395);
#1393 = CARTESIAN_POINT('',(4.5,-4.25,0.));
#1394 = DIRECTION('',(0.,1.,0.));
#1395 = DIRECTION('',(0.,0.,1.));
#1396 = ADVANCED_FACE('',(#1397),#1415,.T.);
#1397 = FACE_BOUND('',#1398,.F.);
#1398 = EDGE_LOOP('',(#1399,#1400,#1401,#1409));
#1399 = ORIENTED_EDGE('',*,*,#364,.F.);
#1400 = ORIENTED_EDGE('',*,*,#1384,.T.);
#1401 = ORIENTED_EDGE('',*,*,#1402,.T.);
#1402 = EDGE_CURVE('',#1377,#1403,#1405,.T.);
#1403 = VERTEX_POINT('',#1404);
#1404 = CARTESIAN_POINT('',(5.,-3.5,-2.22044604925E-16));
#1405 = LINE('',#1406,#1407);
#1406 = CARTESIAN_POINT('',(5.,-3.875,0.375));
#1407 = VECTOR('',#1408,1.);
#1408 = DIRECTION('',(0.,0.707106781187,-0.707106781187));
#1409 = ORIENTED_EDGE('',*,*,#1410,.F.);
#1410 = EDGE_CURVE('',#357,#1403,#1411,.T.);
#1411 = LINE('',#1412,#1413);
#1412 = CARTESIAN_POINT('',(4.5,-3.5,0.));
#1413 = VECTOR('',#1414,1.);
#1414 = DIRECTION('',(1.,0.,0.));
#1415 = PLANE('',#1416);
#1416 = AXIS2_PLACEMENT_3D('',#1417,#1418,#1419);
#1417 = CARTESIAN_POINT('',(4.5,-3.875,0.375));
#1418 = DIRECTION('',(0.,-0.707106781187,-0.707106781187));
#1419 = DIRECTION('',(-1.,-0.,-0.));
#1420 = ADVANCED_FACE('',(#1421),#1464,.T.);
#1421 = FACE_BOUND('',#1422,.T.);
#1422 = EDGE_LOOP('',(#1423,#1434,#1440,#1441,#1449,#1458));
#1423 = ORIENTED_EDGE('',*,*,#1424,.F.);
#1424 = EDGE_CURVE('',#1425,#1427,#1429,.T.);
#1425 = VERTEX_POINT('',#1426);
#1426 = CARTESIAN_POINT('',(4.5,-3.5,-3.01));
#1427 = VERTEX_POINT('',#1428);
#1428 = CARTESIAN_POINT('',(4.5,-3.01,-3.5));
#1429 = CIRCLE('',#1430,0.49);
#1430 = AXIS2_PLACEMENT_3D('',#1431,#1432,#1433);
#1431 = CARTESIAN_POINT('',(4.5,-3.01,-3.01));
#1432 = DIRECTION('',(1.,0.,-0.));
#1433 = DIRECTION('',(0.,0.,1.));
#1434 = ORIENTED_EDGE('',*,*,#1435,.T.);
#1435 = EDGE_CURVE('',#1425,#357,#1436,.T.);
#1436 = LINE('',#1437,#1438);
#1437 = CARTESIAN_POINT('',(4.5,-3.5,-3.5));
#1438 = VECTOR('',#1439,1.);
#1439 = DIRECTION('',(0.,0.,1.));
#1440 = ORIENTED_EDGE('',*,*,#605,.T.);
#1441 = ORIENTED_EDGE('',*,*,#1442,.F.);
#1442 = EDGE_CURVE('',#1443,#415,#1445,.T.);
#1443 = VERTEX_POINT('',#1444);
#1444 = CARTESIAN_POINT('',(4.5,-2.5,-3.01));
#1445 = LINE('',#1446,#1447);
#1446 = CARTESIAN_POINT('',(4.5,-2.5,-3.5));
#1447 = VECTOR('',#1448,1.);
#1448 = DIRECTION('',(0.,0.,1.));
#1449 = ORIENTED_EDGE('',*,*,#1450,.T.);
#1450 = EDGE_CURVE('',#1443,#1451,#1453,.T.);
#1451 = VERTEX_POINT('',#1452);
#1452 = CARTESIAN_POINT('',(4.5,-2.99,-3.5));
#1453 = CIRCLE('',#1454,0.49);
#1454 = AXIS2_PLACEMENT_3D('',#1455,#1456,#1457);
#1455 = CARTESIAN_POINT('',(4.5,-2.99,-3.01));
#1456 = DIRECTION('',(-1.,0.,0.));
#1457 = DIRECTION('',(0.,0.,1.));
#1458 = ORIENTED_EDGE('',*,*,#1459,.F.);
#1459 = EDGE_CURVE('',#1427,#1451,#1460,.T.);
#1460 = LINE('',#1461,#1462);
#1461 = CARTESIAN_POINT('',(4.5,-3.5,-3.5));
#1462 = VECTOR('',#1463,1.);
#1463 = DIRECTION('',(0.,1.,0.));
#1464 = PLANE('',#1465);
#1465 = AXIS2_PLACEMENT_3D('',#1466,#1467,#1468);
#1466 = CARTESIAN_POINT('',(4.5,-3.,0.841387836104));
#1467 = DIRECTION('',(-1.,-3.915450773493E-31,-2.093086683697E-32));
#1468 = DIRECTION('',(3.915450773493E-31,-1.,0.));
#1469 = ADVANCED_FACE('',(#1470),#1476,.F.);
#1470 = FACE_BOUND('',#1471,.F.);
#1471 = EDGE_LOOP('',(#1472,#1473,#1474,#1475));
#1472 = ORIENTED_EDGE('',*,*,#1206,.F.);
#1473 = ORIENTED_EDGE('',*,*,#1103,.T.);
#1474 = ORIENTED_EDGE('',*,*,#590,.T.);
#1475 = ORIENTED_EDGE('',*,*,#1231,.T.);
#1476 = PLANE('',#1477);
#1477 = AXIS2_PLACEMENT_3D('',#1478,#1479,#1480);
#1478 = CARTESIAN_POINT('',(1.5,-0.5,0.));
#1479 = DIRECTION('',(1.,0.,0.));
#1480 = DIRECTION('',(0.,0.,1.));
#1481 = ADVANCED_FACE('',(#1482),#1515,.T.);
#1482 = FACE_BOUND('',#1483,.T.);
#1483 = EDGE_LOOP('',(#1484,#1492,#1500,#1508,#1514));
#1484 = ORIENTED_EDGE('',*,*,#1485,.F.);
#1485 = EDGE_CURVE('',#1486,#567,#1488,.T.);
#1486 = VERTEX_POINT('',#1487);
#1487 = CARTESIAN_POINT('',(0.5,-0.25,-3.01));
#1488 = LINE('',#1489,#1490);
#1489 = CARTESIAN_POINT('',(0.5,-0.25,-3.5));
#1490 = VECTOR('',#1491,1.);
#1491 = DIRECTION('',(0.,0.,1.));
#1492 = ORIENTED_EDGE('',*,*,#1493,.T.);
#1493 = EDGE_CURVE('',#1486,#1494,#1496,.T.);
#1494 = VERTEX_POINT('',#1495);
#1495 = CARTESIAN_POINT('',(0.5,0.25,-3.01));
#1496 = LINE('',#1497,#1498);
#1497 = CARTESIAN_POINT('',(0.5,-0.25,-3.01));
#1498 = VECTOR('',#1499,1.);
#1499 = DIRECTION('',(0.,1.,0.));
#1500 = ORIENTED_EDGE('',*,*,#1501,.T.);
#1501 = EDGE_CURVE('',#1494,#1502,#1504,.T.);
#1502 = VERTEX_POINT('',#1503);
#1503 = CARTESIAN_POINT('',(0.5,0.25,-5.551115123126E-17));
#1504 = LINE('',#1505,#1506);
#1505 = CARTESIAN_POINT('',(0.5,0.25,-3.5));
#1506 = VECTOR('',#1507,1.);
#1507 = DIRECTION('',(0.,0.,1.));
#1508 = ORIENTED_EDGE('',*,*,#1509,.F.);
#1509 = EDGE_CURVE('',#575,#1502,#1510,.T.);
#1510 = LINE('',#1511,#1512);
#1511 = CARTESIAN_POINT('',(0.5,-0.25,0.));
#1512 = VECTOR('',#1513,1.);
#1513 = DIRECTION('',(0.,1.,0.));
#1514 = ORIENTED_EDGE('',*,*,#574,.F.);
#1515 = PLANE('',#1516);
#1516 = AXIS2_PLACEMENT_3D('',#1517,#1518,#1519);
#1517 = CARTESIAN_POINT('',(0.5,-0.25,-3.5));
#1518 = DIRECTION('',(1.,0.,0.));
#1519 = DIRECTION('',(0.,0.,1.));
#1520 = ADVANCED_FACE('',(#1521),#1557,.T.);
#1521 = FACE_BOUND('',#1522,.T.);
#1522 = EDGE_LOOP('',(#1523,#1524,#1525,#1533,#1542,#1550));
#1523 = ORIENTED_EDGE('',*,*,#1485,.T.);
#1524 = ORIENTED_EDGE('',*,*,#566,.F.);
#1525 = ORIENTED_EDGE('',*,*,#1526,.F.);
#1526 = EDGE_CURVE('',#1527,#559,#1529,.T.);
#1527 = VERTEX_POINT('',#1528);
#1528 = CARTESIAN_POINT('',(-0.5,-0.25,-3.01));
#1529 = LINE('',#1530,#1531);
#1530 = CARTESIAN_POINT('',(-0.5,-0.25,-3.5));
#1531 = VECTOR('',#1532,1.);
#1532 = DIRECTION('',(0.,0.,1.));
#1533 = ORIENTED_EDGE('',*,*,#1534,.T.);
#1534 = EDGE_CURVE('',#1527,#1535,#1537,.T.);
#1535 = VERTEX_POINT('',#1536);
#1536 = CARTESIAN_POINT('',(-1.E-02,-0.25,-3.5));
#1537 = CIRCLE('',#1538,0.49);
#1538 = AXIS2_PLACEMENT_3D('',#1539,#1540,#1541);
#1539 = CARTESIAN_POINT('',(-1.E-02,-0.25,-3.01));
#1540 = DIRECTION('',(0.,-1.,0.));
#1541 = DIRECTION('',(0.,0.,1.));
#1542 = ORIENTED_EDGE('',*,*,#1543,.T.);
#1543 = EDGE_CURVE('',#1535,#1544,#1546,.T.);
#1544 = VERTEX_POINT('',#1545);
#1545 = CARTESIAN_POINT('',(1.E-02,-0.25,-3.5));
#1546 = LINE('',#1547,#1548);
#1547 = CARTESIAN_POINT('',(-0.5,-0.25,-3.5));
#1548 = VECTOR('',#1549,1.);
#1549 = DIRECTION('',(1.,0.,0.));
#1550 = ORIENTED_EDGE('',*,*,#1551,.F.);
#1551 = EDGE_CURVE('',#1486,#1544,#1552,.T.);
#1552 = CIRCLE('',#1553,0.49);
#1553 = AXIS2_PLACEMENT_3D('',#1554,#1555,#1556);
#1554 = CARTESIAN_POINT('',(1.E-02,-0.25,-3.01));
#1555 = DIRECTION('',(0.,1.,0.));
#1556 = DIRECTION('',(0.,0.,1.));
#1557 = PLANE('',#1558);
#1558 = AXIS2_PLACEMENT_3D('',#1559,#1560,#1561);
#1559 = CARTESIAN_POINT('',(8.761568607228E-17,-0.25,2.637607873505));
#1560 = DIRECTION('',(-0.,-1.,-0.));
#1561 = DIRECTION('',(0.,0.,-1.));
#1562 = ADVANCED_FACE('',(#1563),#1589,.F.);
#1563 = FACE_BOUND('',#1564,.F.);
#1564 = EDGE_LOOP('',(#1565,#1566,#1574,#1582,#1588));
#1565 = ORIENTED_EDGE('',*,*,#1526,.F.);
#1566 = ORIENTED_EDGE('',*,*,#1567,.T.);
#1567 = EDGE_CURVE('',#1527,#1568,#1570,.T.);
#1568 = VERTEX_POINT('',#1569);
#1569 = CARTESIAN_POINT('',(-0.5,0.25,-3.01));
#1570 = LINE('',#1571,#1572);
#1571 = CARTESIAN_POINT('',(-0.5,-0.25,-3.01));
#1572 = VECTOR('',#1573,1.);
#1573 = DIRECTION('',(0.,1.,0.));
#1574 = ORIENTED_EDGE('',*,*,#1575,.T.);
#1575 = EDGE_CURVE('',#1568,#1576,#1578,.T.);
#1576 = VERTEX_POINT('',#1577);
#1577 = CARTESIAN_POINT('',(-0.5,0.25,-5.551115123126E-17));
#1578 = LINE('',#1579,#1580);
#1579 = CARTESIAN_POINT('',(-0.5,0.25,-3.5));
#1580 = VECTOR('',#1581,1.);
#1581 = DIRECTION('',(0.,0.,1.));
#1582 = ORIENTED_EDGE('',*,*,#1583,.F.);
#1583 = EDGE_CURVE('',#551,#1576,#1584,.T.);
#1584 = LINE('',#1585,#1586);
#1585 = CARTESIAN_POINT('',(-0.5,-0.25,0.));
#1586 = VECTOR('',#1587,1.);
#1587 = DIRECTION('',(0.,1.,0.));
#1588 = ORIENTED_EDGE('',*,*,#558,.F.);
#1589 = PLANE('',#1590);
#1590 = AXIS2_PLACEMENT_3D('',#1591,#1592,#1593);
#1591 = CARTESIAN_POINT('',(-0.5,-0.25,-3.5));
#1592 = DIRECTION('',(1.,0.,0.));
#1593 = DIRECTION('',(0.,0.,1.));
#1594 = ADVANCED_FACE('',(#1595),#1613,.T.);
#1595 = FACE_BOUND('',#1596,.T.);
#1596 = EDGE_LOOP('',(#1597,#1605,#1606,#1607));
#1597 = ORIENTED_EDGE('',*,*,#1598,.F.);
#1598 = EDGE_CURVE('',#1168,#1599,#1601,.T.);
#1599 = VERTEX_POINT('',#1600);
#1600 = CARTESIAN_POINT('',(-1.5,0.5,3.5));
#1601 = LINE('',#1602,#1603);
#1602 = CARTESIAN_POINT('',(-1.5,-0.5,3.5));
#1603 = VECTOR('',#1604,1.);
#1604 = DIRECTION('',(0.,1.,0.));
#1605 = ORIENTED_EDGE('',*,*,#1167,.T.);
#1606 = ORIENTED_EDGE('',*,*,#542,.T.);
#1607 = ORIENTED_EDGE('',*,*,#1608,.T.);
#1608 = EDGE_CURVE('',#535,#1599,#1609,.T.);
#1609 = LINE('',#1610,#1611);
#1610 = CARTESIAN_POINT('',(-1.5,0.5,0.));
#1611 = VECTOR('',#1612,1.);
#1612 = DIRECTION('',(0.,0.,1.));
#1613 = PLANE('',#1614);
#1614 = AXIS2_PLACEMENT_3D('',#1615,#1616,#1617);
#1615 = CARTESIAN_POINT('',(-1.5,-0.5,0.));
#1616 = DIRECTION('',(1.,0.,0.));
#1617 = DIRECTION('',(0.,0.,1.));
#1618 = ADVANCED_FACE('',(#1619),#1630,.T.);
#1619 = FACE_BOUND('',#1620,.T.);
#1620 = EDGE_LOOP('',(#1621,#1622,#1623,#1629));
#1621 = ORIENTED_EDGE('',*,*,#534,.F.);
#1622 = ORIENTED_EDGE('',*,*,#751,.T.);
#1623 = ORIENTED_EDGE('',*,*,#1624,.T.);
#1624 = EDGE_CURVE('',#744,#1599,#1625,.T.);
#1625 = LINE('',#1626,#1627);
#1626 = CARTESIAN_POINT('',(-4.5,0.5,3.5));
#1627 = VECTOR('',#1628,1.);
#1628 = DIRECTION('',(1.,0.,0.));
#1629 = ORIENTED_EDGE('',*,*,#1608,.F.);
#1630 = PLANE('',#1631);
#1631 = AXIS2_PLACEMENT_3D('',#1632,#1633,#1634);
#1632 = CARTESIAN_POINT('',(-4.5,0.5,0.));
#1633 = DIRECTION('',(0.,1.,0.));
#1634 = DIRECTION('',(0.,0.,1.));
#1635 = ADVANCED_FACE('',(#1636),#1679,.T.);
#1636 = FACE_BOUND('',#1637,.T.);
#1637 = EDGE_LOOP('',(#1638,#1648,#1657,#1663,#1664,#1672));
#1638 = ORIENTED_EDGE('',*,*,#1639,.F.);
#1639 = EDGE_CURVE('',#1640,#1642,#1644,.T.);
#1640 = VERTEX_POINT('',#1641);
#1641 = CARTESIAN_POINT('',(-1.E-02,-5.75,-3.5));
#1642 = VERTEX_POINT('',#1643);
#1643 = CARTESIAN_POINT('',(1.E-02,-5.75,-3.5));
#1644 = LINE('',#1645,#1646);
#1645 = CARTESIAN_POINT('',(-0.5,-5.75,-3.5));
#1646 = VECTOR('',#1647,1.);
#1647 = DIRECTION('',(1.,0.,0.));
#1648 = ORIENTED_EDGE('',*,*,#1649,.F.);
#1649 = EDGE_CURVE('',#1650,#1640,#1652,.T.);
#1650 = VERTEX_POINT('',#1651);
#1651 = CARTESIAN_POINT('',(-0.5,-5.75,-3.01));
#1652 = CIRCLE('',#1653,0.49);
#1653 = AXIS2_PLACEMENT_3D('',#1654,#1655,#1656);
#1654 = CARTESIAN_POINT('',(-1.E-02,-5.75,-3.01));
#1655 = DIRECTION('',(0.,-1.,0.));
#1656 = DIRECTION('',(0.,0.,1.));
#1657 = ORIENTED_EDGE('',*,*,#1658,.T.);
#1658 = EDGE_CURVE('',#1650,#615,#1659,.T.);
#1659 = LINE('',#1660,#1661);
#1660 = CARTESIAN_POINT('',(-0.5,-5.75,-3.5));
#1661 = VECTOR('',#1662,1.);
#1662 = DIRECTION('',(0.,0.,1.));
#1663 = ORIENTED_EDGE('',*,*,#614,.T.);
#1664 = ORIENTED_EDGE('',*,*,#1665,.F.);
#1665 = EDGE_CURVE('',#1666,#617,#1668,.T.);
#1666 = VERTEX_POINT('',#1667);
#1667 = CARTESIAN_POINT('',(0.5,-5.75,-3.01));
#1668 = LINE('',#1669,#1670);
#1669 = CARTESIAN_POINT('',(0.5,-5.75,-3.5));
#1670 = VECTOR('',#1671,1.);
#1671 = DIRECTION('',(0.,0.,1.));
#1672 = ORIENTED_EDGE('',*,*,#1673,.T.);
#1673 = EDGE_CURVE('',#1666,#1642,#1674,.T.);
#1674 = CIRCLE('',#1675,0.49);
#1675 = AXIS2_PLACEMENT_3D('',#1676,#1677,#1678);
#1676 = CARTESIAN_POINT('',(1.E-02,-5.75,-3.01));
#1677 = DIRECTION('',(0.,1.,0.));
#1678 = DIRECTION('',(0.,0.,1.));
#1679 = PLANE('',#1680);
#1680 = AXIS2_PLACEMENT_3D('',#1681,#1682,#1683);
#1681 = CARTESIAN_POINT('',(-0.5,-5.75,-3.5));
#1682 = DIRECTION('',(0.,1.,0.));
#1683 = DIRECTION('',(0.,0.,1.));
#1684 = ADVANCED_FACE('',(#1685),#1703,.T.);
#1685 = FACE_BOUND('',#1686,.T.);
#1686 = EDGE_LOOP('',(#1687,#1695,#1701,#1702));
#1687 = ORIENTED_EDGE('',*,*,#1688,.F.);
#1688 = EDGE_CURVE('',#1689,#633,#1691,.T.);
#1689 = VERTEX_POINT('',#1690);
#1690 = CARTESIAN_POINT('',(0.5,-6.25,-3.01));
#1691 = LINE('',#1692,#1693);
#1692 = CARTESIAN_POINT('',(0.5,-6.25,-3.5));
#1693 = VECTOR('',#1694,1.);
#1694 = DIRECTION('',(0.,0.,1.));
#1695 = ORIENTED_EDGE('',*,*,#1696,.T.);
#1696 = EDGE_CURVE('',#1689,#1666,#1697,.T.);
#1697 = LINE('',#1698,#1699);
#1698 = CARTESIAN_POINT('',(0.5,-6.25,-3.01));
#1699 = VECTOR('',#1700,1.);
#1700 = DIRECTION('',(0.,1.,0.));
#1701 = ORIENTED_EDGE('',*,*,#1665,.T.);
#1702 = ORIENTED_EDGE('',*,*,#640,.F.);
#1703 = PLANE('',#1704);
#1704 = AXIS2_PLACEMENT_3D('',#1705,#1706,#1707);
#1705 = CARTESIAN_POINT('',(0.5,-6.25,-3.5));
#1706 = DIRECTION('',(1.,0.,0.));
#1707 = DIRECTION('',(0.,0.,1.));
#1708 = ADVANCED_FACE('',(#1709),#1745,.F.);
#1709 = FACE_BOUND('',#1710,.F.);
#1710 = EDGE_LOOP('',(#1711,#1721,#1730,#1736,#1737,#1738));
#1711 = ORIENTED_EDGE('',*,*,#1712,.F.);
#1712 = EDGE_CURVE('',#1713,#1715,#1717,.T.);
#1713 = VERTEX_POINT('',#1714);
#1714 = CARTESIAN_POINT('',(-1.E-02,-6.25,-3.5));
#1715 = VERTEX_POINT('',#1716);
#1716 = CARTESIAN_POINT('',(1.E-02,-6.25,-3.5));
#1717 = LINE('',#1718,#1719);
#1718 = CARTESIAN_POINT('',(-0.5,-6.25,-3.5));
#1719 = VECTOR('',#1720,1.);
#1720 = DIRECTION('',(1.,0.,0.));
#1721 = ORIENTED_EDGE('',*,*,#1722,.F.);
#1722 = EDGE_CURVE('',#1723,#1713,#1725,.T.);
#1723 = VERTEX_POINT('',#1724);
#1724 = CARTESIAN_POINT('',(-0.5,-6.25,-3.01));
#1725 = CIRCLE('',#1726,0.49);
#1726 = AXIS2_PLACEMENT_3D('',#1727,#1728,#1729);
#1727 = CARTESIAN_POINT('',(-1.E-02,-6.25,-3.01));
#1728 = DIRECTION('',(0.,-1.,0.));
#1729 = DIRECTION('',(0.,0.,1.));
#1730 = ORIENTED_EDGE('',*,*,#1731,.T.);
#1731 = EDGE_CURVE('',#1723,#625,#1732,.T.);
#1732 = LINE('',#1733,#1734);
#1733 = CARTESIAN_POINT('',(-0.5,-6.25,-3.5));
#1734 = VECTOR('',#1735,1.);
#1735 = DIRECTION('',(0.,0.,1.));
#1736 = ORIENTED_EDGE('',*,*,#632,.T.);
#1737 = ORIENTED_EDGE('',*,*,#1688,.F.);
#1738 = ORIENTED_EDGE('',*,*,#1739,.T.);
#1739 = EDGE_CURVE('',#1689,#1715,#1740,.T.);
#1740 = CIRCLE('',#1741,0.49);
#1741 = AXIS2_PLACEMENT_3D('',#1742,#1743,#1744);
#1742 = CARTESIAN_POINT('',(1.E-02,-6.25,-3.01));
#1743 = DIRECTION('',(0.,1.,0.));
#1744 = DIRECTION('',(0.,0.,1.));
#1745 = PLANE('',#1746);
#1746 = AXIS2_PLACEMENT_3D('',#1747,#1748,#1749);
#1747 = CARTESIAN_POINT('',(-0.5,-6.25,-3.5));
#1748 = DIRECTION('',(0.,1.,0.));
#1749 = DIRECTION('',(0.,0.,1.));
#1750 = ADVANCED_FACE('',(#1751),#1762,.F.);
#1751 = FACE_BOUND('',#1752,.F.);
#1752 = EDGE_LOOP('',(#1753,#1754,#1760,#1761));
#1753 = ORIENTED_EDGE('',*,*,#1731,.F.);
#1754 = ORIENTED_EDGE('',*,*,#1755,.T.);
#1755 = EDGE_CURVE('',#1723,#1650,#1756,.T.);
#1756 = LINE('',#1757,#1758);
#1757 = CARTESIAN_POINT('',(-0.5,-6.25,-3.01));
#1758 = VECTOR('',#1759,1.);
#1759 = DIRECTION('',(0.,1.,0.));
#1760 = ORIENTED_EDGE('',*,*,#1658,.T.);
#1761 = ORIENTED_EDGE('',*,*,#624,.F.);
#1762 = PLANE('',#1763);
#1763 = AXIS2_PLACEMENT_3D('',#1764,#1765,#1766);
#1764 = CARTESIAN_POINT('',(-0.5,-6.25,-3.5));
#1765 = DIRECTION('',(1.,0.,0.));
#1766 = DIRECTION('',(0.,0.,1.));
#1767 = ADVANCED_FACE('',(#1768),#1779,.T.);
#1768 = FACE_BOUND('',#1769,.T.);
#1769 = EDGE_LOOP('',(#1770,#1771,#1772,#1773));
#1770 = ORIENTED_EDGE('',*,*,#966,.F.);
#1771 = ORIENTED_EDGE('',*,*,#695,.F.);
#1772 = ORIENTED_EDGE('',*,*,#872,.T.);
#1773 = ORIENTED_EDGE('',*,*,#1774,.T.);
#1774 = EDGE_CURVE('',#865,#959,#1775,.T.);
#1775 = LINE('',#1776,#1777);
#1776 = CARTESIAN_POINT('',(-2.5,-13.,10.));
#1777 = VECTOR('',#1778,1.);
#1778 = DIRECTION('',(0.,1.,0.));
#1779 = PLANE('',#1780);
#1780 = AXIS2_PLACEMENT_3D('',#1781,#1782,#1783);
#1781 = CARTESIAN_POINT('',(-4.5,-13.,10.));
#1782 = DIRECTION('',(0.,0.,1.));
#1783 = DIRECTION('',(1.,0.,0.));
#1784 = ADVANCED_FACE('',(#1785),#1796,.T.);
#1785 = FACE_BOUND('',#1786,.T.);
#1786 = EDGE_LOOP('',(#1787,#1788,#1794,#1795));
#1787 = ORIENTED_EDGE('',*,*,#973,.T.);
#1788 = ORIENTED_EDGE('',*,*,#1789,.T.);
#1789 = EDGE_CURVE('',#974,#1047,#1790,.T.);
#1790 = LINE('',#1791,#1792);
#1791 = CARTESIAN_POINT('',(-4.1,-11.5,11.));
#1792 = VECTOR('',#1793,1.);
#1793 = DIRECTION('',(0.,1.,0.));
#1794 = ORIENTED_EDGE('',*,*,#1046,.F.);
#1795 = ORIENTED_EDGE('',*,*,#711,.F.);
#1796 = CYLINDRICAL_SURFACE('',#1797,0.4);
#1797 = AXIS2_PLACEMENT_3D('',#1798,#1799,#1800);
#1798 = CARTESIAN_POINT('',(-4.1,-11.5,10.6));
#1799 = DIRECTION('',(0.,1.,0.));
#1800 = DIRECTION('',(-1.,0.,0.));
#1801 = ADVANCED_FACE('',(#1802),#1813,.T.);
#1802 = FACE_BOUND('',#1803,.T.);
#1803 = EDGE_LOOP('',(#1804,#1805,#1806,#1812));
#1804 = ORIENTED_EDGE('',*,*,#727,.F.);
#1805 = ORIENTED_EDGE('',*,*,#1039,.T.);
#1806 = ORIENTED_EDGE('',*,*,#1807,.F.);
#1807 = EDGE_CURVE('',#1183,#1031,#1808,.T.);
#1808 = LINE('',#1809,#1810);
#1809 = CARTESIAN_POINT('',(-4.,0.,6.5));
#1810 = VECTOR('',#1811,1.);
#1811 = DIRECTION('',(0.,-1.,2.22044604925E-16));
#1812 = ORIENTED_EDGE('',*,*,#1182,.F.);
#1813 = PLANE('',#1814);
#1814 = AXIS2_PLACEMENT_3D('',#1815,#1816,#1817);
#1815 = CARTESIAN_POINT('',(-4.5,-13.5,6.5));
#1816 = DIRECTION('',(0.,0.,1.));
#1817 = DIRECTION('',(1.,0.,0.));
#1818 = ADVANCED_FACE('',(#1819),#1825,.T.);
#1819 = FACE_BOUND('',#1820,.T.);
#1820 = EDGE_LOOP('',(#1821,#1822,#1823,#1824));
#1821 = ORIENTED_EDGE('',*,*,#743,.F.);
#1822 = ORIENTED_EDGE('',*,*,#1175,.T.);
#1823 = ORIENTED_EDGE('',*,*,#1598,.T.);
#1824 = ORIENTED_EDGE('',*,*,#1624,.F.);
#1825 = PLANE('',#1826);
#1826 = AXIS2_PLACEMENT_3D('',#1827,#1828,#1829);
#1827 = CARTESIAN_POINT('',(-4.5,-0.5,3.5));
#1828 = DIRECTION('',(0.,0.,1.));
#1829 = DIRECTION('',(1.,0.,0.));
#1830 = ADVANCED_FACE('',(#1831),#1834,.T.);
#1831 = FACE_BOUND('',#1832,.T.);
#1832 = EDGE_LOOP('',(#1833));
#1833 = ORIENTED_EDGE('',*,*,#795,.T.);
#1834 = PLANE('',#1835);
#1835 = AXIS2_PLACEMENT_3D('',#1836,#1837,#1838);
#1836 = CARTESIAN_POINT('',(0.,-13.,6.5));
#1837 = DIRECTION('',(0.,-1.,2.22044604925E-16));
#1838 = DIRECTION('',(1.,0.,0.));
#1839 = ADVANCED_FACE('',(#1840),#1851,.F.);
#1840 = FACE_BOUND('',#1841,.F.);
#1841 = EDGE_LOOP('',(#1842,#1843,#1844,#1845));
#1842 = ORIENTED_EDGE('',*,*,#864,.F.);
#1843 = ORIENTED_EDGE('',*,*,#1774,.T.);
#1844 = ORIENTED_EDGE('',*,*,#958,.T.);
#1845 = ORIENTED_EDGE('',*,*,#1846,.F.);
#1846 = EDGE_CURVE('',#856,#950,#1847,.T.);
#1847 = LINE('',#1848,#1849);
#1848 = CARTESIAN_POINT('',(-2.5,-13.,10.5));
#1849 = VECTOR('',#1850,1.);
#1850 = DIRECTION('',(0.,1.,0.));
#1851 = PLANE('',#1852);
#1852 = AXIS2_PLACEMENT_3D('',#1853,#1854,#1855);
#1853 = CARTESIAN_POINT('',(-2.5,-13.,10.));
#1854 = DIRECTION('',(1.,0.,0.));
#1855 = DIRECTION('',(0.,0.,1.));
#1856 = ADVANCED_FACE('',(#1857),#1868,.T.);
#1857 = FACE_BOUND('',#1858,.T.);
#1858 = EDGE_LOOP('',(#1859,#1860,#1866,#1867));
#1859 = ORIENTED_EDGE('',*,*,#855,.T.);
#1860 = ORIENTED_EDGE('',*,*,#1861,.T.);
#1861 = EDGE_CURVE('',#848,#942,#1862,.T.);
#1862 = LINE('',#1863,#1864);
#1863 = CARTESIAN_POINT('',(-2.3,-13.,10.7));
#1864 = VECTOR('',#1865,1.);
#1865 = DIRECTION('',(0.,1.,0.));
#1866 = ORIENTED_EDGE('',*,*,#949,.F.);
#1867 = ORIENTED_EDGE('',*,*,#1846,.F.);
#1868 = CYLINDRICAL_SURFACE('',#1869,0.2);
#1869 = AXIS2_PLACEMENT_3D('',#1870,#1871,#1872);
#1870 = CARTESIAN_POINT('',(-2.3,-13.,10.5));
#1871 = DIRECTION('',(0.,1.,0.));
#1872 = DIRECTION('',(-1.,0.,0.));
#1873 = ADVANCED_FACE('',(#1874),#1885,.T.);
#1874 = FACE_BOUND('',#1875,.T.);
#1875 = EDGE_LOOP('',(#1876,#1877,#1878,#1879));
#1876 = ORIENTED_EDGE('',*,*,#941,.F.);
#1877 = ORIENTED_EDGE('',*,*,#1861,.F.);
#1878 = ORIENTED_EDGE('',*,*,#847,.T.);
#1879 = ORIENTED_EDGE('',*,*,#1880,.T.);
#1880 = EDGE_CURVE('',#839,#933,#1881,.T.);
#1881 = LINE('',#1882,#1883);
#1882 = CARTESIAN_POINT('',(2.3,-13.,10.7));
#1883 = VECTOR('',#1884,1.);
#1884 = DIRECTION('',(0.,1.,0.));
#1885 = PLANE('',#1886);
#1886 = AXIS2_PLACEMENT_3D('',#1887,#1888,#1889);
#1887 = CARTESIAN_POINT('',(-2.5,-13.,10.7));
#1888 = DIRECTION('',(0.,0.,1.));
#1889 = DIRECTION('',(1.,0.,0.));
#1890 = ADVANCED_FACE('',(#1891),#1902,.T.);
#1891 = FACE_BOUND('',#1892,.F.);
#1892 = EDGE_LOOP('',(#1893,#1894,#1895,#1896));
#1893 = ORIENTED_EDGE('',*,*,#838,.T.);
#1894 = ORIENTED_EDGE('',*,*,#1880,.T.);
#1895 = ORIENTED_EDGE('',*,*,#932,.F.);
#1896 = ORIENTED_EDGE('',*,*,#1897,.F.);
#1897 = EDGE_CURVE('',#831,#925,#1898,.T.);
#1898 = LINE('',#1899,#1900);
#1899 = CARTESIAN_POINT('',(2.5,-13.,10.5));
#1900 = VECTOR('',#1901,1.);
#1901 = DIRECTION('',(0.,1.,0.));
#1902 = CYLINDRICAL_SURFACE('',#1903,0.2);
#1903 = AXIS2_PLACEMENT_3D('',#1904,#1905,#1906);
#1904 = CARTESIAN_POINT('',(2.3,-13.,10.5));
#1905 = DIRECTION('',(0.,1.,0.));
#1906 = DIRECTION('',(1.,0.,0.));
#1907 = ADVANCED_FACE('',(#1908),#1914,.T.);
#1908 = FACE_BOUND('',#1909,.T.);
#1909 = EDGE_LOOP('',(#1910,#1911,#1912,#1913));
#1910 = ORIENTED_EDGE('',*,*,#830,.F.);
#1911 = ORIENTED_EDGE('',*,*,#897,.T.);
#1912 = ORIENTED_EDGE('',*,*,#924,.T.);
#1913 = ORIENTED_EDGE('',*,*,#1897,.F.);
#1914 = PLANE('',#1915);
#1915 = AXIS2_PLACEMENT_3D('',#1916,#1917,#1918);
#1916 = CARTESIAN_POINT('',(2.5,-13.,10.));
#1917 = DIRECTION('',(1.,0.,0.));
#1918 = DIRECTION('',(0.,0.,1.));
#1919 = ADVANCED_FACE('',(#1920),#1926,.T.);
#1920 = FACE_BOUND('',#1921,.T.);
#1921 = EDGE_LOOP('',(#1922,#1923,#1924,#1925));
#1922 = ORIENTED_EDGE('',*,*,#1055,.F.);
#1923 = ORIENTED_EDGE('',*,*,#1789,.F.);
#1924 = ORIENTED_EDGE('',*,*,#982,.T.);
#1925 = ORIENTED_EDGE('',*,*,#997,.T.);
#1926 = PLANE('',#1927);
#1927 = AXIS2_PLACEMENT_3D('',#1928,#1929,#1930);
#1928 = CARTESIAN_POINT('',(-4.5,-14.,11.));
#1929 = DIRECTION('',(0.,0.,1.));
#1930 = DIRECTION('',(1.,0.,0.));
#1931 = ADVANCED_FACE('',(#1932),#1938,.T.);
#1932 = FACE_BOUND('',#1933,.T.);
#1933 = EDGE_LOOP('',(#1934,#1935,#1936,#1937));
#1934 = ORIENTED_EDGE('',*,*,#1030,.F.);
#1935 = ORIENTED_EDGE('',*,*,#1070,.F.);
#1936 = ORIENTED_EDGE('',*,*,#1190,.T.);
#1937 = ORIENTED_EDGE('',*,*,#1807,.T.);
#1938 = CYLINDRICAL_SURFACE('',#1939,4.);
#1939 = AXIS2_PLACEMENT_3D('',#1940,#1941,#1942);
#1940 = CARTESIAN_POINT('',(0.,0.,6.5));
#1941 = DIRECTION('',(0.,-1.,2.22044604925E-16));
#1942 = DIRECTION('',(1.,0.,0.));
#1943 = ADVANCED_FACE('',(#1944),#1962,.T.);
#1944 = FACE_BOUND('',#1945,.T.);
#1945 = EDGE_LOOP('',(#1946,#1947,#1955,#1961));
#1946 = ORIENTED_EDGE('',*,*,#1160,.F.);
#1947 = ORIENTED_EDGE('',*,*,#1948,.T.);
#1948 = EDGE_CURVE('',#1153,#1949,#1951,.T.);
#1949 = VERTEX_POINT('',#1950);
#1950 = CARTESIAN_POINT('',(-1.25,0.25,0.75));
#1951 = LINE('',#1952,#1953);
#1952 = CARTESIAN_POINT('',(-1.25,-0.25,0.75));
#1953 = VECTOR('',#1954,1.);
#1954 = DIRECTION('',(0.,1.,0.));
#1955 = ORIENTED_EDGE('',*,*,#1956,.T.);
#1956 = EDGE_CURVE('',#1949,#1576,#1957,.T.);
#1957 = LINE('',#1958,#1959);
#1958 = CARTESIAN_POINT('',(-0.875,0.25,0.375));
#1959 = VECTOR('',#1960,1.);
#1960 = DIRECTION('',(0.707106781187,0.,-0.707106781187));
#1961 = ORIENTED_EDGE('',*,*,#1583,.F.);
#1962 = PLANE('',#1963);
#1963 = AXIS2_PLACEMENT_3D('',#1964,#1965,#1966);
#1964 = CARTESIAN_POINT('',(-0.875,-0.25,0.375));
#1965 = DIRECTION('',(-0.707106781187,0.,-0.707106781187));
#1966 = DIRECTION('',(0.,1.,0.));
#1967 = ADVANCED_FACE('',(#1968),#1986,.F.);
#1968 = FACE_BOUND('',#1969,.F.);
#1969 = EDGE_LOOP('',(#1970,#1971,#1972,#1980));
#1970 = ORIENTED_EDGE('',*,*,#1152,.F.);
#1971 = ORIENTED_EDGE('',*,*,#1948,.T.);
#1972 = ORIENTED_EDGE('',*,*,#1973,.T.);
#1973 = EDGE_CURVE('',#1949,#1974,#1976,.T.);
#1974 = VERTEX_POINT('',#1975);
#1975 = CARTESIAN_POINT('',(-1.25,0.25,7.3));
#1976 = LINE('',#1977,#1978);
#1977 = CARTESIAN_POINT('',(-1.25,0.25,0.));
#1978 = VECTOR('',#1979,1.);
#1979 = DIRECTION('',(0.,0.,1.));
#1980 = ORIENTED_EDGE('',*,*,#1981,.F.);
#1981 = EDGE_CURVE('',#1144,#1974,#1982,.T.);
#1982 = LINE('',#1983,#1984);
#1983 = CARTESIAN_POINT('',(-1.25,-0.25,7.3));
#1984 = VECTOR('',#1985,1.);
#1985 = DIRECTION('',(0.,1.,0.));
#1986 = PLANE('',#1987);
#1987 = AXIS2_PLACEMENT_3D('',#1988,#1989,#1990);
#1988 = CARTESIAN_POINT('',(-1.25,-0.25,0.));
#1989 = DIRECTION('',(1.,0.,0.));
#1990 = DIRECTION('',(0.,0.,1.));
#1991 = ADVANCED_FACE('',(#1992),#2011,.T.);
#1992 = FACE_BOUND('',#1993,.T.);
#1993 = EDGE_LOOP('',(#1994,#1995,#1996,#2004));
#1994 = ORIENTED_EDGE('',*,*,#1981,.F.);
#1995 = ORIENTED_EDGE('',*,*,#1143,.T.);
#1996 = ORIENTED_EDGE('',*,*,#1997,.T.);
#1997 = EDGE_CURVE('',#1136,#1998,#2000,.T.);
#1998 = VERTEX_POINT('',#1999);
#1999 = CARTESIAN_POINT('',(-5.E-02,0.25,8.5));
#2000 = LINE('',#2001,#2002);
#2001 = CARTESIAN_POINT('',(-5.E-02,-0.25,8.5));
#2002 = VECTOR('',#2003,1.);
#2003 = DIRECTION('',(0.,1.,0.));
#2004 = ORIENTED_EDGE('',*,*,#2005,.F.);
#2005 = EDGE_CURVE('',#1974,#1998,#2006,.T.);
#2006 = CIRCLE('',#2007,1.2);
#2007 = AXIS2_PLACEMENT_3D('',#2008,#2009,#2010);
#2008 = CARTESIAN_POINT('',(-5.E-02,0.25,7.3));
#2009 = DIRECTION('',(0.,1.,0.));
#2010 = DIRECTION('',(0.,0.,1.));
#2011 = CYLINDRICAL_SURFACE('',#2012,1.2);
#2012 = AXIS2_PLACEMENT_3D('',#2013,#2014,#2015);
#2013 = CARTESIAN_POINT('',(-5.E-02,-0.25,7.3));
#2014 = DIRECTION('',(0.,1.,0.));
#2015 = DIRECTION('',(-1.,0.,0.));
#2016 = ADVANCED_FACE('',(#2017),#2035,.T.);
#2017 = FACE_BOUND('',#2018,.T.);
#2018 = EDGE_LOOP('',(#2019,#2027,#2028,#2029));
#2019 = ORIENTED_EDGE('',*,*,#2020,.F.);
#2020 = EDGE_CURVE('',#1998,#2021,#2023,.T.);
#2021 = VERTEX_POINT('',#2022);
#2022 = CARTESIAN_POINT('',(5.E-02,0.25,8.5));
#2023 = LINE('',#2024,#2025);
#2024 = CARTESIAN_POINT('',(-1.25,0.25,8.5));
#2025 = VECTOR('',#2026,1.);
#2026 = DIRECTION('',(1.,0.,0.));
#2027 = ORIENTED_EDGE('',*,*,#1997,.F.);
#2028 = ORIENTED_EDGE('',*,*,#1135,.F.);
#2029 = ORIENTED_EDGE('',*,*,#2030,.T.);
#2030 = EDGE_CURVE('',#1127,#2021,#2031,.T.);
#2031 = LINE('',#2032,#2033);
#2032 = CARTESIAN_POINT('',(5.E-02,-0.25,8.5));
#2033 = VECTOR('',#2034,1.);
#2034 = DIRECTION('',(0.,1.,0.));
#2035 = PLANE('',#2036);
#2036 = AXIS2_PLACEMENT_3D('',#2037,#2038,#2039);
#2037 = CARTESIAN_POINT('',(-1.25,-0.25,8.5));
#2038 = DIRECTION('',(0.,0.,1.));
#2039 = DIRECTION('',(1.,0.,0.));
#2040 = ADVANCED_FACE('',(#2041),#2060,.T.);
#2041 = FACE_BOUND('',#2042,.F.);
#2042 = EDGE_LOOP('',(#2043,#2051,#2052,#2053));
#2043 = ORIENTED_EDGE('',*,*,#2044,.F.);
#2044 = EDGE_CURVE('',#1119,#2045,#2047,.T.);
#2045 = VERTEX_POINT('',#2046);
#2046 = CARTESIAN_POINT('',(1.25,0.25,7.3));
#2047 = LINE('',#2048,#2049);
#2048 = CARTESIAN_POINT('',(1.25,-0.25,7.3));
#2049 = VECTOR('',#2050,1.);
#2050 = DIRECTION('',(0.,1.,0.));
#2051 = ORIENTED_EDGE('',*,*,#1126,.F.);
#2052 = ORIENTED_EDGE('',*,*,#2030,.T.);
#2053 = ORIENTED_EDGE('',*,*,#2054,.F.);
#2054 = EDGE_CURVE('',#2045,#2021,#2055,.T.);
#2055 = CIRCLE('',#2056,1.2);
#2056 = AXIS2_PLACEMENT_3D('',#2057,#2058,#2059);
#2057 = CARTESIAN_POINT('',(5.E-02,0.25,7.3));
#2058 = DIRECTION('',(0.,-1.,0.));
#2059 = DIRECTION('',(0.,0.,1.));
#2060 = CYLINDRICAL_SURFACE('',#2061,1.2);
#2061 = AXIS2_PLACEMENT_3D('',#2062,#2063,#2064);
#2062 = CARTESIAN_POINT('',(5.E-02,-0.25,7.3));
#2063 = DIRECTION('',(0.,1.,0.));
#2064 = DIRECTION('',(1.,0.,0.));
#2065 = ADVANCED_FACE('',(#2066),#2084,.T.);
#2066 = FACE_BOUND('',#2067,.T.);
#2067 = EDGE_LOOP('',(#2068,#2069,#2077,#2083));
#2068 = ORIENTED_EDGE('',*,*,#1118,.F.);
#2069 = ORIENTED_EDGE('',*,*,#2070,.T.);
#2070 = EDGE_CURVE('',#1111,#2071,#2073,.T.);
#2071 = VERTEX_POINT('',#2072);
#2072 = CARTESIAN_POINT('',(1.25,0.25,0.75));
#2073 = LINE('',#2074,#2075);
#2074 = CARTESIAN_POINT('',(1.25,-0.25,0.75));
#2075 = VECTOR('',#2076,1.);
#2076 = DIRECTION('',(0.,1.,0.));
#2077 = ORIENTED_EDGE('',*,*,#2078,.T.);
#2078 = EDGE_CURVE('',#2071,#2045,#2079,.T.);
#2079 = LINE('',#2080,#2081);
#2080 = CARTESIAN_POINT('',(1.25,0.25,0.));
#2081 = VECTOR('',#2082,1.);
#2082 = DIRECTION('',(0.,0.,1.));
#2083 = ORIENTED_EDGE('',*,*,#2044,.F.);
#2084 = PLANE('',#2085);
#2085 = AXIS2_PLACEMENT_3D('',#2086,#2087,#2088);
#2086 = CARTESIAN_POINT('',(1.25,-0.25,0.));
#2087 = DIRECTION('',(1.,0.,0.));
#2088 = DIRECTION('',(0.,0.,1.));
#2089 = ADVANCED_FACE('',(#2090),#2101,.F.);
#2090 = FACE_BOUND('',#2091,.T.);
#2091 = EDGE_LOOP('',(#2092,#2093,#2094,#2100));
#2092 = ORIENTED_EDGE('',*,*,#1110,.F.);
#2093 = ORIENTED_EDGE('',*,*,#1509,.T.);
#2094 = ORIENTED_EDGE('',*,*,#2095,.T.);
#2095 = EDGE_CURVE('',#1502,#2071,#2096,.T.);
#2096 = LINE('',#2097,#2098);
#2097 = CARTESIAN_POINT('',(0.25,0.25,-0.25));
#2098 = VECTOR('',#2099,1.);
#2099 = DIRECTION('',(0.707106781187,0.,0.707106781187));
#2100 = ORIENTED_EDGE('',*,*,#2070,.F.);
#2101 = PLANE('',#2102);
#2102 = AXIS2_PLACEMENT_3D('',#2103,#2104,#2105);
#2103 = CARTESIAN_POINT('',(0.875,-0.25,0.375));
#2104 = DIRECTION('',(-0.707106781187,0.,0.707106781187));
#2105 = DIRECTION('',(-0.,-1.,-0.));
#2106 = ADVANCED_FACE('',(#2107),#2125,.T.);
#2107 = FACE_BOUND('',#2108,.T.);
#2108 = EDGE_LOOP('',(#2109,#2117,#2123,#2124));
#2109 = ORIENTED_EDGE('',*,*,#2110,.F.);
#2110 = EDGE_CURVE('',#2111,#1257,#2113,.T.);
#2111 = VERTEX_POINT('',#2112);
#2112 = CARTESIAN_POINT('',(5.,-2.5,-3.01));
#2113 = LINE('',#2114,#2115);
#2114 = CARTESIAN_POINT('',(5.,-2.5,-3.5));
#2115 = VECTOR('',#2116,1.);
#2116 = DIRECTION('',(0.,0.,1.));
#2117 = ORIENTED_EDGE('',*,*,#2118,.F.);
#2118 = EDGE_CURVE('',#1443,#2111,#2119,.T.);
#2119 = LINE('',#2120,#2121);
#2120 = CARTESIAN_POINT('',(4.5,-2.5,-3.01));
#2121 = VECTOR('',#2122,1.);
#2122 = DIRECTION('',(1.,0.,0.));
#2123 = ORIENTED_EDGE('',*,*,#1442,.T.);
#2124 = ORIENTED_EDGE('',*,*,#1264,.T.);
#2125 = PLANE('',#2126);
#2126 = AXIS2_PLACEMENT_3D('',#2127,#2128,#2129);
#2127 = CARTESIAN_POINT('',(4.5,-2.5,-3.5));
#2128 = DIRECTION('',(0.,1.,0.));
#2129 = DIRECTION('',(0.,0.,1.));
#2130 = ADVANCED_FACE('',(#2131),#2176,.T.);
#2131 = FACE_BOUND('',#2132,.T.);
#2132 = EDGE_LOOP('',(#2133,#2141,#2150,#2158,#2165,#2166,#2167,#2168,
    #2174,#2175));
#2133 = ORIENTED_EDGE('',*,*,#2134,.F.);
#2134 = EDGE_CURVE('',#2135,#1403,#2137,.T.);
#2135 = VERTEX_POINT('',#2136);
#2136 = CARTESIAN_POINT('',(5.,-3.5,-3.01));
#2137 = LINE('',#2138,#2139);
#2138 = CARTESIAN_POINT('',(5.,-3.5,-3.5));
#2139 = VECTOR('',#2140,1.);
#2140 = DIRECTION('',(0.,0.,1.));
#2141 = ORIENTED_EDGE('',*,*,#2142,.T.);
#2142 = EDGE_CURVE('',#2135,#2143,#2145,.T.);
#2143 = VERTEX_POINT('',#2144);
#2144 = CARTESIAN_POINT('',(5.,-3.01,-3.5));
#2145 = CIRCLE('',#2146,0.49);
#2146 = AXIS2_PLACEMENT_3D('',#2147,#2148,#2149);
#2147 = CARTESIAN_POINT('',(5.,-3.01,-3.01));
#2148 = DIRECTION('',(1.,0.,-0.));
#2149 = DIRECTION('',(0.,0.,1.));
#2150 = ORIENTED_EDGE('',*,*,#2151,.T.);
#2151 = EDGE_CURVE('',#2143,#2152,#2154,.T.);
#2152 = VERTEX_POINT('',#2153);
#2153 = CARTESIAN_POINT('',(5.,-2.99,-3.5));
#2154 = LINE('',#2155,#2156);
#2155 = CARTESIAN_POINT('',(5.,-3.5,-3.5));
#2156 = VECTOR('',#2157,1.);
#2157 = DIRECTION('',(0.,1.,0.));
#2158 = ORIENTED_EDGE('',*,*,#2159,.F.);
#2159 = EDGE_CURVE('',#2111,#2152,#2160,.T.);
#2160 = CIRCLE('',#2161,0.49);
#2161 = AXIS2_PLACEMENT_3D('',#2162,#2163,#2164);
#2162 = CARTESIAN_POINT('',(5.,-2.99,-3.01));
#2163 = DIRECTION('',(-1.,0.,0.));
#2164 = DIRECTION('',(0.,0.,1.));
#2165 = ORIENTED_EDGE('',*,*,#2110,.T.);
#2166 = ORIENTED_EDGE('',*,*,#1256,.F.);
#2167 = ORIENTED_EDGE('',*,*,#1278,.T.);
#2168 = ORIENTED_EDGE('',*,*,#2169,.F.);
#2169 = EDGE_CURVE('',#1354,#1279,#2170,.T.);
#2170 = LINE('',#2171,#2172);
#2171 = CARTESIAN_POINT('',(5.,-4.25,4.2));
#2172 = VECTOR('',#2173,1.);
#2173 = DIRECTION('',(0.,1.,0.));
#2174 = ORIENTED_EDGE('',*,*,#1376,.F.);
#2175 = ORIENTED_EDGE('',*,*,#1402,.T.);
#2176 = PLANE('',#2177);
#2177 = AXIS2_PLACEMENT_3D('',#2178,#2179,#2180);
#2178 = CARTESIAN_POINT('',(5.,-3.,0.744020323817));
#2179 = DIRECTION('',(1.,0.,0.));
#2180 = DIRECTION('',(0.,0.,1.));
#2181 = ADVANCED_FACE('',(#2182),#2188,.T.);
#2182 = FACE_BOUND('',#2183,.T.);
#2183 = EDGE_LOOP('',(#2184,#2185,#2186,#2187));
#2184 = ORIENTED_EDGE('',*,*,#1353,.F.);
#2185 = ORIENTED_EDGE('',*,*,#2169,.T.);
#2186 = ORIENTED_EDGE('',*,*,#1304,.F.);
#2187 = ORIENTED_EDGE('',*,*,#1336,.F.);
#2188 = CYLINDRICAL_SURFACE('',#2189,0.3);
#2189 = AXIS2_PLACEMENT_3D('',#2190,#2191,#2192);
#2190 = CARTESIAN_POINT('',(4.7,-4.25,4.2));
#2191 = DIRECTION('',(0.,1.,0.));
#2192 = DIRECTION('',(0.,0.,1.));
#2193 = ADVANCED_FACE('',(#2194),#2205,.F.);
#2194 = FACE_BOUND('',#2195,.F.);
#2195 = EDGE_LOOP('',(#2196,#2197,#2203,#2204));
#2196 = ORIENTED_EDGE('',*,*,#2134,.F.);
#2197 = ORIENTED_EDGE('',*,*,#2198,.F.);
#2198 = EDGE_CURVE('',#1425,#2135,#2199,.T.);
#2199 = LINE('',#2200,#2201);
#2200 = CARTESIAN_POINT('',(4.5,-3.5,-3.01));
#2201 = VECTOR('',#2202,1.);
#2202 = DIRECTION('',(1.,0.,0.));
#2203 = ORIENTED_EDGE('',*,*,#1435,.T.);
#2204 = ORIENTED_EDGE('',*,*,#1410,.T.);
#2205 = PLANE('',#2206);
#2206 = AXIS2_PLACEMENT_3D('',#2207,#2208,#2209);
#2207 = CARTESIAN_POINT('',(4.5,-3.5,-3.5));
#2208 = DIRECTION('',(0.,1.,0.));
#2209 = DIRECTION('',(0.,0.,1.));
#2210 = ADVANCED_FACE('',(#2211),#2222,.T.);
#2211 = FACE_BOUND('',#2212,.T.);
#2212 = EDGE_LOOP('',(#2213,#2214,#2220,#2221));
#2213 = ORIENTED_EDGE('',*,*,#1424,.T.);
#2214 = ORIENTED_EDGE('',*,*,#2215,.T.);
#2215 = EDGE_CURVE('',#1427,#2143,#2216,.T.);
#2216 = LINE('',#2217,#2218);
#2217 = CARTESIAN_POINT('',(4.5,-3.01,-3.5));
#2218 = VECTOR('',#2219,1.);
#2219 = DIRECTION('',(1.,0.,0.));
#2220 = ORIENTED_EDGE('',*,*,#2142,.F.);
#2221 = ORIENTED_EDGE('',*,*,#2198,.F.);
#2222 = CYLINDRICAL_SURFACE('',#2223,0.49);
#2223 = AXIS2_PLACEMENT_3D('',#2224,#2225,#2226);
#2224 = CARTESIAN_POINT('',(4.5,-3.01,-3.01));
#2225 = DIRECTION('',(1.,0.,0.));
#2226 = DIRECTION('',(0.,-1.,0.));
#2227 = ADVANCED_FACE('',(#2228),#2239,.F.);
#2228 = FACE_BOUND('',#2229,.F.);
#2229 = EDGE_LOOP('',(#2230,#2231,#2232,#2233));
#2230 = ORIENTED_EDGE('',*,*,#1459,.F.);
#2231 = ORIENTED_EDGE('',*,*,#2215,.T.);
#2232 = ORIENTED_EDGE('',*,*,#2151,.T.);
#2233 = ORIENTED_EDGE('',*,*,#2234,.F.);
#2234 = EDGE_CURVE('',#1451,#2152,#2235,.T.);
#2235 = LINE('',#2236,#2237);
#2236 = CARTESIAN_POINT('',(4.5,-2.99,-3.5));
#2237 = VECTOR('',#2238,1.);
#2238 = DIRECTION('',(1.,0.,0.));
#2239 = PLANE('',#2240);
#2240 = AXIS2_PLACEMENT_3D('',#2241,#2242,#2243);
#2241 = CARTESIAN_POINT('',(4.5,-3.5,-3.5));
#2242 = DIRECTION('',(0.,0.,1.));
#2243 = DIRECTION('',(1.,0.,0.));
#2244 = ADVANCED_FACE('',(#2245),#2251,.T.);
#2245 = FACE_BOUND('',#2246,.F.);
#2246 = EDGE_LOOP('',(#2247,#2248,#2249,#2250));
#2247 = ORIENTED_EDGE('',*,*,#1450,.T.);
#2248 = ORIENTED_EDGE('',*,*,#2234,.T.);
#2249 = ORIENTED_EDGE('',*,*,#2159,.F.);
#2250 = ORIENTED_EDGE('',*,*,#2118,.F.);
#2251 = CYLINDRICAL_SURFACE('',#2252,0.49);
#2252 = AXIS2_PLACEMENT_3D('',#2253,#2254,#2255);
#2253 = CARTESIAN_POINT('',(4.5,-2.99,-3.01));
#2254 = DIRECTION('',(1.,0.,0.));
#2255 = DIRECTION('',(0.,1.,0.));
#2256 = ADVANCED_FACE('',(#2257),#2276,.T.);
#2257 = FACE_BOUND('',#2258,.T.);
#2258 = EDGE_LOOP('',(#2259,#2260,#2268,#2275));
#2259 = ORIENTED_EDGE('',*,*,#1551,.T.);
#2260 = ORIENTED_EDGE('',*,*,#2261,.T.);
#2261 = EDGE_CURVE('',#1544,#2262,#2264,.T.);
#2262 = VERTEX_POINT('',#2263);
#2263 = CARTESIAN_POINT('',(1.E-02,0.25,-3.5));
#2264 = LINE('',#2265,#2266);
#2265 = CARTESIAN_POINT('',(1.E-02,-0.25,-3.5));
#2266 = VECTOR('',#2267,1.);
#2267 = DIRECTION('',(0.,1.,0.));
#2268 = ORIENTED_EDGE('',*,*,#2269,.F.);
#2269 = EDGE_CURVE('',#1494,#2262,#2270,.T.);
#2270 = CIRCLE('',#2271,0.49);
#2271 = AXIS2_PLACEMENT_3D('',#2272,#2273,#2274);
#2272 = CARTESIAN_POINT('',(1.E-02,0.25,-3.01));
#2273 = DIRECTION('',(0.,1.,0.));
#2274 = DIRECTION('',(0.,0.,1.));
#2275 = ORIENTED_EDGE('',*,*,#1493,.F.);
#2276 = CYLINDRICAL_SURFACE('',#2277,0.49);
#2277 = AXIS2_PLACEMENT_3D('',#2278,#2279,#2280);
#2278 = CARTESIAN_POINT('',(1.E-02,-0.25,-3.01));
#2279 = DIRECTION('',(0.,1.,0.));
#2280 = DIRECTION('',(1.,0.,0.));
#2281 = ADVANCED_FACE('',(#2282,#2309),#2320,.T.);
#2282 = FACE_BOUND('',#2283,.T.);
#2283 = EDGE_LOOP('',(#2284,#2285,#2286,#2287,#2288,#2296,#2303,#2304,
    #2305,#2306,#2307,#2308));
#2284 = ORIENTED_EDGE('',*,*,#2078,.F.);
#2285 = ORIENTED_EDGE('',*,*,#2095,.F.);
#2286 = ORIENTED_EDGE('',*,*,#1501,.F.);
#2287 = ORIENTED_EDGE('',*,*,#2269,.T.);
#2288 = ORIENTED_EDGE('',*,*,#2289,.F.);
#2289 = EDGE_CURVE('',#2290,#2262,#2292,.T.);
#2290 = VERTEX_POINT('',#2291);
#2291 = CARTESIAN_POINT('',(-1.E-02,0.25,-3.5));
#2292 = LINE('',#2293,#2294);
#2293 = CARTESIAN_POINT('',(-0.5,0.25,-3.5));
#2294 = VECTOR('',#2295,1.);
#2295 = DIRECTION('',(1.,0.,0.));
#2296 = ORIENTED_EDGE('',*,*,#2297,.F.);
#2297 = EDGE_CURVE('',#1568,#2290,#2298,.T.);
#2298 = CIRCLE('',#2299,0.49);
#2299 = AXIS2_PLACEMENT_3D('',#2300,#2301,#2302);
#2300 = CARTESIAN_POINT('',(-1.E-02,0.25,-3.01));
#2301 = DIRECTION('',(0.,-1.,0.));
#2302 = DIRECTION('',(0.,0.,1.));
#2303 = ORIENTED_EDGE('',*,*,#1575,.T.);
#2304 = ORIENTED_EDGE('',*,*,#1956,.F.);
#2305 = ORIENTED_EDGE('',*,*,#1973,.T.);
#2306 = ORIENTED_EDGE('',*,*,#2005,.T.);
#2307 = ORIENTED_EDGE('',*,*,#2020,.T.);
#2308 = ORIENTED_EDGE('',*,*,#2054,.F.);
#2309 = FACE_BOUND('',#2310,.T.);
#2310 = EDGE_LOOP('',(#2311));
#2311 = ORIENTED_EDGE('',*,*,#2312,.T.);
#2312 = EDGE_CURVE('',#2313,#2313,#2315,.T.);
#2313 = VERTEX_POINT('',#2314);
#2314 = CARTESIAN_POINT('',(1.,0.25,6.5));
#2315 = CIRCLE('',#2316,1.);
#2316 = AXIS2_PLACEMENT_3D('',#2317,#2318,#2319);
#2317 = CARTESIAN_POINT('',(0.,0.25,6.5));
#2318 = DIRECTION('',(0.,-1.,2.22044604925E-16));
#2319 = DIRECTION('',(1.,0.,0.));
#2320 = PLANE('',#2321);
#2321 = AXIS2_PLACEMENT_3D('',#2322,#2323,#2324);
#2322 = CARTESIAN_POINT('',(6.844975474397E-18,0.25,2.637607873505));
#2323 = DIRECTION('',(-1.404625190189E-33,1.,5.771817665907E-19));
#2324 = DIRECTION('',(0.,-5.771817665907E-19,1.));
#2325 = ADVANCED_FACE('',(#2326),#2337,.F.);
#2326 = FACE_BOUND('',#2327,.F.);
#2327 = EDGE_LOOP('',(#2328,#2329,#2335,#2336));
#2328 = ORIENTED_EDGE('',*,*,#2289,.F.);
#2329 = ORIENTED_EDGE('',*,*,#2330,.F.);
#2330 = EDGE_CURVE('',#1535,#2290,#2331,.T.);
#2331 = LINE('',#2332,#2333);
#2332 = CARTESIAN_POINT('',(-1.E-02,-0.25,-3.5));
#2333 = VECTOR('',#2334,1.);
#2334 = DIRECTION('',(0.,1.,0.));
#2335 = ORIENTED_EDGE('',*,*,#1543,.T.);
#2336 = ORIENTED_EDGE('',*,*,#2261,.T.);
#2337 = PLANE('',#2338);
#2338 = AXIS2_PLACEMENT_3D('',#2339,#2340,#2341);
#2339 = CARTESIAN_POINT('',(-0.5,-0.25,-3.5));
#2340 = DIRECTION('',(0.,0.,1.));
#2341 = DIRECTION('',(1.,0.,0.));
#2342 = ADVANCED_FACE('',(#2343),#2349,.T.);
#2343 = FACE_BOUND('',#2344,.F.);
#2344 = EDGE_LOOP('',(#2345,#2346,#2347,#2348));
#2345 = ORIENTED_EDGE('',*,*,#1534,.T.);
#2346 = ORIENTED_EDGE('',*,*,#2330,.T.);
#2347 = ORIENTED_EDGE('',*,*,#2297,.F.);
#2348 = ORIENTED_EDGE('',*,*,#1567,.F.);
#2349 = CYLINDRICAL_SURFACE('',#2350,0.49);
#2350 = AXIS2_PLACEMENT_3D('',#2351,#2352,#2353);
#2351 = CARTESIAN_POINT('',(-1.E-02,-0.25,-3.01));
#2352 = DIRECTION('',(0.,1.,0.));
#2353 = DIRECTION('',(-1.,0.,0.));
#2354 = ADVANCED_FACE('',(#2355),#2371,.F.);
#2355 = FACE_BOUND('',#2356,.F.);
#2356 = EDGE_LOOP('',(#2357,#2358,#2364,#2365));
#2357 = ORIENTED_EDGE('',*,*,#1639,.F.);
#2358 = ORIENTED_EDGE('',*,*,#2359,.F.);
#2359 = EDGE_CURVE('',#1713,#1640,#2360,.T.);
#2360 = LINE('',#2361,#2362);
#2361 = CARTESIAN_POINT('',(-1.E-02,-6.25,-3.5));
#2362 = VECTOR('',#2363,1.);
#2363 = DIRECTION('',(0.,1.,0.));
#2364 = ORIENTED_EDGE('',*,*,#1712,.T.);
#2365 = ORIENTED_EDGE('',*,*,#2366,.T.);
#2366 = EDGE_CURVE('',#1715,#1642,#2367,.T.);
#2367 = LINE('',#2368,#2369);
#2368 = CARTESIAN_POINT('',(1.E-02,-6.25,-3.5));
#2369 = VECTOR('',#2370,1.);
#2370 = DIRECTION('',(0.,1.,0.));
#2371 = PLANE('',#2372);
#2372 = AXIS2_PLACEMENT_3D('',#2373,#2374,#2375);
#2373 = CARTESIAN_POINT('',(-0.5,-6.25,-3.5));
#2374 = DIRECTION('',(0.,0.,1.));
#2375 = DIRECTION('',(1.,0.,0.));
#2376 = ADVANCED_FACE('',(#2377),#2383,.T.);
#2377 = FACE_BOUND('',#2378,.F.);
#2378 = EDGE_LOOP('',(#2379,#2380,#2381,#2382));
#2379 = ORIENTED_EDGE('',*,*,#1722,.T.);
#2380 = ORIENTED_EDGE('',*,*,#2359,.T.);
#2381 = ORIENTED_EDGE('',*,*,#1649,.F.);
#2382 = ORIENTED_EDGE('',*,*,#1755,.F.);
#2383 = CYLINDRICAL_SURFACE('',#2384,0.49);
#2384 = AXIS2_PLACEMENT_3D('',#2385,#2386,#2387);
#2385 = CARTESIAN_POINT('',(-1.E-02,-6.25,-3.01));
#2386 = DIRECTION('',(0.,1.,0.));
#2387 = DIRECTION('',(-1.,0.,0.));
#2388 = ADVANCED_FACE('',(#2389),#2395,.T.);
#2389 = FACE_BOUND('',#2390,.T.);
#2390 = EDGE_LOOP('',(#2391,#2392,#2393,#2394));
#2391 = ORIENTED_EDGE('',*,*,#1739,.T.);
#2392 = ORIENTED_EDGE('',*,*,#2366,.T.);
#2393 = ORIENTED_EDGE('',*,*,#1673,.F.);
#2394 = ORIENTED_EDGE('',*,*,#1696,.F.);
#2395 = CYLINDRICAL_SURFACE('',#2396,0.49);
#2396 = AXIS2_PLACEMENT_3D('',#2397,#2398,#2399);
#2397 = CARTESIAN_POINT('',(1.E-02,-6.25,-3.01));
#2398 = DIRECTION('',(0.,1.,0.));
#2399 = DIRECTION('',(1.,0.,0.));
#2400 = ADVANCED_FACE('',(#2401),#2420,.T.);
#2401 = FACE_BOUND('',#2402,.T.);
#2402 = EDGE_LOOP('',(#2403,#2412,#2418,#2419));
#2403 = ORIENTED_EDGE('',*,*,#2404,.T.);
#2404 = EDGE_CURVE('',#2405,#2405,#2407,.T.);
#2405 = VERTEX_POINT('',#2406);
#2406 = CARTESIAN_POINT('',(1.,0.4,6.5));
#2407 = CIRCLE('',#2408,1.);
#2408 = AXIS2_PLACEMENT_3D('',#2409,#2410,#2411);
#2409 = CARTESIAN_POINT('',(0.,0.4,6.5));
#2410 = DIRECTION('',(0.,-1.,2.22044604925E-16));
#2411 = DIRECTION('',(1.,4.930380657631E-33,2.22044604925E-17));
#2412 = ORIENTED_EDGE('',*,*,#2413,.T.);
#2413 = EDGE_CURVE('',#2405,#2313,#2414,.T.);
#2414 = LINE('',#2415,#2416);
#2415 = CARTESIAN_POINT('',(1.,0.5,6.5));
#2416 = VECTOR('',#2417,1.);
#2417 = DIRECTION('',(0.,-1.,2.22044604925E-16));
#2418 = ORIENTED_EDGE('',*,*,#2312,.F.);
#2419 = ORIENTED_EDGE('',*,*,#2413,.F.);
#2420 = CYLINDRICAL_SURFACE('',#2421,1.);
#2421 = AXIS2_PLACEMENT_3D('',#2422,#2423,#2424);
#2422 = CARTESIAN_POINT('',(0.,0.5,6.5));
#2423 = DIRECTION('',(0.,-1.,2.22044604925E-16));
#2424 = DIRECTION('',(1.,0.,0.));
#2425 = ADVANCED_FACE('',(#2426),#2446,.T.);
#2426 = FACE_BOUND('',#2427,.F.);
#2427 = EDGE_LOOP('',(#2428,#2437,#2438,#2439));
#2428 = ORIENTED_EDGE('',*,*,#2429,.F.);
#2429 = EDGE_CURVE('',#2405,#2430,#2432,.T.);
#2430 = VERTEX_POINT('',#2431);
#2431 = CARTESIAN_POINT('',(0.9,0.5,6.5));
#2432 = CIRCLE('',#2433,0.1);
#2433 = AXIS2_PLACEMENT_3D('',#2434,#2435,#2436);
#2434 = CARTESIAN_POINT('',(0.9,0.4,6.5));
#2435 = DIRECTION('',(-2.22044604925E-17,2.22044604925E-16,1.));
#2436 = DIRECTION('',(1.,4.930380657631E-33,2.22044604925E-17));
#2437 = ORIENTED_EDGE('',*,*,#2404,.T.);
#2438 = ORIENTED_EDGE('',*,*,#2429,.T.);
#2439 = ORIENTED_EDGE('',*,*,#2440,.F.);
#2440 = EDGE_CURVE('',#2430,#2430,#2441,.T.);
#2441 = CIRCLE('',#2442,0.9);
#2442 = AXIS2_PLACEMENT_3D('',#2443,#2444,#2445);
#2443 = CARTESIAN_POINT('',(0.,0.5,6.5));
#2444 = DIRECTION('',(0.,-1.,2.22044604925E-16));
#2445 = DIRECTION('',(1.,4.930380657631E-33,2.22044604925E-17));
#2446 = TOROIDAL_SURFACE('',#2447,0.9,0.1);
#2447 = AXIS2_PLACEMENT_3D('',#2448,#2449,#2450);
#2448 = CARTESIAN_POINT('',(0.,0.4,6.5));
#2449 = DIRECTION('',(0.,1.,-2.22044604925E-16));
#2450 = DIRECTION('',(1.,4.930380657631E-33,2.22044604925E-17));
#2451 = ADVANCED_FACE('',(#2452,#2455),#2466,.F.);
#2452 = FACE_BOUND('',#2453,.F.);
#2453 = EDGE_LOOP('',(#2454));
#2454 = ORIENTED_EDGE('',*,*,#2440,.T.);
#2455 = FACE_BOUND('',#2456,.F.);
#2456 = EDGE_LOOP('',(#2457));
#2457 = ORIENTED_EDGE('',*,*,#2458,.F.);
#2458 = EDGE_CURVE('',#2459,#2459,#2461,.T.);
#2459 = VERTEX_POINT('',#2460);
#2460 = CARTESIAN_POINT('',(0.5,0.5,6.5));
#2461 = CIRCLE('',#2462,0.5);
#2462 = AXIS2_PLACEMENT_3D('',#2463,#2464,#2465);
#2463 = CARTESIAN_POINT('',(0.,0.5,6.5));
#2464 = DIRECTION('',(0.,-1.,2.22044604925E-16));
#2465 = DIRECTION('',(1.,1.232595164408E-32,5.551115123126E-17));
#2466 = PLANE('',#2467);
#2467 = AXIS2_PLACEMENT_3D('',#2468,#2469,#2470);
#2468 = CARTESIAN_POINT('',(0.,0.5,6.5));
#2469 = DIRECTION('',(0.,-1.,2.22044604925E-16));
#2470 = DIRECTION('',(1.,0.,0.));
#2471 = ADVANCED_FACE('',(#2472),#2492,.T.);
#2472 = FACE_BOUND('',#2473,.F.);
#2473 = EDGE_LOOP('',(#2474,#2483,#2484,#2485));
#2474 = ORIENTED_EDGE('',*,*,#2475,.F.);
#2475 = EDGE_CURVE('',#2459,#2476,#2478,.T.);
#2476 = VERTEX_POINT('',#2477);
#2477 = CARTESIAN_POINT('',(0.4,0.4,6.5));
#2478 = CIRCLE('',#2479,0.1);
#2479 = AXIS2_PLACEMENT_3D('',#2480,#2481,#2482);
#2480 = CARTESIAN_POINT('',(0.5,0.4,6.5));
#2481 = DIRECTION('',(-5.551115123126E-17,2.22044604925E-16,1.));
#2482 = DIRECTION('',(1.,1.232595164408E-32,5.551115123126E-17));
#2483 = ORIENTED_EDGE('',*,*,#2458,.T.);
#2484 = ORIENTED_EDGE('',*,*,#2475,.T.);
#2485 = ORIENTED_EDGE('',*,*,#2486,.F.);
#2486 = EDGE_CURVE('',#2476,#2476,#2487,.T.);
#2487 = CIRCLE('',#2488,0.4);
#2488 = AXIS2_PLACEMENT_3D('',#2489,#2490,#2491);
#2489 = CARTESIAN_POINT('',(0.,0.4,6.5));
#2490 = DIRECTION('',(0.,-1.,2.22044604925E-16));
#2491 = DIRECTION('',(1.,1.232595164408E-32,5.551115123126E-17));
#2492 = TOROIDAL_SURFACE('',#2493,0.5,0.1);
#2493 = AXIS2_PLACEMENT_3D('',#2494,#2495,#2496);
#2494 = CARTESIAN_POINT('',(0.,0.4,6.5));
#2495 = DIRECTION('',(0.,1.,-2.22044604925E-16));
#2496 = DIRECTION('',(1.,1.232595164408E-32,5.551115123126E-17));
#2497 = ADVANCED_FACE('',(#2498),#2517,.F.);
#2498 = FACE_BOUND('',#2499,.F.);
#2499 = EDGE_LOOP('',(#2500,#2501,#2509,#2516));
#2500 = ORIENTED_EDGE('',*,*,#2486,.T.);
#2501 = ORIENTED_EDGE('',*,*,#2502,.T.);
#2502 = EDGE_CURVE('',#2476,#2503,#2505,.T.);
#2503 = VERTEX_POINT('',#2504);
#2504 = CARTESIAN_POINT('',(0.4,0.25,6.5));
#2505 = LINE('',#2506,#2507);
#2506 = CARTESIAN_POINT('',(0.4,0.5,6.5));
#2507 = VECTOR('',#2508,1.);
#2508 = DIRECTION('',(0.,-1.,2.22044604925E-16));
#2509 = ORIENTED_EDGE('',*,*,#2510,.F.);
#2510 = EDGE_CURVE('',#2503,#2503,#2511,.T.);
#2511 = CIRCLE('',#2512,0.4);
#2512 = AXIS2_PLACEMENT_3D('',#2513,#2514,#2515);
#2513 = CARTESIAN_POINT('',(0.,0.25,6.5));
#2514 = DIRECTION('',(0.,-1.,2.22044604925E-16));
#2515 = DIRECTION('',(1.,0.,0.));
#2516 = ORIENTED_EDGE('',*,*,#2502,.F.);
#2517 = CYLINDRICAL_SURFACE('',#2518,0.4);
#2518 = AXIS2_PLACEMENT_3D('',#2519,#2520,#2521);
#2519 = CARTESIAN_POINT('',(0.,0.5,6.5));
#2520 = DIRECTION('',(0.,-1.,2.22044604925E-16));
#2521 = DIRECTION('',(1.,0.,0.));
#2522 = ADVANCED_FACE('',(#2523),#2526,.T.);
#2523 = FACE_BOUND('',#2524,.T.);
#2524 = EDGE_LOOP('',(#2525));
#2525 = ORIENTED_EDGE('',*,*,#2510,.F.);
#2526 = PLANE('',#2527);
#2527 = AXIS2_PLACEMENT_3D('',#2528,#2529,#2530);
#2528 = CARTESIAN_POINT('',(6.844975474397E-18,0.25,2.637607873505));
#2529 = DIRECTION('',(-1.404625190189E-33,1.,5.771817665907E-19));
#2530 = DIRECTION('',(0.,-5.771817665907E-19,1.));
#2531 = ( GEOMETRIC_REPRESENTATION_CONTEXT(3) 
GLOBAL_UNCERTAINTY_ASSIGNED_CONTEXT((#2535)) 
GLOBAL_UNIT_ASSIGNED_CONTEXT((#2532,#2533,#2534)) REPRESENTATION_CONTEXT
('Context #1','3D Context with UNIT and UNCERTAINTY') );
#2532 = ( LENGTH_UNIT() NAMED_UNIT(*) SI_UNIT(.MILLI.,.METRE.) );
#2533 = ( NAMED_UNIT(*) PLANE_ANGLE_UNIT() SI_UNIT($,.RADIAN.) );
#2534 = ( NAMED_UNIT(*) SI_UNIT($,.STERADIAN.) SOLID_ANGLE_UNIT() );
#2535 = UNCERTAINTY_MEASURE_WITH_UNIT(LENGTH_MEASURE(5.E-06),#2532,
  'distance_accuracy_value','confusion accuracy');
#2536 = PRODUCT_RELATED_PRODUCT_CATEGORY('part',$,(#7));
#2537 = MECHANICAL_DESIGN_GEOMETRIC_PRESENTATION_REPRESENTATION('',(
    #2538,#2546,#2553,#2561,#2568,#2575,#2582,#2589,#2596,#2603,#2611,
    #2618,#2625,#2632,#2639,#2646,#2653,#2660,#2667,#2674,#2681,#2688,
    #2695,#2702,#2709,#2716,#2723,#2730,#2737,#2744,#2751,#2758,#2765,
    #2772,#2779,#2786,#2793,#2800,#2807,#2814,#2821,#2828,#2835,#2842,
    #2849,#2856,#2863,#2870,#2877,#2884,#2891,#2898,#2905,#2912,#2919,
    #2926,#2933,#2940,#2947,#2954,#2961,#2968,#2975,#2982,#2989,#2996,
    #3003,#3010,#3017,#3024,#3031,#3038,#3045,#3052,#3059,#3066,#3073,
    #3080,#3087,#3094,#3101,#3108,#3115),#2531);
#2538 = STYLED_ITEM('color',(#2539),#17);
#2539 = PRESENTATION_STYLE_ASSIGNMENT((#2540));
#2540 = SURFACE_STYLE_USAGE(.BOTH.,#2541);
#2541 = SURFACE_SIDE_STYLE('',(#2542));
#2542 = SURFACE_STYLE_FILL_AREA(#2543);
#2543 = FILL_AREA_STYLE('',(#2544));
#2544 = FILL_AREA_STYLE_COLOUR('',#2545);
#2545 = COLOUR_RGB('',0.800000011921,0.800000011921,0.800000011921);
#2546 = STYLED_ITEM('color',(#2547),#57);
#2547 = PRESENTATION_STYLE_ASSIGNMENT((#2548));
#2548 = SURFACE_STYLE_USAGE(.BOTH.,#2549);
#2549 = SURFACE_SIDE_STYLE('',(#2550));
#2550 = SURFACE_STYLE_FILL_AREA(#2551);
#2551 = FILL_AREA_STYLE('',(#2552));
#2552 = FILL_AREA_STYLE_COLOUR('',#2545);
#2553 = STYLED_ITEM('color',(#2554),#89);
#2554 = PRESENTATION_STYLE_ASSIGNMENT((#2555));
#2555 = SURFACE_STYLE_USAGE(.BOTH.,#2556);
#2556 = SURFACE_SIDE_STYLE('',(#2557));
#2557 = SURFACE_STYLE_FILL_AREA(#2558);
#2558 = FILL_AREA_STYLE('',(#2559));
#2559 = FILL_AREA_STYLE_COLOUR('',#2560);
#2560 = COLOUR_RGB('',0.23137255013,0.23137255013,0.23137255013);
#2561 = STYLED_ITEM('color',(#2562),#159);
#2562 = PRESENTATION_STYLE_ASSIGNMENT((#2563));
#2563 = SURFACE_STYLE_USAGE(.BOTH.,#2564);
#2564 = SURFACE_SIDE_STYLE('',(#2565));
#2565 = SURFACE_STYLE_FILL_AREA(#2566);
#2566 = FILL_AREA_STYLE('',(#2567));
#2567 = FILL_AREA_STYLE_COLOUR('',#2545);
#2568 = STYLED_ITEM('color',(#2569),#190);
#2569 = PRESENTATION_STYLE_ASSIGNMENT((#2570));
#2570 = SURFACE_STYLE_USAGE(.BOTH.,#2571);
#2571 = SURFACE_SIDE_STYLE('',(#2572));
#2572 = SURFACE_STYLE_FILL_AREA(#2573);
#2573 = FILL_AREA_STYLE('',(#2574));
#2574 = FILL_AREA_STYLE_COLOUR('',#2545);
#2575 = STYLED_ITEM('color',(#2576),#207);
#2576 = PRESENTATION_STYLE_ASSIGNMENT((#2577));
#2577 = SURFACE_STYLE_USAGE(.BOTH.,#2578);
#2578 = SURFACE_SIDE_STYLE('',(#2579));
#2579 = SURFACE_STYLE_FILL_AREA(#2580);
#2580 = FILL_AREA_STYLE('',(#2581));
#2581 = FILL_AREA_STYLE_COLOUR('',#2545);
#2582 = STYLED_ITEM('color',(#2583),#219);
#2583 = PRESENTATION_STYLE_ASSIGNMENT((#2584));
#2584 = SURFACE_STYLE_USAGE(.BOTH.,#2585);
#2585 = SURFACE_SIDE_STYLE('',(#2586));
#2586 = SURFACE_STYLE_FILL_AREA(#2587);
#2587 = FILL_AREA_STYLE('',(#2588));
#2588 = FILL_AREA_STYLE_COLOUR('',#2560);
#2589 = STYLED_ITEM('color',(#2590),#239);
#2590 = PRESENTATION_STYLE_ASSIGNMENT((#2591));
#2591 = SURFACE_STYLE_USAGE(.BOTH.,#2592);
#2592 = SURFACE_SIDE_STYLE('',(#2593));
#2593 = SURFACE_STYLE_FILL_AREA(#2594);
#2594 = FILL_AREA_STYLE('',(#2595));
#2595 = FILL_AREA_STYLE_COLOUR('',#2560);
#2596 = STYLED_ITEM('color',(#2597),#300);
#2597 = PRESENTATION_STYLE_ASSIGNMENT((#2598));
#2598 = SURFACE_STYLE_USAGE(.BOTH.,#2599);
#2599 = SURFACE_SIDE_STYLE('',(#2600));
#2600 = SURFACE_STYLE_FILL_AREA(#2601);
#2601 = FILL_AREA_STYLE('',(#2602));
#2602 = FILL_AREA_STYLE_COLOUR('',#2545);
#2603 = STYLED_ITEM('color',(#2604),#310);
#2604 = PRESENTATION_STYLE_ASSIGNMENT((#2605));
#2605 = SURFACE_STYLE_USAGE(.BOTH.,#2606);
#2606 = SURFACE_SIDE_STYLE('',(#2607));
#2607 = SURFACE_STYLE_FILL_AREA(#2608);
#2608 = FILL_AREA_STYLE('',(#2609));
#2609 = FILL_AREA_STYLE_COLOUR('',#2610);
#2610 = COLOUR_RGB('',0.890196084976,0.890196084976,0.890196084976);
#2611 = STYLED_ITEM('color',(#2612),#335);
#2612 = PRESENTATION_STYLE_ASSIGNMENT((#2613));
#2613 = SURFACE_STYLE_USAGE(.BOTH.,#2614);
#2614 = SURFACE_SIDE_STYLE('',(#2615));
#2615 = SURFACE_STYLE_FILL_AREA(#2616);
#2616 = FILL_AREA_STYLE('',(#2617));
#2617 = FILL_AREA_STYLE_COLOUR('',#2560);
#2618 = STYLED_ITEM('color',(#2619),#496);
#2619 = PRESENTATION_STYLE_ASSIGNMENT((#2620));
#2620 = SURFACE_STYLE_USAGE(.BOTH.,#2621);
#2621 = SURFACE_SIDE_STYLE('',(#2622));
#2622 = SURFACE_STYLE_FILL_AREA(#2623);
#2623 = FILL_AREA_STYLE('',(#2624));
#2624 = FILL_AREA_STYLE_COLOUR('',#2560);
#2625 = STYLED_ITEM('color',(#2626),#521);
#2626 = PRESENTATION_STYLE_ASSIGNMENT((#2627));
#2627 = SURFACE_STYLE_USAGE(.BOTH.,#2628);
#2628 = SURFACE_SIDE_STYLE('',(#2629));
#2629 = SURFACE_STYLE_FILL_AREA(#2630);
#2630 = FILL_AREA_STYLE('',(#2631));
#2631 = FILL_AREA_STYLE_COLOUR('',#2560);
#2632 = STYLED_ITEM('color',(#2633),#650);
#2633 = PRESENTATION_STYLE_ASSIGNMENT((#2634));
#2634 = SURFACE_STYLE_USAGE(.BOTH.,#2635);
#2635 = SURFACE_SIDE_STYLE('',(#2636));
#2636 = SURFACE_STYLE_FILL_AREA(#2637);
#2637 = FILL_AREA_STYLE('',(#2638));
#2638 = FILL_AREA_STYLE_COLOUR('',#2560);
#2639 = STYLED_ITEM('color',(#2640),#674);
#2640 = PRESENTATION_STYLE_ASSIGNMENT((#2641));
#2641 = SURFACE_STYLE_USAGE(.BOTH.,#2642);
#2642 = SURFACE_SIDE_STYLE('',(#2643));
#2643 = SURFACE_STYLE_FILL_AREA(#2644);
#2644 = FILL_AREA_STYLE('',(#2645));
#2645 = FILL_AREA_STYLE_COLOUR('',#2560);
#2646 = STYLED_ITEM('color',(#2647),#762);
#2647 = PRESENTATION_STYLE_ASSIGNMENT((#2648));
#2648 = SURFACE_STYLE_USAGE(.BOTH.,#2649);
#2649 = SURFACE_SIDE_STYLE('',(#2650));
#2650 = SURFACE_STYLE_FILL_AREA(#2651);
#2651 = FILL_AREA_STYLE('',(#2652));
#2652 = FILL_AREA_STYLE_COLOUR('',#2560);
#2653 = STYLED_ITEM('color',(#2654),#780);
#2654 = PRESENTATION_STYLE_ASSIGNMENT((#2655));
#2655 = SURFACE_STYLE_USAGE(.BOTH.,#2656);
#2656 = SURFACE_SIDE_STYLE('',(#2657));
#2657 = SURFACE_STYLE_FILL_AREA(#2658);
#2658 = FILL_AREA_STYLE('',(#2659));
#2659 = FILL_AREA_STYLE_COLOUR('',#2610);
#2660 = STYLED_ITEM('color',(#2661),#816);
#2661 = PRESENTATION_STYLE_ASSIGNMENT((#2662));
#2662 = SURFACE_STYLE_USAGE(.BOTH.,#2663);
#2663 = SURFACE_SIDE_STYLE('',(#2664));
#2664 = SURFACE_STYLE_FILL_AREA(#2665);
#2665 = FILL_AREA_STYLE('',(#2666));
#2666 = FILL_AREA_STYLE_COLOUR('',#2560);
#2667 = STYLED_ITEM('color',(#2668),#885);
#2668 = PRESENTATION_STYLE_ASSIGNMENT((#2669));
#2669 = SURFACE_STYLE_USAGE(.BOTH.,#2670);
#2670 = SURFACE_SIDE_STYLE('',(#2671));
#2671 = SURFACE_STYLE_FILL_AREA(#2672);
#2672 = FILL_AREA_STYLE('',(#2673));
#2673 = FILL_AREA_STYLE_COLOUR('',#2560);
#2674 = STYLED_ITEM('color',(#2675),#909);
#2675 = PRESENTATION_STYLE_ASSIGNMENT((#2676));
#2676 = SURFACE_STYLE_USAGE(.BOTH.,#2677);
#2677 = SURFACE_SIDE_STYLE('',(#2678));
#2678 = SURFACE_STYLE_FILL_AREA(#2679);
#2679 = FILL_AREA_STYLE('',(#2680));
#2680 = FILL_AREA_STYLE_COLOUR('',#2560);
#2681 = STYLED_ITEM('color',(#2682),#992);
#2682 = PRESENTATION_STYLE_ASSIGNMENT((#2683));
#2683 = SURFACE_STYLE_USAGE(.BOTH.,#2684);
#2684 = SURFACE_SIDE_STYLE('',(#2685));
#2685 = SURFACE_STYLE_FILL_AREA(#2686);
#2686 = FILL_AREA_STYLE('',(#2687));
#2687 = FILL_AREA_STYLE_COLOUR('',#2560);
#2688 = STYLED_ITEM('color',(#2689),#1017);
#2689 = PRESENTATION_STYLE_ASSIGNMENT((#2690));
#2690 = SURFACE_STYLE_USAGE(.BOTH.,#2691);
#2691 = SURFACE_SIDE_STYLE('',(#2692));
#2692 = SURFACE_STYLE_FILL_AREA(#2693);
#2693 = FILL_AREA_STYLE('',(#2694));
#2694 = FILL_AREA_STYLE_COLOUR('',#2560);
#2695 = STYLED_ITEM('color',(#2696),#1066);
#2696 = PRESENTATION_STYLE_ASSIGNMENT((#2697));
#2697 = SURFACE_STYLE_USAGE(.BOTH.,#2698);
#2698 = SURFACE_SIDE_STYLE('',(#2699));
#2699 = SURFACE_STYLE_FILL_AREA(#2700);
#2700 = FILL_AREA_STYLE('',(#2701));
#2701 = FILL_AREA_STYLE_COLOUR('',#2560);
#2702 = STYLED_ITEM('color',(#2703),#1090);
#2703 = PRESENTATION_STYLE_ASSIGNMENT((#2704));
#2704 = SURFACE_STYLE_USAGE(.BOTH.,#2705);
#2705 = SURFACE_SIDE_STYLE('',(#2706));
#2706 = SURFACE_STYLE_FILL_AREA(#2707);
#2707 = FILL_AREA_STYLE('',(#2708));
#2708 = FILL_AREA_STYLE_COLOUR('',#2560);
#2709 = STYLED_ITEM('color',(#2710),#1202);
#2710 = PRESENTATION_STYLE_ASSIGNMENT((#2711));
#2711 = SURFACE_STYLE_USAGE(.BOTH.,#2712);
#2712 = SURFACE_SIDE_STYLE('',(#2713));
#2713 = SURFACE_STYLE_FILL_AREA(#2714);
#2714 = FILL_AREA_STYLE('',(#2715));
#2715 = FILL_AREA_STYLE_COLOUR('',#2560);
#2716 = STYLED_ITEM('color',(#2717),#1226);
#2717 = PRESENTATION_STYLE_ASSIGNMENT((#2718));
#2718 = SURFACE_STYLE_USAGE(.BOTH.,#2719);
#2719 = SURFACE_SIDE_STYLE('',(#2720));
#2720 = SURFACE_STYLE_FILL_AREA(#2721);
#2721 = FILL_AREA_STYLE('',(#2722));
#2722 = FILL_AREA_STYLE_COLOUR('',#2560);
#2723 = STYLED_ITEM('color',(#2724),#1243);
#2724 = PRESENTATION_STYLE_ASSIGNMENT((#2725));
#2725 = SURFACE_STYLE_USAGE(.BOTH.,#2726);
#2726 = SURFACE_SIDE_STYLE('',(#2727));
#2727 = SURFACE_STYLE_FILL_AREA(#2728);
#2728 = FILL_AREA_STYLE('',(#2729));
#2729 = FILL_AREA_STYLE_COLOUR('',#2545);
#2730 = STYLED_ITEM('color',(#2731),#1274);
#2731 = PRESENTATION_STYLE_ASSIGNMENT((#2732));
#2732 = SURFACE_STYLE_USAGE(.BOTH.,#2733);
#2733 = SURFACE_SIDE_STYLE('',(#2734));
#2734 = SURFACE_STYLE_FILL_AREA(#2735);
#2735 = FILL_AREA_STYLE('',(#2736));
#2736 = FILL_AREA_STYLE_COLOUR('',#2545);
#2737 = STYLED_ITEM('color',(#2738),#1298);
#2738 = PRESENTATION_STYLE_ASSIGNMENT((#2739));
#2739 = SURFACE_STYLE_USAGE(.BOTH.,#2740);
#2740 = SURFACE_SIDE_STYLE('',(#2741));
#2741 = SURFACE_STYLE_FILL_AREA(#2742);
#2742 = FILL_AREA_STYLE('',(#2743));
#2743 = FILL_AREA_STYLE_COLOUR('',#2545);
#2744 = STYLED_ITEM('color',(#2745),#1323);
#2745 = PRESENTATION_STYLE_ASSIGNMENT((#2746));
#2746 = SURFACE_STYLE_USAGE(.BOTH.,#2747);
#2747 = SURFACE_SIDE_STYLE('',(#2748));
#2748 = SURFACE_STYLE_FILL_AREA(#2749);
#2749 = FILL_AREA_STYLE('',(#2750));
#2750 = FILL_AREA_STYLE_COLOUR('',#2545);
#2751 = STYLED_ITEM('color',(#2752),#1347);
#2752 = PRESENTATION_STYLE_ASSIGNMENT((#2753));
#2753 = SURFACE_STYLE_USAGE(.BOTH.,#2754);
#2754 = SURFACE_SIDE_STYLE('',(#2755));
#2755 = SURFACE_STYLE_FILL_AREA(#2756);
#2756 = FILL_AREA_STYLE('',(#2757));
#2757 = FILL_AREA_STYLE_COLOUR('',#2545);
#2758 = STYLED_ITEM('color',(#2759),#1372);
#2759 = PRESENTATION_STYLE_ASSIGNMENT((#2760));
#2760 = SURFACE_STYLE_USAGE(.BOTH.,#2761);
#2761 = SURFACE_SIDE_STYLE('',(#2762));
#2762 = SURFACE_STYLE_FILL_AREA(#2763);
#2763 = FILL_AREA_STYLE('',(#2764));
#2764 = FILL_AREA_STYLE_COLOUR('',#2545);
#2765 = STYLED_ITEM('color',(#2766),#1396);
#2766 = PRESENTATION_STYLE_ASSIGNMENT((#2767));
#2767 = SURFACE_STYLE_USAGE(.BOTH.,#2768);
#2768 = SURFACE_SIDE_STYLE('',(#2769));
#2769 = SURFACE_STYLE_FILL_AREA(#2770);
#2770 = FILL_AREA_STYLE('',(#2771));
#2771 = FILL_AREA_STYLE_COLOUR('',#2545);
#2772 = STYLED_ITEM('color',(#2773),#1420);
#2773 = PRESENTATION_STYLE_ASSIGNMENT((#2774));
#2774 = SURFACE_STYLE_USAGE(.BOTH.,#2775);
#2775 = SURFACE_SIDE_STYLE('',(#2776));
#2776 = SURFACE_STYLE_FILL_AREA(#2777);
#2777 = FILL_AREA_STYLE('',(#2778));
#2778 = FILL_AREA_STYLE_COLOUR('',#2545);
#2779 = STYLED_ITEM('color',(#2780),#1469);
#2780 = PRESENTATION_STYLE_ASSIGNMENT((#2781));
#2781 = SURFACE_STYLE_USAGE(.BOTH.,#2782);
#2782 = SURFACE_SIDE_STYLE('',(#2783));
#2783 = SURFACE_STYLE_FILL_AREA(#2784);
#2784 = FILL_AREA_STYLE('',(#2785));
#2785 = FILL_AREA_STYLE_COLOUR('',#2560);
#2786 = STYLED_ITEM('color',(#2787),#1481);
#2787 = PRESENTATION_STYLE_ASSIGNMENT((#2788));
#2788 = SURFACE_STYLE_USAGE(.BOTH.,#2789);
#2789 = SURFACE_SIDE_STYLE('',(#2790));
#2790 = SURFACE_STYLE_FILL_AREA(#2791);
#2791 = FILL_AREA_STYLE('',(#2792));
#2792 = FILL_AREA_STYLE_COLOUR('',#2545);
#2793 = STYLED_ITEM('color',(#2794),#1520);
#2794 = PRESENTATION_STYLE_ASSIGNMENT((#2795));
#2795 = SURFACE_STYLE_USAGE(.BOTH.,#2796);
#2796 = SURFACE_SIDE_STYLE('',(#2797));
#2797 = SURFACE_STYLE_FILL_AREA(#2798);
#2798 = FILL_AREA_STYLE('',(#2799));
#2799 = FILL_AREA_STYLE_COLOUR('',#2545);
#2800 = STYLED_ITEM('color',(#2801),#1562);
#2801 = PRESENTATION_STYLE_ASSIGNMENT((#2802));
#2802 = SURFACE_STYLE_USAGE(.BOTH.,#2803);
#2803 = SURFACE_SIDE_STYLE('',(#2804));
#2804 = SURFACE_STYLE_FILL_AREA(#2805);
#2805 = FILL_AREA_STYLE('',(#2806));
#2806 = FILL_AREA_STYLE_COLOUR('',#2545);
#2807 = STYLED_ITEM('color',(#2808),#1594);
#2808 = PRESENTATION_STYLE_ASSIGNMENT((#2809));
#2809 = SURFACE_STYLE_USAGE(.BOTH.,#2810);
#2810 = SURFACE_SIDE_STYLE('',(#2811));
#2811 = SURFACE_STYLE_FILL_AREA(#2812);
#2812 = FILL_AREA_STYLE('',(#2813));
#2813 = FILL_AREA_STYLE_COLOUR('',#2560);
#2814 = STYLED_ITEM('color',(#2815),#1618);
#2815 = PRESENTATION_STYLE_ASSIGNMENT((#2816));
#2816 = SURFACE_STYLE_USAGE(.BOTH.,#2817);
#2817 = SURFACE_SIDE_STYLE('',(#2818));
#2818 = SURFACE_STYLE_FILL_AREA(#2819);
#2819 = FILL_AREA_STYLE('',(#2820));
#2820 = FILL_AREA_STYLE_COLOUR('',#2560);
#2821 = STYLED_ITEM('color',(#2822),#1635);
#2822 = PRESENTATION_STYLE_ASSIGNMENT((#2823));
#2823 = SURFACE_STYLE_USAGE(.BOTH.,#2824);
#2824 = SURFACE_SIDE_STYLE('',(#2825));
#2825 = SURFACE_STYLE_FILL_AREA(#2826);
#2826 = FILL_AREA_STYLE('',(#2827));
#2827 = FILL_AREA_STYLE_COLOUR('',#2545);
#2828 = STYLED_ITEM('color',(#2829),#1684);
#2829 = PRESENTATION_STYLE_ASSIGNMENT((#2830));
#2830 = SURFACE_STYLE_USAGE(.BOTH.,#2831);
#2831 = SURFACE_SIDE_STYLE('',(#2832));
#2832 = SURFACE_STYLE_FILL_AREA(#2833);
#2833 = FILL_AREA_STYLE('',(#2834));
#2834 = FILL_AREA_STYLE_COLOUR('',#2545);
#2835 = STYLED_ITEM('color',(#2836),#1708);
#2836 = PRESENTATION_STYLE_ASSIGNMENT((#2837));
#2837 = SURFACE_STYLE_USAGE(.BOTH.,#2838);
#2838 = SURFACE_SIDE_STYLE('',(#2839));
#2839 = SURFACE_STYLE_FILL_AREA(#2840);
#2840 = FILL_AREA_STYLE('',(#2841));
#2841 = FILL_AREA_STYLE_COLOUR('',#2545);
#2842 = STYLED_ITEM('color',(#2843),#1750);
#2843 = PRESENTATION_STYLE_ASSIGNMENT((#2844));
#2844 = SURFACE_STYLE_USAGE(.BOTH.,#2845);
#2845 = SURFACE_SIDE_STYLE('',(#2846));
#2846 = SURFACE_STYLE_FILL_AREA(#2847);
#2847 = FILL_AREA_STYLE('',(#2848));
#2848 = FILL_AREA_STYLE_COLOUR('',#2545);
#2849 = STYLED_ITEM('color',(#2850),#1767);
#2850 = PRESENTATION_STYLE_ASSIGNMENT((#2851));
#2851 = SURFACE_STYLE_USAGE(.BOTH.,#2852);
#2852 = SURFACE_SIDE_STYLE('',(#2853));
#2853 = SURFACE_STYLE_FILL_AREA(#2854);
#2854 = FILL_AREA_STYLE('',(#2855));
#2855 = FILL_AREA_STYLE_COLOUR('',#2560);
#2856 = STYLED_ITEM('color',(#2857),#1784);
#2857 = PRESENTATION_STYLE_ASSIGNMENT((#2858));
#2858 = SURFACE_STYLE_USAGE(.BOTH.,#2859);
#2859 = SURFACE_SIDE_STYLE('',(#2860));
#2860 = SURFACE_STYLE_FILL_AREA(#2861);
#2861 = FILL_AREA_STYLE('',(#2862));
#2862 = FILL_AREA_STYLE_COLOUR('',#2560);
#2863 = STYLED_ITEM('color',(#2864),#1801);
#2864 = PRESENTATION_STYLE_ASSIGNMENT((#2865));
#2865 = SURFACE_STYLE_USAGE(.BOTH.,#2866);
#2866 = SURFACE_SIDE_STYLE('',(#2867));
#2867 = SURFACE_STYLE_FILL_AREA(#2868);
#2868 = FILL_AREA_STYLE('',(#2869));
#2869 = FILL_AREA_STYLE_COLOUR('',#2560);
#2870 = STYLED_ITEM('color',(#2871),#1818);
#2871 = PRESENTATION_STYLE_ASSIGNMENT((#2872));
#2872 = SURFACE_STYLE_USAGE(.BOTH.,#2873);
#2873 = SURFACE_SIDE_STYLE('',(#2874));
#2874 = SURFACE_STYLE_FILL_AREA(#2875);
#2875 = FILL_AREA_STYLE('',(#2876));
#2876 = FILL_AREA_STYLE_COLOUR('',#2560);
#2877 = STYLED_ITEM('color',(#2878),#1830);
#2878 = PRESENTATION_STYLE_ASSIGNMENT((#2879));
#2879 = SURFACE_STYLE_USAGE(.BOTH.,#2880);
#2880 = SURFACE_SIDE_STYLE('',(#2881));
#2881 = SURFACE_STYLE_FILL_AREA(#2882);
#2882 = FILL_AREA_STYLE('',(#2883));
#2883 = FILL_AREA_STYLE_COLOUR('',#2610);
#2884 = STYLED_ITEM('color',(#2885),#1839);
#2885 = PRESENTATION_STYLE_ASSIGNMENT((#2886));
#2886 = SURFACE_STYLE_USAGE(.BOTH.,#2887);
#2887 = SURFACE_SIDE_STYLE('',(#2888));
#2888 = SURFACE_STYLE_FILL_AREA(#2889);
#2889 = FILL_AREA_STYLE('',(#2890));
#2890 = FILL_AREA_STYLE_COLOUR('',#2560);
#2891 = STYLED_ITEM('color',(#2892),#1856);
#2892 = PRESENTATION_STYLE_ASSIGNMENT((#2893));
#2893 = SURFACE_STYLE_USAGE(.BOTH.,#2894);
#2894 = SURFACE_SIDE_STYLE('',(#2895));
#2895 = SURFACE_STYLE_FILL_AREA(#2896);
#2896 = FILL_AREA_STYLE('',(#2897));
#2897 = FILL_AREA_STYLE_COLOUR('',#2560);
#2898 = STYLED_ITEM('color',(#2899),#1873);
#2899 = PRESENTATION_STYLE_ASSIGNMENT((#2900));
#2900 = SURFACE_STYLE_USAGE(.BOTH.,#2901);
#2901 = SURFACE_SIDE_STYLE('',(#2902));
#2902 = SURFACE_STYLE_FILL_AREA(#2903);
#2903 = FILL_AREA_STYLE('',(#2904));
#2904 = FILL_AREA_STYLE_COLOUR('',#2560);
#2905 = STYLED_ITEM('color',(#2906),#1890);
#2906 = PRESENTATION_STYLE_ASSIGNMENT((#2907));
#2907 = SURFACE_STYLE_USAGE(.BOTH.,#2908);
#2908 = SURFACE_SIDE_STYLE('',(#2909));
#2909 = SURFACE_STYLE_FILL_AREA(#2910);
#2910 = FILL_AREA_STYLE('',(#2911));
#2911 = FILL_AREA_STYLE_COLOUR('',#2560);
#2912 = STYLED_ITEM('color',(#2913),#1907);
#2913 = PRESENTATION_STYLE_ASSIGNMENT((#2914));
#2914 = SURFACE_STYLE_USAGE(.BOTH.,#2915);
#2915 = SURFACE_SIDE_STYLE('',(#2916));
#2916 = SURFACE_STYLE_FILL_AREA(#2917);
#2917 = FILL_AREA_STYLE('',(#2918));
#2918 = FILL_AREA_STYLE_COLOUR('',#2560);
#2919 = STYLED_ITEM('color',(#2920),#1919);
#2920 = PRESENTATION_STYLE_ASSIGNMENT((#2921));
#2921 = SURFACE_STYLE_USAGE(.BOTH.,#2922);
#2922 = SURFACE_SIDE_STYLE('',(#2923));
#2923 = SURFACE_STYLE_FILL_AREA(#2924);
#2924 = FILL_AREA_STYLE('',(#2925));
#2925 = FILL_AREA_STYLE_COLOUR('',#2560);
#2926 = STYLED_ITEM('color',(#2927),#1931);
#2927 = PRESENTATION_STYLE_ASSIGNMENT((#2928));
#2928 = SURFACE_STYLE_USAGE(.BOTH.,#2929);
#2929 = SURFACE_SIDE_STYLE('',(#2930));
#2930 = SURFACE_STYLE_FILL_AREA(#2931);
#2931 = FILL_AREA_STYLE('',(#2932));
#2932 = FILL_AREA_STYLE_COLOUR('',#2560);
#2933 = STYLED_ITEM('color',(#2934),#1943);
#2934 = PRESENTATION_STYLE_ASSIGNMENT((#2935));
#2935 = SURFACE_STYLE_USAGE(.BOTH.,#2936);
#2936 = SURFACE_SIDE_STYLE('',(#2937));
#2937 = SURFACE_STYLE_FILL_AREA(#2938);
#2938 = FILL_AREA_STYLE('',(#2939));
#2939 = FILL_AREA_STYLE_COLOUR('',#2545);
#2940 = STYLED_ITEM('color',(#2941),#1967);
#2941 = PRESENTATION_STYLE_ASSIGNMENT((#2942));
#2942 = SURFACE_STYLE_USAGE(.BOTH.,#2943);
#2943 = SURFACE_SIDE_STYLE('',(#2944));
#2944 = SURFACE_STYLE_FILL_AREA(#2945);
#2945 = FILL_AREA_STYLE('',(#2946));
#2946 = FILL_AREA_STYLE_COLOUR('',#2545);
#2947 = STYLED_ITEM('color',(#2948),#1991);
#2948 = PRESENTATION_STYLE_ASSIGNMENT((#2949));
#2949 = SURFACE_STYLE_USAGE(.BOTH.,#2950);
#2950 = SURFACE_SIDE_STYLE('',(#2951));
#2951 = SURFACE_STYLE_FILL_AREA(#2952);
#2952 = FILL_AREA_STYLE('',(#2953));
#2953 = FILL_AREA_STYLE_COLOUR('',#2545);
#2954 = STYLED_ITEM('color',(#2955),#2016);
#2955 = PRESENTATION_STYLE_ASSIGNMENT((#2956));
#2956 = SURFACE_STYLE_USAGE(.BOTH.,#2957);
#2957 = SURFACE_SIDE_STYLE('',(#2958));
#2958 = SURFACE_STYLE_FILL_AREA(#2959);
#2959 = FILL_AREA_STYLE('',(#2960));
#2960 = FILL_AREA_STYLE_COLOUR('',#2545);
#2961 = STYLED_ITEM('color',(#2962),#2040);
#2962 = PRESENTATION_STYLE_ASSIGNMENT((#2963));
#2963 = SURFACE_STYLE_USAGE(.BOTH.,#2964);
#2964 = SURFACE_SIDE_STYLE('',(#2965));
#2965 = SURFACE_STYLE_FILL_AREA(#2966);
#2966 = FILL_AREA_STYLE('',(#2967));
#2967 = FILL_AREA_STYLE_COLOUR('',#2545);
#2968 = STYLED_ITEM('color',(#2969),#2065);
#2969 = PRESENTATION_STYLE_ASSIGNMENT((#2970));
#2970 = SURFACE_STYLE_USAGE(.BOTH.,#2971);
#2971 = SURFACE_SIDE_STYLE('',(#2972));
#2972 = SURFACE_STYLE_FILL_AREA(#2973);
#2973 = FILL_AREA_STYLE('',(#2974));
#2974 = FILL_AREA_STYLE_COLOUR('',#2545);
#2975 = STYLED_ITEM('color',(#2976),#2089);
#2976 = PRESENTATION_STYLE_ASSIGNMENT((#2977));
#2977 = SURFACE_STYLE_USAGE(.BOTH.,#2978);
#2978 = SURFACE_SIDE_STYLE('',(#2979));
#2979 = SURFACE_STYLE_FILL_AREA(#2980);
#2980 = FILL_AREA_STYLE('',(#2981));
#2981 = FILL_AREA_STYLE_COLOUR('',#2545);
#2982 = STYLED_ITEM('color',(#2983),#2106);
#2983 = PRESENTATION_STYLE_ASSIGNMENT((#2984));
#2984 = SURFACE_STYLE_USAGE(.BOTH.,#2985);
#2985 = SURFACE_SIDE_STYLE('',(#2986));
#2986 = SURFACE_STYLE_FILL_AREA(#2987);
#2987 = FILL_AREA_STYLE('',(#2988));
#2988 = FILL_AREA_STYLE_COLOUR('',#2545);
#2989 = STYLED_ITEM('color',(#2990),#2130);
#2990 = PRESENTATION_STYLE_ASSIGNMENT((#2991));
#2991 = SURFACE_STYLE_USAGE(.BOTH.,#2992);
#2992 = SURFACE_SIDE_STYLE('',(#2993));
#2993 = SURFACE_STYLE_FILL_AREA(#2994);
#2994 = FILL_AREA_STYLE('',(#2995));
#2995 = FILL_AREA_STYLE_COLOUR('',#2545);
#2996 = STYLED_ITEM('color',(#2997),#2181);
#2997 = PRESENTATION_STYLE_ASSIGNMENT((#2998));
#2998 = SURFACE_STYLE_USAGE(.BOTH.,#2999);
#2999 = SURFACE_SIDE_STYLE('',(#3000));
#3000 = SURFACE_STYLE_FILL_AREA(#3001);
#3001 = FILL_AREA_STYLE('',(#3002));
#3002 = FILL_AREA_STYLE_COLOUR('',#2545);
#3003 = STYLED_ITEM('color',(#3004),#2193);
#3004 = PRESENTATION_STYLE_ASSIGNMENT((#3005));
#3005 = SURFACE_STYLE_USAGE(.BOTH.,#3006);
#3006 = SURFACE_SIDE_STYLE('',(#3007));
#3007 = SURFACE_STYLE_FILL_AREA(#3008);
#3008 = FILL_AREA_STYLE('',(#3009));
#3009 = FILL_AREA_STYLE_COLOUR('',#2545);
#3010 = STYLED_ITEM('color',(#3011),#2210);
#3011 = PRESENTATION_STYLE_ASSIGNMENT((#3012));
#3012 = SURFACE_STYLE_USAGE(.BOTH.,#3013);
#3013 = SURFACE_SIDE_STYLE('',(#3014));
#3014 = SURFACE_STYLE_FILL_AREA(#3015);
#3015 = FILL_AREA_STYLE('',(#3016));
#3016 = FILL_AREA_STYLE_COLOUR('',#2545);
#3017 = STYLED_ITEM('color',(#3018),#2227);
#3018 = PRESENTATION_STYLE_ASSIGNMENT((#3019));
#3019 = SURFACE_STYLE_USAGE(.BOTH.,#3020);
#3020 = SURFACE_SIDE_STYLE('',(#3021));
#3021 = SURFACE_STYLE_FILL_AREA(#3022);
#3022 = FILL_AREA_STYLE('',(#3023));
#3023 = FILL_AREA_STYLE_COLOUR('',#2545);
#3024 = STYLED_ITEM('color',(#3025),#2244);
#3025 = PRESENTATION_STYLE_ASSIGNMENT((#3026));
#3026 = SURFACE_STYLE_USAGE(.BOTH.,#3027);
#3027 = SURFACE_SIDE_STYLE('',(#3028));
#3028 = SURFACE_STYLE_FILL_AREA(#3029);
#3029 = FILL_AREA_STYLE('',(#3030));
#3030 = FILL_AREA_STYLE_COLOUR('',#2545);
#3031 = STYLED_ITEM('color',(#3032),#2256);
#3032 = PRESENTATION_STYLE_ASSIGNMENT((#3033));
#3033 = SURFACE_STYLE_USAGE(.BOTH.,#3034);
#3034 = SURFACE_SIDE_STYLE('',(#3035));
#3035 = SURFACE_STYLE_FILL_AREA(#3036);
#3036 = FILL_AREA_STYLE('',(#3037));
#3037 = FILL_AREA_STYLE_COLOUR('',#2545);
#3038 = STYLED_ITEM('color',(#3039),#2281);
#3039 = PRESENTATION_STYLE_ASSIGNMENT((#3040));
#3040 = SURFACE_STYLE_USAGE(.BOTH.,#3041);
#3041 = SURFACE_SIDE_STYLE('',(#3042));
#3042 = SURFACE_STYLE_FILL_AREA(#3043);
#3043 = FILL_AREA_STYLE('',(#3044));
#3044 = FILL_AREA_STYLE_COLOUR('',#2545);
#3045 = STYLED_ITEM('color',(#3046),#2325);
#3046 = PRESENTATION_STYLE_ASSIGNMENT((#3047));
#3047 = SURFACE_STYLE_USAGE(.BOTH.,#3048);
#3048 = SURFACE_SIDE_STYLE('',(#3049));
#3049 = SURFACE_STYLE_FILL_AREA(#3050);
#3050 = FILL_AREA_STYLE('',(#3051));
#3051 = FILL_AREA_STYLE_COLOUR('',#2545);
#3052 = STYLED_ITEM('color',(#3053),#2342);
#3053 = PRESENTATION_STYLE_ASSIGNMENT((#3054));
#3054 = SURFACE_STYLE_USAGE(.BOTH.,#3055);
#3055 = SURFACE_SIDE_STYLE('',(#3056));
#3056 = SURFACE_STYLE_FILL_AREA(#3057);
#3057 = FILL_AREA_STYLE('',(#3058));
#3058 = FILL_AREA_STYLE_COLOUR('',#2545);
#3059 = STYLED_ITEM('color',(#3060),#2354);
#3060 = PRESENTATION_STYLE_ASSIGNMENT((#3061));
#3061 = SURFACE_STYLE_USAGE(.BOTH.,#3062);
#3062 = SURFACE_SIDE_STYLE('',(#3063));
#3063 = SURFACE_STYLE_FILL_AREA(#3064);
#3064 = FILL_AREA_STYLE('',(#3065));
#3065 = FILL_AREA_STYLE_COLOUR('',#2545);
#3066 = STYLED_ITEM('color',(#3067),#2376);
#3067 = PRESENTATION_STYLE_ASSIGNMENT((#3068));
#3068 = SURFACE_STYLE_USAGE(.BOTH.,#3069);
#3069 = SURFACE_SIDE_STYLE('',(#3070));
#3070 = SURFACE_STYLE_FILL_AREA(#3071);
#3071 = FILL_AREA_STYLE('',(#3072));
#3072 = FILL_AREA_STYLE_COLOUR('',#2545);
#3073 = STYLED_ITEM('color',(#3074),#2388);
#3074 = PRESENTATION_STYLE_ASSIGNMENT((#3075));
#3075 = SURFACE_STYLE_USAGE(.BOTH.,#3076);
#3076 = SURFACE_SIDE_STYLE('',(#3077));
#3077 = SURFACE_STYLE_FILL_AREA(#3078);
#3078 = FILL_AREA_STYLE('',(#3079));
#3079 = FILL_AREA_STYLE_COLOUR('',#2545);
#3080 = STYLED_ITEM('color',(#3081),#2400);
#3081 = PRESENTATION_STYLE_ASSIGNMENT((#3082));
#3082 = SURFACE_STYLE_USAGE(.BOTH.,#3083);
#3083 = SURFACE_SIDE_STYLE('',(#3084));
#3084 = SURFACE_STYLE_FILL_AREA(#3085);
#3085 = FILL_AREA_STYLE('',(#3086));
#3086 = FILL_AREA_STYLE_COLOUR('',#2610);
#3087 = STYLED_ITEM('color',(#3088),#2425);
#3088 = PRESENTATION_STYLE_ASSIGNMENT((#3089));
#3089 = SURFACE_STYLE_USAGE(.BOTH.,#3090);
#3090 = SURFACE_SIDE_STYLE('',(#3091));
#3091 = SURFACE_STYLE_FILL_AREA(#3092);
#3092 = FILL_AREA_STYLE('',(#3093));
#3093 = FILL_AREA_STYLE_COLOUR('',#2545);
#3094 = STYLED_ITEM('color',(#3095),#2451);
#3095 = PRESENTATION_STYLE_ASSIGNMENT((#3096));
#3096 = SURFACE_STYLE_USAGE(.BOTH.,#3097);
#3097 = SURFACE_SIDE_STYLE('',(#3098));
#3098 = SURFACE_STYLE_FILL_AREA(#3099);
#3099 = FILL_AREA_STYLE('',(#3100));
#3100 = FILL_AREA_STYLE_COLOUR('',#2610);
#3101 = STYLED_ITEM('color',(#3102),#2471);
#3102 = PRESENTATION_STYLE_ASSIGNMENT((#3103));
#3103 = SURFACE_STYLE_USAGE(.BOTH.,#3104);
#3104 = SURFACE_SIDE_STYLE('',(#3105));
#3105 = SURFACE_STYLE_FILL_AREA(#3106);
#3106 = FILL_AREA_STYLE('',(#3107));
#3107 = FILL_AREA_STYLE_COLOUR('',#2545);
#3108 = STYLED_ITEM('color',(#3109),#2497);
#3109 = PRESENTATION_STYLE_ASSIGNMENT((#3110));
#3110 = SURFACE_STYLE_USAGE(.BOTH.,#3111);
#3111 = SURFACE_SIDE_STYLE('',(#3112));
#3112 = SURFACE_STYLE_FILL_AREA(#3113);
#3113 = FILL_AREA_STYLE('',(#3114));
#3114 = FILL_AREA_STYLE_COLOUR('',#2610);
#3115 = STYLED_ITEM('color',(#3116),#2522);
#3116 = PRESENTATION_STYLE_ASSIGNMENT((#3117));
#3117 = SURFACE_STYLE_USAGE(.BOTH.,#3118);
#3118 = SURFACE_SIDE_STYLE('',(#3119));
#3119 = SURFACE_STYLE_FILL_AREA(#3120);
#3120 = FILL_AREA_STYLE('',(#3121));
#3121 = FILL_AREA_STYLE_COLOUR('',#2545);
ENDSEC;
END-ISO-10303-21;
