#VRML V2.0 utf8
#kicad StepUp wrl exported

Shape {
    appearance Appearance {material DEF PIN-01 Material {
        ambientIntensity 0.271
        diffuseColor 0.824 0.820 0.781
        specularColor 0.328 0.258 0.172
        emissiveColor 0.0 0.0 0.0
        shininess 0.70
        transparency 0.0
        }
    }
}
Shape {
    appearance Appearance {material DEF MET-01 Material {
        ambientIntensity 0.249999
        diffuseColor 0.298 0.298 0.298
        specularColor 0.398 0.398 0.398
        emissiveColor 0.0 0.0 0.0
        shininess 0.056122
        transparency 0.0
        }
    }
}
Shape {
    appearance Appearance {material DEF PIN-02 Material {
        ambientIntensity 0.379
        diffuseColor 0.859 0.738 0.496
        specularColor 0.137 0.145 0.184
        emissiveColor 0.0 0.0 0.0
        shininess 0.40
        transparency 0.0
        }
    }
}
Shape {
    appearance Appearance {material DEF IC-BODY-EPOXY-04 Material {
        ambientIntensity 0.293
        diffuseColor 0.148 0.145 0.145
        specularColor 0.180 0.168 0.160
        emissiveColor 0.0 0.0 0.0
        shininess 0.35
        transparency 0.0
        }
    }
}
Shape {
    appearance Appearance {material DEF RES-SMD-01 Material {
        diffuseColor 0.082 0.086 0.094
        emissiveColor 0.000 0.000 0.000
        specularColor 0.066 0.063 0.063
        ambientIntensity 0.638
        transparency 0.0
        shininess 0.3
        }
    }
}
Shape {
    appearance Appearance {material DEF IC-BODY-EPOXY-01 Material {
        ambientIntensity 0.117
        diffuseColor 0.250 0.262 0.281
        specularColor 0.316 0.281 0.176
        emissiveColor 0.0 0.0 0.0
        shininess 0.25
        transparency 0.0
        }
    }
}
Shape {
    appearance Appearance {material DEF CAP-CERAMIC-05 Material {
        ambientIntensity 0.179
        diffuseColor 0.273 0.273 0.273
        specularColor 0.203 0.188 0.176
        emissiveColor 0.0 0.0 0.0
        shininess 0.15
        transparency 0.0
        }
    }
}
Shape {
    appearance Appearance {material DEF CAP-CERAMIC-06 Material {
        ambientIntensity 0.453
        diffuseColor 0.379 0.270 0.215
        specularColor 0.223 0.223 0.223
        emissiveColor 0.0 0.0 0.0
        shininess 0.15
        transparency 0.0
        }
    }
}
Shape {
    appearance Appearance {material DEF RES-THT-01 Material {
        ambientIntensity 0.149
        diffuseColor 0.883 0.711 0.492
        specularColor 0.043 0.121 0.281
        emissiveColor 0.0 0.0 0.0
        shininess 0.40
        transparency 0.0
        }
    }
}
Shape {
    appearance Appearance {material DEF PLASTIC-BLUE-01 Material {
        ambientIntensity 0.565
        diffuseColor 0.137 0.402 0.727
        specularColor 0.359 0.379 0.270
        emissiveColor 0.0 0.0 0.0
        shininess 0.25
        transparency 0.0
        }
    }
}
Shape {
    appearance Appearance {material DEF PLASTIC-GREEN-01 Material {
        ambientIntensity 0.315
        diffuseColor 0.340 0.680 0.445
        specularColor 0.176 0.105 0.195
        emissiveColor 0.0 0.0 0.0
        shininess 0.25
        transparency 0.0
        }
    }
}
Shape {
    appearance Appearance {material DEF PLASTIC-ORANGE-01 Material {
        ambientIntensity 0.284
        diffuseColor 0.809 0.426 0.148
        specularColor 0.039 0.102 0.145
        emissiveColor 0.0 0.0 0.0
        shininess 0.25
        transparency 0.0
        }
    }
}
Shape {
    appearance Appearance {material DEF RED-BODY Material {
        ambientIntensity 0.683
        diffuseColor 0.700 0.100 0.050
        emissiveColor 0.000 0.000 0.000
        specularColor 0.300 0.400 0.150
        shininess 0.25
        transparency 0.0
        }
    }
}
Shape {
    appearance Appearance {material DEF CAP-CERAMIC-02 Material {
        ambientIntensity 0.683
        diffuseColor 0.578 0.336 0.352
        specularColor 0.105 0.273 0.270
        emissiveColor 0.0 0.0 0.0
        shininess 0.25
        transparency 0.0
        }
    }
}
Shape {
    appearance Appearance {material DEF PLASTIC-YELLOW-01 Material {
        ambientIntensity 0.522
        diffuseColor 0.832 0.680 0.066
        specularColor 0.160 0.203 0.320
        emissiveColor 0.0 0.0 0.0
        shininess 0.25
        transparency 0.0
        }
    }
}
Shape {
    appearance Appearance {material DEF PLASTIC-WHITE-01 Material {
        ambientIntensity 0.494
        diffuseColor 0.895 0.891 0.813
        specularColor 0.047 0.055 0.109
        emissiveColor 0.0 0.0 0.0
        shininess 0.25
        transparency 0.0
        }
    }
}
Shape {
    appearance Appearance {material DEF IC-LABEL-01 Material {
        ambientIntensity 0.082
        diffuseColor 0.691 0.664 0.598
        specularColor 0.000 0.000 0.000
        emissiveColor 0.0 0.0 0.0
        shininess 0.01
        transparency 0.0
        }
    }
}
Shape {
    appearance Appearance {material DEF LED-RED Material {
        ambientIntensity 0.789
        diffuseColor 0.700 0.100 0.050
        emissiveColor 0.000 0.000 0.000
        specularColor 0.300 0.400 0.150
        shininess 0.125
        transparency 0.10
        }
    }
}
Shape {
    appearance Appearance {material DEF LED-GREEN Material {
        ambientIntensity 0.789
        diffuseColor 0.400 0.700 0.150
        emissiveColor 0.000 0.000 0.000
        specularColor 0.600 0.300 0.100
        shininess 0.05
        transparency 0.10
        }
    }
}
Shape {
    appearance Appearance {material DEF LED-BLUE Material {
        ambientIntensity 0.789
        diffuseColor 0.100 0.250 0.700
        emissiveColor 0.000 0.000 0.000
        specularColor 0.500 0.600 0.300
        shininess 0.125
        transparency 0.10
        }
    }
}
Shape {
    appearance Appearance {material DEF LED-YELLOW Material {
        ambientIntensity 0.522
        diffuseColor 0.98 0.840 0.066
        specularColor 0.160 0.203 0.320
        emissiveColor 0.0 0.0 0.0
        shininess 0.125
        transparency 0.10
        }
    }
}
Shape {
    appearance Appearance {material DEF LED-WHITE Material {
        ambientIntensity 0.494
        diffuseColor 0.895 0.891 0.813
        specularColor 0.047 0.055 0.109
        emissiveColor 0.0 0.0 0.0
        shininess 0.125
        transparency 0.10
        }
    }
}
Shape {
    appearance Appearance {material DEF LED-GREY Material {
        ambientIntensity 0.494
        diffuseColor 0.27 0.25 0.27
        specularColor 0.5 0.5 0.6
        emissiveColor 0.0 0.0 0.0
        shininess 0.35
        transparency 0.10
        }
    }
}
Shape {
    appearance Appearance {material DEF LED-BLACK Material {
        ambientIntensity 0.494
        diffuseColor 0.1 0.05 0.1
        specularColor 0.6 0.5 0.6
        emissiveColor 0.0 0.0 0.0
        shininess 0.5
        transparency 0.0
        }
    }
}
Shape {
    appearance Appearance {material DEF GLASS-19 Material {
        ambientIntensity 2.018212
        diffuseColor 0.400769 0.441922 0.459091
        specularColor 0.573887 0.649271 0.810811
        emissiveColor 0.000000 0.000000 0.000000
        shininess 0.127273
        transparency 0.37
        }
    }
}
Shape {
    appearance Appearance {material DEF GLASS-29 Material {
        ambientIntensity 0.234375
        diffuseColor 0.566681 0.580872 0.580874
        specularColor 0.617761 0.429816 0.400140
        emissiveColor 0.000000 0.000000 0.000000
        shininess 0.072727
        transparency 0.38
        }
    }
}
Shape {
    appearance Appearance {material DEF GLASS-13 Material {
        ambientIntensity 0.250000
        diffuseColor 0.000000 0.631244 0.748016
        specularColor 0.915152 0.915152 0.915152
        emissiveColor 0.000000 0.000000 0.000000
        shininess 0.642424
        transparency 0.39
        }
    }
}
Shape {
    appearance Appearance {material DEF GLASS-GREEN Material {
        ambientIntensity 0.250000
        diffuseColor 0.000000 0.75 0.44
        specularColor 0.915152 0.915152 0.915152
        emissiveColor 0.000000 0.000000 0.000000
        shininess 0.642424
        transparency 0.39
        }
    }
}
Shape {
    appearance Appearance {material DEF GLASS-ORANGE Material {
        ambientIntensity 0.250000
        diffuseColor 0.75 0.44 0.000000
        specularColor 0.915152 0.915152 0.915152
        emissiveColor 0.000000 0.000000 0.000000
        shininess 0.642424
        transparency 0.39
        }
    }
}
Shape {
    appearance Appearance {material DEF BOARD-GREEN-02 Material {
        ambientIntensity 1
        diffuseColor 0.07 0.3 0.12
        specularColor 0.07 0.3 0.12
        emissiveColor 0.0 0.0 0.0
        shininess 0.40
        transparency 0.0
        }
    }
}
Shape {
    appearance Appearance {material DEF BOARD-BLUE-01 Material {
        ambientIntensity 1
        diffuseColor 0.07 0.12 0.3
        specularColor 0.07 0.12 0.3
        emissiveColor 0.0 0.0 0.0
        shininess 0.40
        transparency 0.0
        }
    }
}
Shape {
    appearance Appearance {material DEF BOARD-BLACK-03 Material {
        ambientIntensity 1
        diffuseColor 0.16 0.16 0.16
        specularColor 0.16 0.16 0.16
        emissiveColor 0.0 0.0 0.0
        shininess 0.40
        transparency 0.0
        }
    }
}
Shape {
    appearance Appearance {material DEF MET-ALUMINUM Material {
        ambientIntensity 0.256000
        diffuseColor 0.372322 0.371574 0.373173
        specularColor 0.556122 0.554201 0.556122
        emissiveColor 0.0 0.0 0.0
        shininess 0.127551
        transparency 0.0
        }
    }
}
Shape {
    appearance Appearance {material DEF MET-BRONZE Material {
        ambientIntensity 0.022727
        diffuseColor 0.714 0.4284 0.18144
        specularColor 0.393548 0.271906 0.166721
        emissiveColor 0.000000 0.000000 0.000000
        shininess 0.2
        transparency 0.0
        }
    }
}
Shape {
    appearance Appearance {material DEF MET-SILVER Material {
        ambientIntensity 0.022727
        diffuseColor 0.50754 0.50754 0.50754
        specularColor 0.508273 0.508273 0.508273
        emissiveColor 0.000000 0.000000 0.000000
        shininess 0.4
        transparency 0.0
        }
    }
}
Shape {
    appearance Appearance {material DEF MET-COPPER Material {
        ambientIntensity 0.022727
        diffuseColor 0.7038 0.27048 0.0828
        specularColor 0.780612 0.37 0.000000
        emissiveColor 0.000000 0.000000 0.000000
        shininess 0.2
        transparency 0.0
        }
    }
}
Shape { geometry IndexedFaceSet 
{ creaseAngle 0.50 coordIndex [0,1,2,-1,0,2,3,-1,4,3,5,-1,4,0,3,-1,6,5,7,-1,6,4,5,-1,8,7,9,-1,8,6,7,-1,10,9,11,-1,10,8,9,-1,12,11,13,-1,12,10,11,-1]
coord Coordinate { point [0.322296 0.607633 1.06299,0.333549 0.602853 1.06299,0.333549 0.602853 0.86614,0.322296 0.607633 0.86614,0.3103 0.609993 1.06299,0.3103 0.609993 0.86614,0.298075 0.609832 1.06299,0.298075 0.609832 0.86614,0.286145 0.607158 1.06299,0.286145 0.607158 0.86614,0.275022 0.602085 1.06299,0.275022 0.602085 0.86614,0.265181 0.594829 1.06299,0.265181 0.594829 0.86614]
}}
appearance Appearance{material Material{diffuseColor 0.75 0.75 0.75
transparency 0}}}
Shape { geometry IndexedFaceSet 
{ creaseAngle 0.50 coordIndex [0,1,2,-1,3,4,5,-1,6,7,8,-1,9,3,5,-1,10,11,8,-1,10,8,7,-1,12,0,2,-1,13,7,6,-1,14,15,11,-1,16,0,12,-1,14,11,10,-1,17,3,9,-1,18,13,6,-1,19,16,12,-1,20,13,18,-1,21,19,12,-1,22,23,15,-1,24,17,9,-1,22,15,14,-1,25,21,12,-1,26,20,18,-1,27,20,26,-1,28,17,24,-1,29,23,22,-1,30,23,29,-1,31,28,24,-1,32,26,33,-1,34,35,25,-1,34,36,35,-1,32,27,26,-1,37,30,29,-1,38,36,34,-1,39,28,31,-1,40,30,37,-1,41,33,42,-1,41,32,33,-1,43,40,37,-1,44,39,31,-1,45,40,43,-1,46,34,47,-1,46,38,34,-1,48,41,42,-1,49,39,44,-1,50,48,42,-1,51,45,43,-1,1,45,51,-1,4,48,50,-1,52,53,49,-1,52,49,44,-1,54,47,53,-1,54,46,47,-1,5,4,50,-1,54,53,52,-1,2,1,51,-1]
coord Coordinate { point [-0.213076 0.465347 1.06299,-0.320211 0.399268 1.06299,-0.228705 0.435753 1.06299,0.460144 -0.174511 1.06299,0.40501 -0.27956 1.06299,0.426832 -0.282426 1.06299,-0.242282 -0.450831 1.06299,-0.326339 -0.368361 1.06299,-0.34499 -0.378062 1.06299,0.482855 -0.169706 1.06299,-0.40501 -0.27956 1.06299,-0.426832 -0.282426 1.06299,-0.117777 0.477824 1.06299,-0.228701 -0.435755 1.06299,-0.460144 -0.174511 1.06299,-0.482855 -0.169706 1.06299,-0.0930531 0.50328 1.06299,0.488537 -0.059321 1.06299,-0.124919 -0.496331 1.06299,-0.0623656 0.497096 1.06299,-0.117773 -0.477825 1.06299,-0.0312838 0.49337 1.06299,-0.488537 -0.059321 1.06299,-0.509673 -0.0467216 1.06299,0.509673 -0.0467216 1.06299,-3.46944e-17 0.492125 1.06299,-9.4018e-17 -0.51181 1.06299,-3.46693e-16 -0.492125 1.06299,0.488537 0.0593169 1.06299,-0.488537 0.0593169 1.06299,-0.505662 0.0790888 1.06299,0.505662 0.0790888 1.06299,0.117773 -0.477825 1.06299,0.124919 -0.496331 1.06299,0.117777 0.477824 1.06299,0.0312838 0.49337 1.06299,0.0623656 0.497096 1.06299,-0.460146 0.174508 1.06299,0.0930531 0.50328 1.06299,0.460146 0.174508 1.06299,-0.471066 0.200115 1.06299,0.228701 -0.435755 1.06299,0.242282 -0.450831 1.06299,-0.405013 0.279556 1.06299,0.471066 0.200115 1.06299,-0.407977 0.309038 1.06299,0.213076 0.465347 1.06299,0.228705 0.435753 1.06299,0.326339 -0.368361 1.06299,0.405013 0.279556 1.06299,0.34499 -0.378062 1.06299,-0.326342 0.368359 1.06299,0.407977 0.309038 1.06299,0.326342 0.368359 1.06299,0.320211 0.399268 1.06299]
}}
appearance Appearance{material Material{diffuseColor 0.75 0.75 0.75
transparency 0}}}
Shape { geometry IndexedFaceSet 
{ creaseAngle 0.50 coordIndex [0,1,2,-1,2,1,3,-1,3,4,5,-1,1,4,3,-1,4,6,5,-1,5,7,8,-1,6,7,5,-1,7,9,8,-1,9,10,8,-1,10,11,8,-1,8,12,13,-1,11,12,8,-1,12,14,13,-1,13,15,16,-1,14,15,13,-1,16,17,18,-1,15,17,16,-1,17,19,18,-1]
coord Coordinate { point [-0.265181 0.594829 1.06299,-0.213187 0.55484 1.06299,-0.265181 0.594829 0.86614,-0.186215 0.538948 0.86614,-0.155275 0.524039 1.06299,-0.0960059 0.50401 0.86614,-0.0930531 0.50328 1.06299,-0.0623656 0.497096 1.06299,0 0.492125 0.86614,-0.0312838 0.49337 1.06299,-3.46944e-17 0.492125 1.06299,0.0312838 0.49337 1.06299,0.0623656 0.497096 1.06299,0.0960059 0.50401 0.86614,0.0930531 0.50328 1.06299,0.155275 0.524039 1.06299,0.186215 0.538948 0.86614,0.213187 0.55484 1.06299,0.265181 0.594829 0.86614,0.265181 0.594829 1.06299]
}}
appearance Appearance{material Material{diffuseColor 0.75 0.75 0.75
transparency 0}}}
Shape { geometry IndexedFaceSet 
{ creaseAngle 0.50 coordIndex [0,1,2,-1,0,2,3,-1,4,3,5,-1,4,0,3,-1,6,5,7,-1,6,4,5,-1,8,7,9,-1,8,6,7,-1,10,9,11,-1,10,8,9,-1,12,11,13,-1,12,10,11,-1]
coord Coordinate { point [-0.275022 0.602085 1.06299,-0.265181 0.594829 1.06299,-0.265181 0.594829 0.86614,-0.275022 0.602085 0.86614,-0.286145 0.607158 1.06299,-0.286145 0.607158 0.86614,-0.298075 0.609832 1.06299,-0.298075 0.609832 0.86614,-0.3103 0.609993 1.06299,-0.3103 0.609993 0.86614,-0.322296 0.607633 1.06299,-0.322296 0.607633 0.86614,-0.333549 0.602853 1.06299,-0.333549 0.602853 0.86614]
}}
appearance Appearance{material Material{diffuseColor 0.75 0.75 0.75
transparency 0}}}
Shape { geometry IndexedFaceSet 
{ creaseAngle 0.50 coordIndex [0,1,2,-1,3,4,5,-1,3,5,6,-1,7,8,9,-1,7,10,11,-1,7,9,10,-1,12,11,13,-1,12,13,14,-1,15,2,16,-1,15,0,2,-1,17,16,18,-1,17,18,4,-1,19,14,20,-1,19,12,14,-1,21,20,22,-1,21,22,0,-1,23,3,6,-1,24,4,3,-1,24,17,4,-1,25,26,8,-1,25,8,7,-1,25,11,12,-1,25,7,11,-1,27,21,0,-1,27,0,15,-1,28,16,17,-1,28,15,16,-1,29,23,6,-1,29,6,30,-1,31,25,12,-1,31,26,25,-1,31,12,19,-1,32,19,20,-1,32,20,21,-1,33,24,3,-1,33,3,23,-1,34,28,17,-1,34,17,24,-1,35,32,21,-1,35,21,27,-1,36,27,15,-1,36,15,28,-1,37,29,30,-1,38,23,29,-1,38,33,23,-1,39,40,26,-1,39,26,31,-1,39,31,19,-1,39,19,32,-1,41,34,24,-1,41,24,33,-1,42,28,34,-1,42,36,28,-1,43,30,44,-1,43,37,30,-1,45,39,32,-1,45,32,35,-1,45,40,39,-1,46,35,27,-1,46,27,36,-1,47,29,37,-1,47,38,29,-1,48,33,38,-1,48,41,33,-1,49,34,41,-1,49,42,34,-1,50,36,42,-1,50,46,36,-1,51,43,44,-1,52,47,37,-1,52,37,43,-1,53,40,45,-1,53,54,40,-1,53,35,46,-1,53,45,35,-1,55,38,47,-1,55,48,38,-1,56,41,48,-1,56,49,41,-1,57,44,58,-1,57,51,44,-1,59,54,53,-1,59,46,50,-1,59,53,46,-1,60,42,49,-1,60,50,42,-1,61,43,51,-1,61,52,43,-1,62,47,52,-1,62,55,47,-1,63,48,55,-1,63,56,48,-1,64,49,56,-1,64,60,49,-1,65,57,58,-1,66,51,57,-1,66,61,51,-1,67,68,54,-1,67,54,59,-1,67,59,50,-1,67,50,60,-1,69,62,52,-1,69,52,61,-1,70,55,62,-1,70,63,55,-1,71,58,72,-1,71,65,58,-1,73,60,64,-1,73,67,60,-1,73,68,67,-1,74,64,56,-1,74,56,63,-1,75,76,77,-1,78,79,80,-1,81,57,65,-1,81,66,57,-1,78,80,82,-1,83,69,61,-1,84,85,79,-1,83,61,66,-1,84,79,78,-1,86,62,69,-1,87,82,88,-1,86,70,62,-1,89,71,72,-1,87,78,82,-1,90,91,85,-1,92,74,63,-1,90,85,84,-1,92,63,70,-1,93,84,78,-1,94,81,65,-1,94,65,71,-1,93,78,87,-1,95,73,64,-1,95,96,68,-1,95,64,74,-1,97,98,91,-1,95,68,73,-1,97,91,90,-1,99,66,81,-1,99,83,66,-1,100,88,101,-1,100,87,88,-1,102,86,69,-1,102,69,83,-1,103,90,84,-1,103,84,93,-1,104,72,105,-1,106,107,98,-1,104,89,72,-1,106,98,97,-1,108,96,95,-1,108,74,92,-1,108,95,74,-1,109,93,87,-1,110,70,86,-1,110,92,70,-1,109,87,100,-1,111,97,90,-1,111,90,103,-1,112,94,71,-1,112,71,89,-1,113,101,114,-1,115,81,94,-1,115,99,81,-1,113,100,101,-1,116,117,75,-1,116,77,107,-1,116,75,77,-1,118,83,99,-1,116,107,106,-1,118,102,83,-1,119,103,93,-1,119,93,109,-1,120,104,105,-1,121,86,102,-1,121,110,86,-1,122,97,111,-1,122,106,97,-1,123,124,96,-1,125,109,100,-1,123,96,108,-1,123,108,92,-1,123,92,110,-1,125,100,113,-1,126,103,119,-1,127,89,104,-1,127,112,89,-1,126,111,103,-1,128,113,114,-1,129,94,112,-1,128,114,130,-1,129,115,94,-1,131,116,106,-1,132,99,115,-1,132,118,99,-1,131,133,117,-1,131,106,122,-1,131,117,116,-1,134,105,135,-1,136,119,109,-1,134,120,105,-1,136,109,125,-1,137,124,123,-1,137,110,121,-1,137,123,110,-1,138,111,126,-1,139,102,118,-1,139,121,102,-1,138,122,111,-1,140,125,113,-1,141,104,120,-1,141,127,104,-1,140,113,128,-1,142,119,136,-1,142,126,119,-1,143,112,127,-1,143,129,112,-1,144,130,145,-1,144,128,130,-1,146,132,115,-1,146,115,129,-1,147,122,138,-1,147,148,133,-1,147,133,131,-1,147,131,122,-1,149,125,140,-1,150,134,135,-1,151,139,118,-1,149,136,125,-1,151,118,132,-1,152,126,142,-1,153,141,120,-1,152,138,126,-1,153,120,134,-1,154,128,144,-1,155,121,139,-1,155,124,137,-1,155,156,124,-1,155,137,121,-1,154,140,128,-1,157,127,141,-1,158,136,149,-1,158,142,136,-1,157,143,127,-1,159,150,135,-1,159,135,160,-1,161,144,145,-1,161,145,162,-1,163,129,143,-1,164,148,147,-1,164,147,138,-1,163,146,129,-1,164,165,148,-1,164,138,152,-1,166,132,146,-1,166,151,132,-1,167,140,154,-1,168,139,151,-1,167,149,140,-1,168,156,155,-1,169,152,142,-1,169,142,158,-1,168,155,139,-1,170,153,134,-1,171,154,144,-1,170,134,150,-1,171,144,161,-1,172,141,153,-1,173,149,167,-1,173,158,149,-1,172,157,141,-1,174,143,157,-1,175,161,162,-1,174,163,143,-1,175,162,176,-1,177,159,160,-1,178,152,169,-1,178,164,152,-1,178,165,164,-1,178,179,165,-1,180,167,154,-1,181,150,159,-1,180,154,171,-1,181,170,150,-1,182,146,163,-1,183,158,173,-1,182,166,146,-1,183,169,158,-1,184,185,156,-1,184,156,168,-1,186,171,161,-1,184,151,166,-1,184,168,151,-1,186,161,175,-1,187,177,160,-1,187,160,188,-1,189,173,167,-1,189,167,180,-1,190,172,153,-1,190,153,170,-1,191,175,176,-1,191,176,192,-1,193,157,172,-1,193,174,157,-1,194,195,179,-1,194,178,169,-1,194,179,178,-1,194,169,183,-1,196,163,174,-1,196,182,163,-1,197,171,186,-1,197,180,171,-1,198,185,184,-1,198,166,182,-1,198,184,166,-1,199,183,173,-1,199,173,189,-1,200,181,159,-1,200,159,177,-1,201,186,175,-1,201,175,191,-1,202,170,181,-1,203,189,180,-1,202,190,170,-1,203,180,197,-1,204,192,205,-1,206,177,187,-1,206,200,177,-1,204,191,192,-1,207,195,194,-1,207,208,195,-1,207,183,199,-1,207,194,183,-1,209,172,190,-1,209,193,172,-1,210,186,201,-1,211,187,188,-1,210,197,186,-1,212,189,203,-1,213,174,193,-1,212,199,189,-1,213,196,174,-1,214,215,185,-1,214,185,198,-1,214,182,196,-1,214,198,182,-1,216,201,191,-1,216,191,204,-1,217,181,200,-1,217,202,181,-1,218,203,197,-1,218,197,210,-1,219,190,202,-1,219,209,190,-1,220,204,205,-1,220,205,221,-1,222,215,214,-1,222,196,213,-1,222,214,196,-1,223,224,208,-1,223,208,207,-1,223,207,199,-1,223,199,212,-1,225,200,206,-1,226,221,227,-1,225,217,200,-1,226,220,221,-1,228,193,209,-1,228,213,193,-1,229,210,201,-1,229,201,216,-1,230,206,187,-1,230,187,211,-1,231,212,203,-1,231,203,218,-1,232,202,217,-1,232,219,202,-1,233,209,219,-1,234,204,220,-1,234,216,204,-1,233,228,209,-1,235,234,220,-1,236,211,188,-1,236,188,237,-1,235,220,226,-1,238,222,213,-1,238,239,215,-1,240,218,210,-1,240,210,229,-1,238,215,222,-1,238,213,228,-1,241,232,217,-1,242,226,227,-1,241,217,225,-1,243,244,224,-1,243,212,231,-1,245,206,230,-1,243,224,223,-1,243,223,212,-1,245,225,206,-1,246,216,234,-1,246,229,216,-1,247,228,233,-1,247,238,228,-1,247,239,238,-1,248,219,232,-1,249,242,227,-1,249,227,250,-1,248,233,219,-1,251,230,211,-1,252,246,234,-1,251,211,236,-1,252,234,235,-1,253,231,218,-1,254,248,232,-1,254,232,241,-1,253,218,240,-1,255,225,245,-1,255,241,225,-1,256,235,226,-1,256,226,242,-1,257,237,258,-1,257,258,80,-1,259,240,229,-1,257,80,79,-1,259,229,246,-1,257,236,237,-1,260,261,239,-1,260,239,247,-1,260,247,233,-1,260,233,248,-1,1,256,242,-1,262,230,251,-1,262,245,230,-1,1,242,249,-1,263,249,250,-1,264,261,260,-1,265,243,231,-1,264,248,254,-1,265,266,244,-1,264,260,248,-1,265,231,253,-1,265,244,243,-1,267,254,241,-1,13,259,246,-1,267,241,255,-1,13,246,252,-1,268,236,257,-1,268,251,236,-1,268,257,79,-1,268,79,85,-1,269,252,235,-1,269,235,256,-1,270,255,245,-1,18,263,250,-1,270,245,262,-1,18,250,5,-1,271,272,261,-1,271,264,254,-1,271,254,267,-1,10,240,259,-1,271,261,264,-1,273,251,268,-1,273,85,91,-1,273,268,85,-1,10,253,240,-1,22,256,1,-1,273,262,251,-1,22,269,256,-1,274,255,270,-1,274,267,255,-1,2,1,249,-1,2,249,263,-1,275,273,91,-1,275,91,98,-1,275,270,262,-1,275,262,273,-1,11,10,259,-1,11,259,13,-1,276,277,272,-1,276,272,271,-1,14,252,269,-1,276,271,267,-1,276,267,274,-1,14,13,252,-1,278,98,107,-1,278,275,98,-1,278,274,270,-1,278,270,275,-1,16,263,18,-1,279,76,277,-1,279,277,276,-1,279,107,77,-1,16,2,263,-1,279,278,107,-1,279,276,274,-1,279,274,278,-1,279,77,76,-1,4,18,5,-1,9,8,266,-1,9,266,265,-1,9,265,253,-1,9,253,10,-1,20,14,269,-1,20,269,22,-1,0,22,1,-1]
coord Coordinate { point [-0.461298 -1.34213e-15 1.44303,-0.443748 -0.074046 1.45048,-0.449884 -1.30892e-15 1.45048,-0.413382 0.141917 1.45512,-0.424364 0.104596 1.45512,-0.411216 0.101356 1.45669,-0.375011 0.196821 1.45669,-0.440615 -0.193269 1.41059,-0.441911 -0.193838 1.39931,-0.426027 -0.223596 1.41059,-0.422884 -0.221946 1.42139,-0.437364 -0.191843 1.42139,-0.463711 -0.114294 1.42139,-0.431056 -0.189076 1.43316,-0.457023 -0.112646 1.43316,-0.459723 0.0380964 1.44303,-0.448347 0.0371537 1.45048,-0.436811 0.107664 1.45048,-0.435571 0.036095 1.45512,-0.471075 -0.078606 1.42139,-0.464281 -0.0774723 1.43316,-0.4707 -1.36949e-15 1.43316,-0.455007 -0.0759248 1.44303,-0.387001 0.203114 1.45512,-0.425507 0.14608 1.45048,-0.467158 -0.115144 1.41059,-0.475973 -0.0794233 1.39931,-0.469092 0.0388728 1.43316,-0.447894 0.110396 1.44303,-0.365894 0.239054 1.45512,-0.317012 0.280848 1.45669,-0.474577 -0.0791903 1.41059,-0.477588 -1.38953e-15 1.42139,-0.398352 0.209071 1.45048,-0.436303 0.149786 1.44303,-0.475957 0.0394417 1.42139,-0.457023 0.112646 1.43316,-0.327147 0.289827 1.45512,-0.376626 0.246066 1.45048,-0.481139 -1.39986e-15 1.41059,-0.480906 0.0398518 1.39931,-0.408459 0.214376 1.44303,-0.445196 0.152839 1.43316,-0.296013 0.321561 1.45512,-0.240589 0.348553 1.45669,-0.479495 0.0397349 1.41059,-0.463711 0.114294 1.42139,-0.336743 0.298328 1.45048,-0.386182 0.252309 1.44303,-0.416784 0.218745 1.43316,-0.45171 0.155076 1.42139,-0.248281 0.359697 1.45512,-0.304696 0.330992 1.45048,-0.467158 0.115144 1.41059,-0.456407 0.156688 1.39931,-0.345287 0.305897 1.44303,-0.394053 0.257451 1.43316,-0.208017 0.384388 1.45512,-0.150183 0.396001 1.45669,-0.455068 0.156228 1.41059,-0.422884 0.221946 1.42139,-0.255563 0.370247 1.45048,-0.312426 0.33939 1.44303,-0.352324 0.312132 1.43316,-0.399819 0.261219 1.42139,-0.154985 0.408662 1.45512,-0.214118 0.395662 1.45048,-0.426027 0.223596 1.41059,-0.403977 0.263935 1.39931,-0.262047 0.379641 1.44303,-0.318794 0.346308 1.43316,-0.10729 0.423691 1.45512,-0.0510501 0.420435 1.45669,-0.402792 0.263161 1.41059,-0.35748 0.3167 1.42139,0.482554 2.95479e-17 1.39931,0.470456 0.107378 1.39931,0.48114 1.76768e-16 1.4106,0.424364 -0.104596 1.45512,0.437065 1.60575e-16 1.45512,0.423523 0 1.45669,-0.159531 0.420648 1.45048,0.411216 -0.101356 1.45669,-0.219551 0.405701 1.44303,0.436811 -0.107664 1.45048,0.449884 1.65285e-16 1.45048,-0.267388 0.387379 1.43316,0.387001 -0.203114 1.45512,0.375011 -0.196821 1.45669,-0.0526823 0.433878 1.45512,0.447894 -0.110396 1.44303,0.461297 1.69478e-16 1.44303,-0.323459 0.351375 1.42139,0.398352 -0.209071 1.45048,-0.110436 0.436118 1.45048,-0.360138 0.319054 1.41059,-0.326823 0.355029 1.39931,0.457023 -0.112646 1.43316,0.4707 1.72932e-16 1.43316,-0.163579 0.431321 1.44303,0.327147 -0.289827 1.45512,0.317012 -0.280848 1.45669,-0.224025 0.41397 1.43316,0.408459 -0.214376 1.44303,3.68564e-06 0.437064 1.45512,0.0510501 0.420435 1.45669,0.463711 -0.114294 1.42139,0.477589 1.75464e-16 1.42139,-0.325864 0.353988 1.41059,0.336743 -0.298328 1.45048,-0.271301 0.393048 1.42139,0.416784 -0.218745 1.43316,-0.0542275 0.446603 1.45048,0.248281 -0.359697 1.45512,0.240589 -0.348553 1.45669,-0.113238 0.447184 1.44303,0.467158 -0.115144 1.41059,0.467788 -0.11846 1.39931,-0.166913 0.440112 1.43316,0.345287 -0.305897 1.44303,0.0526823 0.433878 1.45512,-0.227304 0.420028 1.42139,0.422884 -0.221946 1.42139,-0.273318 0.395969 1.41059,-0.229667 0.424396 1.39931,0.255563 -0.370247 1.45048,0.352324 -0.312132 1.43316,3.79374e-06 0.449884 1.45048,0.154985 -0.408662 1.45512,-0.0556034 0.457935 1.44303,0.150183 -0.396001 1.45669,0.426027 -0.223596 1.41059,-0.115546 0.456298 1.43316,0.424394 -0.229671 1.39931,0.097259 0.426105 1.45512,0.150183 0.396001 1.45669,0.262047 -0.379641 1.44303,-0.228994 0.423151 1.41059,0.35748 -0.3167 1.42139,-0.169355 0.446553 1.42139,0.159531 -0.420648 1.45048,0.0542275 0.446603 1.45048,0.267388 -0.387379 1.43316,3.89e-06 0.461298 1.44303,0.0526823 -0.433878 1.45512,0.0510501 -0.420435 1.45669,-0.0567367 0.467268 1.43316,0.360138 -0.319054 1.41059,0.355026 -0.326826 1.39931,0.163579 -0.431321 1.44303,0.154985 0.408662 1.45512,-0.117237 0.462975 1.42139,0.271301 -0.393048 1.42139,0.100112 0.438603 1.45048,0.0542275 -0.446603 1.45048,-0.170614 0.449873 1.41059,-0.118456 0.467789 1.39931,0.0556034 0.457935 1.44303,0.166913 -0.440112 1.43316,0.189637 0.39378 1.45512,0.240589 0.348553 1.45669,-0.0526823 -0.433878 1.45512,-0.0510501 -0.420435 1.45669,3.96929e-06 0.4707 1.43316,0.273318 -0.395969 1.41059,0.263932 -0.403979 1.39931,-0.0575669 0.474106 1.42139,0.0556034 -0.457935 1.44303,-0.118109 0.466417 1.41059,0.169355 -0.446553 1.42139,0.159531 0.420648 1.45048,-0.0542275 -0.446603 1.45048,0.102652 0.449732 1.44303,0.0567367 -0.467268 1.43316,0.0567367 0.467268 1.43316,-0.154985 -0.408662 1.45512,-0.150183 -0.396001 1.45669,0.248281 0.359697 1.45512,0.170614 -0.449873 1.41059,0.156684 -0.456409 1.39931,-0.0556034 -0.457935 1.44303,0.1952 0.40533 1.45048,4.02737e-06 0.477588 1.42139,0.0575669 -0.474106 1.42139,-0.0579949 0.477631 1.41059,4.06925e-06 0.482554 1.39931,-0.159531 -0.420648 1.45048,0.272507 0.341709 1.45512,0.317012 0.280848 1.45669,-0.0567367 -0.467268 1.43316,0.163579 0.431321 1.44303,-0.248281 -0.359697 1.45512,-0.240589 -0.348553 1.45669,0.104744 0.458898 1.43316,0.0579949 -0.477631 1.41059,0.0398477 -0.480906 1.39931,0.0575669 0.474106 1.42139,-0.163579 -0.431321 1.44303,4.05731e-06 0.481139 1.41059,-0.0575669 -0.474106 1.42139,0.255563 0.370247 1.45048,-0.255563 -0.370247 1.45048,0.200152 0.415614 1.44303,-0.166913 -0.440112 1.43316,-0.327147 -0.289827 1.45512,-0.317012 -0.280848 1.45669,0.2805 0.351732 1.45048,-0.0579949 -0.477631 1.41059,-0.0794273 -0.475973 1.39931,0.166913 0.440112 1.43316,-0.262047 -0.379641 1.44303,0.327147 0.289827 1.45512,-0.169355 -0.446553 1.42139,0.106277 0.465613 1.42139,0.0579949 0.477631 1.41059,0.107382 0.470455 1.39931,-0.336743 -0.298328 1.45048,0.262047 0.379641 1.44303,-0.267388 -0.387379 1.43316,0.204232 0.424085 1.43316,-0.387001 -0.203114 1.45512,-0.375011 -0.196821 1.45669,0.107067 0.469075 1.41059,-0.170614 -0.449873 1.41059,-0.193841 -0.44191 1.39931,0.287617 0.360656 1.44303,-0.400253 -0.175565 1.45512,-0.411216 -0.101356 1.45669,0.169355 0.446553 1.42139,-0.345287 -0.305897 1.44303,0.336743 0.298328 1.45048,-0.271301 -0.393048 1.42139,0.267388 0.387379 1.43316,0.20722 0.430291 1.42139,-0.398352 -0.209071 1.45048,-0.411992 -0.180714 1.45048,0.387001 0.203114 1.45512,0.375011 0.196821 1.45669,0.170614 0.449873 1.41059,0.209375 0.434765 1.39931,-0.352324 -0.312132 1.43316,0.293479 0.368007 1.43316,-0.424364 -0.104596 1.45512,-0.273318 -0.395969 1.41059,-0.296393 -0.380802 1.39931,0.345287 0.305897 1.44303,-0.408459 -0.214376 1.44303,0.208761 0.43349 1.41059,0.271301 0.393048 1.42139,-0.431104 -0.0719361 1.45512,-0.423523 -1.23223e-15 1.45669,0.398352 0.209071 1.45048,-0.422446 -0.185299 1.44303,-0.35748 -0.3167 1.42139,0.297773 0.373392 1.42139,0.352324 0.312132 1.43316,-0.436811 -0.107664 1.45048,0.424364 0.104596 1.45512,0.411216 0.101356 1.45669,-0.416784 -0.218745 1.43316,0.273318 0.395969 1.41059,0.30087 0.377275 1.39931,0.408459 0.214376 1.44303,-0.437064 -1.27162e-15 1.45512,0.299987 0.376168 1.41059,-0.360138 -0.319054 1.41059,-0.380805 -0.296389 1.39931,0.35748 0.3167 1.42139,0.436811 0.107664 1.45048,-0.447894 -0.110396 1.44303,0.416784 0.218745 1.43316,0.360138 0.319054 1.41059,0.377277 0.300866 1.39931,0.447894 0.110396 1.44303,0.422884 0.221946 1.42139,0.457023 0.112646 1.43316,0.426027 0.223596 1.41059,0.434767 0.209371 1.39931,0.463711 0.114294 1.42139,0.467158 0.115144 1.41059]
}}
appearance Appearance{material Material{diffuseColor 0 0 0
transparency 0}}}
Shape { geometry IndexedFaceSet 
{ creaseAngle 0.50 coordIndex [0,1,2,-1,0,2,3,-1,4,0,3,-1,4,3,5,-1,6,4,5,-1,6,5,7,-1,8,9,10,-1,11,7,12,-1,11,6,7,-1,13,10,14,-1,13,8,10,-1,15,12,16,-1,15,11,12,-1,17,14,18,-1,19,16,20,-1,17,13,14,-1,19,15,16,-1,21,20,22,-1,21,19,20,-1,23,18,24,-1,23,17,18,-1,25,22,26,-1,25,21,22,-1,27,24,28,-1,27,23,24,-1,29,26,9,-1,29,25,26,-1,8,29,9,-1,30,28,31,-1,30,27,28,-1,32,31,33,-1,32,30,31,-1,34,33,35,-1,34,32,33,-1,36,35,37,-1,36,34,35,-1,38,37,39,-1,38,36,37,-1,40,38,39,-1,40,39,41,-1,42,40,41,-1,42,41,43,-1,44,42,43,-1,44,43,45,-1,46,44,45,-1,46,45,47,-1,48,46,47,-1,48,47,49,-1,50,48,49,-1,50,49,51,-1,1,50,51,-1,1,51,2,-1]
coord Coordinate { point [-0.40501 -0.27956 1.06299,-0.326339 -0.368361 1.06299,-0.380805 -0.296389 1.39931,-0.441911 -0.193838 1.39931,-0.460144 -0.174511 1.06299,-0.475973 -0.0794233 1.39931,-0.488537 -0.059321 1.06299,-0.480906 0.0398518 1.39931,-3.46944e-17 0.492125 1.06299,4.06925e-06 0.482554 1.39931,0.107382 0.470455 1.39931,-0.488537 0.0593169 1.06299,-0.456407 0.156688 1.39931,0.117777 0.477824 1.06299,0.209375 0.434765 1.39931,-0.460146 0.174508 1.06299,-0.403977 0.263935 1.39931,0.228705 0.435753 1.06299,0.30087 0.377275 1.39931,-0.405013 0.279556 1.06299,-0.326823 0.355029 1.39931,-0.326342 0.368359 1.06299,-0.229667 0.424396 1.39931,0.326342 0.368359 1.06299,0.377277 0.300866 1.39931,-0.228705 0.435753 1.06299,-0.118456 0.467789 1.39931,0.405013 0.279556 1.06299,0.434767 0.209371 1.39931,-0.117777 0.477824 1.06299,0.460146 0.174508 1.06299,0.470456 0.107378 1.39931,0.488537 0.0593169 1.06299,0.482554 2.95479e-17 1.39931,0.488537 -0.059321 1.06299,0.467788 -0.11846 1.39931,0.460144 -0.174511 1.06299,0.424394 -0.229671 1.39931,0.40501 -0.27956 1.06299,0.355026 -0.326826 1.39931,0.326339 -0.368361 1.06299,0.263932 -0.403979 1.39931,0.228701 -0.435755 1.06299,0.156684 -0.456409 1.39931,0.117773 -0.477825 1.06299,0.0398477 -0.480906 1.39931,-3.46693e-16 -0.492125 1.06299,-0.0794273 -0.475973 1.39931,-0.117773 -0.477825 1.06299,-0.193841 -0.44191 1.39931,-0.228701 -0.435755 1.06299,-0.296393 -0.380802 1.39931]
}}
appearance Appearance{material Material{diffuseColor 0 0 0
transparency 0}}}
Shape { geometry IndexedFaceSet 
{ creaseAngle 0.50 coordIndex [0,1,2,-1,2,1,3,-1,4,1,5,-1,6,1,0,-1,7,1,8,-1,9,10,11,-1,11,10,12,-1,12,10,13,-1,13,10,14,-1,15,10,16,-1,16,10,17,-1,17,10,9,-1,4,5,18,-1,14,2,19,-1,19,2,3,-1,20,2,10,-1,10,2,14,-1,7,8,21,-1,22,6,0,-1,3,1,23,-1,23,1,24,-1,24,1,4,-1,5,1,7,-1,8,1,25,-1]
coord Coordinate { point [-0.0510501 0.420435 1.45669,-0.317012 0.280848 1.45669,0.0510501 0.420435 1.45669,0.0510501 -0.420435 1.45669,-0.240589 -0.348553 1.45669,-0.375011 -0.196821 1.45669,-0.240589 0.348553 1.45669,-0.411216 -0.101356 1.45669,-0.411216 0.101356 1.45669,0.423523 0 1.45669,0.240589 0.348553 1.45669,0.411216 -0.101356 1.45669,0.375011 -0.196821 1.45669,0.317012 -0.280848 1.45669,0.240589 -0.348553 1.45669,0.317012 0.280848 1.45669,0.375011 0.196821 1.45669,0.411216 0.101356 1.45669,-0.317012 -0.280848 1.45669,0.150183 -0.396001 1.45669,0.150183 0.396001 1.45669,-0.423523 -1.23223e-15 1.45669,-0.150183 0.396001 1.45669,-0.0510501 -0.420435 1.45669,-0.150183 -0.396001 1.45669,-0.375011 0.196821 1.45669]
}}
appearance Appearance{material Material{diffuseColor 0 0 0
transparency 0}}}
Shape { geometry IndexedFaceSet 
{ creaseAngle 0.50 coordIndex [0,1,2,-1,0,3,1,-1,4,3,0,-1,4,5,3,-1,6,7,8,-1,9,7,6,-1,10,11,12,-1,13,14,7,-1,13,7,9,-1,15,14,13,-1,16,17,14,-1,16,14,15,-1,18,17,16,-1,19,17,18,-1,19,20,17,-1,21,22,23,-1,21,20,19,-1,21,23,24,-1,21,24,20,-1,25,26,27,-1,25,28,29,-1,25,2,28,-1,25,4,0,-1,25,30,26,-1,25,29,30,-1,25,27,22,-1,25,0,2,-1,31,25,22,-1,31,4,25,-1,32,4,31,-1,32,5,4,-1,32,33,5,-1,34,31,35,-1,34,32,31,-1,34,35,36,-1,34,33,32,-1,34,36,33,-1,37,35,31,-1,37,38,35,-1,37,39,38,-1,40,41,42,-1,40,42,39,-1,43,8,41,-1,43,41,40,-1,44,13,9,-1,44,15,13,-1,44,16,15,-1,44,18,16,-1,44,19,18,-1,44,21,19,-1,44,22,21,-1,45,31,22,-1,45,22,44,-1,45,37,31,-1,45,39,37,-1,45,40,39,-1,45,43,40,-1,46,8,43,-1,46,44,9,-1,46,9,6,-1,46,45,44,-1,46,6,8,-1,46,43,45,-1,11,47,12,-1,48,49,23,-1,50,51,49,-1,50,49,48,-1,50,48,52,-1,53,50,52,-1,53,52,54,-1,55,56,51,-1,55,57,56,-1,55,51,50,-1,58,54,1,-1,58,53,54,-1,59,50,53,-1,59,55,50,-1,60,58,1,-1,60,1,3,-1,61,53,58,-1,61,59,53,-1,62,63,10,-1,62,12,57,-1,62,57,55,-1,62,10,12,-1,62,55,59,-1,64,60,3,-1,64,3,5,-1,65,61,58,-1,65,58,60,-1,66,67,68,-1,66,68,63,-1,66,59,61,-1,66,62,59,-1,66,63,62,-1,69,64,5,-1,69,5,33,-1,70,65,60,-1,70,60,64,-1,71,72,67,-1,71,61,65,-1,71,66,61,-1,71,67,66,-1,73,69,33,-1,73,33,36,-1,74,64,69,-1,74,70,64,-1,75,76,72,-1,75,65,70,-1,75,77,76,-1,75,71,65,-1,75,72,71,-1,78,36,35,-1,78,73,36,-1,79,69,73,-1,79,74,69,-1,80,81,77,-1,80,82,81,-1,80,75,70,-1,80,77,75,-1,80,70,74,-1,83,35,38,-1,83,78,35,-1,84,79,73,-1,84,73,78,-1,85,86,82,-1,85,82,80,-1,85,74,79,-1,85,80,74,-1,87,38,39,-1,87,83,38,-1,88,78,83,-1,88,84,78,-1,89,86,85,-1,89,90,91,-1,89,91,86,-1,89,79,84,-1,89,85,79,-1,92,39,42,-1,92,87,39,-1,93,83,87,-1,93,88,83,-1,94,95,90,-1,94,90,89,-1,94,84,88,-1,94,89,84,-1,96,42,41,-1,96,92,42,-1,97,93,87,-1,97,87,92,-1,98,95,94,-1,98,88,93,-1,98,99,95,-1,98,94,88,-1,100,96,41,-1,100,41,8,-1,101,92,96,-1,101,97,92,-1,102,93,97,-1,102,99,98,-1,102,103,104,-1,102,104,99,-1,102,98,93,-1,105,100,8,-1,105,8,7,-1,106,96,100,-1,106,101,96,-1,107,102,97,-1,107,97,101,-1,107,103,102,-1,107,108,103,-1,109,7,14,-1,109,105,7,-1,110,100,105,-1,110,106,100,-1,111,107,101,-1,111,112,113,-1,111,113,108,-1,111,108,107,-1,111,101,106,-1,114,14,17,-1,114,109,14,-1,115,105,109,-1,115,110,105,-1,116,111,106,-1,116,106,110,-1,116,117,112,-1,116,112,111,-1,24,23,49,-1,118,17,20,-1,118,114,17,-1,119,109,114,-1,119,115,109,-1,120,121,117,-1,120,122,121,-1,120,116,110,-1,120,117,116,-1,120,110,115,-1,123,49,51,-1,123,24,49,-1,123,20,24,-1,123,118,20,-1,124,114,118,-1,124,119,114,-1,125,126,127,-1,125,127,122,-1,125,122,120,-1,125,115,119,-1,125,120,115,-1,128,118,123,-1,128,124,118,-1,129,130,126,-1,129,119,124,-1,129,126,125,-1,129,125,119,-1,131,51,56,-1,131,56,57,-1,131,123,51,-1,131,128,123,-1,132,133,134,-1,132,134,130,-1,132,130,129,-1,132,124,128,-1,132,129,124,-1,135,132,128,-1,135,57,12,-1,135,47,133,-1,135,12,47,-1,135,133,132,-1,135,131,57,-1,135,128,131,-1,27,23,22,-1,27,48,23,-1,27,52,48,-1,26,52,27,-1,30,52,26,-1,30,54,52,-1,29,54,30,-1,28,54,29,-1,28,1,54,-1,2,1,28,-1]
coord Coordinate { point [0.00506855 0.0303741 0.671714,0.0244351 0.0557065 0.678925,0.00999884 0.0291256 0.671714,0.0050233 0.0606222 0.678925,1.8856e-18 0.0307941 0.671714,-0.0149329 0.0589686 0.678925,-5.65679e-18 -0.0307941 0.671714,0.0050233 -0.0606222 0.678925,-0.0149329 -0.0589686 0.678925,0.00506855 -0.0303741 0.671714,0.192484 0.0412312 0.86614,0.19685 -4.82143e-17 0.86614,0.19246 -4.7139e-17 0.824797,0.00999884 -0.0291256 0.671714,0.0244351 -0.0557065 0.678925,0.0146564 -0.0270826 0.671714,0.0189141 -0.0243009 0.671714,0.041199 -0.0447541 0.678925,0.022656 -0.0208563 0.671714,0.0257798 -0.0168428 0.671714,0.0534984 -0.0289519 0.678925,0.0282004 -0.0123699 0.671714,1.20536e-17 0 0.66929,0.0447849 -1.09691e-17 0.674452,0.0600004 -0.0100123 0.678925,0.010921 0.010921 0.669897,0.0257798 0.0168428 0.671714,0.0282004 0.0123699 0.671714,0.0146564 0.0270826 0.671714,0.0189141 0.0243009 0.671714,0.022656 0.0208563 0.671714,-0.010921 0.010921 0.669897,-0.0267026 0.0373994 0.674729,-0.0332709 0.0509248 0.678925,-0.0324942 0.0324942 0.674729,-0.0575341 0.0197515 0.678925,-0.0480034 0.0373626 0.678925,-0.0307941 3.77119e-18 0.671714,-0.06083 7.44953e-18 0.678925,-0.0575341 -0.0197515 0.678925,-0.0324942 -0.0324942 0.674729,-0.0332709 -0.0509248 0.678925,-0.0480034 -0.0373626 0.678925,-0.0267026 -0.0373994 0.674729,0.010921 -0.010921 0.669897,-0.010921 -0.010921 0.669897,-0.00885424 -0.021376 0.670654,0.192484 -0.0412312 0.86614,0.0600004 0.0100123 0.678925,0.0872215 -2.13631e-17 0.689668,0.109436 0.0375695 0.706885,0.125083 -3.06365e-17 0.71414,0.0534984 0.0289519 0.678925,0.0913079 0.0710678 0.706885,0.041199 0.0447541 0.678925,0.157083 0.0262125 0.750434,0.156384 -3.83031e-17 0.746583,0.179484 -4.39608e-17 0.785297,0.0632849 0.0968648 0.706885,0.140061 0.075797 0.750434,0.028404 0.112165 0.706885,0.10786 0.117168 0.750434,0.177072 0.0607888 0.80531,0.179578 0.0806332 0.86614,-0.00955489 0.11531 0.706885,0.063972 0.145841 0.750434,0.147739 0.11499 0.80531,0.130793 0.147116 0.86614,0.158706 0.116458 0.86614,-0.0464784 0.10596 0.706885,0.0131512 0.158711 0.750434,0.102397 0.156731 0.80531,0.0970771 0.171248 0.86614,-0.0783652 0.0851273 0.706885,-0.0390948 0.154382 0.750434,0.0459587 0.181487 0.80531,0.059055 0.187783 0.86614,0.0199586 0.195836 0.86614,-0.10176 0.0550697 0.706885,-0.0871042 0.133323 0.750434,-0.0154601 0.186576 0.80531,-0.0199586 0.195836 0.86614,-0.059055 0.187783 0.86614,-0.114127 0.0190445 0.706885,-0.125675 0.0978164 0.750434,-0.0752036 0.171447 0.80531,-0.100344 0.169355 0.86614,-0.114127 -0.0190445 0.706885,-0.150626 0.05171 0.750434,-0.126798 0.137739 0.80531,-0.165141 0.107137 0.86614,-0.136339 0.141991 0.86614,-0.10176 -0.0550697 0.706885,-0.159255 1.95031e-17 0.750434,-0.164651 0.0891047 0.80531,-0.185231 0.0666298 0.86614,-0.0783652 -0.0851273 0.706885,-0.150626 -0.05171 0.750434,-0.184662 0.0308147 0.80531,-0.195547 0.0226075 0.86614,-0.0464784 -0.10596 0.706885,-0.125675 -0.0978164 0.750434,-0.184662 -0.0308147 0.80531,-0.185231 -0.0666298 0.86614,-0.195547 -0.0226075 0.86614,-0.00955489 -0.11531 0.706885,-0.0871042 -0.133323 0.750434,-0.164651 -0.0891047 0.80531,-0.165141 -0.107137 0.86614,0.028404 -0.112165 0.706885,-0.0390948 -0.154382 0.750434,-0.126798 -0.137739 0.80531,-0.100344 -0.169355 0.86614,-0.136339 -0.141991 0.86614,0.0632849 -0.0968648 0.706885,0.0131512 -0.158711 0.750434,-0.0752036 -0.171447 0.80531,-0.059055 -0.187783 0.86614,0.0913079 -0.0710678 0.706885,0.063972 -0.145841 0.750434,-0.0154601 -0.186576 0.80531,-0.0199586 -0.195836 0.86614,0.0199586 -0.195836 0.86614,0.109436 -0.0375695 0.706885,0.10786 -0.117168 0.750434,0.0459587 -0.181487 0.80531,0.0970771 -0.171248 0.86614,0.059055 -0.187783 0.86614,0.140061 -0.075797 0.750434,0.102397 -0.156731 0.80531,0.130793 -0.147116 0.86614,0.157083 -0.0262125 0.750434,0.147739 -0.11499 0.80531,0.179578 -0.0806332 0.86614,0.158706 -0.116458 0.86614,0.177072 -0.0607888 0.80531]
}}
appearance Appearance{material Material{diffuseColor 0.75 0.75 0.75
transparency 0}}}
Shape { geometry IndexedFaceSet 
{ creaseAngle 0.50 coordIndex [0,1,2,-1,2,1,3,-1,4,5,6,-1,7,5,4,-1,8,9,0,-1,0,9,1,-1,10,11,12,-1,13,14,15,-1,16,17,11,-1,15,18,19,-1,14,18,15,-1,11,20,12,-1,12,20,21,-1,17,20,11,-1,22,23,13,-1,24,25,26,-1,13,23,14,-1,27,28,8,-1,19,29,30,-1,8,28,9,-1,31,32,33,-1,20,34,21,-1,27,34,28,-1,18,29,19,-1,21,34,35,-1,36,34,27,-1,37,38,22,-1,35,34,36,-1,22,38,23,-1,30,39,40,-1,41,42,32,-1,29,39,30,-1,43,44,45,-1,33,44,43,-1,46,47,37,-1,42,44,32,-1,32,44,33,-1,37,47,38,-1,45,48,49,-1,39,50,40,-1,49,48,51,-1,40,50,52,-1,44,48,45,-1,7,53,5,-1,54,53,7,-1,46,55,47,-1,56,55,46,-1,51,57,25,-1,48,57,51,-1,58,59,60,-1,26,59,58,-1,25,59,26,-1,61,62,39,-1,50,63,52,-1,52,63,64,-1,25,65,59,-1,62,66,39,-1,57,65,25,-1,39,66,50,-1,67,68,56,-1,56,68,55,-1,66,69,50,-1,54,3,53,-1,63,70,64,-1,2,3,54,-1,70,6,64,-1,67,71,68,-1,59,72,73,-1,67,45,71,-1,65,72,59,-1,70,4,6,-1,73,35,36,-1,72,35,73,-1,45,49,71,-1]
coord Coordinate { point [0.363702 0.0872224 0.86614,0.685049 0.0734468 0.86614,0.374015 1.37685e-15 0.86614,0.682904 -0.0912624 0.86614,0.284583 -0.242693 0.86614,0.563861 -0.395914 0.86614,0.453767 -0.518442 0.86614,0.333333 -0.169635 0.86614,0.333333 0.169635 0.86614,0.648036 0.233958 0.86614,0.286145 0.607158 0.86614,0.298075 0.609832 0.86614,0.275022 0.602085 0.86614,-0.563861 -0.395914 0.86614,-0.284583 -0.242693 0.86614,-0.453767 -0.518442 0.86614,0.3103 0.609993 0.86614,0.322296 0.607633 0.86614,-0.220139 -0.302368 0.86614,-0.317736 -0.611335 0.86614,0.333549 0.602853 0.86614,0.265181 0.594829 0.86614,-0.641723 -0.250755 0.86614,-0.333333 -0.169635 0.86614,-0.059055 0.187783 0.86614,-0.059055 0.369323 0.86614,-0.0199586 0.195836 0.86614,0.284583 0.242693 0.86614,0.57398 0.381095 0.86614,-0.143555 -0.345368 0.86614,-0.163542 -0.669284 0.86614,-0.3103 0.609993 0.86614,-0.298075 0.609832 0.86614,-0.322296 0.607633 0.86614,0.467115 0.506449 0.86614,0.186215 0.538948 0.86614,0.220139 0.302368 0.86614,-0.682904 -0.0912624 0.86614,-0.363702 -0.0872224 0.86614,-0.059055 -0.369323 0.86614,-3.93385e-16 -0.688975 0.86614,-0.286145 0.607158 0.86614,-0.275022 0.602085 0.86614,-0.333549 0.602853 0.86614,-0.265181 0.594829 0.86614,-0.467115 0.506449 0.86614,-0.685049 0.0734468 0.86614,-0.374015 -1.37685e-15 0.86614,-0.186215 0.538948 0.86614,-0.220139 0.302368 0.86614,0.059055 -0.369323 0.86614,-0.143555 0.345368 0.86614,0.163542 -0.669284 0.86614,0.641723 -0.250755 0.86614,0.363702 -0.0872224 0.86614,-0.363702 0.0872224 0.86614,-0.648036 0.233958 0.86614,-0.0960059 0.50401 0.86614,0.0199586 0.195836 0.86614,0.059055 0.369323 0.86614,0.059055 0.187783 0.86614,-0.059055 -0.187783 0.86614,-0.0199586 -0.195836 0.86614,0.143555 -0.345368 0.86614,0.317736 -0.611335 0.86614,0 0.492125 0.86614,0.0199586 -0.195836 0.86614,-0.57398 0.381095 0.86614,-0.333333 0.169635 0.86614,0.059055 -0.187783 0.86614,0.220139 -0.302368 0.86614,-0.284583 0.242693 0.86614,0.0960059 0.50401 0.86614,0.143555 0.345368 0.86614]
}}
appearance Appearance{material Material{diffuseColor 0.75 0.75 0.75
transparency 0}}}
Shape { geometry IndexedFaceSet 
{ creaseAngle 0.50 coordIndex [0,1,2,-1,3,1,0,-1]
coord Coordinate { point [0.059055 0.187783 0.86614,0.059055 0.369323 0.964565,0.059055 0.187783 0.964565,0.059055 0.369323 0.86614]
}}
appearance Appearance{material Material{diffuseColor 0.75 0.75 0.75
transparency 0}}}
Shape { geometry IndexedFaceSet 
{ creaseAngle 0.50 coordIndex [0,1,2,-1,2,1,3,-1,3,4,5,-1,1,4,3,-1,5,6,7,-1,4,6,5,-1,7,8,9,-1,6,8,7,-1,9,10,11,-1,8,10,9,-1,11,12,13,-1,10,12,11,-1,13,14,15,-1,15,14,16,-1,12,14,13,-1,16,17,18,-1,14,17,16,-1,18,19,20,-1,17,19,18,-1,20,21,22,-1,19,21,20,-1,21,23,22,-1,22,24,25,-1,23,24,22,-1]
coord Coordinate { point [0.059055 -0.369323 0.964565,0.143555 -0.345368 0.964565,0.059055 -0.369323 0.86614,0.143555 -0.345368 0.86614,0.220139 -0.302368 0.964565,0.220139 -0.302368 0.86614,0.284583 -0.242693 0.964565,0.284583 -0.242693 0.86614,0.333333 -0.169635 0.964565,0.333333 -0.169635 0.86614,0.363702 -0.0872224 0.964565,0.363702 -0.0872224 0.86614,0.374015 1.79209e-15 0.964565,0.374015 1.37685e-15 0.86614,0.363702 0.0872224 0.964565,0.363702 0.0872224 0.86614,0.333333 0.169635 0.86614,0.333333 0.169635 0.964565,0.284583 0.242693 0.86614,0.284583 0.242693 0.964565,0.220139 0.302368 0.86614,0.220139 0.302368 0.964565,0.143555 0.345368 0.86614,0.143555 0.345368 0.964565,0.059055 0.369323 0.964565,0.059055 0.369323 0.86614]
}}
appearance Appearance{material Material{diffuseColor 0.75 0.75 0.75
transparency 0}}}
Shape { geometry IndexedFaceSet 
{ creaseAngle 0.50 coordIndex [0,1,2,-1,3,1,0,-1]
coord Coordinate { point [0.059055 -0.369323 0.86614,0.059055 -0.187783 0.964565,0.059055 -0.369323 0.964565,0.059055 -0.187783 0.86614]
}}
appearance Appearance{material Material{diffuseColor 0.75 0.75 0.75
transparency 0}}}
Shape { geometry IndexedFaceSet 
{ creaseAngle 0.50 coordIndex [0,1,2,-1,3,2,4,-1,3,0,2,-1,5,4,6,-1,5,3,4,-1,7,6,8,-1,7,5,6,-1,9,8,10,-1,9,7,8,-1,11,10,12,-1,11,9,10,-1,13,12,14,-1,13,11,12,-1,15,14,16,-1,15,13,14,-1,17,16,18,-1,17,15,16,-1,19,18,20,-1,19,17,18,-1,21,20,22,-1,21,19,20,-1,23,22,24,-1,23,21,22,-1]
coord Coordinate { point [0.059055 -0.187783 0.964565,0.059055 -0.187783 0.86614,0.0970771 -0.171248 0.86614,0.100344 -0.169355 0.964565,0.130793 -0.147116 0.86614,0.136339 -0.141991 0.964565,0.158706 -0.116458 0.86614,0.165141 -0.107137 0.964565,0.179578 -0.0806332 0.86614,0.185231 -0.0666298 0.964565,0.192484 -0.0412312 0.86614,0.195547 -0.0226075 0.964565,0.19685 -4.82143e-17 0.86614,0.195547 0.0226075 0.964565,0.192484 0.0412312 0.86614,0.185231 0.0666298 0.964565,0.179578 0.0806332 0.86614,0.165141 0.107137 0.964565,0.158706 0.116458 0.86614,0.136339 0.141991 0.964565,0.130793 0.147116 0.86614,0.100344 0.169355 0.964565,0.0970771 0.171248 0.86614,0.059055 0.187783 0.964565,0.059055 0.187783 0.86614]
}}
appearance Appearance{material Material{diffuseColor 0.75 0.75 0.75
transparency 0}}}
Shape { geometry IndexedFaceSet 
{ creaseAngle 0.50 coordIndex [0,1,2,-1,2,3,4,-1,1,3,2,-1,3,5,4,-1,5,6,4,-1,5,7,6,-1,8,9,7,-1,7,9,6,-1,10,11,8,-1,8,11,9,-1,12,13,10,-1,10,13,11,-1,14,15,12,-1,12,15,13,-1,16,17,18,-1,19,17,16,-1,20,21,14,-1,14,21,15,-1,18,22,23,-1,17,22,18,-1,23,24,20,-1,22,24,23,-1,20,24,21,-1]
coord Coordinate { point [0.059055 -0.369323 0.964565,0.059055 -0.187783 0.964565,0.143555 -0.345368 0.964565,0.100344 -0.169355 0.964565,0.220139 -0.302368 0.964565,0.136339 -0.141991 0.964565,0.284583 -0.242693 0.964565,0.165141 -0.107137 0.964565,0.185231 -0.0666298 0.964565,0.333333 -0.169635 0.964565,0.195547 -0.0226075 0.964565,0.363702 -0.0872224 0.964565,0.195547 0.0226075 0.964565,0.374015 1.79209e-15 0.964565,0.185231 0.0666298 0.964565,0.363702 0.0872224 0.964565,0.059055 0.187783 0.964565,0.143555 0.345368 0.964565,0.100344 0.169355 0.964565,0.059055 0.369323 0.964565,0.165141 0.107137 0.964565,0.333333 0.169635 0.964565,0.220139 0.302368 0.964565,0.136339 0.141991 0.964565,0.284583 0.242693 0.964565]
}}
appearance Appearance{material Material{diffuseColor 0.75 0.75 0.75
transparency 0}}}
Shape { geometry IndexedFaceSet 
{ creaseAngle 0.50 coordIndex [0,1,2,-1,2,1,3,-1]
coord Coordinate { point [-0.059055 0.369323 0.964565,-0.059055 0.369323 0.86614,-0.059055 0.187783 0.964565,-0.059055 0.187783 0.86614]
}}
appearance Appearance{material Material{diffuseColor 0.75 0.75 0.75
transparency 0}}}
Shape { geometry IndexedFaceSet 
{ creaseAngle 0.50 coordIndex [0,1,2,-1,0,2,3,-1,4,3,5,-1,4,0,3,-1,6,5,7,-1,6,4,5,-1,8,7,9,-1,8,6,7,-1,10,9,11,-1,10,8,9,-1,12,11,13,-1,12,10,11,-1,14,13,15,-1,14,12,13,-1,16,15,17,-1,16,14,15,-1,18,17,19,-1,18,16,17,-1,20,19,21,-1,20,18,19,-1,22,21,23,-1,22,20,21,-1]
coord Coordinate { point [-0.100344 0.169355 0.964565,-0.059055 0.187783 0.964565,-0.059055 0.187783 0.86614,-0.100344 0.169355 0.86614,-0.136339 0.141991 0.964565,-0.136339 0.141991 0.86614,-0.165141 0.107137 0.964565,-0.165141 0.107137 0.86614,-0.185231 0.0666298 0.964565,-0.185231 0.0666298 0.86614,-0.195547 0.0226075 0.964565,-0.195547 0.0226075 0.86614,-0.195547 -0.0226075 0.964565,-0.195547 -0.0226075 0.86614,-0.185231 -0.0666298 0.964565,-0.185231 -0.0666298 0.86614,-0.165141 -0.107137 0.964565,-0.165141 -0.107137 0.86614,-0.136339 -0.141991 0.964565,-0.136339 -0.141991 0.86614,-0.100344 -0.169355 0.964565,-0.100344 -0.169355 0.86614,-0.059055 -0.187783 0.964565,-0.059055 -0.187783 0.86614]
}}
appearance Appearance{material Material{diffuseColor 0.75 0.75 0.75
transparency 0}}}
Shape { geometry IndexedFaceSet 
{ creaseAngle 0.50 coordIndex [0,1,2,-1,2,1,3,-1]
coord Coordinate { point [-0.059055 -0.187783 0.964565,-0.059055 -0.187783 0.86614,-0.059055 -0.369323 0.964565,-0.059055 -0.369323 0.86614]
}}
appearance Appearance{material Material{diffuseColor 0.75 0.75 0.75
transparency 0}}}
Shape { geometry IndexedFaceSet 
{ creaseAngle 0.50 coordIndex [0,1,2,-1,2,1,3,-1,3,4,5,-1,1,4,3,-1,5,6,7,-1,4,6,5,-1,7,8,9,-1,6,8,7,-1,9,10,11,-1,8,10,9,-1,11,12,13,-1,10,12,11,-1,13,14,15,-1,15,14,16,-1,12,14,13,-1,16,17,18,-1,14,17,16,-1,18,19,20,-1,17,19,18,-1,20,21,22,-1,19,21,20,-1,21,23,22,-1,22,24,25,-1,23,24,22,-1]
coord Coordinate { point [-0.059055 0.369323 0.964565,-0.143555 0.345368 0.964565,-0.059055 0.369323 0.86614,-0.143555 0.345368 0.86614,-0.220139 0.302368 0.964565,-0.220139 0.302368 0.86614,-0.284583 0.242693 0.964565,-0.284583 0.242693 0.86614,-0.333333 0.169635 0.964565,-0.333333 0.169635 0.86614,-0.363702 0.0872224 0.964565,-0.363702 0.0872224 0.86614,-0.374015 -1.79209e-15 0.964565,-0.374015 -1.37685e-15 0.86614,-0.363702 -0.0872224 0.964565,-0.363702 -0.0872224 0.86614,-0.333333 -0.169635 0.86614,-0.333333 -0.169635 0.964565,-0.284583 -0.242693 0.86614,-0.284583 -0.242693 0.964565,-0.220139 -0.302368 0.86614,-0.220139 -0.302368 0.964565,-0.143555 -0.345368 0.86614,-0.143555 -0.345368 0.964565,-0.059055 -0.369323 0.964565,-0.059055 -0.369323 0.86614]
}}
appearance Appearance{material Material{diffuseColor 0.75 0.75 0.75
transparency 0}}}
Shape { geometry IndexedFaceSet 
{ creaseAngle 0.50 coordIndex [0,1,2,-1,3,4,0,-1,0,4,1,-1,2,5,6,-1,1,5,2,-1,7,8,3,-1,3,8,4,-1,6,9,10,-1,5,9,6,-1,11,12,7,-1,7,12,8,-1,13,14,11,-1,11,14,12,-1,15,16,13,-1,13,16,14,-1,15,17,16,-1,15,18,17,-1,18,19,17,-1,19,20,21,-1,18,20,19,-1,21,22,23,-1,20,22,21,-1,22,24,23,-1]
coord Coordinate { point [-0.284583 -0.242693 0.964565,-0.136339 -0.141991 0.964565,-0.220139 -0.302368 0.964565,-0.333333 -0.169635 0.964565,-0.165141 -0.107137 0.964565,-0.100344 -0.169355 0.964565,-0.143555 -0.345368 0.964565,-0.363702 -0.0872224 0.964565,-0.185231 -0.0666298 0.964565,-0.059055 -0.187783 0.964565,-0.059055 -0.369323 0.964565,-0.374015 -1.79209e-15 0.964565,-0.195547 -0.0226075 0.964565,-0.363702 0.0872224 0.964565,-0.195547 0.0226075 0.964565,-0.333333 0.169635 0.964565,-0.185231 0.0666298 0.964565,-0.165141 0.107137 0.964565,-0.284583 0.242693 0.964565,-0.136339 0.141991 0.964565,-0.220139 0.302368 0.964565,-0.100344 0.169355 0.964565,-0.143555 0.345368 0.964565,-0.059055 0.187783 0.964565,-0.059055 0.369323 0.964565]
}}
appearance Appearance{material Material{diffuseColor 0.75 0.75 0.75
transparency 0}}}
Shape { geometry IndexedFaceSet 
{ creaseAngle 0.50 coordIndex [0,1,2,-1,3,0,2,-1,3,2,4,-1,5,3,4,-1,5,4,6,-1,7,8,9,-1,7,9,10,-1,11,5,6,-1,11,6,12,-1,13,10,14,-1,13,7,10,-1,15,14,16,-1,15,13,14,-1,17,16,18,-1,17,15,16,-1,19,18,20,-1,19,17,18,-1,21,20,22,-1,21,19,20,-1,23,22,24,-1,23,21,22,-1,25,24,26,-1,25,23,24,-1,27,26,28,-1,27,25,26,-1,29,28,30,-1,29,27,28,-1,31,30,32,-1,31,29,30,-1,33,32,34,-1,33,31,32,-1,35,33,34,-1,35,34,36,-1,37,35,36,-1,37,36,38,-1,39,37,38,-1,39,38,40,-1,41,39,40,-1,41,40,42,-1,43,41,42,-1,43,42,44,-1,45,43,44,-1,45,44,1,-1,0,45,1,-1]
coord Coordinate { point [0.648036 0.233958 1.06299,0.685049 0.0734468 0.86614,0.648036 0.233958 0.86614,0.57398 0.381095 1.06299,0.57398 0.381095 0.86614,0.467115 0.506449 1.06299,0.467115 0.506449 0.86614,-0.467115 0.506449 1.06299,-0.333549 0.602853 1.06299,-0.333549 0.602853 0.86614,-0.467115 0.506449 0.86614,0.333549 0.602853 1.06299,0.333549 0.602853 0.86614,-0.57398 0.381095 1.06299,-0.57398 0.381095 0.86614,-0.648036 0.233958 1.06299,-0.648036 0.233958 0.86614,-0.685049 0.0734468 1.06299,-0.685049 0.0734468 0.86614,-0.682904 -0.0912624 1.06299,-0.682904 -0.0912624 0.86614,-0.641723 -0.250755 1.06299,-0.641723 -0.250755 0.86614,-0.563861 -0.395914 1.06299,-0.563861 -0.395914 0.86614,-0.453767 -0.518442 1.06299,-0.453767 -0.518442 0.86614,-0.317736 -0.611335 1.06299,-0.317736 -0.611335 0.86614,-0.163542 -0.669284 1.06299,-0.163542 -0.669284 0.86614,-3.93385e-16 -0.688975 1.06299,-3.93385e-16 -0.688975 0.86614,0.163542 -0.669284 1.06299,0.163542 -0.669284 0.86614,0.317736 -0.611335 1.06299,0.317736 -0.611335 0.86614,0.453767 -0.518442 1.06299,0.453767 -0.518442 0.86614,0.563861 -0.395914 1.06299,0.563861 -0.395914 0.86614,0.641723 -0.250755 1.06299,0.641723 -0.250755 0.86614,0.682904 -0.0912624 1.06299,0.682904 -0.0912624 0.86614,0.685049 0.0734468 1.06299]
}}
appearance Appearance{material Material{diffuseColor 0.75 0.75 0.75
transparency 0}}}
Shape { geometry IndexedFaceSet 
{ creaseAngle 0.50 coordIndex [0,1,2,-1,3,4,5,-1,6,7,8,-1,3,9,4,-1,10,11,12,-1,4,13,5,-1,7,14,8,-1,15,16,17,-1,17,16,9,-1,18,19,20,-1,13,19,18,-1,15,21,16,-1,19,22,20,-1,15,23,21,-1,15,24,23,-1,25,26,22,-1,22,26,20,-1,24,27,23,-1,24,28,27,-1,25,29,26,-1,30,31,32,-1,33,31,30,-1,34,31,33,-1,35,31,34,-1,36,31,35,-1,25,37,29,-1,38,31,36,-1,39,40,41,-1,28,42,27,-1,43,44,45,-1,46,44,43,-1,47,44,46,-1,48,44,47,-1,49,44,48,-1,32,50,51,-1,52,44,49,-1,50,53,51,-1,51,53,40,-1,54,55,38,-1,37,56,57,-1,11,55,54,-1,1,55,10,-1,0,55,1,-1,10,55,11,-1,38,55,31,-1,39,58,14,-1,14,58,8,-1,59,60,42,-1,41,58,39,-1,61,6,62,-1,62,63,61,-1,57,29,37,-1,59,64,60,-1,3,17,9,-1,18,5,13,-1,64,44,52,-1,28,59,42,-1,53,41,40,-1,31,50,32,-1,56,63,57,-1,56,61,63,-1,65,0,2,-1,64,52,60,-1,45,0,65,-1,44,0,45,-1,6,8,62,-1,2,1,66,-1]
coord Coordinate { point [-0.295275 0.767715 1.06299,-0.0311719 0.51086 1.06299,-0.155275 0.524039 1.06299,-0.556843 -0.43832 1.06299,-0.453767 -0.518442 1.06299,-0.43832 -0.556843 1.06299,0.641723 -0.250755 1.06299,0.682904 -0.0912624 1.06299,0.767715 -0.295275 1.06299,-0.563861 -0.395914 1.06299,0.0311719 0.51086 1.06299,0.155275 0.524039 1.06299,0.0930531 0.50328 1.06299,-0.317736 -0.611335 1.06299,0.685049 0.0734468 1.06299,-0.767715 -0.295275 1.06299,-0.641723 -0.250755 1.06299,-0.644214 -0.295275 1.06299,-0.295275 -0.644214 1.06299,-0.163542 -0.669284 1.06299,-0.295275 -0.767715 1.06299,-0.682904 -0.0912624 1.06299,-3.93385e-16 -0.688975 1.06299,-0.685049 0.0734468 1.06299,-0.767715 0.295275 1.06299,0.163542 -0.669284 1.06299,0.295275 -0.767715 1.06299,-0.648036 0.233958 1.06299,-0.644214 0.295275 1.06299,0.295275 -0.644214 1.06299,0.322296 0.607633 1.06299,0.295275 0.644214 1.06299,0.333549 0.602853 1.06299,0.3103 0.609993 1.06299,0.298075 0.609832 1.06299,0.286145 0.607158 1.06299,0.275022 0.602085 1.06299,0.317736 -0.611335 1.06299,0.265181 0.594829 1.06299,0.648036 0.233958 1.06299,0.57398 0.381095 1.06299,0.644214 0.295275 1.06299,-0.57398 0.381095 1.06299,-0.275022 0.602085 1.06299,-0.295275 0.644214 1.06299,-0.265181 0.594829 1.06299,-0.286145 0.607158 1.06299,-0.298075 0.609832 1.06299,-0.3103 0.609993 1.06299,-0.322296 0.607633 1.06299,0.43832 0.556843 1.06299,0.467115 0.506449 1.06299,-0.333549 0.602853 1.06299,0.556843 0.43832 1.06299,0.213187 0.55484 1.06299,0.295275 0.767715 1.06299,0.453767 -0.518442 1.06299,0.43832 -0.556843 1.06299,0.767715 0.295275 1.06299,-0.556843 0.43832 1.06299,-0.467115 0.506449 1.06299,0.563861 -0.395914 1.06299,0.644214 -0.295275 1.06299,0.556843 -0.43832 1.06299,-0.43832 0.556843 1.06299,-0.213187 0.55484 1.06299,-0.0930531 0.50328 1.06299]
}}
appearance Appearance{material Material{diffuseColor 0.75 0.75 0.75
transparency 0}}}
Shape { geometry IndexedFaceSet 
{ creaseAngle 0.50 coordIndex [0,1,2,-1,3,0,2,-1,4,1,0,-1,5,3,2,-1,5,2,6,-1,7,1,4,-1,7,8,1,-1,9,10,11,-1,9,12,10,-1,13,5,6,-1,14,15,16,-1,14,11,15,-1,14,9,11,-1,17,18,12,-1,17,19,18,-1,17,12,9,-1,20,8,7,-1,21,16,22,-1,21,14,16,-1,23,13,6,-1,24,19,17,-1,23,6,25,-1,26,21,22,-1,27,8,20,-1,28,19,24,-1,29,26,22,-1,27,30,8,-1,31,23,25,-1,32,19,28,-1,33,29,22,-1,34,30,27,-1,35,19,32,-1,34,36,30,-1,37,38,39,-1,40,33,22,-1,37,31,25,-1,37,25,38,-1,41,36,34,-1,41,42,36,-1,43,37,39,-1,43,39,44,-1,45,42,41,-1,45,46,42,-1,47,43,44,-1,47,44,48,-1,49,47,48,-1,49,50,51,-1,49,52,50,-1,53,54,55,-1,53,56,54,-1,49,57,47,-1,49,51,57,-1,49,48,58,-1,59,60,61,-1,59,55,60,-1,62,63,64,-1,59,53,55,-1,62,65,63,-1,62,66,65,-1,62,45,66,-1,67,56,53,-1,68,52,49,-1,67,69,56,-1,67,70,69,-1,71,62,64,-1,72,61,73,-1,71,64,74,-1,75,71,74,-1,72,73,76,-1,72,59,61,-1,77,70,67,-1,78,79,52,-1,77,80,70,-1,78,52,68,-1,77,81,80,-1,82,74,79,-1,82,75,74,-1,83,82,79,-1,84,85,86,-1,83,79,78,-1,84,76,85,-1,84,72,76,-1,62,87,46,-1,62,46,45,-1,88,81,77,-1,89,84,86,-1,90,89,86,-1,91,92,93,-1,91,93,81,-1,91,81,88,-1,91,88,94,-1,95,86,40,-1,95,90,86,-1,95,40,22,-1,96,93,92,-1,96,35,93,-1,97,89,90,-1,98,91,94,-1,99,100,89,-1,99,89,97,-1,101,94,102,-1,101,98,94,-1,103,96,104,-1,103,35,96,-1,103,19,35,-1,105,106,95,-1,105,107,106,-1,105,95,22,-1,108,103,104,-1,109,100,99,-1,110,107,105,-1,111,101,102,-1,112,100,109,-1,113,103,108,-1,114,112,109,-1,115,105,116,-1,115,110,105,-1,117,111,102,-1,118,117,102,-1,119,120,103,-1,119,121,120,-1,119,103,113,-1,122,112,114,-1,123,117,118,-1,124,115,116,-1,124,116,125,-1,126,124,125,-1,127,121,119,-1,127,128,121,-1,129,123,118,-1,130,124,126,-1,131,112,122,-1,131,122,132,-1,133,128,127,-1,134,130,126,-1,135,133,127,-1,136,131,132,-1,137,129,118,-1,138,129,137,-1,139,133,135,-1,140,141,130,-1,140,130,134,-1,142,131,136,-1,143,139,135,-1,143,135,144,-1,145,141,140,-1,146,131,142,-1,146,142,147,-1,87,144,148,-1,87,143,144,-1,58,149,141,-1,58,150,149,-1,58,141,145,-1,151,146,147,-1,152,87,148,-1,153,138,137,-1,153,154,138,-1,153,155,154,-1,156,150,58,-1,157,87,152,-1,48,156,58,-1,46,87,157,-1,158,146,151,-1,158,151,159,-1,160,155,153,-1,160,161,155,-1,160,162,161,-1,38,158,159,-1,38,159,39,-1,36,42,162,-1,36,162,160,-1]
coord Coordinate { point [0.470258 0.486226 1.1811,0.313648 0.404444 1.1811,0.400285 0.318938 1.1811,0.504003 0.456331 1.1811,0.444648 0.523328 1.1811,0.543921 0.43538 1.1811,0.46428 0.215392 1.1811,0.428662 0.565481 1.1811,0.209269 0.467072 1.1811,-0.750212 -0.734244 1.1811,-0.842879 -0.811709 1.1811,-0.811709 -0.842879 1.1811,-0.866331 -0.774385 1.1811,0.587694 0.424591 1.1811,-0.716467 -0.764139 1.1811,-0.774385 -0.866331 1.1811,-0.732778 -0.88089 1.1811,-0.775822 -0.697142 1.1811,-0.88089 -0.732778 1.1811,-0.885825 -0.688975 1.1811,0.423227 0.610235 1.1811,-0.676549 -0.78509 1.1811,-0.688975 -0.885825 1.1811,0.632776 0.424591 1.1811,-0.791808 -0.654989 1.1811,0.502013 0.0996627 1.1811,-0.632776 -0.795879 1.1811,0.428662 0.654989 1.1811,-0.797243 -0.610235 1.1811,-0.587694 -0.795879 1.1811,0.0930531 0.50328 1.1811,0.676549 0.43538 1.1811,-0.791808 -0.565481 1.1811,-0.543921 -0.78509 1.1811,0.444648 0.697142 1.1811,-0.775822 -0.523328 1.1811,-0.0186127 0.511471 1.1811,0.716467 0.456331 1.1811,0.51135 -0.0217044 1.1811,0.716467 -0.456331 1.1811,-0.504003 -0.764139 1.1811,0.470258 0.734244 1.1811,-0.470258 0.734244 1.1811,0.750212 0.486226 1.1811,0.750212 -0.486226 1.1811,0.504003 0.764139 1.1811,-0.504003 0.764139 1.1811,0.775822 0.523328 1.1811,0.775822 -0.523328 1.1811,0.885825 0.688975 1.1811,0.791808 0.654989 1.1811,0.797243 0.610235 1.1811,0.775822 0.697142 1.1811,-0.386399 -0.335626 1.1811,-0.504003 -0.456331 1.1811,-0.470258 -0.486226 1.1811,-0.543921 -0.43538 1.1811,0.791808 0.565481 1.1811,0.885825 -0.688975 1.1811,-0.296214 -0.417381 1.1811,-0.444648 -0.523328 1.1811,-0.428662 -0.565481 1.1811,0.688975 0.885825 1.1811,0.632776 0.795879 1.1811,0.676549 0.78509 1.1811,0.587694 0.795879 1.1811,0.543921 0.78509 1.1811,-0.454728 -0.234887 1.1811,0.88089 0.732778 1.1811,-0.587694 -0.424591 1.1811,-0.632776 -0.424591 1.1811,0.732778 0.88089 1.1811,-0.189274 -0.475526 1.1811,-0.423227 -0.610235 1.1811,0.716467 0.764139 1.1811,0.774385 0.866331 1.1811,-0.428662 -0.654989 1.1811,-0.497335 -0.120862 1.1811,0.866331 0.774385 1.1811,0.750212 0.734244 1.1811,-0.676549 -0.43538 1.1811,-0.716467 -0.456331 1.1811,0.811709 0.842879 1.1811,0.842879 0.811709 1.1811,-0.0716268 -0.506773 1.1811,-0.444648 -0.697142 1.1811,-0.470258 -0.734244 1.1811,-0.688975 0.885825 1.1811,-0.51181 0 1.1811,0.0500715 -0.509355 1.1811,0.470258 -0.734244 1.1811,-0.716467 0.456331 1.1811,-0.750212 0.486226 1.1811,-0.750212 -0.486226 1.1811,-0.499563 0.111294 1.1811,0.504003 -0.764139 1.1811,-0.775822 0.523328 1.1811,0.444648 -0.697142 1.1811,-0.676549 0.43538 1.1811,0.428662 -0.654989 1.1811,0.168938 -0.483125 1.1811,-0.632776 0.424591 1.1811,-0.463408 0.217262 1.1811,-0.885825 0.688975 1.1811,-0.791808 0.565481 1.1811,0.688975 -0.885825 1.1811,0.543921 -0.78509 1.1811,0.587694 -0.795879 1.1811,-0.797243 0.610235 1.1811,0.423227 -0.610235 1.1811,0.632776 -0.795879 1.1811,-0.587694 0.424591 1.1811,0.278248 -0.429567 1.1811,-0.791808 0.654989 1.1811,0.428662 -0.565481 1.1811,0.676549 -0.78509 1.1811,0.732778 -0.88089 1.1811,-0.543921 0.43538 1.1811,-0.405075 0.312832 1.1811,-0.775822 0.697142 1.1811,-0.88089 0.732778 1.1811,-0.866331 0.774385 1.1811,0.444648 -0.523328 1.1811,-0.504003 0.456331 1.1811,0.716467 -0.764139 1.1811,0.774385 -0.866331 1.1811,0.811709 -0.842879 1.1811,-0.750212 0.734244 1.1811,-0.842879 0.811709 1.1811,-0.470258 0.486226 1.1811,0.750212 -0.734244 1.1811,0.371819 -0.351711 1.1811,0.470258 -0.486226 1.1811,-0.811709 0.842879 1.1811,0.842879 -0.811709 1.1811,-0.716467 0.764139 1.1811,0.504003 -0.456331 1.1811,-0.327356 0.39343 1.1811,-0.444648 0.523328 1.1811,-0.774385 0.866331 1.1811,0.866331 -0.774385 1.1811,0.775822 -0.697142 1.1811,0.543921 -0.43538 1.1811,-0.732778 0.88089 1.1811,-0.676549 0.78509 1.1811,0.88089 -0.732778 1.1811,0.444358 -0.25396 1.1811,0.587694 -0.424591 1.1811,-0.632776 0.795879 1.1811,0.791808 -0.654989 1.1811,0.797243 -0.610235 1.1811,0.632776 -0.424591 1.1811,-0.587694 0.795879 1.1811,-0.233971 0.4552 1.1811,-0.428662 0.565481 1.1811,-0.423227 0.610235 1.1811,0.791808 -0.565481 1.1811,-0.543921 0.78509 1.1811,0.491762 -0.141844 1.1811,0.676549 -0.43538 1.1811,-0.129388 0.495185 1.1811,-0.428662 0.654989 1.1811,-0.444648 0.697142 1.1811]
}}
appearance Appearance{material Material{diffuseColor 0.75 0.75 0.75
transparency 0}}}
Shape { geometry IndexedFaceSet 
{ creaseAngle 0.50 coordIndex [0,1,2,-1,3,4,5,-1,1,4,3,-1,5,6,7,-1,4,6,5,-1,8,9,10,-1,7,11,12,-1,6,11,7,-1,10,13,14,-1,14,13,15,-1,12,16,17,-1,9,13,10,-1,11,16,12,-1,15,18,19,-1,13,18,15,-1,17,20,21,-1,16,20,17,-1,19,22,23,-1,18,22,19,-1,21,24,8,-1,20,24,21,-1,23,25,26,-1,24,9,8,-1,22,25,23,-1,25,27,26,-1,26,28,29,-1,27,28,26,-1,29,30,31,-1,28,30,29,-1,31,32,33,-1,30,32,31,-1,33,34,35,-1,32,34,33,-1,34,36,35,-1,35,36,37,-1,36,38,37,-1,37,38,39,-1,38,40,39,-1,39,40,41,-1,40,42,41,-1,41,42,43,-1,42,44,43,-1,43,44,45,-1,44,46,45,-1,45,46,47,-1,47,48,49,-1,46,48,47,-1,48,50,49,-1,49,50,51,-1,51,52,53,-1,50,52,51,-1,53,0,2,-1,52,0,53,-1,2,1,3,-1]
coord Coordinate { point [0.444358 -0.25396 1.1811,0.491762 -0.141844 1.1811,0.482855 -0.169706 1.06299,0.509673 -0.0467216 1.06299,0.51135 -0.0217044 1.1811,0.505662 0.0790888 1.06299,0.502013 0.0996627 1.1811,0.471066 0.200115 1.06299,0.0930531 0.50328 1.06299,0.0930531 0.50328 1.1811,0.0311719 0.51086 1.06299,0.46428 0.215392 1.1811,0.407977 0.309038 1.06299,-0.0186127 0.511471 1.1811,-0.0311719 0.51086 1.06299,-0.0930531 0.50328 1.06299,0.400285 0.318938 1.1811,0.320211 0.399268 1.06299,-0.129388 0.495185 1.1811,-0.213076 0.465347 1.06299,0.313648 0.404444 1.1811,0.213076 0.465347 1.06299,-0.233971 0.4552 1.1811,-0.320211 0.399268 1.06299,0.209269 0.467072 1.1811,-0.327356 0.39343 1.1811,-0.407977 0.309038 1.06299,-0.405075 0.312832 1.1811,-0.463408 0.217262 1.1811,-0.471066 0.200115 1.06299,-0.499563 0.111294 1.1811,-0.505662 0.0790888 1.06299,-0.51181 0 1.1811,-0.509673 -0.0467216 1.06299,-0.497335 -0.120862 1.1811,-0.482855 -0.169706 1.06299,-0.454728 -0.234887 1.1811,-0.426832 -0.282426 1.06299,-0.386399 -0.335626 1.1811,-0.34499 -0.378062 1.06299,-0.296214 -0.417381 1.1811,-0.242282 -0.450831 1.06299,-0.189274 -0.475526 1.1811,-0.124919 -0.496331 1.06299,-0.0716268 -0.506773 1.1811,-9.4018e-17 -0.51181 1.06299,0.0500715 -0.509355 1.1811,0.124919 -0.496331 1.06299,0.168938 -0.483125 1.1811,0.242282 -0.450831 1.06299,0.278248 -0.429567 1.1811,0.34499 -0.378062 1.06299,0.371819 -0.351711 1.1811,0.426832 -0.282426 1.06299]
}}
appearance Appearance{material Material{diffuseColor 0.75 0.75 0.75
transparency 0}}}
Shape { geometry IndexedFaceSet 
{ creaseAngle 0.50 coordIndex [0,1,2,-1,0,2,3,-1,4,5,6,-1,7,8,9,-1,4,6,10,-1,11,12,13,-1,11,13,14,-1,11,14,15,-1,11,15,12,-1,16,4,10,-1,16,10,17,-1,18,0,3,-1,18,3,19,-1,20,21,22,-1,20,22,1,-1,20,1,0,-1,23,17,24,-1,23,16,17,-1,25,18,19,-1,25,19,5,-1,26,0,18,-1,26,20,0,-1,27,24,13,-1,27,13,12,-1,27,23,24,-1,28,29,30,-1,28,30,31,-1,32,5,4,-1,32,25,5,-1,33,27,12,-1,33,12,34,-1,33,34,35,-1,33,35,27,-1,36,18,25,-1,36,26,18,-1,37,4,16,-1,37,32,4,-1,38,21,20,-1,38,39,40,-1,38,40,21,-1,41,36,25,-1,41,25,32,-1,42,16,23,-1,42,37,16,-1,43,32,37,-1,43,41,32,-1,44,20,26,-1,44,38,20,-1,45,42,23,-1,45,23,27,-1,45,27,35,-1,46,37,42,-1,46,43,37,-1,47,35,48,-1,47,45,35,-1,49,26,36,-1,49,44,26,-1,50,42,45,-1,50,46,42,-1,51,52,39,-1,51,39,38,-1,53,36,41,-1,53,49,36,-1,54,50,45,-1,54,48,55,-1,54,55,56,-1,54,56,50,-1,54,47,48,-1,54,45,47,-1,57,53,41,-1,57,41,43,-1,58,38,44,-1,58,51,38,-1,59,60,52,-1,59,52,51,-1,61,57,43,-1,61,43,46,-1,62,58,44,-1,62,44,49,-1,63,59,51,-1,63,51,58,-1,64,46,50,-1,64,61,46,-1,64,50,56,-1,65,66,67,-1,65,67,60,-1,65,60,59,-1,68,62,49,-1,68,49,53,-1,69,70,64,-1,69,64,56,-1,69,56,71,-1,69,71,70,-1,72,58,62,-1,72,63,58,-1,73,68,53,-1,73,53,57,-1,74,65,59,-1,74,59,63,-1,75,72,62,-1,75,62,68,-1,76,57,61,-1,76,73,57,-1,77,74,63,-1,77,63,72,-1,78,75,68,-1,78,68,73,-1,79,61,64,-1,79,76,61,-1,79,64,70,-1,80,8,81,-1,80,81,66,-1,80,66,65,-1,80,9,8,-1,82,77,72,-1,82,72,75,-1,83,73,76,-1,83,78,73,-1,84,70,85,-1,84,79,70,-1,86,82,75,-1,86,75,78,-1,87,65,74,-1,87,80,65,-1,87,88,9,-1,89,90,7,-1,87,9,80,-1,91,83,76,-1,91,76,79,-1,89,7,9,-1,92,9,88,-1,93,78,83,-1,93,86,78,-1,92,89,9,-1,94,85,95,-1,94,91,79,-1,94,84,85,-1,96,97,90,-1,94,79,84,-1,96,90,89,-1,98,87,74,-1,99,92,88,-1,98,100,88,-1,99,88,100,-1,98,74,77,-1,98,88,87,-1,101,83,91,-1,101,93,83,-1,102,77,82,-1,102,103,100,-1,104,89,92,-1,102,100,98,-1,102,98,77,-1,104,96,89,-1,105,106,107,-1,108,95,109,-1,105,107,97,-1,108,109,110,-1,108,94,95,-1,108,110,101,-1,108,91,94,-1,105,97,96,-1,108,101,91,-1,111,99,100,-1,112,82,86,-1,111,100,103,-1,112,113,103,-1,112,103,102,-1,112,102,82,-1,114,92,99,-1,115,116,113,-1,115,86,93,-1,114,104,92,-1,115,112,86,-1,115,113,112,-1,117,116,115,-1,118,111,103,-1,118,103,113,-1,117,115,93,-1,117,29,116,-1,117,101,110,-1,117,93,101,-1,119,117,110,-1,119,29,117,-1,119,110,120,-1,119,120,31,-1,119,30,29,-1,119,31,30,-1,121,96,104,-1,121,105,96,-1,122,99,111,-1,122,114,99,-1,123,113,116,-1,123,118,113,-1,124,121,104,-1,124,104,114,-1,125,122,111,-1,125,111,118,-1,126,29,28,-1,126,116,29,-1,126,123,116,-1,127,128,129,-1,127,129,106,-1,127,106,105,-1,130,124,114,-1,130,114,122,-1,131,118,123,-1,131,125,118,-1,132,126,28,-1,132,28,133,-1,134,130,122,-1,134,122,125,-1,135,127,105,-1,135,105,121,-1,136,123,126,-1,136,131,123,-1,137,125,131,-1,137,134,125,-1,138,126,132,-1,138,133,139,-1,138,132,133,-1,138,136,126,-1,140,121,124,-1,140,135,121,-1,141,131,136,-1,141,137,131,-1,142,143,128,-1,142,128,127,-1,144,124,130,-1,144,140,124,-1,145,136,138,-1,145,146,141,-1,145,139,147,-1,145,147,146,-1,145,141,136,-1,145,138,139,-1,148,144,130,-1,148,130,134,-1,149,142,127,-1,149,127,135,-1,150,151,143,-1,150,143,142,-1,152,148,134,-1,152,134,137,-1,153,149,135,-1,153,135,140,-1,154,150,142,-1,154,142,149,-1,155,141,146,-1,155,137,141,-1,155,152,137,-1,156,151,150,-1,156,157,158,-1,156,158,151,-1,159,140,144,-1,159,153,140,-1,160,155,146,-1,160,146,161,-1,160,162,155,-1,160,161,162,-1,163,149,153,-1,163,154,149,-1,164,159,144,-1,164,144,148,-1,165,150,154,-1,165,156,150,-1,166,163,153,-1,166,153,159,-1,167,164,148,-1,167,148,152,-1,168,154,163,-1,168,165,154,-1,169,159,164,-1,169,166,159,-1,170,167,152,-1,170,155,162,-1,170,152,155,-1,171,172,173,-1,171,173,157,-1,171,157,156,-1,174,163,166,-1,174,168,163,-1,175,164,167,-1,175,169,164,-1,176,162,177,-1,176,170,162,-1,178,166,169,-1,178,174,166,-1,179,171,156,-1,179,156,165,-1,180,167,170,-1,180,175,167,-1,181,169,175,-1,181,178,169,-1,182,177,183,-1,182,180,170,-1,182,176,177,-1,182,170,176,-1,6,165,168,-1,6,179,165,-1,184,175,180,-1,184,181,175,-1,3,2,185,-1,3,185,172,-1,3,172,171,-1,10,168,174,-1,10,6,168,-1,186,182,183,-1,186,14,184,-1,186,183,187,-1,186,187,14,-1,186,180,182,-1,186,184,180,-1,17,10,174,-1,17,174,178,-1,19,171,179,-1,19,3,171,-1,24,17,178,-1,24,178,181,-1,5,179,6,-1,5,19,179,-1,13,181,184,-1,13,24,181,-1,13,184,14,-1]
coord Coordinate { point [-0.682981 0.546213 1.33521,-0.661806 0.564548 1.33858,-0.671241 0.578217 1.33858,-0.704658 0.588439 1.33521,-0.759986 0.575667 1.30269,-0.744585 0.579222 1.31634,-0.744585 0.641248 1.31634,-0.54334 0.626723 1.33858,-0.541337 0.610235 1.33858,-0.513329 0.610235 1.33521,-0.759986 0.644803 1.30269,-0.791715 0.652127 1.2338,-0.797243 0.610235 1.22047,-0.789442 0.651602 1.2473,-0.775822 0.697142 1.22047,-0.791808 0.654989 1.22047,-0.773032 0.572656 1.28613,-0.773032 0.647814 1.28613,-0.702122 0.529368 1.32577,-0.729502 0.582704 1.32577,-0.664536 0.529971 1.33521,-0.634666 0.545815 1.33858,-0.649373 0.553533 1.33858,-0.782997 0.570356 1.26735,-0.782997 0.650114 1.26735,-0.713742 0.519141 1.31634,-0.678823 0.508853 1.32577,-0.789442 0.568868 1.2473,-0.428662 0.654989 1.22047,-0.426315 0.610235 1.2473,-0.423982 0.610235 1.2338,-0.423227 0.610235 1.22047,-0.725607 0.508699 1.30269,-0.791715 0.568343 1.2338,-0.791808 0.565481 1.22047,-0.775822 0.523328 1.22047,-0.687497 0.496032 1.31634,-0.735658 0.499854 1.28613,-0.620987 0.513927 1.33521,-0.60193 0.54184 1.33858,-0.61854 0.54184 1.33858,-0.696354 0.48294 1.30269,-0.743336 0.493097 1.26735,-0.703856 0.471851 1.28613,-0.623816 0.488587 1.32577,-0.748301 0.488727 1.2473,-0.709587 0.463381 1.26735,-0.750052 0.487186 1.2338,-0.750212 0.486226 1.22047,-0.625533 0.473203 1.31634,-0.713293 0.457902 1.2473,-0.577324 0.519088 1.33521,-0.585804 0.545815 1.33858,-0.627287 0.457495 1.30269,-0.714601 0.45597 1.2338,-0.716467 0.456331 1.22047,-0.676549 0.43538 1.22047,-0.628772 0.444189 1.28613,-0.568665 0.495107 1.32577,-0.555934 0.529971 1.33521,-0.571097 0.553533 1.33858,-0.629907 0.434025 1.26735,-0.563408 0.480547 1.31634,-0.541647 0.508853 1.32577,-0.630641 0.427451 1.2473,-0.537489 0.546213 1.33521,-0.549229 0.578217 1.33858,-0.558664 0.564548 1.33858,-0.55804 0.46568 1.30269,-0.6309 0.425133 1.2338,-0.587694 0.424591 1.22047,-0.632776 0.424591 1.22047,-0.532973 0.496032 1.31634,-0.553493 0.453087 1.28613,-0.518348 0.529368 1.32577,-0.524116 0.48294 1.30269,-0.55002 0.443468 1.26735,-0.506728 0.519141 1.31634,-0.516614 0.471851 1.28613,-0.547774 0.437247 1.2473,-0.515812 0.588439 1.33521,-0.54334 0.593747 1.33858,-0.494863 0.508699 1.30269,-0.510883 0.463381 1.26735,-0.546981 0.435053 1.2338,-0.543921 0.43538 1.22047,-0.484812 0.499854 1.28613,-0.490968 0.582704 1.32577,-0.487832 0.610235 1.32577,-0.523811 0.654073 1.33521,-0.549229 0.642253 1.33858,-0.507177 0.457902 1.2473,-0.501072 0.665607 1.32577,-0.477134 0.493097 1.26735,-0.505869 0.45597 1.2338,-0.504003 0.456331 1.22047,-0.537489 0.674257 1.33521,-0.558664 0.655922 1.33858,-0.475885 0.579222 1.31634,-0.487267 0.67261 1.31634,-0.472353 0.610235 1.31634,-0.472169 0.488727 1.2473,-0.460484 0.575667 1.30269,-0.456545 0.610235 1.30269,-0.518348 0.691102 1.32577,-0.555934 0.690499 1.33521,-0.585804 0.674655 1.33858,-0.571097 0.666937 1.33858,-0.470418 0.487186 1.2338,-0.470258 0.486226 1.22047,-0.444648 0.523328 1.22047,-0.473171 0.67976 1.30269,-0.447438 0.572656 1.28613,-0.443157 0.610235 1.28612,-0.506728 0.701329 1.31634,-0.437473 0.570356 1.26735,-0.432931 0.610235 1.26735,-0.431028 0.568868 1.2473,-0.46123 0.685817 1.28613,-0.428755 0.568343 1.2338,-0.428662 0.565481 1.22047,-0.541647 0.711617 1.32577,-0.494863 0.711771 1.30269,-0.45211 0.690443 1.26735,-0.532973 0.724438 1.31634,-0.484812 0.720616 1.28613,-0.446211 0.693436 1.2473,-0.599483 0.706543 1.33521,-0.61854 0.67863 1.33858,-0.60193 0.67863 1.33858,-0.524116 0.73753 1.30269,-0.477134 0.727373 1.26735,-0.44413 0.694491 1.2338,-0.444648 0.697142 1.22047,-0.516614 0.748619 1.28613,-0.596654 0.731883 1.32577,-0.472169 0.731743 1.2473,-0.510883 0.757089 1.26735,-0.470418 0.733284 1.2338,-0.470258 0.734244 1.22047,-0.594937 0.747267 1.31634,-0.507177 0.762568 1.2473,-0.643146 0.701382 1.33521,-0.634666 0.674655 1.33858,-0.593183 0.762975 1.30269,-0.505869 0.7645 1.2338,-0.543921 0.78509 1.22047,-0.504003 0.764139 1.22047,-0.591698 0.776281 1.28613,-0.651805 0.725363 1.32577,-0.664536 0.690499 1.33521,-0.649373 0.666937 1.33858,-0.590563 0.786445 1.26735,-0.657062 0.739923 1.31634,-0.678823 0.711617 1.32577,-0.589829 0.793019 1.2473,-0.682981 0.674257 1.33521,-0.671241 0.642253 1.33858,-0.661806 0.655922 1.33858,-0.66243 0.75479 1.30269,-0.58957 0.795337 1.2338,-0.587694 0.795879 1.22047,-0.632776 0.795879 1.22047,-0.687497 0.724438 1.31634,-0.666977 0.767383 1.28613,-0.702122 0.691102 1.32577,-0.696354 0.73753 1.30269,-0.67045 0.777002 1.26735,-0.713742 0.701329 1.31634,-0.703856 0.748619 1.28613,-0.672696 0.783223 1.2473,-0.704658 0.632031 1.33521,-0.679133 0.610235 1.33858,-0.67713 0.626723 1.33858,-0.725607 0.711771 1.30269,-0.709587 0.757089 1.26735,-0.673489 0.785417 1.2338,-0.676549 0.78509 1.22047,-0.735658 0.720616 1.28613,-0.729502 0.637766 1.32577,-0.713293 0.762568 1.2473,-0.743336 0.727373 1.26735,-0.714601 0.7645 1.2338,-0.716467 0.764139 1.22047,-0.748301 0.731743 1.2473,-0.67713 0.593747 1.33858,-0.750052 0.733284 1.2338,-0.750212 0.734244 1.22047]
}}
appearance Appearance{material Material{diffuseColor 0 0 0
transparency 0}}}
Shape { geometry IndexedFaceSet 
{ creaseAngle 0.50 coordIndex [0,1,2,-1,3,0,2,-1,3,2,4,-1,5,4,6,-1,5,3,4,-1,7,8,9,-1,7,9,10,-1,11,6,12,-1,11,5,6,-1,13,10,14,-1,15,12,16,-1,13,7,10,-1,15,11,12,-1,17,14,18,-1,19,16,20,-1,17,13,14,-1,19,15,16,-1,21,18,22,-1,23,20,24,-1,21,17,18,-1,23,19,20,-1,25,22,26,-1,27,24,28,-1,25,21,22,-1,27,23,24,-1,29,28,30,-1,29,27,28,-1,31,26,32,-1,8,30,9,-1,31,25,26,-1,8,29,30,-1,33,32,34,-1,33,31,32,-1,35,34,36,-1,35,33,34,-1,37,36,38,-1,37,35,36,-1,39,38,40,-1,39,37,38,-1,41,39,40,-1,41,40,42,-1,43,41,42,-1,43,42,44,-1,45,43,44,-1,45,44,46,-1,47,45,46,-1,47,46,48,-1,49,47,48,-1,49,48,50,-1,51,49,50,-1,51,50,1,-1,0,51,1,-1]
coord Coordinate { point [-0.716467 0.764139 1.1811,-0.750212 0.734244 1.22047,-0.716467 0.764139 1.22047,-0.676549 0.78509 1.1811,-0.676549 0.78509 1.22047,-0.632776 0.795879 1.1811,-0.632776 0.795879 1.22047,-0.428662 0.565481 1.1811,-0.423227 0.610235 1.1811,-0.423227 0.610235 1.22047,-0.428662 0.565481 1.22047,-0.587694 0.795879 1.1811,-0.587694 0.795879 1.22047,-0.444648 0.523328 1.1811,-0.444648 0.523328 1.22047,-0.543921 0.78509 1.1811,-0.543921 0.78509 1.22047,-0.470258 0.486226 1.1811,-0.470258 0.486226 1.22047,-0.504003 0.764139 1.1811,-0.504003 0.764139 1.22047,-0.504003 0.456331 1.1811,-0.504003 0.456331 1.22047,-0.470258 0.734244 1.1811,-0.470258 0.734244 1.22047,-0.543921 0.43538 1.1811,-0.543921 0.43538 1.22047,-0.444648 0.697142 1.1811,-0.444648 0.697142 1.22047,-0.428662 0.654989 1.1811,-0.428662 0.654989 1.22047,-0.587694 0.424591 1.1811,-0.587694 0.424591 1.22047,-0.632776 0.424591 1.1811,-0.632776 0.424591 1.22047,-0.676549 0.43538 1.1811,-0.676549 0.43538 1.22047,-0.716467 0.456331 1.1811,-0.716467 0.456331 1.22047,-0.750212 0.486226 1.1811,-0.750212 0.486226 1.22047,-0.775822 0.523328 1.1811,-0.775822 0.523328 1.22047,-0.791808 0.565481 1.1811,-0.791808 0.565481 1.22047,-0.797243 0.610235 1.1811,-0.797243 0.610235 1.22047,-0.791808 0.654989 1.1811,-0.791808 0.654989 1.22047,-0.775822 0.697142 1.1811,-0.775822 0.697142 1.22047,-0.750212 0.734244 1.1811]
}}
appearance Appearance{material Material{diffuseColor 0 0 0
transparency 0}}}
Shape { geometry IndexedFaceSet 
{ creaseAngle 0.50 coordIndex [0,1,2,-1,2,1,3,-1,3,1,4,-1,4,1,5,-1,5,1,6,-1,6,1,7,-1,7,1,8,-1,8,1,9,-1,9,1,10,-1,10,1,11,-1,11,1,12,-1,12,1,13,-1,13,1,14,-1,14,1,15,-1,15,1,16,-1,17,1,18,-1,18,1,19,-1,19,1,20,-1,20,1,21,-1,21,1,22,-1,22,1,23,-1,23,1,24,-1,24,1,25,-1,25,1,0,-1]
coord Coordinate { point [-0.541337 0.610235 1.33858,-0.661806 0.655922 1.33858,-0.54334 0.593747 1.33858,-0.549229 0.578217 1.33858,-0.558664 0.564548 1.33858,-0.571097 0.553533 1.33858,-0.585804 0.545815 1.33858,-0.60193 0.54184 1.33858,-0.61854 0.54184 1.33858,-0.634666 0.545815 1.33858,-0.649373 0.553533 1.33858,-0.661806 0.564548 1.33858,-0.671241 0.578217 1.33858,-0.67713 0.593747 1.33858,-0.679133 0.610235 1.33858,-0.67713 0.626723 1.33858,-0.671241 0.642253 1.33858,-0.649373 0.666937 1.33858,-0.634666 0.674655 1.33858,-0.61854 0.67863 1.33858,-0.60193 0.67863 1.33858,-0.585804 0.674655 1.33858,-0.571097 0.666937 1.33858,-0.558664 0.655922 1.33858,-0.549229 0.642253 1.33858,-0.54334 0.626723 1.33858]
}}
appearance Appearance{material Material{diffuseColor 0 0 0
transparency 0}}}
Shape { geometry IndexedFaceSet 
{ creaseAngle 0.50 coordIndex [0,1,2,-1,0,2,3,-1,4,5,6,-1,7,8,9,-1,4,6,10,-1,11,12,13,-1,11,13,14,-1,11,14,15,-1,11,15,12,-1,16,4,10,-1,16,10,17,-1,18,0,3,-1,18,3,19,-1,20,21,22,-1,20,22,1,-1,20,1,0,-1,23,17,24,-1,23,16,17,-1,25,18,19,-1,25,19,5,-1,26,0,18,-1,26,20,0,-1,27,24,13,-1,27,13,12,-1,27,23,24,-1,28,29,30,-1,28,30,31,-1,32,5,4,-1,32,25,5,-1,33,27,12,-1,33,12,34,-1,33,34,35,-1,33,35,27,-1,36,18,25,-1,36,26,18,-1,37,4,16,-1,37,32,4,-1,38,21,20,-1,38,39,40,-1,38,40,21,-1,41,36,25,-1,41,25,32,-1,42,16,23,-1,42,37,16,-1,43,32,37,-1,43,41,32,-1,44,20,26,-1,44,38,20,-1,45,42,23,-1,45,23,27,-1,45,27,35,-1,46,37,42,-1,46,43,37,-1,47,35,48,-1,47,45,35,-1,49,26,36,-1,49,44,26,-1,50,42,45,-1,50,46,42,-1,51,52,39,-1,51,39,38,-1,53,36,41,-1,53,49,36,-1,54,50,45,-1,54,48,55,-1,54,55,56,-1,54,56,50,-1,54,47,48,-1,54,45,47,-1,57,53,41,-1,57,41,43,-1,58,38,44,-1,58,51,38,-1,59,60,52,-1,59,52,51,-1,61,57,43,-1,61,43,46,-1,62,58,44,-1,62,44,49,-1,63,59,51,-1,63,51,58,-1,64,46,50,-1,64,61,46,-1,64,50,56,-1,65,66,67,-1,65,67,60,-1,65,60,59,-1,68,62,49,-1,68,49,53,-1,69,70,64,-1,69,64,56,-1,69,56,71,-1,69,71,70,-1,72,58,62,-1,72,63,58,-1,73,68,53,-1,73,53,57,-1,74,65,59,-1,74,59,63,-1,75,72,62,-1,75,62,68,-1,76,57,61,-1,76,73,57,-1,77,74,63,-1,77,63,72,-1,78,75,68,-1,78,68,73,-1,79,61,64,-1,79,76,61,-1,79,64,70,-1,80,8,81,-1,80,81,66,-1,80,66,65,-1,80,9,8,-1,82,72,75,-1,82,77,72,-1,83,73,76,-1,83,78,73,-1,84,70,85,-1,84,79,70,-1,86,82,75,-1,86,75,78,-1,87,65,74,-1,87,80,65,-1,88,89,7,-1,87,90,9,-1,87,9,80,-1,91,83,76,-1,88,7,9,-1,91,76,79,-1,92,9,90,-1,92,88,9,-1,93,78,83,-1,93,86,78,-1,94,85,95,-1,96,97,89,-1,94,91,79,-1,94,84,85,-1,96,89,88,-1,94,79,84,-1,98,74,77,-1,99,92,90,-1,98,90,87,-1,99,90,100,-1,98,87,74,-1,98,100,90,-1,101,83,91,-1,101,93,83,-1,102,77,82,-1,102,103,100,-1,104,88,92,-1,104,96,88,-1,102,98,77,-1,105,106,107,-1,105,107,97,-1,102,100,98,-1,108,109,101,-1,108,95,110,-1,108,110,109,-1,105,97,96,-1,108,94,95,-1,108,91,94,-1,111,99,100,-1,108,101,91,-1,111,100,103,-1,112,82,86,-1,112,113,103,-1,112,102,82,-1,112,103,102,-1,114,92,99,-1,115,116,113,-1,114,104,92,-1,115,86,93,-1,115,112,86,-1,117,111,103,-1,115,113,112,-1,117,103,113,-1,118,101,109,-1,118,116,115,-1,118,115,93,-1,118,29,116,-1,118,93,101,-1,119,118,109,-1,119,29,118,-1,119,109,120,-1,119,120,31,-1,119,30,29,-1,119,31,30,-1,121,96,104,-1,121,105,96,-1,122,99,111,-1,122,114,99,-1,123,113,116,-1,123,117,113,-1,124,121,104,-1,124,104,114,-1,125,122,111,-1,125,111,117,-1,126,29,28,-1,126,116,29,-1,126,123,116,-1,127,128,129,-1,127,129,106,-1,127,106,105,-1,130,124,114,-1,130,114,122,-1,131,117,123,-1,131,125,117,-1,132,126,28,-1,132,28,133,-1,134,130,122,-1,134,122,125,-1,135,127,105,-1,135,105,121,-1,136,123,126,-1,136,131,123,-1,137,125,131,-1,137,134,125,-1,138,126,132,-1,138,133,139,-1,138,132,133,-1,138,136,126,-1,140,121,124,-1,140,135,121,-1,141,131,136,-1,141,137,131,-1,142,143,128,-1,142,128,127,-1,144,124,130,-1,144,140,124,-1,145,136,138,-1,145,146,141,-1,145,139,147,-1,145,147,146,-1,145,141,136,-1,145,138,139,-1,148,144,130,-1,148,130,134,-1,149,142,127,-1,149,127,135,-1,150,151,143,-1,150,143,142,-1,152,148,134,-1,152,134,137,-1,153,149,135,-1,153,135,140,-1,154,150,142,-1,154,142,149,-1,155,141,146,-1,155,137,141,-1,155,152,137,-1,156,151,150,-1,156,157,158,-1,156,158,151,-1,159,140,144,-1,159,153,140,-1,160,155,146,-1,160,146,161,-1,160,162,155,-1,160,161,162,-1,163,149,153,-1,163,154,149,-1,164,159,144,-1,164,144,148,-1,165,150,154,-1,165,156,150,-1,166,163,153,-1,166,153,159,-1,167,164,148,-1,167,148,152,-1,168,154,163,-1,168,165,154,-1,169,159,164,-1,169,166,159,-1,170,167,152,-1,170,155,162,-1,170,152,155,-1,171,172,173,-1,171,173,157,-1,171,157,156,-1,174,163,166,-1,174,168,163,-1,175,164,167,-1,175,169,164,-1,176,162,177,-1,176,170,162,-1,178,166,169,-1,178,174,166,-1,179,171,156,-1,179,156,165,-1,180,167,170,-1,180,175,167,-1,181,169,175,-1,181,178,169,-1,182,177,183,-1,182,180,170,-1,182,176,177,-1,182,170,176,-1,6,165,168,-1,6,179,165,-1,184,175,180,-1,184,181,175,-1,3,2,185,-1,3,185,172,-1,3,172,171,-1,10,168,174,-1,10,6,168,-1,186,182,183,-1,186,14,184,-1,186,183,187,-1,186,187,14,-1,186,180,182,-1,186,184,180,-1,17,10,174,-1,17,174,178,-1,19,171,179,-1,19,3,171,-1,24,17,178,-1,24,178,181,-1,5,179,6,-1,5,19,179,-1,13,181,184,-1,13,24,181,-1,13,184,14,-1]
coord Coordinate { point [0.537489 0.546213 1.33521,0.558664 0.564548 1.33858,0.549229 0.578217 1.33858,0.515812 0.588439 1.33521,0.460484 0.575667 1.30269,0.475885 0.579222 1.31634,0.475885 0.641248 1.31634,0.67713 0.626723 1.33858,0.679133 0.610235 1.33858,0.707141 0.610235 1.33521,0.460484 0.644803 1.30269,0.428755 0.652127 1.2338,0.423227 0.610235 1.22047,0.431028 0.651602 1.2473,0.444648 0.697142 1.22047,0.428662 0.654989 1.22047,0.447438 0.572656 1.28613,0.447438 0.647814 1.28613,0.518348 0.529368 1.32577,0.490968 0.582704 1.32577,0.555934 0.529971 1.33521,0.585804 0.545815 1.33858,0.571097 0.553533 1.33858,0.437473 0.570356 1.26735,0.437473 0.650114 1.26735,0.506728 0.519141 1.31634,0.541647 0.508853 1.32577,0.431028 0.568868 1.2473,0.791808 0.654989 1.22047,0.794155 0.610235 1.2473,0.796488 0.610235 1.2338,0.797242 0.610235 1.22047,0.494863 0.508699 1.30269,0.428755 0.568343 1.2338,0.428662 0.565481 1.22047,0.444648 0.523328 1.22047,0.532973 0.496032 1.31634,0.484812 0.499854 1.28613,0.599483 0.513927 1.33521,0.61854 0.54184 1.33858,0.60193 0.54184 1.33858,0.524116 0.48294 1.30269,0.477134 0.493097 1.26735,0.516614 0.471851 1.28613,0.596654 0.488587 1.32577,0.472169 0.488727 1.2473,0.510883 0.463381 1.26735,0.470418 0.487186 1.2338,0.470258 0.486226 1.22047,0.594937 0.473203 1.31634,0.507177 0.457902 1.2473,0.643146 0.519088 1.33521,0.634666 0.545815 1.33858,0.593183 0.457495 1.30269,0.505869 0.45597 1.2338,0.504003 0.456331 1.22047,0.543921 0.43538 1.22047,0.591698 0.444189 1.28613,0.651805 0.495107 1.32577,0.664536 0.529971 1.33521,0.649373 0.553533 1.33858,0.590563 0.434025 1.26735,0.657062 0.480547 1.31634,0.678823 0.508853 1.32577,0.589829 0.427451 1.2473,0.682981 0.546213 1.33521,0.671241 0.578217 1.33858,0.661806 0.564548 1.33858,0.66243 0.46568 1.30269,0.58957 0.425133 1.2338,0.632776 0.424591 1.22047,0.587694 0.424591 1.22047,0.687497 0.496032 1.31634,0.666977 0.453087 1.28613,0.702122 0.529368 1.32577,0.696354 0.48294 1.30269,0.67045 0.443468 1.26735,0.713742 0.519141 1.31634,0.703856 0.471851 1.28613,0.672696 0.437247 1.2473,0.704658 0.588439 1.33521,0.67713 0.593747 1.33858,0.725607 0.508699 1.30269,0.709587 0.463381 1.26735,0.673489 0.435053 1.2338,0.676549 0.43538 1.22047,0.735658 0.499854 1.28613,0.729502 0.582704 1.32577,0.696659 0.654073 1.33521,0.671241 0.642253 1.33858,0.732638 0.610235 1.32577,0.713293 0.457902 1.2473,0.719398 0.665607 1.32577,0.743336 0.493097 1.26735,0.714601 0.45597 1.2338,0.716467 0.456331 1.22047,0.682981 0.674257 1.33521,0.661806 0.655922 1.33858,0.744585 0.579222 1.31634,0.733203 0.67261 1.31634,0.748117 0.610235 1.31634,0.748301 0.488727 1.2473,0.759986 0.575667 1.30269,0.763925 0.610235 1.30269,0.702122 0.691102 1.32577,0.664536 0.690499 1.33521,0.634666 0.674655 1.33858,0.649373 0.666937 1.33858,0.750052 0.487186 1.2338,0.775822 0.523328 1.22047,0.750212 0.486226 1.22047,0.747299 0.67976 1.30269,0.773032 0.572656 1.28613,0.777313 0.610235 1.28612,0.713742 0.701329 1.31634,0.782997 0.570356 1.26735,0.787539 0.610235 1.26735,0.75924 0.685817 1.28613,0.789442 0.568868 1.2473,0.791715 0.568343 1.2338,0.791808 0.565481 1.22047,0.678823 0.711617 1.32577,0.725607 0.711771 1.30269,0.76836 0.690443 1.26735,0.687497 0.724438 1.31634,0.735658 0.720616 1.28613,0.774259 0.693436 1.2473,0.620987 0.706543 1.33521,0.60193 0.67863 1.33858,0.61854 0.67863 1.33858,0.696354 0.73753 1.30269,0.743336 0.727373 1.26735,0.77634 0.694491 1.2338,0.775822 0.697142 1.22047,0.703856 0.748619 1.28613,0.623816 0.731883 1.32577,0.748301 0.731743 1.2473,0.709587 0.757089 1.26735,0.750052 0.733284 1.2338,0.750212 0.734244 1.22047,0.625533 0.747267 1.31634,0.713293 0.762568 1.2473,0.577324 0.701382 1.33521,0.585804 0.674655 1.33858,0.627287 0.762975 1.30269,0.714601 0.7645 1.2338,0.676549 0.78509 1.22047,0.716467 0.764139 1.22047,0.628772 0.776281 1.28613,0.568665 0.725363 1.32577,0.555934 0.690499 1.33521,0.571097 0.666937 1.33858,0.629907 0.786445 1.26735,0.563408 0.739923 1.31634,0.541647 0.711617 1.32577,0.630641 0.793019 1.2473,0.537489 0.674257 1.33521,0.549229 0.642253 1.33858,0.558664 0.655922 1.33858,0.55804 0.75479 1.30269,0.6309 0.795337 1.2338,0.632776 0.795879 1.22047,0.587694 0.795879 1.22047,0.532973 0.724438 1.31634,0.553493 0.767383 1.28613,0.518348 0.691102 1.32577,0.524116 0.73753 1.30269,0.55002 0.777002 1.26735,0.506728 0.701329 1.31634,0.516614 0.748619 1.28613,0.547774 0.783223 1.2473,0.515812 0.632031 1.33521,0.541337 0.610235 1.33858,0.54334 0.626723 1.33858,0.494863 0.711771 1.30269,0.510883 0.757089 1.26735,0.546981 0.785417 1.2338,0.543921 0.78509 1.22047,0.484812 0.720616 1.28613,0.490968 0.637766 1.32577,0.507177 0.762568 1.2473,0.477134 0.727373 1.26735,0.505869 0.7645 1.2338,0.504003 0.764139 1.22047,0.472169 0.731743 1.2473,0.54334 0.593747 1.33858,0.470418 0.733284 1.2338,0.470258 0.734244 1.22047]
}}
appearance Appearance{material Material{diffuseColor 0 0 0
transparency 0}}}
Shape { geometry IndexedFaceSet 
{ creaseAngle 0.50 coordIndex [0,1,2,-1,3,0,2,-1,3,2,4,-1,5,4,6,-1,5,3,4,-1,7,8,9,-1,7,9,10,-1,11,6,12,-1,11,5,6,-1,13,10,14,-1,15,12,16,-1,13,7,10,-1,15,11,12,-1,17,14,18,-1,19,16,20,-1,17,13,14,-1,19,15,16,-1,21,18,22,-1,23,20,24,-1,21,17,18,-1,23,19,20,-1,25,22,26,-1,27,24,28,-1,25,21,22,-1,27,23,24,-1,29,28,30,-1,29,27,28,-1,31,26,32,-1,8,30,9,-1,31,25,26,-1,8,29,30,-1,33,32,34,-1,33,31,32,-1,35,34,36,-1,35,33,34,-1,37,36,38,-1,37,35,36,-1,39,38,40,-1,39,37,38,-1,41,39,40,-1,41,40,42,-1,43,41,42,-1,43,42,44,-1,45,43,44,-1,45,44,46,-1,47,45,46,-1,47,46,48,-1,49,47,48,-1,49,48,50,-1,51,49,50,-1,51,50,1,-1,0,51,1,-1]
coord Coordinate { point [0.504003 0.764139 1.1811,0.470258 0.734244 1.22047,0.504003 0.764139 1.22047,0.543921 0.78509 1.1811,0.543921 0.78509 1.22047,0.587694 0.795879 1.1811,0.587694 0.795879 1.22047,0.791808 0.565481 1.1811,0.797243 0.610235 1.1811,0.797242 0.610235 1.22047,0.791808 0.565481 1.22047,0.632776 0.795879 1.1811,0.632776 0.795879 1.22047,0.775822 0.523328 1.1811,0.775822 0.523328 1.22047,0.676549 0.78509 1.1811,0.676549 0.78509 1.22047,0.750212 0.486226 1.1811,0.750212 0.486226 1.22047,0.716467 0.764139 1.1811,0.716467 0.764139 1.22047,0.716467 0.456331 1.1811,0.716467 0.456331 1.22047,0.750212 0.734244 1.1811,0.750212 0.734244 1.22047,0.676549 0.43538 1.1811,0.676549 0.43538 1.22047,0.775822 0.697142 1.1811,0.775822 0.697142 1.22047,0.791808 0.654989 1.1811,0.791808 0.654989 1.22047,0.632776 0.424591 1.1811,0.632776 0.424591 1.22047,0.587694 0.424591 1.1811,0.587694 0.424591 1.22047,0.543921 0.43538 1.1811,0.543921 0.43538 1.22047,0.504003 0.456331 1.1811,0.504003 0.456331 1.22047,0.470258 0.486226 1.1811,0.470258 0.486226 1.22047,0.444648 0.523328 1.1811,0.444648 0.523328 1.22047,0.428662 0.565481 1.1811,0.428662 0.565481 1.22047,0.423227 0.610235 1.1811,0.423227 0.610235 1.22047,0.428662 0.654989 1.1811,0.428662 0.654989 1.22047,0.444648 0.697142 1.1811,0.444648 0.697142 1.22047,0.470258 0.734244 1.1811]
}}
appearance Appearance{material Material{diffuseColor 0 0 0
transparency 0}}}
Shape { geometry IndexedFaceSet 
{ creaseAngle 0.50 coordIndex [0,1,2,-1,2,1,3,-1,3,1,4,-1,4,1,5,-1,5,1,6,-1,6,1,7,-1,7,1,8,-1,8,1,9,-1,9,1,10,-1,10,1,11,-1,11,1,12,-1,12,1,13,-1,13,1,14,-1,14,1,15,-1,15,1,16,-1,17,1,18,-1,18,1,19,-1,19,1,20,-1,20,1,21,-1,21,1,22,-1,22,1,23,-1,23,1,24,-1,24,1,25,-1,25,1,0,-1]
coord Coordinate { point [0.679133 0.610235 1.33858,0.558664 0.655922 1.33858,0.67713 0.593747 1.33858,0.671241 0.578217 1.33858,0.661806 0.564548 1.33858,0.649373 0.553533 1.33858,0.634666 0.545815 1.33858,0.61854 0.54184 1.33858,0.60193 0.54184 1.33858,0.585804 0.545815 1.33858,0.571097 0.553533 1.33858,0.558664 0.564548 1.33858,0.549229 0.578217 1.33858,0.54334 0.593747 1.33858,0.541337 0.610235 1.33858,0.54334 0.626723 1.33858,0.549229 0.642253 1.33858,0.571097 0.666937 1.33858,0.585804 0.674655 1.33858,0.60193 0.67863 1.33858,0.61854 0.67863 1.33858,0.634666 0.674655 1.33858,0.649373 0.666937 1.33858,0.661806 0.655922 1.33858,0.671241 0.642253 1.33858,0.67713 0.626723 1.33858]
}}
appearance Appearance{material Material{diffuseColor 0 0 0
transparency 0}}}
Shape { geometry IndexedFaceSet 
{ creaseAngle 0.50 coordIndex [0,1,2,-1,0,2,3,-1,4,5,6,-1,7,8,9,-1,4,6,10,-1,11,12,13,-1,11,13,14,-1,11,14,15,-1,11,15,12,-1,16,4,10,-1,16,10,17,-1,18,0,3,-1,18,3,19,-1,20,21,22,-1,20,22,1,-1,20,1,0,-1,23,17,24,-1,23,16,17,-1,25,18,19,-1,25,19,5,-1,26,0,18,-1,26,20,0,-1,27,24,13,-1,27,13,12,-1,27,23,24,-1,28,29,30,-1,28,30,31,-1,32,5,4,-1,32,25,5,-1,33,27,12,-1,33,12,34,-1,33,34,35,-1,33,35,27,-1,36,18,25,-1,36,26,18,-1,37,4,16,-1,37,32,4,-1,38,21,20,-1,38,39,40,-1,38,40,21,-1,41,36,25,-1,41,25,32,-1,42,16,23,-1,42,37,16,-1,43,32,37,-1,43,41,32,-1,44,20,26,-1,44,38,20,-1,45,42,23,-1,45,23,27,-1,45,27,35,-1,46,37,42,-1,46,43,37,-1,47,35,48,-1,47,45,35,-1,49,26,36,-1,49,44,26,-1,50,42,45,-1,50,46,42,-1,51,52,39,-1,51,39,38,-1,53,36,41,-1,53,49,36,-1,54,50,45,-1,54,48,55,-1,54,55,56,-1,54,56,50,-1,54,47,48,-1,54,45,47,-1,57,53,41,-1,57,41,43,-1,58,38,44,-1,58,51,38,-1,59,60,52,-1,59,52,51,-1,61,57,43,-1,61,43,46,-1,62,58,44,-1,62,44,49,-1,63,59,51,-1,63,51,58,-1,64,46,50,-1,64,61,46,-1,64,50,56,-1,65,66,67,-1,65,67,60,-1,65,60,59,-1,68,62,49,-1,68,49,53,-1,69,70,64,-1,69,64,56,-1,69,56,71,-1,69,71,70,-1,72,58,62,-1,72,63,58,-1,73,68,53,-1,73,53,57,-1,74,65,59,-1,74,59,63,-1,75,72,62,-1,75,62,68,-1,76,57,61,-1,76,73,57,-1,77,74,63,-1,77,63,72,-1,78,75,68,-1,78,68,73,-1,79,61,64,-1,79,76,61,-1,79,64,70,-1,80,8,81,-1,80,81,66,-1,80,66,65,-1,80,9,8,-1,82,72,75,-1,82,77,72,-1,83,73,76,-1,83,78,73,-1,84,70,85,-1,84,79,70,-1,86,82,75,-1,86,75,78,-1,87,65,74,-1,87,80,65,-1,88,89,7,-1,87,90,9,-1,87,9,80,-1,91,83,76,-1,88,7,9,-1,91,76,79,-1,92,9,90,-1,92,88,9,-1,93,78,83,-1,93,86,78,-1,94,85,95,-1,96,97,89,-1,94,91,79,-1,94,84,85,-1,96,89,88,-1,94,79,84,-1,98,74,77,-1,99,92,90,-1,98,90,87,-1,99,90,100,-1,98,87,74,-1,98,100,90,-1,101,83,91,-1,101,93,83,-1,102,77,82,-1,102,103,100,-1,104,88,92,-1,104,96,88,-1,102,98,77,-1,105,106,107,-1,105,107,97,-1,102,100,98,-1,108,109,101,-1,108,95,110,-1,108,110,109,-1,105,97,96,-1,108,94,95,-1,108,91,94,-1,111,99,100,-1,108,101,91,-1,111,100,103,-1,112,82,86,-1,112,113,103,-1,112,102,82,-1,112,103,102,-1,114,92,99,-1,115,116,113,-1,114,104,92,-1,115,86,93,-1,115,112,86,-1,117,111,103,-1,115,113,112,-1,117,103,113,-1,118,101,109,-1,118,116,115,-1,118,115,93,-1,118,29,116,-1,118,93,101,-1,119,118,109,-1,119,29,118,-1,119,109,120,-1,119,120,31,-1,119,30,29,-1,119,31,30,-1,121,96,104,-1,121,105,96,-1,122,99,111,-1,122,114,99,-1,123,113,116,-1,123,117,113,-1,124,121,104,-1,124,104,114,-1,125,122,111,-1,125,111,117,-1,126,29,28,-1,126,116,29,-1,126,123,116,-1,127,128,129,-1,127,129,106,-1,127,106,105,-1,130,124,114,-1,130,114,122,-1,131,117,123,-1,131,125,117,-1,132,126,28,-1,132,28,133,-1,134,130,122,-1,134,122,125,-1,135,127,105,-1,135,105,121,-1,136,123,126,-1,136,131,123,-1,137,125,131,-1,137,134,125,-1,138,126,132,-1,138,133,139,-1,138,132,133,-1,138,136,126,-1,140,121,124,-1,140,135,121,-1,141,131,136,-1,141,137,131,-1,142,143,128,-1,142,128,127,-1,144,124,130,-1,144,140,124,-1,145,136,138,-1,145,146,141,-1,145,139,147,-1,145,147,146,-1,145,141,136,-1,145,138,139,-1,148,144,130,-1,148,130,134,-1,149,142,127,-1,149,127,135,-1,150,151,143,-1,150,143,142,-1,152,148,134,-1,152,134,137,-1,153,149,135,-1,153,135,140,-1,154,150,142,-1,154,142,149,-1,155,141,146,-1,155,137,141,-1,155,152,137,-1,156,151,150,-1,156,157,158,-1,156,158,151,-1,159,140,144,-1,159,153,140,-1,160,155,146,-1,160,146,161,-1,160,162,155,-1,160,161,162,-1,163,149,153,-1,163,154,149,-1,164,159,144,-1,164,144,148,-1,165,150,154,-1,165,156,150,-1,166,163,153,-1,166,153,159,-1,167,164,148,-1,167,148,152,-1,168,154,163,-1,168,165,154,-1,169,159,164,-1,169,166,159,-1,170,167,152,-1,170,155,162,-1,170,152,155,-1,171,172,173,-1,171,173,157,-1,171,157,156,-1,174,163,166,-1,174,168,163,-1,175,164,167,-1,175,169,164,-1,176,162,177,-1,176,170,162,-1,178,166,169,-1,178,174,166,-1,179,171,156,-1,179,156,165,-1,180,167,170,-1,180,175,167,-1,181,169,175,-1,181,178,169,-1,182,177,183,-1,182,180,170,-1,182,176,177,-1,182,170,176,-1,6,165,168,-1,6,179,165,-1,184,175,180,-1,184,181,175,-1,3,2,185,-1,3,185,172,-1,3,172,171,-1,10,168,174,-1,10,6,168,-1,186,182,183,-1,186,14,184,-1,186,183,187,-1,186,187,14,-1,186,180,182,-1,186,184,180,-1,17,10,174,-1,17,174,178,-1,19,171,179,-1,19,3,171,-1,24,17,178,-1,24,178,181,-1,5,179,6,-1,5,19,179,-1,13,181,184,-1,13,24,181,-1,13,184,14,-1]
coord Coordinate { point [0.537489 -0.674257 1.33521,0.558664 -0.655922 1.33858,0.549229 -0.642253 1.33858,0.515812 -0.632031 1.33521,0.460484 -0.644803 1.30269,0.475885 -0.641248 1.31634,0.475885 -0.579222 1.31634,0.67713 -0.593747 1.33858,0.679133 -0.610235 1.33858,0.707141 -0.610235 1.33521,0.460484 -0.575667 1.30269,0.428755 -0.568343 1.2338,0.423227 -0.610235 1.22047,0.431028 -0.568868 1.2473,0.444648 -0.523328 1.22047,0.428662 -0.565481 1.22047,0.447438 -0.647814 1.28613,0.447438 -0.572656 1.28613,0.518348 -0.691102 1.32577,0.490968 -0.637766 1.32577,0.555934 -0.690499 1.33521,0.585804 -0.674655 1.33858,0.571097 -0.666937 1.33858,0.437473 -0.650114 1.26735,0.437473 -0.570356 1.26735,0.506728 -0.701329 1.31634,0.541647 -0.711617 1.32577,0.431028 -0.651602 1.2473,0.791808 -0.565481 1.22047,0.794155 -0.610235 1.2473,0.796488 -0.610235 1.2338,0.797243 -0.610235 1.22047,0.494863 -0.711771 1.30269,0.428755 -0.652127 1.2338,0.428662 -0.654989 1.22047,0.444648 -0.697142 1.22047,0.532973 -0.724438 1.31634,0.484812 -0.720616 1.28613,0.599483 -0.706543 1.33521,0.61854 -0.67863 1.33858,0.60193 -0.67863 1.33858,0.524116 -0.73753 1.30269,0.477134 -0.727373 1.26735,0.516614 -0.748619 1.28613,0.596654 -0.731883 1.32577,0.472169 -0.731743 1.2473,0.510883 -0.757089 1.26735,0.470418 -0.733284 1.2338,0.470258 -0.734244 1.22047,0.594937 -0.747267 1.31634,0.507177 -0.762568 1.2473,0.643146 -0.701382 1.33521,0.634666 -0.674655 1.33858,0.593183 -0.762975 1.30269,0.505869 -0.7645 1.2338,0.504003 -0.764139 1.22047,0.543921 -0.78509 1.22047,0.591698 -0.776281 1.28613,0.651805 -0.725363 1.32577,0.664536 -0.690499 1.33521,0.649373 -0.666937 1.33858,0.590563 -0.786445 1.26735,0.657062 -0.739923 1.31634,0.678823 -0.711617 1.32577,0.589829 -0.793019 1.2473,0.682981 -0.674257 1.33521,0.671241 -0.642253 1.33858,0.661806 -0.655922 1.33858,0.66243 -0.75479 1.30269,0.58957 -0.795337 1.2338,0.632776 -0.795879 1.22047,0.587694 -0.795879 1.22047,0.687497 -0.724438 1.31634,0.666977 -0.767383 1.28613,0.702122 -0.691102 1.32577,0.696354 -0.73753 1.30269,0.67045 -0.777002 1.26735,0.713742 -0.701329 1.31634,0.703856 -0.748619 1.28613,0.672696 -0.783223 1.2473,0.704658 -0.632031 1.33521,0.67713 -0.626723 1.33858,0.725607 -0.711771 1.30269,0.709587 -0.757089 1.26735,0.673489 -0.785417 1.2338,0.676549 -0.78509 1.22047,0.735658 -0.720616 1.28613,0.729502 -0.637766 1.32577,0.696659 -0.566397 1.33521,0.671241 -0.578217 1.33858,0.732638 -0.610235 1.32577,0.713293 -0.762568 1.2473,0.719398 -0.554863 1.32577,0.743336 -0.727373 1.26735,0.714601 -0.7645 1.2338,0.716467 -0.764139 1.22047,0.682981 -0.546213 1.33521,0.661806 -0.564548 1.33858,0.744585 -0.641248 1.31634,0.733203 -0.54786 1.31634,0.748117 -0.610235 1.31634,0.748301 -0.731743 1.2473,0.759986 -0.644803 1.30269,0.763925 -0.610235 1.30269,0.702122 -0.529368 1.32577,0.664536 -0.529971 1.33521,0.634666 -0.545815 1.33858,0.649373 -0.553533 1.33858,0.750052 -0.733284 1.2338,0.775822 -0.697142 1.22047,0.750212 -0.734244 1.22047,0.747299 -0.54071 1.30269,0.773032 -0.647814 1.28613,0.777313 -0.610235 1.28612,0.713742 -0.519141 1.31634,0.782997 -0.650114 1.26735,0.787539 -0.610235 1.26735,0.75924 -0.534653 1.28613,0.789442 -0.651602 1.2473,0.791715 -0.652127 1.2338,0.791808 -0.654989 1.22047,0.678823 -0.508853 1.32577,0.725607 -0.508699 1.30269,0.76836 -0.530027 1.26735,0.687497 -0.496032 1.31634,0.735658 -0.499854 1.28613,0.774259 -0.527034 1.2473,0.620987 -0.513927 1.33521,0.60193 -0.54184 1.33858,0.61854 -0.54184 1.33858,0.696354 -0.48294 1.30269,0.743336 -0.493097 1.26735,0.77634 -0.525979 1.2338,0.775822 -0.523328 1.22047,0.703856 -0.471851 1.28613,0.623816 -0.488587 1.32577,0.748301 -0.488727 1.2473,0.709587 -0.463381 1.26735,0.750052 -0.487186 1.2338,0.750212 -0.486226 1.22047,0.625533 -0.473203 1.31634,0.713293 -0.457902 1.2473,0.577324 -0.519088 1.33521,0.585804 -0.545815 1.33858,0.627287 -0.457495 1.30269,0.714601 -0.45597 1.2338,0.676549 -0.43538 1.22047,0.716467 -0.456331 1.22047,0.628772 -0.444189 1.28613,0.568665 -0.495107 1.32577,0.555934 -0.529971 1.33521,0.571097 -0.553533 1.33858,0.629907 -0.434025 1.26735,0.563408 -0.480547 1.31634,0.541647 -0.508853 1.32577,0.630641 -0.427451 1.2473,0.537489 -0.546213 1.33521,0.549229 -0.578217 1.33858,0.558664 -0.564548 1.33858,0.55804 -0.46568 1.30269,0.6309 -0.425133 1.2338,0.632776 -0.424591 1.22047,0.587694 -0.424591 1.22047,0.532973 -0.496032 1.31634,0.553493 -0.453087 1.28613,0.518348 -0.529368 1.32577,0.524116 -0.48294 1.30269,0.55002 -0.443468 1.26735,0.506728 -0.519141 1.31634,0.516614 -0.471851 1.28613,0.547774 -0.437247 1.2473,0.515812 -0.588439 1.33521,0.541337 -0.610235 1.33858,0.54334 -0.593747 1.33858,0.494863 -0.508699 1.30269,0.510883 -0.463381 1.26735,0.546981 -0.435053 1.2338,0.543921 -0.43538 1.22047,0.484812 -0.499854 1.28613,0.490968 -0.582704 1.32577,0.507177 -0.457902 1.2473,0.477134 -0.493097 1.26735,0.505869 -0.45597 1.2338,0.504003 -0.456331 1.22047,0.472169 -0.488727 1.2473,0.54334 -0.626723 1.33858,0.470418 -0.487186 1.2338,0.470258 -0.486226 1.22047]
}}
appearance Appearance{material Material{diffuseColor 0 0 0
transparency 0}}}
Shape { geometry IndexedFaceSet 
{ creaseAngle 0.50 coordIndex [0,1,2,-1,3,0,2,-1,3,2,4,-1,5,4,6,-1,5,3,4,-1,7,8,9,-1,7,9,10,-1,11,6,12,-1,11,5,6,-1,13,10,14,-1,15,12,16,-1,13,7,10,-1,15,11,12,-1,17,14,18,-1,19,16,20,-1,17,13,14,-1,19,15,16,-1,21,18,22,-1,23,20,24,-1,21,17,18,-1,23,19,20,-1,25,22,26,-1,27,24,28,-1,25,21,22,-1,27,23,24,-1,29,28,30,-1,29,27,28,-1,31,26,32,-1,8,30,9,-1,31,25,26,-1,8,29,30,-1,33,32,34,-1,33,31,32,-1,35,34,36,-1,35,33,34,-1,37,36,38,-1,37,35,36,-1,39,38,40,-1,39,37,38,-1,41,39,40,-1,41,40,42,-1,43,41,42,-1,43,42,44,-1,45,43,44,-1,45,44,46,-1,47,45,46,-1,47,46,48,-1,49,47,48,-1,49,48,50,-1,51,49,50,-1,51,50,1,-1,0,51,1,-1]
coord Coordinate { point [0.504003 -0.456331 1.1811,0.470258 -0.486226 1.22047,0.504003 -0.456331 1.22047,0.543921 -0.43538 1.1811,0.543921 -0.43538 1.22047,0.587694 -0.424591 1.1811,0.587694 -0.424591 1.22047,0.791808 -0.654989 1.1811,0.797243 -0.610235 1.1811,0.797243 -0.610235 1.22047,0.791808 -0.654989 1.22047,0.632776 -0.424591 1.1811,0.632776 -0.424591 1.22047,0.775822 -0.697142 1.1811,0.775822 -0.697142 1.22047,0.676549 -0.43538 1.1811,0.676549 -0.43538 1.22047,0.750212 -0.734244 1.1811,0.750212 -0.734244 1.22047,0.716467 -0.456331 1.1811,0.716467 -0.456331 1.22047,0.716467 -0.764139 1.1811,0.716467 -0.764139 1.22047,0.750212 -0.486226 1.1811,0.750212 -0.486226 1.22047,0.676549 -0.78509 1.1811,0.676549 -0.78509 1.22047,0.775822 -0.523328 1.1811,0.775822 -0.523328 1.22047,0.791808 -0.565481 1.1811,0.791808 -0.565481 1.22047,0.632776 -0.795879 1.1811,0.632776 -0.795879 1.22047,0.587694 -0.795879 1.1811,0.587694 -0.795879 1.22047,0.543921 -0.78509 1.1811,0.543921 -0.78509 1.22047,0.504003 -0.764139 1.1811,0.504003 -0.764139 1.22047,0.470258 -0.734244 1.1811,0.470258 -0.734244 1.22047,0.444648 -0.697142 1.1811,0.444648 -0.697142 1.22047,0.428662 -0.654989 1.1811,0.428662 -0.654989 1.22047,0.423227 -0.610235 1.1811,0.423227 -0.610235 1.22047,0.428662 -0.565481 1.1811,0.428662 -0.565481 1.22047,0.444648 -0.523328 1.1811,0.444648 -0.523328 1.22047,0.470258 -0.486226 1.1811]
}}
appearance Appearance{material Material{diffuseColor 0 0 0
transparency 0}}}
Shape { geometry IndexedFaceSet 
{ creaseAngle 0.50 coordIndex [0,1,2,-1,2,1,3,-1,3,1,4,-1,4,1,5,-1,5,1,6,-1,6,1,7,-1,7,1,8,-1,8,1,9,-1,9,1,10,-1,10,1,11,-1,11,1,12,-1,12,1,13,-1,13,1,14,-1,14,1,15,-1,15,1,16,-1,17,1,18,-1,18,1,19,-1,19,1,20,-1,20,1,21,-1,21,1,22,-1,22,1,23,-1,23,1,24,-1,24,1,25,-1,25,1,0,-1]
coord Coordinate { point [0.679133 -0.610235 1.33858,0.558664 -0.564548 1.33858,0.67713 -0.626723 1.33858,0.671241 -0.642253 1.33858,0.661806 -0.655922 1.33858,0.649373 -0.666937 1.33858,0.634666 -0.674655 1.33858,0.61854 -0.67863 1.33858,0.60193 -0.67863 1.33858,0.585804 -0.674655 1.33858,0.571097 -0.666937 1.33858,0.558664 -0.655922 1.33858,0.549229 -0.642253 1.33858,0.54334 -0.626723 1.33858,0.541337 -0.610235 1.33858,0.54334 -0.593747 1.33858,0.549229 -0.578217 1.33858,0.571097 -0.553533 1.33858,0.585804 -0.545815 1.33858,0.60193 -0.54184 1.33858,0.61854 -0.54184 1.33858,0.634666 -0.545815 1.33858,0.649373 -0.553533 1.33858,0.661806 -0.564548 1.33858,0.671241 -0.578217 1.33858,0.67713 -0.593747 1.33858]
}}
appearance Appearance{material Material{diffuseColor 0 0 0
transparency 0}}}
Shape { geometry IndexedFaceSet 
{ creaseAngle 0.50 coordIndex [0,1,2,-1,3,4,5,-1,6,7,8,-1,3,5,9,-1,10,11,12,-1,10,12,13,-1,10,13,14,-1,10,14,11,-1,15,3,9,-1,15,9,16,-1,17,0,2,-1,17,2,18,-1,19,20,21,-1,19,21,22,-1,19,22,0,-1,23,16,24,-1,23,15,16,-1,25,17,18,-1,25,18,4,-1,26,0,17,-1,26,19,0,-1,27,24,12,-1,27,12,11,-1,27,23,24,-1,28,29,30,-1,28,30,31,-1,32,4,3,-1,32,25,4,-1,33,27,11,-1,33,11,34,-1,33,34,35,-1,33,35,27,-1,36,17,25,-1,36,26,17,-1,37,3,15,-1,37,32,3,-1,38,20,19,-1,38,39,40,-1,38,40,20,-1,41,36,25,-1,41,25,32,-1,42,15,23,-1,42,37,15,-1,43,32,37,-1,43,41,32,-1,44,19,26,-1,44,38,19,-1,45,42,23,-1,45,23,27,-1,45,27,35,-1,46,37,42,-1,46,43,37,-1,47,35,48,-1,47,45,35,-1,49,26,36,-1,49,44,26,-1,50,42,45,-1,50,46,42,-1,51,52,39,-1,51,39,38,-1,53,36,41,-1,53,49,36,-1,54,50,45,-1,54,48,55,-1,54,55,56,-1,54,56,50,-1,54,47,48,-1,54,45,47,-1,57,53,41,-1,57,41,43,-1,58,38,44,-1,58,51,38,-1,59,60,52,-1,59,52,51,-1,61,57,43,-1,61,43,46,-1,62,58,44,-1,62,44,49,-1,63,59,51,-1,63,51,58,-1,64,46,50,-1,64,61,46,-1,64,50,56,-1,65,66,67,-1,65,67,60,-1,65,60,59,-1,68,62,49,-1,68,49,53,-1,69,70,64,-1,69,64,56,-1,69,56,71,-1,69,71,70,-1,72,58,62,-1,72,63,58,-1,73,68,53,-1,73,53,57,-1,74,65,59,-1,74,59,63,-1,75,72,62,-1,75,62,68,-1,76,57,61,-1,76,73,57,-1,77,74,63,-1,77,63,72,-1,78,75,68,-1,78,68,73,-1,79,61,64,-1,79,76,61,-1,79,64,70,-1,80,7,81,-1,80,81,66,-1,80,66,65,-1,80,8,7,-1,82,77,72,-1,82,72,75,-1,83,73,76,-1,83,78,73,-1,84,70,85,-1,84,79,70,-1,86,82,75,-1,86,75,78,-1,87,65,74,-1,87,80,65,-1,87,88,8,-1,89,90,6,-1,87,8,80,-1,91,83,76,-1,91,76,79,-1,89,6,8,-1,92,8,88,-1,93,78,83,-1,92,89,8,-1,93,86,78,-1,94,85,95,-1,94,91,79,-1,96,97,90,-1,94,84,85,-1,94,79,84,-1,96,90,89,-1,98,92,88,-1,99,87,74,-1,99,100,88,-1,98,88,100,-1,99,74,77,-1,99,88,87,-1,101,83,91,-1,101,93,83,-1,102,77,82,-1,102,103,100,-1,104,89,92,-1,104,96,89,-1,102,100,99,-1,102,99,77,-1,105,106,107,-1,105,107,97,-1,108,109,101,-1,108,95,110,-1,108,110,109,-1,108,94,95,-1,105,97,96,-1,108,91,94,-1,108,101,91,-1,111,98,100,-1,111,100,103,-1,112,82,86,-1,112,113,103,-1,112,103,102,-1,112,102,82,-1,114,92,98,-1,115,116,113,-1,114,104,92,-1,115,86,93,-1,115,112,86,-1,115,113,112,-1,117,111,103,-1,118,101,109,-1,117,103,113,-1,118,116,115,-1,118,115,93,-1,118,29,116,-1,118,93,101,-1,119,118,109,-1,119,29,118,-1,119,109,120,-1,119,120,31,-1,119,30,29,-1,119,31,30,-1,121,96,104,-1,121,105,96,-1,122,98,111,-1,122,114,98,-1,123,113,116,-1,123,117,113,-1,124,121,104,-1,124,104,114,-1,125,122,111,-1,125,111,117,-1,126,29,28,-1,126,116,29,-1,126,123,116,-1,127,128,129,-1,127,129,106,-1,127,106,105,-1,130,124,114,-1,130,114,122,-1,131,117,123,-1,131,125,117,-1,132,126,28,-1,132,28,133,-1,134,130,122,-1,134,122,125,-1,135,127,105,-1,135,105,121,-1,136,123,126,-1,136,131,123,-1,137,125,131,-1,137,134,125,-1,138,126,132,-1,138,133,139,-1,138,132,133,-1,138,136,126,-1,140,121,124,-1,140,135,121,-1,141,131,136,-1,141,137,131,-1,142,143,128,-1,142,128,127,-1,144,124,130,-1,144,140,124,-1,145,136,138,-1,145,146,141,-1,145,139,147,-1,145,147,146,-1,145,141,136,-1,145,138,139,-1,148,144,130,-1,148,130,134,-1,149,142,127,-1,149,127,135,-1,150,151,143,-1,150,143,142,-1,152,148,134,-1,152,134,137,-1,153,149,135,-1,153,135,140,-1,154,150,142,-1,154,142,149,-1,155,141,146,-1,155,137,141,-1,155,152,137,-1,156,151,150,-1,156,157,158,-1,156,158,151,-1,159,140,144,-1,159,153,140,-1,160,155,146,-1,160,146,161,-1,160,162,155,-1,160,161,162,-1,163,149,153,-1,163,154,149,-1,164,159,144,-1,164,144,148,-1,165,150,154,-1,165,156,150,-1,166,163,153,-1,166,153,159,-1,167,164,148,-1,167,148,152,-1,168,154,163,-1,168,165,154,-1,169,159,164,-1,169,166,159,-1,170,167,152,-1,170,155,162,-1,170,152,155,-1,171,172,173,-1,171,173,157,-1,171,157,156,-1,174,163,166,-1,174,168,163,-1,175,164,167,-1,175,169,164,-1,176,162,177,-1,176,170,162,-1,178,166,169,-1,178,174,166,-1,179,171,156,-1,179,156,165,-1,180,167,170,-1,180,175,167,-1,181,169,175,-1,181,178,169,-1,182,177,183,-1,182,180,170,-1,182,176,177,-1,182,170,176,-1,5,165,168,-1,5,179,165,-1,184,175,180,-1,184,181,175,-1,2,1,185,-1,2,185,172,-1,2,172,171,-1,9,168,174,-1,9,5,168,-1,186,182,183,-1,186,13,184,-1,186,183,187,-1,186,187,13,-1,186,180,182,-1,186,184,180,-1,16,9,174,-1,16,174,178,-1,18,171,179,-1,18,2,171,-1,24,16,178,-1,24,178,181,-1,4,179,5,-1,4,18,179,-1,12,181,184,-1,12,24,181,-1,12,184,13,-1,0,22,1,-1]
coord Coordinate { point [-0.682981 -0.674257 1.33521,-0.671241 -0.642253 1.33858,-0.704658 -0.632031 1.33521,-0.759986 -0.644803 1.30269,-0.744585 -0.641248 1.31634,-0.744585 -0.579222 1.31634,-0.54334 -0.593747 1.33858,-0.541337 -0.610235 1.33858,-0.513329 -0.610235 1.33521,-0.759986 -0.575667 1.30269,-0.791715 -0.568343 1.2338,-0.797243 -0.610235 1.22047,-0.789442 -0.568868 1.2473,-0.775822 -0.523328 1.22047,-0.791808 -0.565481 1.22047,-0.773032 -0.647814 1.28613,-0.773032 -0.572656 1.28613,-0.702122 -0.691102 1.32577,-0.729502 -0.637766 1.32577,-0.664536 -0.690499 1.33521,-0.634666 -0.674655 1.33858,-0.649373 -0.666937 1.33858,-0.661806 -0.655922 1.33858,-0.782997 -0.650114 1.26735,-0.782997 -0.570356 1.26735,-0.713742 -0.701329 1.31634,-0.678823 -0.711617 1.32577,-0.789442 -0.651602 1.2473,-0.428662 -0.565481 1.22047,-0.426315 -0.610235 1.2473,-0.423982 -0.610235 1.2338,-0.423227 -0.610235 1.22047,-0.725607 -0.711771 1.30269,-0.791715 -0.652127 1.2338,-0.791808 -0.654989 1.22047,-0.775822 -0.697142 1.22047,-0.687497 -0.724438 1.31634,-0.735658 -0.720616 1.28613,-0.620987 -0.706543 1.33521,-0.60193 -0.67863 1.33858,-0.61854 -0.67863 1.33858,-0.696354 -0.73753 1.30269,-0.743336 -0.727373 1.26735,-0.703856 -0.748619 1.28613,-0.623816 -0.731883 1.32577,-0.748301 -0.731743 1.2473,-0.709587 -0.757089 1.26735,-0.750052 -0.733284 1.2338,-0.750212 -0.734244 1.22047,-0.625533 -0.747267 1.31634,-0.713293 -0.762568 1.2473,-0.577324 -0.701382 1.33521,-0.585804 -0.674655 1.33858,-0.627287 -0.762975 1.30269,-0.714601 -0.7645 1.2338,-0.716467 -0.764139 1.22047,-0.676549 -0.78509 1.22047,-0.628772 -0.776281 1.28613,-0.568665 -0.725363 1.32577,-0.555934 -0.690499 1.33521,-0.571097 -0.666937 1.33858,-0.629907 -0.786445 1.26735,-0.563408 -0.739923 1.31634,-0.541647 -0.711617 1.32577,-0.630641 -0.793019 1.2473,-0.537489 -0.674257 1.33521,-0.549229 -0.642253 1.33858,-0.558664 -0.655922 1.33858,-0.55804 -0.75479 1.30269,-0.6309 -0.795337 1.2338,-0.587694 -0.795879 1.22047,-0.632776 -0.795879 1.22047,-0.532973 -0.724438 1.31634,-0.553493 -0.767383 1.28613,-0.518348 -0.691102 1.32577,-0.524116 -0.73753 1.30269,-0.55002 -0.777002 1.26735,-0.506728 -0.701329 1.31634,-0.516614 -0.748619 1.28613,-0.547774 -0.783223 1.2473,-0.515812 -0.632031 1.33521,-0.54334 -0.626723 1.33858,-0.494863 -0.711771 1.30269,-0.510883 -0.757089 1.26735,-0.546981 -0.785417 1.2338,-0.543921 -0.78509 1.22047,-0.484812 -0.720616 1.28613,-0.490968 -0.637766 1.32577,-0.487832 -0.610235 1.32577,-0.523811 -0.566397 1.33521,-0.549229 -0.578217 1.33858,-0.507177 -0.762568 1.2473,-0.501072 -0.554863 1.32577,-0.477134 -0.727373 1.26735,-0.505869 -0.7645 1.2338,-0.504003 -0.764139 1.22047,-0.537489 -0.546213 1.33521,-0.558664 -0.564548 1.33858,-0.487267 -0.54786 1.31634,-0.475885 -0.641248 1.31634,-0.472353 -0.610235 1.31634,-0.472169 -0.731743 1.2473,-0.460484 -0.644803 1.30269,-0.456545 -0.610235 1.30269,-0.518348 -0.529368 1.32577,-0.555934 -0.529971 1.33521,-0.585804 -0.545815 1.33858,-0.571097 -0.553533 1.33858,-0.470418 -0.733284 1.2338,-0.444648 -0.697142 1.22047,-0.470258 -0.734244 1.22047,-0.473171 -0.54071 1.30269,-0.447438 -0.647814 1.28613,-0.443157 -0.610235 1.28612,-0.506728 -0.519141 1.31634,-0.437473 -0.650114 1.26735,-0.432931 -0.610235 1.26735,-0.46123 -0.534653 1.28613,-0.431028 -0.651602 1.2473,-0.428755 -0.652127 1.2338,-0.428662 -0.654989 1.22047,-0.541647 -0.508853 1.32577,-0.494863 -0.508699 1.30269,-0.45211 -0.530027 1.26735,-0.532973 -0.496032 1.31634,-0.484812 -0.499854 1.28613,-0.446211 -0.527034 1.2473,-0.599483 -0.513927 1.33521,-0.61854 -0.54184 1.33858,-0.60193 -0.54184 1.33858,-0.524116 -0.48294 1.30269,-0.477134 -0.493097 1.26735,-0.44413 -0.525979 1.2338,-0.444648 -0.523328 1.22047,-0.516614 -0.471851 1.28613,-0.596654 -0.488587 1.32577,-0.472169 -0.488727 1.2473,-0.510883 -0.463381 1.26735,-0.470418 -0.487186 1.2338,-0.470258 -0.486226 1.22047,-0.594937 -0.473203 1.31634,-0.507177 -0.457902 1.2473,-0.643146 -0.519088 1.33521,-0.634666 -0.545815 1.33858,-0.593183 -0.457495 1.30269,-0.505869 -0.45597 1.2338,-0.543921 -0.43538 1.22047,-0.504003 -0.456331 1.22047,-0.591698 -0.444189 1.28613,-0.651805 -0.495107 1.32577,-0.664536 -0.529971 1.33521,-0.649373 -0.553533 1.33858,-0.590563 -0.434025 1.26735,-0.657062 -0.480547 1.31634,-0.678823 -0.508853 1.32577,-0.589829 -0.427451 1.2473,-0.682981 -0.546213 1.33521,-0.671241 -0.578217 1.33858,-0.661806 -0.564548 1.33858,-0.66243 -0.46568 1.30269,-0.58957 -0.425133 1.2338,-0.587694 -0.424591 1.22047,-0.632776 -0.424591 1.22047,-0.687497 -0.496032 1.31634,-0.666977 -0.453087 1.28613,-0.702122 -0.529368 1.32577,-0.696354 -0.48294 1.30269,-0.67045 -0.443468 1.26735,-0.713742 -0.519141 1.31634,-0.703856 -0.471851 1.28613,-0.672696 -0.437247 1.2473,-0.704658 -0.588439 1.33521,-0.679133 -0.610235 1.33858,-0.67713 -0.593747 1.33858,-0.725607 -0.508699 1.30269,-0.709587 -0.463381 1.26735,-0.673489 -0.435053 1.2338,-0.676549 -0.43538 1.22047,-0.735658 -0.499854 1.28613,-0.729502 -0.582704 1.32577,-0.713293 -0.457902 1.2473,-0.743336 -0.493097 1.26735,-0.714601 -0.45597 1.2338,-0.716467 -0.456331 1.22047,-0.748301 -0.488727 1.2473,-0.67713 -0.626723 1.33858,-0.750052 -0.487186 1.2338,-0.750212 -0.486226 1.22047]
}}
appearance Appearance{material Material{diffuseColor 0 0 0
transparency 0}}}
Shape { geometry IndexedFaceSet 
{ creaseAngle 0.50 coordIndex [0,1,2,-1,3,0,2,-1,3,2,4,-1,5,4,6,-1,5,3,4,-1,7,8,9,-1,7,9,10,-1,11,6,12,-1,11,5,6,-1,13,10,14,-1,15,12,16,-1,13,7,10,-1,15,11,12,-1,17,14,18,-1,19,16,20,-1,17,13,14,-1,19,15,16,-1,21,18,22,-1,23,20,24,-1,21,17,18,-1,23,19,20,-1,25,22,26,-1,27,24,28,-1,25,21,22,-1,27,23,24,-1,29,28,30,-1,29,27,28,-1,31,26,32,-1,8,30,9,-1,31,25,26,-1,8,29,30,-1,33,32,34,-1,33,31,32,-1,35,34,36,-1,35,33,34,-1,37,36,38,-1,37,35,36,-1,39,38,40,-1,39,37,38,-1,41,39,40,-1,41,40,42,-1,43,41,42,-1,43,42,44,-1,45,43,44,-1,45,44,46,-1,47,45,46,-1,47,46,48,-1,49,47,48,-1,49,48,50,-1,51,49,50,-1,51,50,1,-1,0,51,1,-1]
coord Coordinate { point [-0.716467 -0.456331 1.1811,-0.750212 -0.486226 1.22047,-0.716467 -0.456331 1.22047,-0.676549 -0.43538 1.1811,-0.676549 -0.43538 1.22047,-0.632776 -0.424591 1.1811,-0.632776 -0.424591 1.22047,-0.428662 -0.654989 1.1811,-0.423227 -0.610235 1.1811,-0.423227 -0.610235 1.22047,-0.428662 -0.654989 1.22047,-0.587694 -0.424591 1.1811,-0.587694 -0.424591 1.22047,-0.444648 -0.697142 1.1811,-0.444648 -0.697142 1.22047,-0.543921 -0.43538 1.1811,-0.543921 -0.43538 1.22047,-0.470258 -0.734244 1.1811,-0.470258 -0.734244 1.22047,-0.504003 -0.456331 1.1811,-0.504003 -0.456331 1.22047,-0.504003 -0.764139 1.1811,-0.504003 -0.764139 1.22047,-0.470258 -0.486226 1.1811,-0.470258 -0.486226 1.22047,-0.543921 -0.78509 1.1811,-0.543921 -0.78509 1.22047,-0.444648 -0.523328 1.1811,-0.444648 -0.523328 1.22047,-0.428662 -0.565481 1.1811,-0.428662 -0.565481 1.22047,-0.587694 -0.795879 1.1811,-0.587694 -0.795879 1.22047,-0.632776 -0.795879 1.1811,-0.632776 -0.795879 1.22047,-0.676549 -0.78509 1.1811,-0.676549 -0.78509 1.22047,-0.716467 -0.764139 1.1811,-0.716467 -0.764139 1.22047,-0.750212 -0.734244 1.1811,-0.750212 -0.734244 1.22047,-0.775822 -0.697142 1.1811,-0.775822 -0.697142 1.22047,-0.791808 -0.654989 1.1811,-0.791808 -0.654989 1.22047,-0.797243 -0.610235 1.1811,-0.797243 -0.610235 1.22047,-0.791808 -0.565481 1.1811,-0.791808 -0.565481 1.22047,-0.775822 -0.523328 1.1811,-0.775822 -0.523328 1.22047,-0.750212 -0.486226 1.1811]
}}
appearance Appearance{material Material{diffuseColor 0 0 0
transparency 0}}}
Shape { geometry IndexedFaceSet 
{ creaseAngle 0.50 coordIndex [0,1,2,-1,2,1,3,-1,3,1,4,-1,4,1,5,-1,5,1,6,-1,6,1,7,-1,7,1,8,-1,8,1,9,-1,9,1,10,-1,10,1,11,-1,11,1,12,-1,12,1,13,-1,13,1,14,-1,14,1,15,-1,15,1,16,-1,17,1,18,-1,18,1,19,-1,19,1,20,-1,20,1,21,-1,21,1,22,-1,22,1,23,-1,23,1,24,-1,24,1,25,-1,25,1,0,-1]
coord Coordinate { point [-0.541337 -0.610235 1.33858,-0.661806 -0.564548 1.33858,-0.54334 -0.626723 1.33858,-0.549229 -0.642253 1.33858,-0.558664 -0.655922 1.33858,-0.571097 -0.666937 1.33858,-0.585804 -0.674655 1.33858,-0.60193 -0.67863 1.33858,-0.61854 -0.67863 1.33858,-0.634666 -0.674655 1.33858,-0.649373 -0.666937 1.33858,-0.661806 -0.655922 1.33858,-0.671241 -0.642253 1.33858,-0.67713 -0.626723 1.33858,-0.679133 -0.610235 1.33858,-0.67713 -0.593747 1.33858,-0.671241 -0.578217 1.33858,-0.649373 -0.553533 1.33858,-0.634666 -0.545815 1.33858,-0.61854 -0.54184 1.33858,-0.60193 -0.54184 1.33858,-0.585804 -0.545815 1.33858,-0.571097 -0.553533 1.33858,-0.558664 -0.564548 1.33858,-0.549229 -0.578217 1.33858,-0.54334 -0.593747 1.33858]
}}
appearance Appearance{material Material{diffuseColor 0 0 0
transparency 0}}}
Shape { geometry IndexedFaceSet 
{ creaseAngle 0.50 coordIndex [0,1,2,-1,3,2,4,-1,3,0,2,-1,5,4,6,-1,5,3,4,-1,7,6,8,-1,7,5,6,-1,9,8,10,-1,9,7,8,-1,11,10,12,-1,13,10,11,-1,14,11,12,-1,15,14,12,-1,16,9,10,-1,16,10,13,-1,17,14,15,-1,18,17,15,-1,19,13,20,-1,19,16,13,-1,21,22,23,-1,21,20,22,-1,21,19,20,-1]
coord Coordinate { point [-0.688975 0.885825 1.1811,-0.688975 0.885825 0,-0.732778 0.88089 0,-0.732778 0.88089 1.1811,-0.774385 0.866331 0,-0.774385 0.866331 1.1811,-0.811709 0.842879 0,-0.811709 0.842879 1.1811,-0.842879 0.811709 0,-0.842879 0.811709 1.1811,-0.866331 0.774385 0,-0.881848 0.728345 0.31496,-0.88089 0.732778 0,-0.881848 0.728345 0.43307,-0.884054 0.715321 0.31496,-0.885825 0.688975 0,-0.866331 0.774385 1.1811,-0.885382 0.702178 0.31496,-0.885825 0.688975 0.31496,-0.88089 0.732778 1.1811,-0.884054 0.715321 0.43307,-0.885825 0.688975 1.1811,-0.885382 0.702178 0.43307,-0.885825 0.688975 0.43307]
}}
appearance Appearance{material Material{diffuseColor 0 0 0
transparency 0}}}
Shape { geometry IndexedFaceSet 
{ creaseAngle 0.50 coordIndex [0,1,2,-1,3,4,5,-1,5,4,6,-1,6,4,7,-1,7,4,8,-1,8,4,9,-1,9,4,0,-1,0,4,1,-1,4,10,1,-1,11,12,1,-1,1,12,2,-1,13,14,11,-1,14,15,11,-1,11,15,12,-1,14,16,15,-1,17,18,14,-1,14,19,16,-1,14,20,19,-1,18,21,14,-1,14,21,20,-1]
coord Coordinate { point [-0.885825 0.688975 0,-0.47244 0.452755 0,-0.885825 0.23622 0,-0.732778 0.88089 0,-0.688975 0.885825 0,-0.774385 0.866331 0,-0.811709 0.842879 0,-0.842879 0.811709 0,-0.866331 0.774385 0,-0.88089 0.732778 0,-0.47244 0.885825 0,0.47244 0.452755 0,0.885825 0.23622 0,0.47244 0.885825 0,0.688975 0.885825 0,0.885825 0.688975 0,0.88089 0.732778 0,0.732778 0.88089 0,0.774385 0.866331 0,0.866331 0.774385 0,0.842879 0.811709 0,0.811709 0.842879 0]
}}
appearance Appearance{material Material{diffuseColor 0 0 0
transparency 0}}}
Shape { geometry IndexedFaceSet 
{ creaseAngle 0.50 coordIndex [0,1,2,-1,3,0,2,-1,4,5,6,-1,7,6,0,-1,7,4,6,-1,7,0,3,-1]
coord Coordinate { point [-0.47244 0.885825 0.11811,-0.47244 0.885825 0,-0.688975 0.885825 0,-0.688975 0.885825 1.1811,0.688975 0.885825 0,0.47244 0.885825 0,0.47244 0.885825 0.11811,0.688975 0.885825 1.1811]
}}
appearance Appearance{material Material{diffuseColor 0 0 0
transparency 0}}}
Shape { geometry IndexedFaceSet 
{ creaseAngle 0.50 coordIndex [0,1,2,-1,3,4,1,-1,3,1,0,-1,5,3,0,-1,6,5,7,-1,8,9,10,-1,11,8,10,-1,12,10,3,-1,12,3,5,-1,12,11,10,-1,13,8,11,-1,14,15,12,-1,14,5,6,-1,14,12,5,-1]
coord Coordinate { point [-0.885825 -0.452755 0.31496,-0.885825 -0.688975 0,-0.885825 -0.688975 0.31496,-0.885825 -0.23622 0.11811,-0.885825 -0.23622 0,-0.885825 -0.452755 0.43307,-0.885825 -0.688975 1.1811,-0.885825 -0.688975 0.43307,-0.885825 0.688975 0,-0.885825 0.23622 0,-0.885825 0.23622 0.11811,-0.885825 0.452755 0.31496,-0.885825 0.452755 0.43307,-0.885825 0.688975 0.31496,-0.885825 0.688975 1.1811,-0.885825 0.688975 0.43307]
}}
appearance Appearance{material Material{diffuseColor 0 0 0
transparency 0}}}
Shape { geometry IndexedFaceSet 
{ creaseAngle 0.50 coordIndex [0,1,2,-1,3,2,4,-1,3,0,2,-1,5,3,4,-1,6,7,5,-1,6,5,4,-1,8,9,10,-1,8,11,9,-1,12,10,7,-1,12,8,10,-1,13,6,14,-1,13,7,6,-1,13,12,7,-1,15,14,16,-1,15,13,14,-1,17,16,18,-1,17,15,16,-1,19,18,20,-1,19,17,18,-1,21,20,22,-1,21,19,20,-1,23,21,22,-1]
coord Coordinate { point [0.885382 0.702178 0.31496,0.885825 0.688975 0.31496,0.885825 0.688975 0,0.884054 0.715321 0.31496,0.88089 0.732778 0,0.881848 0.728345 0.31496,0.866331 0.774385 0,0.881848 0.728345 0.43307,0.885825 0.688975 1.1811,0.885382 0.702178 0.43307,0.884054 0.715321 0.43307,0.885825 0.688975 0.43307,0.88089 0.732778 1.1811,0.866331 0.774385 1.1811,0.842879 0.811709 0,0.842879 0.811709 1.1811,0.811709 0.842879 0,0.811709 0.842879 1.1811,0.774385 0.866331 0,0.774385 0.866331 1.1811,0.732778 0.88089 0,0.732778 0.88089 1.1811,0.688975 0.885825 0,0.688975 0.885825 1.1811]
}}
appearance Appearance{material Material{diffuseColor 0 0 0
transparency 0}}}
Shape { geometry IndexedFaceSet 
{ creaseAngle 0.50 coordIndex [0,1,2,-1,3,4,5,-1,6,0,4,-1,6,4,3,-1,7,6,3,-1,8,9,1,-1,8,1,0,-1,10,0,6,-1,10,8,0,-1,11,8,10,-1,12,9,8,-1,13,14,11,-1,13,10,15,-1,13,11,10,-1]
coord Coordinate { point [0.885825 -0.452755 0.43307,0.885825 -0.688975 1.1811,0.885825 -0.688975 0.43307,0.885825 -0.688975 0,0.885825 -0.452755 0.31496,0.885825 -0.688975 0.31496,0.885825 -0.23622 0.11811,0.885825 -0.23622 0,0.885825 0.452755 0.43307,0.885825 0.688975 1.1811,0.885825 0.23622 0.11811,0.885825 0.452755 0.31496,0.885825 0.688975 0.43307,0.885825 0.688975 0,0.885825 0.688975 0.31496,0.885825 0.23622 0]
}}
appearance Appearance{material Material{diffuseColor 0 0 0
transparency 0}}}
Shape { geometry IndexedFaceSet 
{ creaseAngle 0.50 coordIndex [0,1,2,-1,3,2,4,-1,3,0,2,-1,5,4,6,-1,5,3,4,-1,7,6,8,-1,7,5,6,-1,9,8,10,-1,9,7,8,-1,11,10,12,-1,13,10,11,-1,14,11,12,-1,15,14,12,-1,16,9,10,-1,16,10,13,-1,17,14,15,-1,18,17,15,-1,19,13,20,-1,19,16,13,-1,21,22,23,-1,21,20,22,-1,21,19,20,-1]
coord Coordinate { point [0.688975 -0.885825 1.1811,0.688975 -0.885825 0,0.732778 -0.88089 0,0.732778 -0.88089 1.1811,0.774385 -0.866331 0,0.774385 -0.866331 1.1811,0.811709 -0.842879 0,0.811709 -0.842879 1.1811,0.842879 -0.811709 0,0.842879 -0.811709 1.1811,0.866331 -0.774385 0,0.881848 -0.728345 0.31496,0.88089 -0.732778 0,0.881848 -0.728345 0.43307,0.884054 -0.715321 0.31496,0.885825 -0.688975 0,0.866331 -0.774385 1.1811,0.885382 -0.702178 0.31496,0.885825 -0.688975 0.31496,0.88089 -0.732778 1.1811,0.884054 -0.715321 0.43307,0.885825 -0.688975 1.1811,0.885382 -0.702178 0.43307,0.885825 -0.688975 0.43307]
}}
appearance Appearance{material Material{diffuseColor 0 0 0
transparency 0}}}
Shape { geometry IndexedFaceSet 
{ creaseAngle 0.50 coordIndex [0,1,2,-1,2,1,3,-1,3,1,4,-1,4,1,5,-1,5,1,6,-1,6,1,7,-1,1,8,9,-1,10,8,0,-1,0,8,1,-1,11,12,13,-1,13,14,15,-1,15,14,16,-1,16,14,17,-1,14,18,19,-1,19,18,20,-1,12,18,13,-1,13,18,14,-1,12,21,18,-1,10,21,8,-1,8,21,12,-1]
coord Coordinate { point [-0.885825 -0.688975 0,-0.688975 -0.885825 0,-0.88089 -0.732778 0,-0.866331 -0.774385 0,-0.842879 -0.811709 0,-0.811709 -0.842879 0,-0.774385 -0.866331 0,-0.732778 -0.88089 0,-0.47244 -0.452755 0,-0.47244 -0.885825 0,-0.885825 -0.23622 0,0.47244 -0.885825 0,0.47244 -0.452755 0,0.688975 -0.885825 0,0.842879 -0.811709 0,0.732778 -0.88089 0,0.774385 -0.866331 0,0.811709 -0.842879 0,0.885825 -0.688975 0,0.866331 -0.774385 0,0.88089 -0.732778 0,0.885825 -0.23622 0]
}}
appearance Appearance{material Material{diffuseColor 0 0 0
transparency 0}}}
Shape { geometry IndexedFaceSet 
{ creaseAngle 0.50 coordIndex [0,1,2,-1,3,0,2,-1,4,5,1,-1,4,1,0,-1,6,4,7,-1,6,5,4,-1]
coord Coordinate { point [-0.47244 -0.885825 0.11811,-0.688975 -0.885825 1.1811,-0.688975 -0.885825 0,-0.47244 -0.885825 0,0.47244 -0.885825 0.11811,0.688975 -0.885825 1.1811,0.688975 -0.885825 0,0.47244 -0.885825 0]
}}
appearance Appearance{material Material{diffuseColor 0 0 0
transparency 0}}}
Shape { geometry IndexedFaceSet 
{ creaseAngle 0.50 coordIndex [0,1,2,-1,3,2,4,-1,3,0,2,-1,5,3,4,-1,6,7,5,-1,6,5,4,-1,8,9,10,-1,8,11,9,-1,12,10,7,-1,12,8,10,-1,13,6,14,-1,13,7,6,-1,13,12,7,-1,15,14,16,-1,15,13,14,-1,17,16,18,-1,17,15,16,-1,19,18,20,-1,19,17,18,-1,21,20,22,-1,21,19,20,-1,23,21,22,-1]
coord Coordinate { point [-0.885382 -0.702178 0.31496,-0.885825 -0.688975 0.31496,-0.885825 -0.688975 0,-0.884054 -0.715321 0.31496,-0.88089 -0.732778 0,-0.881848 -0.728345 0.31496,-0.866331 -0.774385 0,-0.881848 -0.728345 0.43307,-0.885825 -0.688975 1.1811,-0.885382 -0.702178 0.43307,-0.884054 -0.715321 0.43307,-0.885825 -0.688975 0.43307,-0.88089 -0.732778 1.1811,-0.866331 -0.774385 1.1811,-0.842879 -0.811709 0,-0.842879 -0.811709 1.1811,-0.811709 -0.842879 0,-0.811709 -0.842879 1.1811,-0.774385 -0.866331 0,-0.774385 -0.866331 1.1811,-0.732778 -0.88089 0,-0.732778 -0.88089 1.1811,-0.688975 -0.885825 0,-0.688975 -0.885825 1.1811]
}}
appearance Appearance{material Material{diffuseColor 0 0 0
transparency 0}}}
Shape { geometry IndexedFaceSet 
{ creaseAngle 0.50 coordIndex [0,1,2,-1,3,0,2,-1,3,2,4,-1,5,4,6,-1,5,3,4,-1,7,8,9,-1,7,9,10,-1,11,6,12,-1,11,5,6,-1,13,10,14,-1,15,12,16,-1,13,7,10,-1,15,11,12,-1,17,14,18,-1,19,16,20,-1,17,13,14,-1,19,15,16,-1,21,18,22,-1,23,20,24,-1,21,17,18,-1,23,19,20,-1,25,22,26,-1,27,24,28,-1,25,21,22,-1,27,23,24,-1,29,28,30,-1,29,27,28,-1,31,26,32,-1,8,30,9,-1,31,25,26,-1,8,29,30,-1,33,32,34,-1,33,31,32,-1,35,34,36,-1,35,33,34,-1,37,36,38,-1,37,35,36,-1,39,38,40,-1,39,37,38,-1,41,39,40,-1,41,40,42,-1,43,41,42,-1,43,42,44,-1,45,43,44,-1,45,44,46,-1,47,45,46,-1,47,46,48,-1,49,47,48,-1,49,48,50,-1,51,49,50,-1,51,50,1,-1,0,51,1,-1]
coord Coordinate { point [-0.116296 -0.168485 0.523621,-0.153238 -0.135757 0.503936,-0.116296 -0.168485 0.503936,-0.0725961 -0.19142 0.523621,-0.0725961 -0.19142 0.503936,-0.0246768 -0.203231 0.523621,-0.0246768 -0.203231 0.503936,0.198775 0.0489937 0.523621,0.204724 -7.52144e-17 0.523621,0.204724 -7.52144e-17 0.503936,0.198775 0.0489937 0.503936,0.0246768 -0.203231 0.523621,0.0246768 -0.203231 0.503936,0.181274 0.09514 0.523621,0.181274 0.09514 0.503936,0.0725961 -0.19142 0.523621,0.0725961 -0.19142 0.503936,0.153238 0.135757 0.523621,0.153238 0.135757 0.503936,0.116296 -0.168485 0.523621,0.116296 -0.168485 0.503936,0.116296 0.168485 0.523621,0.116296 0.168485 0.503936,0.153238 -0.135757 0.523621,0.153238 -0.135757 0.503936,0.0725961 0.19142 0.523621,0.0725961 0.19142 0.503936,0.181274 -0.09514 0.523621,0.181274 -0.09514 0.503936,0.198775 -0.0489937 0.523621,0.198775 -0.0489937 0.503936,0.0246768 0.203231 0.523621,0.0246768 0.203231 0.503936,-0.0246768 0.203231 0.523621,-0.0246768 0.203231 0.503936,-0.0725961 0.19142 0.523621,-0.0725961 0.19142 0.503936,-0.116296 0.168485 0.523621,-0.116296 0.168485 0.503936,-0.153238 0.135757 0.523621,-0.153238 0.135757 0.503936,-0.181274 0.09514 0.523621,-0.181274 0.09514 0.503936,-0.198775 0.0489937 0.523621,-0.198775 0.0489937 0.503936,-0.204724 -5.95637e-16 0.523621,-0.204724 -5.95637e-16 0.503936,-0.198775 -0.0489937 0.523621,-0.198775 -0.0489937 0.503936,-0.181274 -0.09514 0.523621,-0.181274 -0.09514 0.503936,-0.153238 -0.135757 0.523621]
}}
appearance Appearance{material Material{diffuseColor 0.75 0.75 0.75
transparency 0}}}
Shape { geometry IndexedFaceSet 
{ creaseAngle 0.50 coordIndex [0,1,2,-1,3,4,5,-1,5,4,6,-1,6,4,7,-1,7,4,8,-1,8,4,9,-1,9,4,10,-1,10,4,11,-1,11,4,12,-1,12,4,13,-1,13,4,14,-1,14,4,15,-1,15,4,16,-1,16,4,17,-1,17,4,18,-1,18,4,19,-1,20,4,1,-1,2,4,21,-1,21,4,22,-1,22,4,23,-1,23,4,24,-1,24,4,25,-1,25,4,3,-1,1,4,2,-1]
coord Coordinate { point [-0.0246768 0.203231 0.523621,-0.0725961 0.19142 0.523621,0.0246768 0.203231 0.523621,0.204724 -7.52144e-17 0.523621,-0.153238 0.135757 0.523621,0.198775 -0.0489937 0.523621,0.181274 -0.09514 0.523621,0.153238 -0.135757 0.523621,0.116296 -0.168485 0.523621,0.0725961 -0.19142 0.523621,0.0246768 -0.203231 0.523621,-0.0246768 -0.203231 0.523621,-0.0725961 -0.19142 0.523621,-0.116296 -0.168485 0.523621,-0.153238 -0.135757 0.523621,-0.181274 -0.09514 0.523621,-0.198775 -0.0489937 0.523621,-0.204724 -5.95637e-16 0.523621,-0.198775 0.0489937 0.523621,-0.181274 0.09514 0.523621,-0.116296 0.168485 0.523621,0.0725961 0.19142 0.523621,0.116296 0.168485 0.523621,0.153238 0.135757 0.523621,0.181274 0.09514 0.523621,0.198775 0.0489937 0.523621]
}}
appearance Appearance{material Material{diffuseColor 0.75 0.75 0.75
transparency 0}}}
Shape { geometry IndexedFaceSet 
{ creaseAngle 0.50 coordIndex [0,1,2,-1,0,2,3,-1]
coord Coordinate { point [0.728345 0.246062 0.503936,0.728345 0.246062 0.523621,0.728345 -0.246062 0.523621,0.728345 -0.246062 0.503936]
}}
appearance Appearance{material Material{diffuseColor 0.75 0.75 0.75
transparency 0}}}
Shape { geometry IndexedFaceSet 
{ creaseAngle 0.50 coordIndex [0,1,2,-1,0,2,3,-1]
coord Coordinate { point [0.728345 -0.246062 0.503936,0.728345 -0.246062 0.523621,0.531495 -0.246062 0.523621,0.531495 -0.246062 0.503936]
}}
appearance Appearance{material Material{diffuseColor 0.75 0.75 0.75
transparency 0}}}
Shape { geometry IndexedFaceSet 
{ creaseAngle 0.50 coordIndex [0,1,2,-1,0,2,3,-1]
coord Coordinate { point [0.531495 0.246062 0.523621,0.531495 0.246062 0.503936,0.531495 -0.246062 0.503936,0.531495 -0.246062 0.523621]
}}
appearance Appearance{material Material{diffuseColor 0.75 0.75 0.75
transparency 0}}}
Shape { geometry IndexedFaceSet 
{ creaseAngle 0.50 coordIndex [0,1,2,-1,0,2,3,-1]
coord Coordinate { point [0.728345 0.246062 0.523621,0.728345 0.246062 0.503936,0.531495 0.246062 0.503936,0.531495 0.246062 0.523621]
}}
appearance Appearance{material Material{diffuseColor 0.75 0.75 0.75
transparency 0}}}
Shape { geometry IndexedFaceSet 
{ creaseAngle 0.50 coordIndex [0,1,2,-1,0,2,3,-1]
coord Coordinate { point [0.728345 0.246062 0.523621,0.531495 0.246062 0.523621,0.531495 -0.246062 0.523621,0.728345 -0.246062 0.523621]
}}
appearance Appearance{material Material{diffuseColor 0.75 0.75 0.75
transparency 0}}}
Shape { geometry IndexedFaceSet 
{ creaseAngle 0.50 coordIndex [0,1,2,-1,0,2,3,-1]
coord Coordinate { point [-0.531495 0.246062 0.503936,-0.531495 0.246062 0.523621,-0.531495 -0.246062 0.523621,-0.531495 -0.246062 0.503936]
}}
appearance Appearance{material Material{diffuseColor 0.75 0.75 0.75
transparency 0}}}
Shape { geometry IndexedFaceSet 
{ creaseAngle 0.50 coordIndex [0,1,2,-1,0,2,3,-1]
coord Coordinate { point [-0.531495 -0.246062 0.503936,-0.531495 -0.246062 0.523621,-0.728345 -0.246062 0.523621,-0.728345 -0.246062 0.503936]
}}
appearance Appearance{material Material{diffuseColor 0.75 0.75 0.75
transparency 0}}}
Shape { geometry IndexedFaceSet 
{ creaseAngle 0.50 coordIndex [0,1,2,-1,0,2,3,-1]
coord Coordinate { point [-0.728345 0.246062 0.523621,-0.728345 0.246062 0.503936,-0.728345 -0.246062 0.503936,-0.728345 -0.246062 0.523621]
}}
appearance Appearance{material Material{diffuseColor 0.75 0.75 0.75
transparency 0}}}
Shape { geometry IndexedFaceSet 
{ creaseAngle 0.50 coordIndex [0,1,2,-1,0,2,3,-1]
coord Coordinate { point [-0.531495 0.246062 0.523621,-0.531495 0.246062 0.503936,-0.728345 0.246062 0.503936,-0.728345 0.246062 0.523621]
}}
appearance Appearance{material Material{diffuseColor 0.75 0.75 0.75
transparency 0}}}
Shape { geometry IndexedFaceSet 
{ creaseAngle 0.50 coordIndex [0,1,2,-1,0,2,3,-1]
coord Coordinate { point [-0.531495 0.246062 0.523621,-0.728345 0.246062 0.523621,-0.728345 -0.246062 0.523621,-0.531495 -0.246062 0.523621]
}}
appearance Appearance{material Material{diffuseColor 0.75 0.75 0.75
transparency 0}}}
Shape { geometry IndexedFaceSet 
{ creaseAngle 0.50 coordIndex [0,1,2,-1,0,2,3,-1]
coord Coordinate { point [0.644214 0.295275 0.503936,0.644214 0.295275 0.484251,0.492125 0.295275 0.484251,0.492125 0.295275 0.503936]
}}
appearance Appearance{material Material{diffuseColor 0.75 0.75 0.75
transparency 0}}}
Shape { geometry IndexedFaceSet 
{ creaseAngle 0.50 coordIndex [0,1,2,-1,0,2,3,-1]
coord Coordinate { point [0.644214 -0.295275 0.484251,0.644214 -0.295275 0.503936,0.492125 -0.295275 0.503936,0.492125 -0.295275 0.484251]
}}
appearance Appearance{material Material{diffuseColor 0.75 0.75 0.75
transparency 0}}}
Shape { geometry IndexedFaceSet 
{ creaseAngle 0.50 coordIndex [0,1,2,-1,0,2,3,-1]
coord Coordinate { point [0.492125 0.295275 0.503936,0.492125 0.295275 0.484251,0.492125 -0.295275 0.484251,0.492125 -0.295275 0.503936]
}}
appearance Appearance{material Material{diffuseColor 0.75 0.75 0.75
transparency 0}}}
Shape { geometry IndexedFaceSet 
{ creaseAngle 0.50 coordIndex [0,1,2,-1,3,0,4,-1,3,1,0,-1,5,1,6,-1,5,2,1,-1,7,5,6,-1,8,7,6,-1,9,8,3,-1,9,3,4,-1,9,7,8,-1]
coord Coordinate { point [0.644214 -0.295275 0.503936,0.531495 -0.246062 0.503936,0.492125 -0.295275 0.503936,0.728345 -0.246062 0.503936,0.767715 -0.295275 0.503936,0.492125 0.295275 0.503936,0.531495 0.246062 0.503936,0.644214 0.295275 0.503936,0.728345 0.246062 0.503936,0.767715 0.295275 0.503936]
}}
appearance Appearance{material Material{diffuseColor 0.75 0.75 0.75
transparency 0}}}
Shape { geometry IndexedFaceSet 
{ creaseAngle 0.50 coordIndex [0,1,2,-1,0,3,1,-1]
coord Coordinate { point [-0.492125 0.295275 0.503936,-0.644214 0.295275 0.484251,-0.644214 0.295275 0.503936,-0.492125 0.295275 0.484251]
}}
appearance Appearance{material Material{diffuseColor 0.75 0.75 0.75
transparency 0}}}
Shape { geometry IndexedFaceSet 
{ creaseAngle 0.50 coordIndex [0,1,2,-1,0,2,3,-1]
coord Coordinate { point [-0.492125 0.295275 0.484251,-0.492125 0.295275 0.503936,-0.492125 -0.295275 0.503936,-0.492125 -0.295275 0.484251]
}}
appearance Appearance{material Material{diffuseColor 0.75 0.75 0.75
transparency 0}}}
Shape { geometry IndexedFaceSet 
{ creaseAngle 0.50 coordIndex [0,1,2,-1,0,3,1,-1]
coord Coordinate { point [-0.492125 -0.295275 0.484251,-0.644214 -0.295275 0.503936,-0.644214 -0.295275 0.484251,-0.492125 -0.295275 0.503936]
}}
appearance Appearance{material Material{diffuseColor 0.75 0.75 0.75
transparency 0}}}
Shape { geometry IndexedFaceSet 
{ creaseAngle 0.50 coordIndex [0,1,2,-1,3,0,4,-1,3,1,0,-1,5,1,6,-1,5,2,1,-1,7,5,6,-1,8,7,6,-1,9,8,3,-1,9,3,4,-1,9,7,8,-1]
coord Coordinate { point [-0.644214 -0.295275 0.503936,-0.728345 -0.246062 0.503936,-0.767715 -0.295275 0.503936,-0.531495 -0.246062 0.503936,-0.492125 -0.295275 0.503936,-0.767715 0.295275 0.503936,-0.728345 0.246062 0.503936,-0.644214 0.295275 0.503936,-0.531495 0.246062 0.503936,-0.492125 0.295275 0.503936]
}}
appearance Appearance{material Material{diffuseColor 0.75 0.75 0.75
transparency 0}}}
Shape { geometry IndexedFaceSet 
{ creaseAngle 0.50 coordIndex [0,1,2,-1,0,2,3,-1]
coord Coordinate { point [0.07874 0.334645 0.484251,0.07874 0.334645 0.503936,0.07874 0.24349 0.503936,0.07874 0.24349 0.484251]
}}
appearance Appearance{material Material{diffuseColor 0.75 0.75 0.75
transparency 0}}}
Shape { geometry IndexedFaceSet 
{ creaseAngle 0.50 coordIndex [0,1,2,-1,3,0,2,-1,4,2,5,-1,4,3,2,-1,6,5,7,-1,6,4,5,-1,8,7,9,-1,8,6,7,-1,10,9,11,-1,10,8,9,-1,12,11,13,-1,12,10,11,-1,14,13,15,-1,14,12,13,-1,16,15,17,-1,16,14,15,-1,18,17,19,-1,18,16,17,-1,20,19,21,-1,20,18,19,-1,22,21,23,-1,22,20,21,-1]
coord Coordinate { point [0.07874 -0.24349 0.503936,0.07874 -0.24349 0.484251,0.131899 -0.219294 0.484251,0.131899 -0.219294 0.503936,0.178187 -0.183676 0.503936,0.178187 -0.183676 0.484251,0.215193 -0.138489 0.503936,0.215193 -0.138489 0.484251,0.24099 -0.0860883 0.503936,0.24099 -0.0860883 0.484251,0.254233 -0.0292032 0.503936,0.254233 -0.0292032 0.484251,0.254233 0.0292032 0.503936,0.254233 0.0292032 0.484251,0.24099 0.0860883 0.503936,0.24099 0.0860883 0.484251,0.215193 0.138489 0.503936,0.215193 0.138489 0.484251,0.178187 0.183676 0.503936,0.178187 0.183676 0.484251,0.131899 0.219294 0.503936,0.131899 0.219294 0.484251,0.07874 0.24349 0.503936,0.07874 0.24349 0.484251]
}}
appearance Appearance{material Material{diffuseColor 0.75 0.75 0.75
transparency 0}}}
Shape { geometry IndexedFaceSet 
{ creaseAngle 0.50 coordIndex [0,1,2,-1,0,2,3,-1]
coord Coordinate { point [0.07874 -0.24349 0.484251,0.07874 -0.24349 0.503936,0.07874 -0.334645 0.503936,0.07874 -0.334645 0.484251]
}}
appearance Appearance{material Material{diffuseColor 0.75 0.75 0.75
transparency 0}}}
Shape { geometry IndexedFaceSet 
{ creaseAngle 0.50 coordIndex [0,1,2,-1,0,2,3,-1]
coord Coordinate { point [0.07874 -0.334645 0.484251,0.07874 -0.334645 0.503936,-0.07874 -0.334645 0.503936,-0.07874 -0.334645 0.484251]
}}
appearance Appearance{material Material{diffuseColor 0.75 0.75 0.75
transparency 0}}}
Shape { geometry IndexedFaceSet 
{ creaseAngle 0.50 coordIndex [0,1,2,-1,0,2,3,-1]
coord Coordinate { point [-0.07874 -0.24349 0.503936,-0.07874 -0.24349 0.484251,-0.07874 -0.334645 0.484251,-0.07874 -0.334645 0.503936]
}}
appearance Appearance{material Material{diffuseColor 0.75 0.75 0.75
transparency 0}}}
Shape { geometry IndexedFaceSet 
{ creaseAngle 0.50 coordIndex [0,1,2,-1,3,0,2,-1,4,2,5,-1,4,3,2,-1,6,5,7,-1,6,4,5,-1,8,7,9,-1,8,6,7,-1,10,9,11,-1,10,8,9,-1,12,11,13,-1,12,10,11,-1,14,13,15,-1,14,12,13,-1,16,15,17,-1,16,14,15,-1,18,17,19,-1,18,16,17,-1,20,19,21,-1,20,18,19,-1,22,21,23,-1,22,20,21,-1]
coord Coordinate { point [-0.07874 0.24349 0.503936,-0.07874 0.24349 0.484251,-0.131899 0.219294 0.484251,-0.131899 0.219294 0.503936,-0.178187 0.183676 0.503936,-0.178187 0.183676 0.484251,-0.215193 0.138489 0.503936,-0.215193 0.138489 0.484251,-0.24099 0.0860883 0.503936,-0.24099 0.0860883 0.484251,-0.254233 0.0292032 0.503936,-0.254233 0.0292032 0.484251,-0.254233 -0.0292032 0.503936,-0.254233 -0.0292032 0.484251,-0.24099 -0.0860883 0.503936,-0.24099 -0.0860883 0.484251,-0.215193 -0.138489 0.503936,-0.215193 -0.138489 0.484251,-0.178187 -0.183676 0.503936,-0.178187 -0.183676 0.484251,-0.131899 -0.219294 0.503936,-0.131899 -0.219294 0.484251,-0.07874 -0.24349 0.503936,-0.07874 -0.24349 0.484251]
}}
appearance Appearance{material Material{diffuseColor 0.75 0.75 0.75
transparency 0}}}
Shape { geometry IndexedFaceSet 
{ creaseAngle 0.50 coordIndex [0,1,2,-1,0,2,3,-1]
coord Coordinate { point [-0.07874 0.334645 0.503936,-0.07874 0.334645 0.484251,-0.07874 0.24349 0.484251,-0.07874 0.24349 0.503936]
}}
appearance Appearance{material Material{diffuseColor 0.75 0.75 0.75
transparency 0}}}
Shape { geometry IndexedFaceSet 
{ creaseAngle 0.50 coordIndex [0,1,2,-1,0,2,3,-1]
coord Coordinate { point [0.07874 0.334645 0.503936,0.07874 0.334645 0.484251,-0.07874 0.334645 0.484251,-0.07874 0.334645 0.503936]
}}
appearance Appearance{material Material{diffuseColor 0.75 0.75 0.75
transparency 0}}}
Shape { geometry IndexedFaceSet 
{ creaseAngle 0.50 coordIndex [0,1,2,-1,3,4,5,-1,6,7,8,-1,6,9,7,-1,10,2,11,-1,12,13,14,-1,10,0,2,-1,15,16,9,-1,17,12,14,-1,15,9,6,-1,18,11,16,-1,18,16,15,-1,18,10,11,-1,19,20,21,-1,22,23,1,-1,22,1,0,-1,24,21,25,-1,24,19,21,-1,26,3,5,-1,27,28,20,-1,26,29,3,-1,30,12,17,-1,27,20,19,-1,31,25,32,-1,33,30,17,-1,31,24,25,-1,34,35,28,-1,34,28,27,-1,36,32,37,-1,36,37,38,-1,36,31,32,-1,39,40,29,-1,39,29,26,-1,41,42,35,-1,41,35,34,-1,43,36,38,-1,44,43,38,-1,45,46,42,-1,45,42,41,-1,23,30,33,-1,23,33,1,-1,47,43,44,-1,48,47,44,-1,49,46,45,-1,50,46,49,-1,8,40,39,-1,8,7,40,-1,51,47,48,-1,52,50,49,-1,53,51,48,-1,13,50,52,-1,4,51,53,-1,14,13,52,-1,5,4,53,-1]
coord Coordinate { point [0.07874 0.24349 0.503936,0.0246768 0.203231 0.503936,0.0725961 0.19142 0.503936,0.181274 -0.09514 0.503936,0.153238 -0.135757 0.503936,0.215193 -0.138489 0.503936,0.24099 0.0860883 0.503936,0.198775 0.0489937 0.503936,0.254233 0.0292032 0.503936,0.181274 0.09514 0.503936,0.131899 0.219294 0.503936,0.116296 0.168485 0.503936,-0.131899 0.219294 0.503936,-0.178187 0.183676 0.503936,-0.116296 0.168485 0.503936,0.215193 0.138489 0.503936,0.153238 0.135757 0.503936,-0.0725961 0.19142 0.503936,0.178187 0.183676 0.503936,-0.153238 -0.135757 0.503936,-0.215193 -0.138489 0.503936,-0.178187 -0.183676 0.503936,0.07874 0.334645 0.503936,-0.07874 0.334645 0.503936,-0.116296 -0.168485 0.503936,-0.131899 -0.219294 0.503936,0.24099 -0.0860883 0.503936,-0.181274 -0.09514 0.503936,-0.24099 -0.0860883 0.503936,0.198775 -0.0489937 0.503936,-0.07874 0.24349 0.503936,-0.0725961 -0.19142 0.503936,-0.07874 -0.24349 0.503936,-0.0246768 0.203231 0.503936,-0.198775 -0.0489937 0.503936,-0.254233 -0.0292032 0.503936,-0.0246768 -0.203231 0.503936,-0.07874 -0.334645 0.503936,0.07874 -0.334645 0.503936,0.254233 -0.0292032 0.503936,0.204724 -7.52144e-17 0.503936,-0.204724 -5.95637e-16 0.503936,-0.254233 0.0292032 0.503936,0.0246768 -0.203231 0.503936,0.07874 -0.24349 0.503936,-0.198775 0.0489937 0.503936,-0.24099 0.0860883 0.503936,0.0725961 -0.19142 0.503936,0.131899 -0.219294 0.503936,-0.181274 0.09514 0.503936,-0.215193 0.138489 0.503936,0.116296 -0.168485 0.503936,-0.153238 0.135757 0.503936,0.178187 -0.183676 0.503936]
}}
appearance Appearance{material Material{diffuseColor 0.75 0.75 0.75
transparency 0}}}
Shape { geometry IndexedFaceSet 
{ creaseAngle 0.50 coordIndex [0,1,2,-1,3,1,0,-1]
coord Coordinate { point [-0.767715 -0.295275 1.06299,-0.644214 -0.295275 0.503936,-0.767715 -0.295275 0.503936,-0.644214 -0.295275 1.06299]
}}
appearance Appearance{material Material{diffuseColor 0.75 0.75 0.75
transparency 0}}}
Shape { geometry IndexedFaceSet 
{ creaseAngle 0.50 coordIndex [0,1,2,-1,3,4,5,-1,3,6,7,-1,3,7,8,-1,3,5,6,-1,9,10,11,-1,9,11,12,-1,13,14,15,-1,16,12,14,-1,16,9,12,-1,17,9,16,-1,18,4,3,-1,19,2,20,-1,21,9,17,-1,22,17,16,-1,23,14,13,-1,24,9,21,-1,25,22,16,-1,26,27,28,-1,29,9,24,-1,26,28,30,-1,31,16,14,-1,31,14,23,-1,32,0,2,-1,33,9,29,-1,32,30,34,-1,32,34,35,-1,32,35,36,-1,32,36,0,-1,5,9,33,-1,32,26,30,-1,37,38,18,-1,37,18,3,-1,37,3,26,-1,39,5,33,-1,40,41,5,-1,42,26,32,-1,42,37,26,-1,43,32,44,-1,43,42,32,-1,45,31,23,-1,46,47,31,-1,48,38,37,-1,49,5,39,-1,50,46,31,-1,6,5,49,-1,4,40,5,-1,2,50,31,-1,2,45,20,-1,2,1,51,-1,2,51,50,-1,2,31,45,-1]
coord Coordinate { point [0.254233 -0.0292032 0.484251,0.24099 -0.0860883 0.484251,0.492125 -0.295275 0.484251,-0.07874 0.334645 0.484251,-0.43832 0.556843 0.484251,-0.492125 0.295275 0.484251,-0.178187 0.183676 0.484251,-0.131899 0.219294 0.484251,-0.07874 0.24349 0.484251,-0.492125 -0.295275 0.484251,-0.644214 -0.295275 0.484251,-0.556843 -0.43832 0.484251,-0.43832 -0.556843 0.484251,0.295275 -0.767715 0.484251,-0.295275 -0.644214 0.484251,-0.295275 -0.767715 0.484251,-0.07874 -0.334645 0.484251,-0.178187 -0.183676 0.484251,-0.295275 0.644214 0.484251,0.644214 -0.295275 0.484251,0.556843 -0.43832 0.484251,-0.215193 -0.138489 0.484251,-0.131899 -0.219294 0.484251,0.295275 -0.644214 0.484251,-0.24099 -0.0860883 0.484251,-0.07874 -0.24349 0.484251,0.07874 0.334645 0.484251,0.07874 0.24349 0.484251,0.131899 0.219294 0.484251,-0.254233 -0.0292032 0.484251,0.178187 0.183676 0.484251,0.07874 -0.334645 0.484251,0.492125 0.295275 0.484251,-0.254233 0.0292032 0.484251,0.215193 0.138489 0.484251,0.24099 0.0860883 0.484251,0.254233 0.0292032 0.484251,0.295275 0.644214 0.484251,-0.295275 0.767715 0.484251,-0.24099 0.0860883 0.484251,-0.556843 0.43832 0.484251,-0.644214 0.295275 0.484251,0.43832 0.556843 0.484251,0.556843 0.43832 0.484251,0.644214 0.295275 0.484251,0.43832 -0.556843 0.484251,0.131899 -0.219294 0.484251,0.07874 -0.24349 0.484251,0.295275 0.767715 0.484251,-0.215193 0.138489 0.484251,0.178187 -0.183676 0.484251,0.215193 -0.138489 0.484251]
}}
appearance Appearance{material Material{diffuseColor 0.75 0.75 0.75
transparency 0}}}
Shape { geometry IndexedFaceSet 
{ creaseAngle 0.50 coordIndex [0,1,2,-1,2,1,3,-1,3,4,5,-1,1,4,3,-1,5,6,7,-1,4,6,5,-1,7,8,9,-1,6,8,7,-1,9,10,11,-1,8,10,9,-1,11,12,13,-1,10,12,11,-1]
coord Coordinate { point [1.06299 0.728345 0.31496,1.0675 0.728345 0.314437,1.06299 0.452755 0.31496,1.0675 0.452755 0.314437,1.07177 0.728345 0.312894,1.07177 0.452755 0.312894,1.07557 0.728345 0.310415,1.07557 0.452755 0.310415,1.0787 0.728345 0.307131,1.0787 0.452755 0.307131,1.081 0.728345 0.303216,1.081 0.452755 0.303216,1.08234 0.728345 0.298879,1.08234 0.452755 0.298879]
}}
appearance Appearance{material Material{diffuseColor 0.75 0.75 0.75
transparency 0}}}
Shape { geometry IndexedFaceSet 
{ creaseAngle 0.50 coordIndex [0,1,2,-1,3,1,0,-1]
coord Coordinate { point [1.08234 0.452755 0.298879,1.12437 0.728345 0.0731954,1.12437 0.452755 0.0731954,1.08234 0.728345 0.298879]
}}
appearance Appearance{material Material{diffuseColor 0.75 0.75 0.75
transparency 0}}}
Shape { geometry IndexedFaceSet 
{ creaseAngle 0.50 coordIndex [0,1,2,-1,0,3,1,-1,4,2,5,-1,4,0,2,-1,6,5,7,-1,6,4,5,-1,8,7,9,-1,8,6,7,-1,10,11,12,-1,10,9,11,-1,10,8,9,-1,13,10,12,-1]
coord Coordinate { point [1.22828 0.728345 -0.0357064,1.25984 0.452755 -0.03937,1.22828 0.452755 -0.0357064,1.25984 0.728345 -0.03937,1.19839 0.728345 -0.0249104,1.19839 0.452755 -0.0249104,1.17177 0.728345 -0.00755607,1.17177 0.452755 -0.00755607,1.14984 0.728345 0.0154338,1.14984 0.452755 0.0154338,1.13376 0.728345 0.0428366,1.13376 0.452755 0.0428366,1.12437 0.452755 0.0731954,1.12437 0.728345 0.0731954]
}}
appearance Appearance{material Material{diffuseColor 0.75 0.75 0.75
transparency 0}}}
Shape { geometry IndexedFaceSet 
{ creaseAngle 0.50 coordIndex [0,1,2,-1,3,1,0,-1]
coord Coordinate { point [1.25984 0.452755 -0.03937,1.47638 0.728345 -0.03937,1.47638 0.452755 -0.03937,1.25984 0.728345 -0.03937]
}}
appearance Appearance{material Material{diffuseColor 0.75 0.75 0.75
transparency 0}}}
Shape { geometry IndexedFaceSet 
{ creaseAngle 0.50 coordIndex [0,1,2,-1,3,1,0,-1]
coord Coordinate { point [1.47638 0.452755 -0.03937,1.47638 0.728345 0.07874,1.47638 0.452755 0.07874,1.47638 0.728345 -0.03937]
}}
appearance Appearance{material Material{diffuseColor 0.75 0.75 0.75
transparency 0}}}
Shape { geometry IndexedFaceSet 
{ creaseAngle 0.50 coordIndex [0,1,2,-1,3,1,0,-1]
coord Coordinate { point [1.47638 0.452755 0.07874,1.25984 0.728345 0.07874,1.25984 0.452755 0.07874,1.47638 0.728345 0.07874]
}}
appearance Appearance{material Material{diffuseColor 0.75 0.75 0.75
transparency 0}}}
Shape { geometry IndexedFaceSet 
{ creaseAngle 0.50 coordIndex [0,1,2,-1,2,1,3,-1,3,4,5,-1,1,4,3,-1,5,6,7,-1,4,6,5,-1,7,8,9,-1,6,8,7,-1,9,10,11,-1,8,10,9,-1,11,12,13,-1,10,12,11,-1]
coord Coordinate { point [1.25984 0.728345 0.07874,1.25533 0.728345 0.0792634,1.25984 0.452755 0.07874,1.25533 0.452755 0.0792634,1.25106 0.728345 0.0808057,1.25106 0.452755 0.0808057,1.24726 0.728345 0.0832848,1.24726 0.452755 0.0832848,1.24413 0.728345 0.0865691,1.24413 0.452755 0.0865691,1.24183 0.728345 0.0904838,1.24183 0.452755 0.0904838,1.24049 0.728345 0.0948208,1.24049 0.452755 0.0948208]
}}
appearance Appearance{material Material{diffuseColor 0.75 0.75 0.75
transparency 0}}}
Shape { geometry IndexedFaceSet 
{ creaseAngle 0.50 coordIndex [0,1,2,-1,3,1,0,-1]
coord Coordinate { point [1.24049 0.452755 0.0948208,1.19846 0.728345 0.320505,1.19846 0.452755 0.320505,1.24049 0.728345 0.0948208]
}}
appearance Appearance{material Material{diffuseColor 0.75 0.75 0.75
transparency 0}}}
Shape { geometry IndexedFaceSet 
{ creaseAngle 0.50 coordIndex [0,1,2,-1,0,3,1,-1,4,2,5,-1,4,0,2,-1,6,5,7,-1,6,4,5,-1,8,7,9,-1,8,6,7,-1,10,9,11,-1,10,8,9,-1,12,11,13,-1,12,10,11,-1]
coord Coordinate { point [1.09455 0.728345 0.429406,1.06299 0.452755 0.43307,1.09455 0.452755 0.429406,1.06299 0.728345 0.43307,1.12444 0.728345 0.41861,1.12444 0.452755 0.41861,1.15106 0.728345 0.401256,1.15106 0.452755 0.401256,1.17299 0.728345 0.378266,1.17299 0.452755 0.378266,1.18907 0.728345 0.350863,1.18907 0.452755 0.350863,1.19846 0.728345 0.320505,1.19846 0.452755 0.320505]
}}
appearance Appearance{material Material{diffuseColor 0.75 0.75 0.75
transparency 0}}}
Shape { geometry IndexedFaceSet 
{ creaseAngle 0.50 coordIndex [0,1,2,-1,3,1,0,-1,3,4,1,-1,3,5,4,-1,3,6,5,-1]
coord Coordinate { point [1.06299 0.452755 0.43307,0.885825 0.688975 0.43307,0.885825 0.452755 0.43307,1.06299 0.728345 0.43307,0.885382 0.702178 0.43307,0.884054 0.715321 0.43307,0.881848 0.728345 0.43307]
}}
appearance Appearance{material Material{diffuseColor 0.75 0.75 0.75
transparency 0}}}
Shape { geometry IndexedFaceSet 
{ creaseAngle 0.50 coordIndex [0,1,2,-1,3,4,1,-1,5,4,3,-1,6,4,5,-1,1,4,2,-1]
coord Coordinate { point [0.885825 0.452755 0.31496,0.885825 0.688975 0.31496,1.06299 0.452755 0.31496,0.885382 0.702178 0.31496,1.06299 0.728345 0.31496,0.884054 0.715321 0.31496,0.881848 0.728345 0.31496]
}}
appearance Appearance{material Material{diffuseColor 0.75 0.75 0.75
transparency 0}}}
Shape { geometry IndexedFaceSet 
{ creaseAngle 0.50 coordIndex [0,1,2,-1,1,3,4,-1,4,3,5,-1,6,7,8,-1,8,7,9,-1,10,11,12,-1,13,11,10,-1,14,15,10,-1,10,15,13,-1,12,16,17,-1,11,16,12,-1,18,19,14,-1,8,19,18,-1,14,19,15,-1,17,20,21,-1,16,20,17,-1,8,9,19,-1,22,23,24,-1,25,23,26,-1,24,23,25,-1,21,27,28,-1,20,27,21,-1,22,29,23,-1,30,0,2,-1,28,0,30,-1,27,0,28,-1,31,5,22,-1,4,5,31,-1,22,5,29,-1,2,1,4,-1]
coord Coordinate { point [1.18907 0.452755 0.350863,1.17299 0.452755 0.378266,1.0787 0.452755 0.307131,1.15106 0.452755 0.401256,1.07557 0.452755 0.310415,1.12444 0.452755 0.41861,1.47638 0.452755 -0.03937,1.47638 0.452755 0.07874,1.25984 0.452755 -0.03937,1.25984 0.452755 0.07874,1.17177 0.452755 -0.00755607,1.24413 0.452755 0.0865691,1.14984 0.452755 0.0154338,1.24726 0.452755 0.0832848,1.19839 0.452755 -0.0249104,1.25106 0.452755 0.0808057,1.24183 0.452755 0.0904838,1.13376 0.452755 0.0428366,1.22828 0.452755 -0.0357064,1.25533 0.452755 0.0792634,1.24049 0.452755 0.0948208,1.12437 0.452755 0.0731954,1.0675 0.452755 0.314437,1.06299 0.452755 0.43307,1.06299 0.452755 0.31496,0.885825 0.452755 0.31496,0.885825 0.452755 0.43307,1.19846 0.452755 0.320505,1.08234 0.452755 0.298879,1.09455 0.452755 0.429406,1.081 0.452755 0.303216,1.07177 0.452755 0.312894]
}}
appearance Appearance{material Material{diffuseColor 0.75 0.75 0.75
transparency 0}}}
Shape { geometry IndexedFaceSet 
{ creaseAngle 0.50 coordIndex [0,1,2,-1,0,3,4,-1,5,6,7,-1,8,9,10,-1,8,11,9,-1,12,13,9,-1,12,9,11,-1,14,15,16,-1,14,10,15,-1,14,8,10,-1,17,18,13,-1,17,13,12,-1,19,14,16,-1,7,20,18,-1,7,18,17,-1,21,19,16,-1,6,20,7,-1,22,23,24,-1,22,24,25,-1,26,19,21,-1,27,28,23,-1,27,23,22,-1,29,30,4,-1,29,21,30,-1,29,26,21,-1,2,31,28,-1,2,1,31,-1,2,28,27,-1,3,29,4,-1,0,4,1,-1]
coord Coordinate { point [1.15106 0.728345 0.401256,1.07557 0.728345 0.310415,1.12444 0.728345 0.41861,1.17299 0.728345 0.378266,1.0787 0.728345 0.307131,1.47638 0.728345 0.07874,1.47638 0.728345 -0.03937,1.25984 0.728345 0.07874,1.24413 0.728345 0.0865691,1.17177 0.728345 -0.00755607,1.14984 0.728345 0.0154338,1.24726 0.728345 0.0832848,1.25106 0.728345 0.0808057,1.19839 0.728345 -0.0249104,1.24183 0.728345 0.0904838,1.13376 0.728345 0.0428366,1.12437 0.728345 0.0731954,1.25533 0.728345 0.0792634,1.22828 0.728345 -0.0357064,1.24049 0.728345 0.0948208,1.25984 0.728345 -0.03937,1.08234 0.728345 0.298879,1.06299 0.728345 0.43307,1.06299 0.728345 0.31496,0.881848 0.728345 0.31496,0.881848 0.728345 0.43307,1.19846 0.728345 0.320505,1.09455 0.728345 0.429406,1.0675 0.728345 0.314437,1.18907 0.728345 0.350863,1.081 0.728345 0.303216,1.07177 0.728345 0.312894]
}}
appearance Appearance{material Material{diffuseColor 0.75 0.75 0.75
transparency 0}}}
Shape { geometry IndexedFaceSet 
{ creaseAngle 0.50 coordIndex [0,1,2,-1,2,1,3,-1,3,4,5,-1,1,4,3,-1,5,6,7,-1,4,6,5,-1,7,8,9,-1,6,8,7,-1,9,10,11,-1,8,10,9,-1,11,12,13,-1,10,12,11,-1]
coord Coordinate { point [-1.08234 0.728345 0.298879,-1.081 0.728345 0.303216,-1.08234 0.452755 0.298879,-1.081 0.452755 0.303216,-1.0787 0.728345 0.307131,-1.0787 0.452755 0.307131,-1.07557 0.728345 0.310415,-1.07557 0.452755 0.310415,-1.07177 0.728345 0.312894,-1.07177 0.452755 0.312894,-1.0675 0.728345 0.314437,-1.0675 0.452755 0.314437,-1.06299 0.728345 0.31496,-1.06299 0.452755 0.31496]
}}
appearance Appearance{material Material{diffuseColor 0.75 0.75 0.75
transparency 0}}}
Shape { geometry IndexedFaceSet 
{ creaseAngle 0.50 coordIndex [0,1,2,-1,3,1,0,-1,3,4,1,-1,3,5,4,-1,3,6,5,-1]
coord Coordinate { point [-1.06299 0.452755 0.31496,-0.885825 0.688975 0.31496,-0.885825 0.452755 0.31496,-1.06299 0.728345 0.31496,-0.885382 0.702178 0.31496,-0.884054 0.715321 0.31496,-0.881848 0.728345 0.31496]
}}
appearance Appearance{material Material{diffuseColor 0.75 0.75 0.75
transparency 0}}}
Shape { geometry IndexedFaceSet 
{ creaseAngle 0.50 coordIndex [0,1,2,-1,3,4,1,-1,5,4,3,-1,6,4,5,-1,1,4,2,-1]
coord Coordinate { point [-0.885825 0.452755 0.43307,-0.885825 0.688975 0.43307,-1.06299 0.452755 0.43307,-0.885382 0.702178 0.43307,-1.06299 0.728345 0.43307,-0.884054 0.715321 0.43307,-0.881848 0.728345 0.43307]
}}
appearance Appearance{material Material{diffuseColor 0.75 0.75 0.75
transparency 0}}}
Shape { geometry IndexedFaceSet 
{ creaseAngle 0.50 coordIndex [0,1,2,-1,0,3,1,-1,4,2,5,-1,4,0,2,-1,6,5,7,-1,6,4,5,-1,8,7,9,-1,8,6,7,-1,10,9,11,-1,10,8,9,-1,12,11,13,-1,12,10,11,-1]
coord Coordinate { point [-1.18907 0.728345 0.350863,-1.19846 0.452755 0.320505,-1.18907 0.452755 0.350863,-1.19846 0.728345 0.320505,-1.17299 0.728345 0.378266,-1.17299 0.452755 0.378266,-1.15106 0.728345 0.401256,-1.15106 0.452755 0.401256,-1.12444 0.728345 0.41861,-1.12444 0.452755 0.41861,-1.09455 0.728345 0.429406,-1.09455 0.452755 0.429406,-1.06299 0.728345 0.43307,-1.06299 0.452755 0.43307]
}}
appearance Appearance{material Material{diffuseColor 0.75 0.75 0.75
transparency 0}}}
Shape { geometry IndexedFaceSet 
{ creaseAngle 0.50 coordIndex [0,1,2,-1,3,1,0,-1]
coord Coordinate { point [-1.19846 0.452755 0.320505,-1.24049 0.728345 0.0948208,-1.24049 0.452755 0.0948208,-1.19846 0.728345 0.320505]
}}
appearance Appearance{material Material{diffuseColor 0.75 0.75 0.75
transparency 0}}}
Shape { geometry IndexedFaceSet 
{ creaseAngle 0.50 coordIndex [0,1,2,-1,2,3,4,-1,1,3,2,-1,4,5,6,-1,3,5,4,-1,6,7,8,-1,5,7,6,-1,8,9,10,-1,7,9,8,-1,9,11,10,-1,10,12,13,-1,11,12,10,-1]
coord Coordinate { point [-1.24049 0.452755 0.0948208,-1.24049 0.728345 0.0948208,-1.24183 0.452755 0.0904838,-1.24183 0.728345 0.0904838,-1.24413 0.452755 0.0865691,-1.24413 0.728345 0.0865691,-1.24726 0.452755 0.0832848,-1.24726 0.728345 0.0832848,-1.25106 0.452755 0.0808057,-1.25106 0.728345 0.0808057,-1.25533 0.452755 0.0792634,-1.25533 0.728345 0.0792634,-1.25984 0.728345 0.07874,-1.25984 0.452755 0.07874]
}}
appearance Appearance{material Material{diffuseColor 0.75 0.75 0.75
transparency 0}}}
Shape { geometry IndexedFaceSet 
{ creaseAngle 0.50 coordIndex [0,1,2,-1,3,1,0,-1]
coord Coordinate { point [-1.25984 0.452755 0.07874,-1.47638 0.728345 0.07874,-1.47638 0.452755 0.07874,-1.25984 0.728345 0.07874]
}}
appearance Appearance{material Material{diffuseColor 0.75 0.75 0.75
transparency 0}}}
Shape { geometry IndexedFaceSet 
{ creaseAngle 0.50 coordIndex [0,1,2,-1,3,1,0,-1]
coord Coordinate { point [-1.47638 0.452755 0.07874,-1.47638 0.728345 -0.03937,-1.47638 0.452755 -0.03937,-1.47638 0.728345 0.07874]
}}
appearance Appearance{material Material{diffuseColor 0.75 0.75 0.75
transparency 0}}}
Shape { geometry IndexedFaceSet 
{ creaseAngle 0.50 coordIndex [0,1,2,-1,3,1,0,-1]
coord Coordinate { point [-1.47638 0.452755 -0.03937,-1.25984 0.728345 -0.03937,-1.25984 0.452755 -0.03937,-1.47638 0.728345 -0.03937]
}}
appearance Appearance{material Material{diffuseColor 0.75 0.75 0.75
transparency 0}}}
Shape { geometry IndexedFaceSet 
{ creaseAngle 0.50 coordIndex [0,1,2,-1,0,3,1,-1,4,2,5,-1,4,0,2,-1,6,5,7,-1,6,4,5,-1,8,7,9,-1,8,6,7,-1,10,9,11,-1,10,8,9,-1,12,11,13,-1,12,10,11,-1]
coord Coordinate { point [-1.13376 0.728345 0.0428366,-1.12437 0.452755 0.0731954,-1.13376 0.452755 0.0428366,-1.12437 0.728345 0.0731954,-1.14984 0.728345 0.0154338,-1.14984 0.452755 0.0154338,-1.17177 0.728345 -0.00755607,-1.17177 0.452755 -0.00755607,-1.19839 0.728345 -0.0249104,-1.19839 0.452755 -0.0249104,-1.22828 0.728345 -0.0357064,-1.22828 0.452755 -0.0357064,-1.25984 0.728345 -0.03937,-1.25984 0.452755 -0.03937]
}}
appearance Appearance{material Material{diffuseColor 0.75 0.75 0.75
transparency 0}}}
Shape { geometry IndexedFaceSet 
{ creaseAngle 0.50 coordIndex [0,1,2,-1,3,1,0,-1]
coord Coordinate { point [-1.12437 0.452755 0.0731954,-1.08234 0.728345 0.298879,-1.08234 0.452755 0.298879,-1.12437 0.728345 0.0731954]
}}
appearance Appearance{material Material{diffuseColor 0.75 0.75 0.75
transparency 0}}}
Shape { geometry IndexedFaceSet 
{ creaseAngle 0.50 coordIndex [0,1,2,-1,0,2,3,-1,4,5,6,-1,4,6,1,-1,4,1,0,-1,7,8,5,-1,7,5,4,-1,9,8,7,-1,10,9,11,-1,10,8,9,-1,12,11,13,-1,12,10,11,-1,14,13,15,-1,14,12,13,-1,16,14,15,-1,17,16,18,-1,17,14,16,-1,19,18,20,-1,19,17,18,-1,21,19,20,-1,22,23,21,-1,22,21,20,-1,24,25,23,-1,24,23,22,-1,26,27,25,-1,26,25,24,-1,28,29,27,-1,28,27,26,-1,30,31,29,-1,30,29,28,-1]
coord Coordinate { point [-1.25984 0.728345 0.07874,-1.25984 0.728345 -0.03937,-1.47638 0.728345 -0.03937,-1.47638 0.728345 0.07874,-1.25533 0.728345 0.0792634,-1.19839 0.728345 -0.0249104,-1.22828 0.728345 -0.0357064,-1.25106 0.728345 0.0808057,-1.17177 0.728345 -0.00755607,-1.24726 0.728345 0.0832848,-1.14984 0.728345 0.0154338,-1.24413 0.728345 0.0865691,-1.13376 0.728345 0.0428366,-1.24183 0.728345 0.0904838,-1.12437 0.728345 0.0731954,-1.24049 0.728345 0.0948208,-1.19846 0.728345 0.320505,-1.08234 0.728345 0.298879,-1.18907 0.728345 0.350863,-1.081 0.728345 0.303216,-1.17299 0.728345 0.378266,-1.0787 0.728345 0.307131,-1.15106 0.728345 0.401256,-1.07557 0.728345 0.310415,-1.12444 0.728345 0.41861,-1.07177 0.728345 0.312894,-1.09455 0.728345 0.429406,-1.0675 0.728345 0.314437,-1.06299 0.728345 0.43307,-1.06299 0.728345 0.31496,-0.881848 0.728345 0.43307,-0.881848 0.728345 0.31496]
}}
appearance Appearance{material Material{diffuseColor 0.75 0.75 0.75
transparency 0}}}
Shape { geometry IndexedFaceSet 
{ creaseAngle 0.50 coordIndex [0,1,2,-1,3,1,0,-1,4,5,3,-1,6,5,4,-1,3,5,1,-1,7,8,6,-1,6,8,5,-1,7,9,8,-1,9,10,11,-1,7,10,9,-1,11,12,13,-1,10,12,11,-1,13,14,15,-1,12,14,13,-1,14,16,15,-1,16,17,18,-1,14,17,16,-1,18,19,20,-1,17,19,18,-1,19,21,20,-1,22,23,21,-1,21,23,20,-1,24,25,22,-1,22,25,23,-1,26,27,24,-1,24,27,25,-1,28,29,26,-1,26,29,27,-1,30,31,28,-1,28,31,29,-1]
coord Coordinate { point [-1.47638 0.452755 -0.03937,-1.25984 0.452755 0.07874,-1.47638 0.452755 0.07874,-1.25984 0.452755 -0.03937,-1.22828 0.452755 -0.0357064,-1.25533 0.452755 0.0792634,-1.19839 0.452755 -0.0249104,-1.17177 0.452755 -0.00755607,-1.25106 0.452755 0.0808057,-1.24726 0.452755 0.0832848,-1.14984 0.452755 0.0154338,-1.24413 0.452755 0.0865691,-1.13376 0.452755 0.0428366,-1.24183 0.452755 0.0904838,-1.12437 0.452755 0.0731954,-1.24049 0.452755 0.0948208,-1.19846 0.452755 0.320505,-1.08234 0.452755 0.298879,-1.18907 0.452755 0.350863,-1.081 0.452755 0.303216,-1.17299 0.452755 0.378266,-1.0787 0.452755 0.307131,-1.07557 0.452755 0.310415,-1.15106 0.452755 0.401256,-1.07177 0.452755 0.312894,-1.12444 0.452755 0.41861,-1.0675 0.452755 0.314437,-1.09455 0.452755 0.429406,-1.06299 0.452755 0.31496,-1.06299 0.452755 0.43307,-0.885825 0.452755 0.31496,-0.885825 0.452755 0.43307]
}}
appearance Appearance{material Material{diffuseColor 0.75 0.75 0.75
transparency 0}}}
Shape { geometry IndexedFaceSet 
{ creaseAngle 0.50 coordIndex [0,1,2,-1,2,1,3,-1,3,4,5,-1,1,4,3,-1,5,6,7,-1,4,6,5,-1,7,8,9,-1,6,8,7,-1,9,10,11,-1,8,10,9,-1,11,12,13,-1,10,12,11,-1]
coord Coordinate { point [1.06299 -0.452755 0.31496,1.0675 -0.452755 0.314437,1.06299 -0.728345 0.31496,1.0675 -0.728345 0.314437,1.07177 -0.452755 0.312894,1.07177 -0.728345 0.312894,1.07557 -0.452755 0.310415,1.07557 -0.728345 0.310415,1.0787 -0.452755 0.307131,1.0787 -0.728345 0.307131,1.081 -0.452755 0.303216,1.081 -0.728345 0.303216,1.08234 -0.452755 0.298879,1.08234 -0.728345 0.298879]
}}
appearance Appearance{material Material{diffuseColor 0.75 0.75 0.75
transparency 0}}}
Shape { geometry IndexedFaceSet 
{ creaseAngle 0.50 coordIndex [0,1,2,-1,0,2,3,-1]
coord Coordinate { point [1.08234 -0.452755 0.298879,1.12437 -0.452755 0.0731954,1.12437 -0.728345 0.0731954,1.08234 -0.728345 0.298879]
}}
appearance Appearance{material Material{diffuseColor 0.75 0.75 0.75
transparency 0}}}
Shape { geometry IndexedFaceSet 
{ creaseAngle 0.50 coordIndex [0,1,2,-1,0,2,3,-1,4,3,5,-1,4,0,3,-1,6,5,7,-1,6,4,5,-1,8,7,9,-1,8,6,7,-1,10,9,11,-1,10,8,9,-1,12,11,13,-1,12,10,11,-1]
coord Coordinate { point [1.22828 -0.452755 -0.0357064,1.25984 -0.452755 -0.03937,1.25984 -0.728345 -0.03937,1.22828 -0.728345 -0.0357064,1.19839 -0.452755 -0.0249104,1.19839 -0.728345 -0.0249104,1.17177 -0.452755 -0.00755607,1.17177 -0.728345 -0.00755607,1.14984 -0.452755 0.0154338,1.14984 -0.728345 0.0154338,1.13376 -0.452755 0.0428366,1.13376 -0.728345 0.0428366,1.12437 -0.452755 0.0731954,1.12437 -0.728345 0.0731954]
}}
appearance Appearance{material Material{diffuseColor 0.75 0.75 0.75
transparency 0}}}
Shape { geometry IndexedFaceSet 
{ creaseAngle 0.50 coordIndex [0,1,2,-1,0,2,3,-1]
coord Coordinate { point [1.25984 -0.452755 -0.03937,1.47638 -0.452755 -0.03937,1.47638 -0.728345 -0.03937,1.25984 -0.728345 -0.03937]
}}
appearance Appearance{material Material{diffuseColor 0.75 0.75 0.75
transparency 0}}}
Shape { geometry IndexedFaceSet 
{ creaseAngle 0.50 coordIndex [0,1,2,-1,0,2,3,-1]
coord Coordinate { point [1.47638 -0.452755 -0.03937,1.47638 -0.452755 0.07874,1.47638 -0.728345 0.07874,1.47638 -0.728345 -0.03937]
}}
appearance Appearance{material Material{diffuseColor 0.75 0.75 0.75
transparency 0}}}
Shape { geometry IndexedFaceSet 
{ creaseAngle 0.50 coordIndex [0,1,2,-1,0,2,3,-1]
coord Coordinate { point [1.47638 -0.452755 0.07874,1.25984 -0.452755 0.07874,1.25984 -0.728345 0.07874,1.47638 -0.728345 0.07874]
}}
appearance Appearance{material Material{diffuseColor 0.75 0.75 0.75
transparency 0}}}
Shape { geometry IndexedFaceSet 
{ creaseAngle 0.50 coordIndex [0,1,2,-1,2,1,3,-1,3,4,5,-1,1,4,3,-1,5,6,7,-1,4,6,5,-1,7,8,9,-1,6,8,7,-1,9,10,11,-1,11,10,12,-1,8,10,9,-1,10,13,12,-1]
coord Coordinate { point [1.25984 -0.452755 0.07874,1.25533 -0.452755 0.0792634,1.25984 -0.728345 0.07874,1.25533 -0.728345 0.0792634,1.25106 -0.452755 0.0808057,1.25106 -0.728345 0.0808057,1.24726 -0.452755 0.0832848,1.24726 -0.728345 0.0832848,1.24413 -0.452755 0.0865691,1.24413 -0.728345 0.0865691,1.24183 -0.452755 0.0904838,1.24183 -0.728345 0.0904838,1.24049 -0.728345 0.0948208,1.24049 -0.452755 0.0948208]
}}
appearance Appearance{material Material{diffuseColor 0.75 0.75 0.75
transparency 0}}}
Shape { geometry IndexedFaceSet 
{ creaseAngle 0.50 coordIndex [0,1,2,-1,0,2,3,-1]
coord Coordinate { point [1.24049 -0.452755 0.0948208,1.19846 -0.452755 0.320505,1.19846 -0.728345 0.320505,1.24049 -0.728345 0.0948208]
}}
appearance Appearance{material Material{diffuseColor 0.75 0.75 0.75
transparency 0}}}
Shape { geometry IndexedFaceSet 
{ creaseAngle 0.50 coordIndex [0,1,2,-1,0,2,3,-1,4,3,5,-1,4,0,3,-1,6,5,7,-1,6,4,5,-1,8,7,9,-1,8,6,7,-1,10,9,11,-1,10,8,9,-1,12,11,13,-1,12,10,11,-1]
coord Coordinate { point [1.09455 -0.452755 0.429406,1.06299 -0.452755 0.43307,1.06299 -0.728345 0.43307,1.09455 -0.728345 0.429406,1.12444 -0.452755 0.41861,1.12444 -0.728345 0.41861,1.15106 -0.452755 0.401256,1.15106 -0.728345 0.401256,1.17299 -0.452755 0.378266,1.17299 -0.728345 0.378266,1.18907 -0.452755 0.350863,1.18907 -0.728345 0.350863,1.19846 -0.452755 0.320505,1.19846 -0.728345 0.320505]
}}
appearance Appearance{material Material{diffuseColor 0.75 0.75 0.75
transparency 0}}}
Shape { geometry IndexedFaceSet 
{ creaseAngle 0.50 coordIndex [0,1,2,-1,0,2,3,-1,0,3,4,-1,5,6,1,-1,5,1,0,-1]
coord Coordinate { point [1.06299 -0.728345 0.43307,0.885825 -0.688975 0.43307,0.885382 -0.702178 0.43307,0.884054 -0.715321 0.43307,0.881848 -0.728345 0.43307,1.06299 -0.452755 0.43307,0.885825 -0.452755 0.43307]
}}
appearance Appearance{material Material{diffuseColor 0.75 0.75 0.75
transparency 0}}}
Shape { geometry IndexedFaceSet 
{ creaseAngle 0.50 coordIndex [0,1,2,-1,3,1,0,-1,4,1,3,-1,5,1,4,-1,6,5,4,-1]
coord Coordinate { point [0.884054 -0.715321 0.31496,1.06299 -0.728345 0.31496,0.881848 -0.728345 0.31496,0.885382 -0.702178 0.31496,0.885825 -0.688975 0.31496,1.06299 -0.452755 0.31496,0.885825 -0.452755 0.31496]
}}
appearance Appearance{material Material{diffuseColor 0.75 0.75 0.75
transparency 0}}}
Shape { geometry IndexedFaceSet 
{ creaseAngle 0.50 coordIndex [0,1,2,-1,3,0,4,-1,3,4,5,-1,6,7,8,-1,9,10,11,-1,9,12,10,-1,13,14,10,-1,13,10,12,-1,15,16,17,-1,15,11,16,-1,15,9,11,-1,18,19,14,-1,18,14,13,-1,20,15,17,-1,8,21,19,-1,8,19,18,-1,22,20,17,-1,7,21,8,-1,23,24,25,-1,23,25,26,-1,27,20,22,-1,28,29,24,-1,28,24,23,-1,1,30,2,-1,1,22,30,-1,1,27,22,-1,5,31,29,-1,5,4,31,-1,5,29,28,-1,0,2,4,-1]
coord Coordinate { point [1.17299 -0.452755 0.378266,1.18907 -0.452755 0.350863,1.0787 -0.452755 0.307131,1.15106 -0.452755 0.401256,1.07557 -0.452755 0.310415,1.12444 -0.452755 0.41861,1.47638 -0.452755 0.07874,1.47638 -0.452755 -0.03937,1.25984 -0.452755 0.07874,1.24413 -0.452755 0.0865691,1.17177 -0.452755 -0.00755607,1.14984 -0.452755 0.0154338,1.24726 -0.452755 0.0832848,1.25106 -0.452755 0.0808057,1.19839 -0.452755 -0.0249104,1.24183 -0.452755 0.0904838,1.13376 -0.452755 0.0428366,1.12437 -0.452755 0.0731954,1.25533 -0.452755 0.0792634,1.22828 -0.452755 -0.0357064,1.24049 -0.452755 0.0948208,1.25984 -0.452755 -0.03937,1.08234 -0.452755 0.298879,1.06299 -0.452755 0.43307,1.06299 -0.452755 0.31496,0.885825 -0.452755 0.31496,0.885825 -0.452755 0.43307,1.19846 -0.452755 0.320505,1.09455 -0.452755 0.429406,1.0675 -0.452755 0.314437,1.081 -0.452755 0.303216,1.07177 -0.452755 0.312894]
}}
appearance Appearance{material Material{diffuseColor 0.75 0.75 0.75
transparency 0}}}
Shape { geometry IndexedFaceSet 
{ creaseAngle 0.50 coordIndex [0,1,2,-1,2,1,3,-1,4,5,6,-1,6,5,7,-1,8,9,10,-1,11,9,8,-1,12,13,8,-1,8,13,11,-1,10,14,15,-1,9,14,10,-1,16,17,12,-1,6,17,16,-1,12,17,13,-1,15,18,19,-1,14,18,15,-1,6,7,17,-1,20,21,22,-1,23,21,20,-1,22,21,24,-1,19,25,26,-1,18,25,19,-1,23,27,21,-1,28,29,30,-1,26,29,28,-1,25,29,26,-1,31,3,23,-1,2,3,31,-1,23,3,27,-1,30,0,2,-1,29,0,30,-1]
coord Coordinate { point [1.17299 -0.728345 0.378266,1.15106 -0.728345 0.401256,1.07557 -0.728345 0.310415,1.12444 -0.728345 0.41861,1.47638 -0.728345 -0.03937,1.47638 -0.728345 0.07874,1.25984 -0.728345 -0.03937,1.25984 -0.728345 0.07874,1.17177 -0.728345 -0.00755607,1.24413 -0.728345 0.0865691,1.14984 -0.728345 0.0154338,1.24726 -0.728345 0.0832848,1.19839 -0.728345 -0.0249104,1.25106 -0.728345 0.0808057,1.24183 -0.728345 0.0904838,1.13376 -0.728345 0.0428366,1.22828 -0.728345 -0.0357064,1.25533 -0.728345 0.0792634,1.24049 -0.728345 0.0948208,1.12437 -0.728345 0.0731954,1.06299 -0.728345 0.31496,1.06299 -0.728345 0.43307,0.881848 -0.728345 0.31496,1.0675 -0.728345 0.314437,0.881848 -0.728345 0.43307,1.19846 -0.728345 0.320505,1.08234 -0.728345 0.298879,1.09455 -0.728345 0.429406,1.081 -0.728345 0.303216,1.18907 -0.728345 0.350863,1.0787 -0.728345 0.307131,1.07177 -0.728345 0.312894]
}}
appearance Appearance{material Material{diffuseColor 0.75 0.75 0.75
transparency 0}}}
Shape { geometry IndexedFaceSet 
{ creaseAngle 0.50 coordIndex [0,1,2,-1,2,3,4,-1,1,3,2,-1,4,5,6,-1,3,5,4,-1,6,7,8,-1,5,7,6,-1,8,9,10,-1,7,9,8,-1,9,11,10,-1,10,12,13,-1,11,12,10,-1]
coord Coordinate { point [-1.08234 -0.728345 0.298879,-1.08234 -0.452755 0.298879,-1.081 -0.728345 0.303216,-1.081 -0.452755 0.303216,-1.0787 -0.728345 0.307131,-1.0787 -0.452755 0.307131,-1.07557 -0.728345 0.310415,-1.07557 -0.452755 0.310415,-1.07177 -0.728345 0.312894,-1.07177 -0.452755 0.312894,-1.0675 -0.728345 0.314437,-1.0675 -0.452755 0.314437,-1.06299 -0.452755 0.31496,-1.06299 -0.728345 0.31496]
}}
appearance Appearance{material Material{diffuseColor 0.75 0.75 0.75
transparency 0}}}
Shape { geometry IndexedFaceSet 
{ creaseAngle 0.50 coordIndex [0,1,2,-1,0,2,3,-1,0,3,4,-1,5,6,1,-1,5,1,0,-1]
coord Coordinate { point [-1.06299 -0.728345 0.31496,-0.885825 -0.688975 0.31496,-0.885382 -0.702178 0.31496,-0.884054 -0.715321 0.31496,-0.881848 -0.728345 0.31496,-1.06299 -0.452755 0.31496,-0.885825 -0.452755 0.31496]
}}
appearance Appearance{material Material{diffuseColor 0.75 0.75 0.75
transparency 0}}}
Shape { geometry IndexedFaceSet 
{ creaseAngle 0.50 coordIndex [0,1,2,-1,3,1,0,-1,4,1,3,-1,5,1,4,-1,6,5,4,-1]
coord Coordinate { point [-0.884054 -0.715321 0.43307,-1.06299 -0.728345 0.43307,-0.881848 -0.728345 0.43307,-0.885382 -0.702178 0.43307,-0.885825 -0.688975 0.43307,-1.06299 -0.452755 0.43307,-0.885825 -0.452755 0.43307]
}}
appearance Appearance{material Material{diffuseColor 0.75 0.75 0.75
transparency 0}}}
Shape { geometry IndexedFaceSet 
{ creaseAngle 0.50 coordIndex [0,1,2,-1,3,2,4,-1,3,0,2,-1,5,4,6,-1,5,3,4,-1,7,5,6,-1,8,6,9,-1,8,7,6,-1,10,9,11,-1,10,8,9,-1,12,11,13,-1,12,10,11,-1]
coord Coordinate { point [-1.19846 -0.452755 0.320505,-1.19846 -0.728345 0.320505,-1.18907 -0.728345 0.350863,-1.18907 -0.452755 0.350863,-1.17299 -0.728345 0.378266,-1.17299 -0.452755 0.378266,-1.15106 -0.728345 0.401256,-1.15106 -0.452755 0.401256,-1.12444 -0.452755 0.41861,-1.12444 -0.728345 0.41861,-1.09455 -0.452755 0.429406,-1.09455 -0.728345 0.429406,-1.06299 -0.452755 0.43307,-1.06299 -0.728345 0.43307]
}}
appearance Appearance{material Material{diffuseColor 0.75 0.75 0.75
transparency 0}}}
Shape { geometry IndexedFaceSet 
{ creaseAngle 0.50 coordIndex [0,1,2,-1,0,2,3,-1]
coord Coordinate { point [-1.19846 -0.452755 0.320505,-1.24049 -0.452755 0.0948208,-1.24049 -0.728345 0.0948208,-1.19846 -0.728345 0.320505]
}}
appearance Appearance{material Material{diffuseColor 0.75 0.75 0.75
transparency 0}}}
Shape { geometry IndexedFaceSet 
{ creaseAngle 0.50 coordIndex [0,1,2,-1,2,1,3,-1,3,4,5,-1,1,4,3,-1,5,6,7,-1,4,6,5,-1,7,8,9,-1,6,8,7,-1,9,10,11,-1,8,10,9,-1,11,12,13,-1,10,12,11,-1]
coord Coordinate { point [-1.24049 -0.452755 0.0948208,-1.24183 -0.452755 0.0904838,-1.24049 -0.728345 0.0948208,-1.24183 -0.728345 0.0904838,-1.24413 -0.452755 0.0865691,-1.24413 -0.728345 0.0865691,-1.24726 -0.452755 0.0832848,-1.24726 -0.728345 0.0832848,-1.25106 -0.452755 0.0808057,-1.25106 -0.728345 0.0808057,-1.25533 -0.452755 0.0792634,-1.25533 -0.728345 0.0792634,-1.25984 -0.452755 0.07874,-1.25984 -0.728345 0.07874]
}}
appearance Appearance{material Material{diffuseColor 0.75 0.75 0.75
transparency 0}}}
Shape { geometry IndexedFaceSet 
{ creaseAngle 0.50 coordIndex [0,1,2,-1,0,2,3,-1]
coord Coordinate { point [-1.25984 -0.452755 0.07874,-1.47638 -0.452755 0.07874,-1.47638 -0.728345 0.07874,-1.25984 -0.728345 0.07874]
}}
appearance Appearance{material Material{diffuseColor 0.75 0.75 0.75
transparency 0}}}
Shape { geometry IndexedFaceSet 
{ creaseAngle 0.50 coordIndex [0,1,2,-1,0,2,3,-1]
coord Coordinate { point [-1.47638 -0.452755 0.07874,-1.47638 -0.452755 -0.03937,-1.47638 -0.728345 -0.03937,-1.47638 -0.728345 0.07874]
}}
appearance Appearance{material Material{diffuseColor 0.75 0.75 0.75
transparency 0}}}
Shape { geometry IndexedFaceSet 
{ creaseAngle 0.50 coordIndex [0,1,2,-1,0,2,3,-1]
coord Coordinate { point [-1.47638 -0.452755 -0.03937,-1.25984 -0.452755 -0.03937,-1.25984 -0.728345 -0.03937,-1.47638 -0.728345 -0.03937]
}}
appearance Appearance{material Material{diffuseColor 0.75 0.75 0.75
transparency 0}}}
Shape { geometry IndexedFaceSet 
{ creaseAngle 0.50 coordIndex [0,1,2,-1,0,2,3,-1,0,3,4,-1,5,0,4,-1,6,4,7,-1,6,7,8,-1,6,5,4,-1,9,8,10,-1,9,6,8,-1,11,9,10,-1,12,10,13,-1,12,11,10,-1]
coord Coordinate { point [-1.13376 -0.452755 0.0428366,-1.12437 -0.452755 0.0731954,-1.12437 -0.728345 0.0731954,-1.13376 -0.728345 0.0428366,-1.14984 -0.728345 0.0154338,-1.14984 -0.452755 0.0154338,-1.17177 -0.452755 -0.00755607,-1.17177 -0.728345 -0.00755607,-1.19839 -0.728345 -0.0249104,-1.19839 -0.452755 -0.0249104,-1.22828 -0.728345 -0.0357064,-1.22828 -0.452755 -0.0357064,-1.25984 -0.452755 -0.03937,-1.25984 -0.728345 -0.03937]
}}
appearance Appearance{material Material{diffuseColor 0.75 0.75 0.75
transparency 0}}}
Shape { geometry IndexedFaceSet 
{ creaseAngle 0.50 coordIndex [0,1,2,-1,0,2,3,-1]
coord Coordinate { point [-1.12437 -0.452755 0.0731954,-1.08234 -0.452755 0.298879,-1.08234 -0.728345 0.298879,-1.12437 -0.728345 0.0731954]
}}
appearance Appearance{material Material{diffuseColor 0.75 0.75 0.75
transparency 0}}}
Shape { geometry IndexedFaceSet 
{ creaseAngle 0.50 coordIndex [0,1,2,-1,3,1,0,-1,4,5,6,-1,6,5,3,-1,3,5,1,-1,7,8,4,-1,4,8,5,-1,7,9,8,-1,9,10,11,-1,7,10,9,-1,11,12,13,-1,10,12,11,-1,13,14,15,-1,12,14,13,-1,14,16,15,-1,16,17,18,-1,14,17,16,-1,18,19,20,-1,17,19,18,-1,19,21,20,-1,22,23,21,-1,21,23,20,-1,24,25,22,-1,22,25,23,-1,26,27,24,-1,24,27,25,-1,28,29,26,-1,26,29,27,-1,30,31,28,-1,28,31,29,-1]
coord Coordinate { point [-1.47638 -0.728345 -0.03937,-1.25984 -0.728345 0.07874,-1.47638 -0.728345 0.07874,-1.25984 -0.728345 -0.03937,-1.19839 -0.728345 -0.0249104,-1.25533 -0.728345 0.0792634,-1.22828 -0.728345 -0.0357064,-1.17177 -0.728345 -0.00755607,-1.25106 -0.728345 0.0808057,-1.24726 -0.728345 0.0832848,-1.14984 -0.728345 0.0154338,-1.24413 -0.728345 0.0865691,-1.13376 -0.728345 0.0428366,-1.24183 -0.728345 0.0904838,-1.12437 -0.728345 0.0731954,-1.24049 -0.728345 0.0948208,-1.19846 -0.728345 0.320505,-1.08234 -0.728345 0.298879,-1.18907 -0.728345 0.350863,-1.081 -0.728345 0.303216,-1.17299 -0.728345 0.378266,-1.0787 -0.728345 0.307131,-1.07557 -0.728345 0.310415,-1.15106 -0.728345 0.401256,-1.07177 -0.728345 0.312894,-1.12444 -0.728345 0.41861,-1.0675 -0.728345 0.314437,-1.09455 -0.728345 0.429406,-1.06299 -0.728345 0.31496,-1.06299 -0.728345 0.43307,-0.881848 -0.728345 0.31496,-0.881848 -0.728345 0.43307]
}}
appearance Appearance{material Material{diffuseColor 0.75 0.75 0.75
transparency 0}}}
Shape { geometry IndexedFaceSet 
{ creaseAngle 0.50 coordIndex [0,1,2,-1,0,2,3,-1,4,5,1,-1,4,6,5,-1,4,1,0,-1,7,8,6,-1,7,6,4,-1,9,8,7,-1,10,9,11,-1,10,8,9,-1,12,11,13,-1,12,10,11,-1,14,13,15,-1,14,12,13,-1,16,15,17,-1,16,17,18,-1,16,14,15,-1,19,18,20,-1,19,16,18,-1,21,19,20,-1,22,23,21,-1,22,21,20,-1,24,25,23,-1,24,23,22,-1,26,27,25,-1,26,25,24,-1,28,29,27,-1,28,27,26,-1,30,31,29,-1,30,29,28,-1]
coord Coordinate { point [-1.25984 -0.452755 0.07874,-1.25984 -0.452755 -0.03937,-1.47638 -0.452755 -0.03937,-1.47638 -0.452755 0.07874,-1.25533 -0.452755 0.0792634,-1.22828 -0.452755 -0.0357064,-1.19839 -0.452755 -0.0249104,-1.25106 -0.452755 0.0808057,-1.17177 -0.452755 -0.00755607,-1.24726 -0.452755 0.0832848,-1.14984 -0.452755 0.0154338,-1.24413 -0.452755 0.0865691,-1.13376 -0.452755 0.0428366,-1.24183 -0.452755 0.0904838,-1.12437 -0.452755 0.0731954,-1.24049 -0.452755 0.0948208,-1.08234 -0.452755 0.298879,-1.19846 -0.452755 0.320505,-1.18907 -0.452755 0.350863,-1.081 -0.452755 0.303216,-1.17299 -0.452755 0.378266,-1.0787 -0.452755 0.307131,-1.15106 -0.452755 0.401256,-1.07557 -0.452755 0.310415,-1.12444 -0.452755 0.41861,-1.07177 -0.452755 0.312894,-1.09455 -0.452755 0.429406,-1.0675 -0.452755 0.314437,-1.06299 -0.452755 0.43307,-1.06299 -0.452755 0.31496,-0.885825 -0.452755 0.43307,-0.885825 -0.452755 0.31496]
}}
appearance Appearance{material Material{diffuseColor 0.75 0.75 0.75
transparency 0}}}
Shape { geometry IndexedFaceSet 
{ creaseAngle 0.50 coordIndex [0,1,2,-1,3,1,0,-1]
coord Coordinate { point [0.43307 -0.19685 0.11811,0.43307 0.19685 0.23622,0.43307 -0.19685 0.23622,0.43307 0.19685 0.11811]
}}
appearance Appearance{material Material{diffuseColor 0 0 0
transparency 0}}}
Shape { geometry IndexedFaceSet 
{ creaseAngle 0.50 coordIndex [0,1,2,-1,3,1,0,-1]
coord Coordinate { point [0.43307 0.19685 0.11811,0.74803 0.19685 0.23622,0.43307 0.19685 0.23622,0.74803 0.19685 0.11811]
}}
appearance Appearance{material Material{diffuseColor 0 0 0
transparency 0}}}
Shape { geometry IndexedFaceSet 
{ creaseAngle 0.50 coordIndex [0,1,2,-1,2,1,3,-1]
coord Coordinate { point [0.74803 0.19685 0.23622,0.74803 0.19685 0.11811,0.74803 -0.19685 0.23622,0.74803 -0.19685 0.11811]
}}
appearance Appearance{material Material{diffuseColor 0 0 0
transparency 0}}}
Shape { geometry IndexedFaceSet 
{ creaseAngle 0.50 coordIndex [0,1,2,-1,2,1,3,-1]
coord Coordinate { point [0.74803 -0.19685 0.23622,0.74803 -0.19685 0.11811,0.43307 -0.19685 0.23622,0.43307 -0.19685 0.11811]
}}
appearance Appearance{material Material{diffuseColor 0 0 0
transparency 0}}}
Shape { geometry IndexedFaceSet 
{ creaseAngle 0.50 coordIndex [0,1,2,-1,2,1,3,-1]
coord Coordinate { point [0.43307 0.19685 0.23622,0.74803 0.19685 0.23622,0.43307 -0.19685 0.23622,0.74803 -0.19685 0.23622]
}}
appearance Appearance{material Material{diffuseColor 0 0 0
transparency 0}}}
Shape { geometry IndexedFaceSet 
{ creaseAngle 0.50 coordIndex [0,1,2,-1,2,1,3,-1]
coord Coordinate { point [-0.43307 0.19685 0.23622,-0.43307 0.19685 0.11811,-0.43307 -0.19685 0.23622,-0.43307 -0.19685 0.11811]
}}
appearance Appearance{material Material{diffuseColor 0 0 0
transparency 0}}}
Shape { geometry IndexedFaceSet 
{ creaseAngle 0.50 coordIndex [0,1,2,-1,2,1,3,-1]
coord Coordinate { point [-0.43307 -0.19685 0.23622,-0.43307 -0.19685 0.11811,-0.74803 -0.19685 0.23622,-0.74803 -0.19685 0.11811]
}}
appearance Appearance{material Material{diffuseColor 0 0 0
transparency 0}}}
Shape { geometry IndexedFaceSet 
{ creaseAngle 0.50 coordIndex [0,1,2,-1,3,1,0,-1]
coord Coordinate { point [-0.74803 -0.19685 0.11811,-0.74803 0.19685 0.23622,-0.74803 -0.19685 0.23622,-0.74803 0.19685 0.11811]
}}
appearance Appearance{material Material{diffuseColor 0 0 0
transparency 0}}}
Shape { geometry IndexedFaceSet 
{ creaseAngle 0.50 coordIndex [0,1,2,-1,3,1,0,-1]
coord Coordinate { point [-0.74803 0.19685 0.11811,-0.43307 0.19685 0.23622,-0.74803 0.19685 0.23622,-0.43307 0.19685 0.11811]
}}
appearance Appearance{material Material{diffuseColor 0 0 0
transparency 0}}}
Shape { geometry IndexedFaceSet 
{ creaseAngle 0.50 coordIndex [0,1,2,-1,3,1,0,-1]
coord Coordinate { point [-0.74803 -0.19685 0.23622,-0.43307 0.19685 0.23622,-0.43307 -0.19685 0.23622,-0.74803 0.19685 0.23622]
}}
appearance Appearance{material Material{diffuseColor 0 0 0
transparency 0}}}
Shape { geometry IndexedFaceSet 
{ creaseAngle 0.50 coordIndex [0,1,2,-1,2,1,3,-1]
coord Coordinate { point [0.19685 0.19685 0.23622,0.19685 0.19685 0.11811,0.19685 -0.19685 0.23622,0.19685 -0.19685 0.11811]
}}
appearance Appearance{material Material{diffuseColor 0 0 0
transparency 0}}}
Shape { geometry IndexedFaceSet 
{ creaseAngle 0.50 coordIndex [0,1,2,-1,2,1,3,-1]
coord Coordinate { point [0.19685 -0.19685 0.23622,0.19685 -0.19685 0.11811,-0.19685 -0.19685 0.23622,-0.19685 -0.19685 0.11811]
}}
appearance Appearance{material Material{diffuseColor 0 0 0
transparency 0}}}
Shape { geometry IndexedFaceSet 
{ creaseAngle 0.50 coordIndex [0,1,2,-1,3,1,0,-1]
coord Coordinate { point [-0.19685 -0.19685 0.11811,-0.19685 0.19685 0.23622,-0.19685 -0.19685 0.23622,-0.19685 0.19685 0.11811]
}}
appearance Appearance{material Material{diffuseColor 0 0 0
transparency 0}}}
Shape { geometry IndexedFaceSet 
{ creaseAngle 0.50 coordIndex [0,1,2,-1,3,1,0,-1]
coord Coordinate { point [-0.19685 0.19685 0.11811,0.19685 0.19685 0.23622,-0.19685 0.19685 0.23622,0.19685 0.19685 0.11811]
}}
appearance Appearance{material Material{diffuseColor 0 0 0
transparency 0}}}
Shape { geometry IndexedFaceSet 
{ creaseAngle 0.50 coordIndex [0,1,2,-1,3,1,0,-1]
coord Coordinate { point [-0.19685 -0.19685 0.23622,0.19685 0.19685 0.23622,0.19685 -0.19685 0.23622,-0.19685 0.19685 0.23622]
}}
appearance Appearance{material Material{diffuseColor 0 0 0
transparency 0}}}
Shape { geometry IndexedFaceSet 
{ creaseAngle 0.50 coordIndex [0,1,2,-1,2,1,3,-1]
coord Coordinate { point [0.47244 0.452755 0.11811,0.47244 0.452755 0,-0.47244 0.452755 0.11811,-0.47244 0.452755 0]
}}
appearance Appearance{material Material{diffuseColor 0 0 0
transparency 0}}}
Shape { geometry IndexedFaceSet 
{ creaseAngle 0.50 coordIndex [0,1,2,-1,3,1,0,-1]
coord Coordinate { point [-0.47244 0.452755 0,-0.47244 0.885825 0.11811,-0.47244 0.452755 0.11811,-0.47244 0.885825 0]
}}
appearance Appearance{material Material{diffuseColor 0 0 0
transparency 0}}}
Shape { geometry IndexedFaceSet 
{ creaseAngle 0.50 coordIndex [0,1,2,-1,2,1,3,-1]
coord Coordinate { point [0.47244 0.885825 0.11811,0.47244 0.885825 0,0.47244 0.452755 0.11811,0.47244 0.452755 0]
}}
appearance Appearance{material Material{diffuseColor 0 0 0
transparency 0}}}
Shape { geometry IndexedFaceSet 
{ creaseAngle 0.50 coordIndex [0,1,2,-1,3,1,0,-1]
coord Coordinate { point [-0.47244 0.452755 0.11811,0.47244 0.885825 0.11811,0.47244 0.452755 0.11811,-0.47244 0.885825 0.11811]
}}
appearance Appearance{material Material{diffuseColor 0 0 0
transparency 0}}}
Shape { geometry IndexedFaceSet 
{ creaseAngle 0.50 coordIndex [0,1,2,-1,3,1,0,-1]
coord Coordinate { point [-0.47244 -0.885825 0,-0.47244 -0.452755 0.11811,-0.47244 -0.885825 0.11811,-0.47244 -0.452755 0]
}}
appearance Appearance{material Material{diffuseColor 0 0 0
transparency 0}}}
Shape { geometry IndexedFaceSet 
{ creaseAngle 0.50 coordIndex [0,1,2,-1,3,1,0,-1]
coord Coordinate { point [-0.47244 -0.452755 0,0.47244 -0.452755 0.11811,-0.47244 -0.452755 0.11811,0.47244 -0.452755 0]
}}
appearance Appearance{material Material{diffuseColor 0 0 0
transparency 0}}}
Shape { geometry IndexedFaceSet 
{ creaseAngle 0.50 coordIndex [0,1,2,-1,2,1,3,-1]
coord Coordinate { point [0.47244 -0.452755 0.11811,0.47244 -0.452755 0,0.47244 -0.885825 0.11811,0.47244 -0.885825 0]
}}
appearance Appearance{material Material{diffuseColor 0.75 0.75 0.75
transparency 0}}}
Shape { geometry IndexedFaceSet 
{ creaseAngle 0.50 coordIndex [0,1,2,-1,2,1,3,-1]
coord Coordinate { point [-0.47244 -0.452755 0.11811,0.47244 -0.452755 0.11811,-0.47244 -0.885825 0.11811,0.47244 -0.885825 0.11811]
}}
appearance Appearance{material Material{diffuseColor 0 0 0
transparency 0}}}
Shape { geometry IndexedFaceSet 
{ creaseAngle 0.50 coordIndex [0,1,2,-1,3,1,0,-1]
coord Coordinate { point [-0.885825 0.23622 0,0.885825 0.23622 0.11811,-0.885825 0.23622 0.11811,0.885825 0.23622 0]
}}
appearance Appearance{material Material{diffuseColor 0 0 0
transparency 0}}}
Shape { geometry IndexedFaceSet 
{ creaseAngle 0.50 coordIndex [0,1,2,-1,2,1,3,-1]
coord Coordinate { point [0.885825 -0.23622 0.11811,0.885825 -0.23622 0,-0.885825 -0.23622 0.11811,-0.885825 -0.23622 0]
}}
appearance Appearance{material Material{diffuseColor 0 0 0
transparency 0}}}
Shape { geometry IndexedFaceSet 
{ creaseAngle 0.50 coordIndex [0,1,2,-1,3,4,2,-1,2,4,0,-1,1,5,2,-1,3,6,4,-1,6,7,1,-1,1,7,5,-1,8,9,10,-1,10,9,11,-1,12,13,11,-1,10,13,5,-1,5,13,2,-1,11,13,10,-1,14,15,12,-1,9,15,14,-1,12,15,13,-1,3,15,6,-1,6,15,7,-1,7,15,8,-1,8,15,9,-1]
coord Coordinate { point [-0.74803 -0.19685 0.11811,-0.43307 -0.19685 0.11811,-0.885825 -0.23622 0.11811,-0.885825 0.23622 0.11811,-0.74803 0.19685 0.11811,-0.19685 -0.19685 0.11811,-0.43307 0.19685 0.11811,-0.19685 0.19685 0.11811,0.19685 0.19685 0.11811,0.43307 0.19685 0.11811,0.19685 -0.19685 0.11811,0.43307 -0.19685 0.11811,0.74803 -0.19685 0.11811,0.885825 -0.23622 0.11811,0.74803 0.19685 0.11811,0.885825 0.23622 0.11811]
}}
appearance Appearance{material Material{diffuseColor 0 0 0
transparency 0}}}
Shape { geometry IndexedFaceSet 
{ creaseAngle 0.50 coordIndex [0,1,2,-1,2,1,3,-1,3,4,5,-1,1,4,3,-1,5,6,7,-1,4,6,5,-1,4,8,6,-1]
coord Coordinate { point [-0.295275 -0.644214 0.484251,-0.43832 -0.556843 0.484251,-0.295275 -0.644214 1.06299,-0.43832 -0.556843 1.06299,-0.556843 -0.43832 0.484251,-0.556843 -0.43832 1.06299,-0.644214 -0.295275 0.503936,-0.644214 -0.295275 1.06299,-0.644214 -0.295275 0.484251]
}}
appearance Appearance{material Material{diffuseColor 0.75 0.75 0.75
transparency 0}}}
Shape { geometry IndexedFaceSet 
{ creaseAngle 0.50 coordIndex [0,1,2,-1,2,1,3,-1]
coord Coordinate { point [-0.295275 -0.644214 0.484251,-0.295275 -0.644214 1.06299,-0.295275 -0.767715 0.484251,-0.295275 -0.767715 1.06299]
}}
appearance Appearance{material Material{diffuseColor 0.75 0.75 0.75
transparency 0}}}
Shape { geometry IndexedFaceSet 
{ creaseAngle 0.50 coordIndex [0,1,2,-1,3,4,1,-1,2,4,5,-1,1,4,2,-1,5,6,7,-1,4,6,5,-1,6,8,7,-1]
coord Coordinate { point [0.644214 -0.295275 1.06299,0.644214 -0.295275 0.503936,0.556843 -0.43832 1.06299,0.644214 -0.295275 0.484251,0.556843 -0.43832 0.484251,0.43832 -0.556843 1.06299,0.43832 -0.556843 0.484251,0.295275 -0.644214 1.06299,0.295275 -0.644214 0.484251]
}}
appearance Appearance{material Material{diffuseColor 0.75 0.75 0.75
transparency 0}}}
Shape { geometry IndexedFaceSet 
{ creaseAngle 0.50 coordIndex [0,1,2,-1,3,1,0,-1]
coord Coordinate { point [0.644214 -0.295275 1.06299,0.767715 -0.295275 0.503936,0.644214 -0.295275 0.503936,0.767715 -0.295275 1.06299]
}}
appearance Appearance{material Material{diffuseColor 0.75 0.75 0.75
transparency 0}}}
Shape { geometry IndexedFaceSet 
{ creaseAngle 0.50 coordIndex [0,1,2,-1,3,1,0,-1]
coord Coordinate { point [0.295275 -0.767715 1.06299,0.295275 -0.644214 0.484251,0.295275 -0.767715 0.484251,0.295275 -0.644214 1.06299]
}}
appearance Appearance{material Material{diffuseColor 0.75 0.75 0.75
transparency 0}}}
Shape { geometry IndexedFaceSet 
{ creaseAngle 0.50 coordIndex [0,1,2,-1,2,1,3,-1]
coord Coordinate { point [-0.295275 0.767715 0.484251,-0.295275 0.767715 1.06299,-0.295275 0.644214 0.484251,-0.295275 0.644214 1.06299]
}}
appearance Appearance{material Material{diffuseColor 0.75 0.75 0.75
transparency 0}}}
Shape { geometry IndexedFaceSet 
{ creaseAngle 0.50 coordIndex [0,1,2,-1,3,4,1,-1,1,4,2,-1,5,6,7,-1,2,6,5,-1,4,6,2,-1,6,8,7,-1]
coord Coordinate { point [-0.644214 0.295275 1.06299,-0.644214 0.295275 0.503936,-0.556843 0.43832 1.06299,-0.644214 0.295275 0.484251,-0.556843 0.43832 0.484251,-0.43832 0.556843 1.06299,-0.43832 0.556843 0.484251,-0.295275 0.644214 1.06299,-0.295275 0.644214 0.484251]
}}
appearance Appearance{material Material{diffuseColor 0.75 0.75 0.75
transparency 0}}}
Shape { geometry IndexedFaceSet 
{ creaseAngle 0.50 coordIndex [0,1,2,-1,2,1,3,-1]
coord Coordinate { point [-0.644214 0.295275 0.503936,-0.644214 0.295275 1.06299,-0.767715 0.295275 0.503936,-0.767715 0.295275 1.06299]
}}
appearance Appearance{material Material{diffuseColor 0.75 0.75 0.75
transparency 0}}}
Shape { geometry IndexedFaceSet 
{ creaseAngle 0.50 coordIndex [0,1,2,-1,2,1,3,-1]
coord Coordinate { point [0.767715 0.295275 0.503936,0.767715 0.295275 1.06299,0.644214 0.295275 0.503936,0.644214 0.295275 1.06299]
}}
appearance Appearance{material Material{diffuseColor 0.75 0.75 0.75
transparency 0}}}
Shape { geometry IndexedFaceSet 
{ creaseAngle 0.50 coordIndex [0,1,2,-1,2,1,3,-1,3,4,5,-1,1,4,3,-1,5,6,7,-1,4,6,5,-1,4,8,6,-1]
coord Coordinate { point [0.295275 0.644214 0.484251,0.43832 0.556843 0.484251,0.295275 0.644214 1.06299,0.43832 0.556843 1.06299,0.556843 0.43832 0.484251,0.556843 0.43832 1.06299,0.644214 0.295275 0.503936,0.644214 0.295275 1.06299,0.644214 0.295275 0.484251]
}}
appearance Appearance{material Material{diffuseColor 0.75 0.75 0.75
transparency 0}}}
Shape { geometry IndexedFaceSet 
{ creaseAngle 0.50 coordIndex [0,1,2,-1,3,1,0,-1]
coord Coordinate { point [0.295275 0.644214 1.06299,0.295275 0.767715 0.484251,0.295275 0.644214 0.484251,0.295275 0.767715 1.06299]
}}
appearance Appearance{material Material{diffuseColor 0.75 0.75 0.75
transparency 0}}}
Shape { geometry IndexedFaceSet 
{ creaseAngle 0.50 coordIndex [0,1,2,-1,2,1,3,-1]
coord Coordinate { point [-0.767715 0.295275 0.503936,-0.767715 0.295275 1.06299,-0.767715 -0.295275 0.503936,-0.767715 -0.295275 1.06299]
}}
appearance Appearance{material Material{diffuseColor 0.75 0.75 0.75
transparency 0}}}
Shape { geometry IndexedFaceSet 
{ creaseAngle 0.50 coordIndex [0,1,2,-1,3,1,0,-1]
coord Coordinate { point [-0.295275 0.767715 0.484251,0.295275 0.767715 1.06299,-0.295275 0.767715 1.06299,0.295275 0.767715 0.484251]
}}
appearance Appearance{material Material{diffuseColor 0.75 0.75 0.75
transparency 0}}}
Shape { geometry IndexedFaceSet 
{ creaseAngle 0.50 coordIndex [0,1,2,-1,3,1,0,-1]
coord Coordinate { point [0.767715 -0.295275 1.06299,0.767715 0.295275 0.503936,0.767715 -0.295275 0.503936,0.767715 0.295275 1.06299]
}}
appearance Appearance{material Material{diffuseColor 0.75 0.75 0.75
transparency 0}}}
Shape { geometry IndexedFaceSet 
{ creaseAngle 0.50 coordIndex [0,1,2,-1,3,1,0,-1]
coord Coordinate { point [-0.295275 -0.767715 1.06299,0.295275 -0.767715 0.484251,-0.295275 -0.767715 0.484251,0.295275 -0.767715 1.06299]
}}
appearance Appearance{material Material{diffuseColor 0.75 0.75 0.75
transparency 0}}}
Shape { geometry IndexedFaceSet 
{ creaseAngle 0.50 coordIndex [0,1,2,-1,0,3,1,-1,4,2,5,-1,4,0,2,-1,6,7,8,-1,9,5,10,-1,6,11,7,-1,9,4,5,-1,12,8,13,-1,14,10,15,-1,12,6,8,-1,14,9,10,-1,16,13,17,-1,18,15,19,-1,16,12,13,-1,18,14,15,-1,20,17,21,-1,22,19,23,-1,20,16,17,-1,22,18,19,-1,24,21,25,-1,26,23,27,-1,24,20,21,-1,26,22,23,-1,28,27,29,-1,28,26,27,-1,30,25,31,-1,11,29,7,-1,30,24,25,-1,11,28,29,-1,32,31,33,-1,32,30,31,-1,34,33,35,-1,34,32,33,-1,36,35,37,-1,36,34,35,-1,38,37,39,-1,38,36,37,-1,40,38,39,-1,40,39,41,-1,42,40,41,-1,42,41,43,-1,44,42,43,-1,44,43,45,-1,46,45,47,-1,46,44,45,-1,48,47,49,-1,48,46,47,-1,50,49,51,-1,50,48,49,-1,3,51,1,-1,3,50,51,-1]
coord Coordinate { point [0.564862 -0.729873 1.1811,0.53755 -0.715538 1.06299,0.564862 -0.729873 1.06299,0.53755 -0.715538 1.1811,0.594812 -0.737255 1.1811,0.594812 -0.737255 1.06299,0.734469 -0.579614 1.1811,0.738187 -0.610235 1.06299,0.734469 -0.579614 1.06299,0.625658 -0.737255 1.1811,0.625658 -0.737255 1.06299,0.738187 -0.610235 1.1811,0.723531 -0.550773 1.1811,0.723531 -0.550773 1.06299,0.655608 -0.729873 1.1811,0.655608 -0.729873 1.06299,0.706009 -0.525387 1.1811,0.706009 -0.525387 1.06299,0.68292 -0.715538 1.1811,0.68292 -0.715538 1.06299,0.68292 -0.504932 1.1811,0.68292 -0.504932 1.06299,0.706009 -0.695083 1.1811,0.706009 -0.695083 1.06299,0.655608 -0.490597 1.1811,0.655608 -0.490597 1.06299,0.723531 -0.669697 1.1811,0.723531 -0.669697 1.06299,0.734469 -0.640856 1.1811,0.734469 -0.640856 1.06299,0.625658 -0.483215 1.1811,0.625658 -0.483215 1.06299,0.594812 -0.483215 1.1811,0.594812 -0.483215 1.06299,0.564862 -0.490597 1.1811,0.564862 -0.490597 1.06299,0.53755 -0.504932 1.1811,0.53755 -0.504932 1.06299,0.514461 -0.525387 1.1811,0.514461 -0.525387 1.06299,0.496939 -0.550773 1.1811,0.496939 -0.550773 1.06299,0.486001 -0.579614 1.1811,0.486001 -0.579614 1.06299,0.482283 -0.610235 1.1811,0.482283 -0.610235 1.06299,0.486001 -0.640856 1.1811,0.486001 -0.640856 1.06299,0.496939 -0.669697 1.1811,0.496939 -0.669697 1.06299,0.514461 -0.695083 1.1811,0.514461 -0.695083 1.06299]
}}
appearance Appearance{material Material{diffuseColor 0.75 0.75 0.75
transparency 0}}}
Shape { geometry IndexedFaceSet 
{ creaseAngle 0.50 coordIndex [0,1,2,-1,0,2,3,-1,4,5,6,-1,4,6,7,-1,8,9,10,-1,11,8,10,-1,12,13,14,-1,12,14,15,-1,16,11,10,-1,17,18,9,-1,17,9,8,-1,19,4,7,-1,20,11,16,-1,19,7,21,-1,22,23,18,-1,24,13,12,-1,22,18,17,-1,25,20,16,-1,26,27,28,-1,26,29,27,-1,30,3,31,-1,32,24,12,-1,30,0,3,-1,33,20,25,-1,34,30,31,-1,34,31,29,-1,34,29,26,-1,35,36,23,-1,35,23,22,-1,37,19,21,-1,38,33,25,-1,37,21,39,-1,40,24,32,-1,41,33,38,-1,42,43,36,-1,44,40,32,-1,42,36,35,-1,45,41,38,-1,1,37,39,-1,1,39,2,-1,46,41,45,-1,47,40,44,-1,48,49,43,-1,48,43,42,-1,50,46,45,-1,51,46,50,-1,6,5,49,-1,28,47,44,-1,6,49,48,-1,27,47,28,-1,15,14,51,-1,15,51,50,-1]
coord Coordinate { point [0.561372 -0.481394 1.1811,0.593626 -0.473445 1.1811,0.594812 -0.483215 1.1811,0.564862 -0.490597 1.1811,0.688511 -0.496832 1.1811,0.713376 -0.51886 1.1811,0.706009 -0.525387 1.1811,0.68292 -0.504932 1.1811,0.706009 -0.695083 1.1811,0.713376 -0.70161 1.1811,0.688511 -0.723638 1.1811,0.68292 -0.715538 1.1811,0.488224 -0.674272 1.1811,0.496939 -0.669697 1.1811,0.514461 -0.695083 1.1811,0.507094 -0.70161 1.1811,0.659098 -0.739076 1.1811,0.723531 -0.669697 1.1811,0.732246 -0.674272 1.1811,0.659098 -0.481394 1.1811,0.655608 -0.729873 1.1811,0.655608 -0.490597 1.1811,0.734469 -0.640856 1.1811,0.744026 -0.643212 1.1811,0.486001 -0.640856 1.1811,0.626844 -0.747025 1.1811,0.488224 -0.546198 1.1811,0.496939 -0.550773 1.1811,0.476444 -0.577258 1.1811,0.514461 -0.525387 1.1811,0.531959 -0.496832 1.1811,0.53755 -0.504932 1.1811,0.476444 -0.643212 1.1811,0.625658 -0.737255 1.1811,0.507094 -0.51886 1.1811,0.738187 -0.610235 1.1811,0.74803 -0.610235 1.1811,0.626844 -0.473445 1.1811,0.593626 -0.747025 1.1811,0.625658 -0.483215 1.1811,0.482283 -0.610235 1.1811,0.594812 -0.737255 1.1811,0.734469 -0.579614 1.1811,0.744026 -0.577258 1.1811,0.47244 -0.610235 1.1811,0.561372 -0.739076 1.1811,0.564862 -0.729873 1.1811,0.486001 -0.579614 1.1811,0.723531 -0.550773 1.1811,0.732246 -0.546198 1.1811,0.531959 -0.723638 1.1811,0.53755 -0.715538 1.1811]
}}
appearance Appearance{material Material{diffuseColor 0.75 0.75 0.75
transparency 0}}}
Shape { geometry IndexedFaceSet 
{ creaseAngle 0.50 coordIndex [0,1,2,-1,3,4,5,-1,6,7,8,-1,9,10,11,-1,12,6,8,-1,9,13,10,-1,14,3,5,-1,15,12,8,-1,16,17,7,-1,18,19,20,-1,16,7,6,-1,21,12,15,-1,22,3,14,-1,23,24,17,-1,23,17,16,-1,25,18,20,-1,26,21,15,-1,27,21,26,-1,28,13,9,-1,28,29,13,-1,30,31,24,-1,32,22,14,-1,30,24,23,-1,33,27,26,-1,34,1,0,-1,34,35,1,-1,36,22,32,-1,37,25,38,-1,37,18,25,-1,39,27,33,-1,40,38,35,-1,40,35,34,-1,40,37,38,-1,41,42,31,-1,41,31,30,-1,43,39,33,-1,44,29,28,-1,44,2,29,-1,45,39,43,-1,46,47,42,-1,46,42,41,-1,48,36,32,-1,49,45,43,-1,50,45,49,-1,19,36,48,-1,51,4,47,-1,20,19,48,-1,51,47,46,-1,11,10,50,-1,11,50,49,-1,5,4,51,-1,0,2,44,-1]
coord Coordinate { point [0.744026 -0.577258 1.06299,0.734469 -0.579614 1.06299,0.738187 -0.610235 1.06299,0.531959 -0.496832 1.06299,0.507094 -0.51886 1.06299,0.53755 -0.504932 1.06299,0.514461 -0.695083 1.06299,0.507094 -0.70161 1.06299,0.531959 -0.723638 1.06299,0.732246 -0.674272 1.06299,0.706009 -0.695083 1.06299,0.713376 -0.70161 1.06299,0.53755 -0.715538 1.06299,0.723531 -0.669697 1.06299,0.564862 -0.490597 1.06299,0.561372 -0.739076 1.06299,0.496939 -0.669697 1.06299,0.488224 -0.674272 1.06299,0.659098 -0.481394 1.06299,0.626844 -0.473445 1.06299,0.655608 -0.490597 1.06299,0.564862 -0.729873 1.06299,0.561372 -0.481394 1.06299,0.486001 -0.640856 1.06299,0.476444 -0.643212 1.06299,0.68292 -0.504932 1.06299,0.593626 -0.747025 1.06299,0.594812 -0.737255 1.06299,0.744026 -0.643212 1.06299,0.734469 -0.640856 1.06299,0.482283 -0.610235 1.06299,0.47244 -0.610235 1.06299,0.594812 -0.483215 1.06299,0.626844 -0.747025 1.06299,0.732246 -0.546198 1.06299,0.723531 -0.550773 1.06299,0.593626 -0.473445 1.06299,0.688511 -0.496832 1.06299,0.706009 -0.525387 1.06299,0.625658 -0.737255 1.06299,0.713376 -0.51886 1.06299,0.486001 -0.579614 1.06299,0.476444 -0.577258 1.06299,0.659098 -0.739076 1.06299,0.74803 -0.610235 1.06299,0.655608 -0.729873 1.06299,0.496939 -0.550773 1.06299,0.488224 -0.546198 1.06299,0.625658 -0.483215 1.06299,0.688511 -0.723638 1.06299,0.68292 -0.715538 1.06299,0.514461 -0.525387 1.06299]
}}
appearance Appearance{material Material{diffuseColor 0.75 0.75 0.75
transparency 0}}}
Shape { geometry IndexedFaceSet 
{ creaseAngle 0.50 coordIndex [0,1,2,-1,3,1,0,-1,2,4,5,-1,1,4,2,-1,6,7,8,-1,8,7,9,-1,5,10,11,-1,12,7,6,-1,4,10,5,-1,9,13,14,-1,11,15,16,-1,7,13,9,-1,10,15,11,-1,14,17,18,-1,16,19,20,-1,13,17,14,-1,15,19,16,-1,19,21,20,-1,18,22,23,-1,17,22,18,-1,20,12,6,-1,21,12,20,-1,23,24,25,-1,22,24,23,-1,25,26,27,-1,24,26,25,-1,27,28,29,-1,26,28,27,-1,29,30,31,-1,28,30,29,-1,31,32,33,-1,30,32,31,-1,33,34,35,-1,32,34,33,-1,34,36,35,-1,35,36,37,-1,36,38,37,-1,37,38,39,-1,38,40,39,-1,39,40,41,-1,41,42,43,-1,40,42,41,-1,43,44,45,-1,42,44,43,-1,45,46,47,-1,44,46,45,-1,47,48,49,-1,46,48,47,-1,49,50,51,-1,48,50,49,-1,51,3,0,-1,50,3,51,-1]
coord Coordinate { point [0.593626 -0.473445 1.06299,0.593626 -0.473445 1.1811,0.561372 -0.481394 1.06299,0.626844 -0.473445 1.1811,0.561372 -0.481394 1.1811,0.531959 -0.496832 1.06299,0.47244 -0.610235 1.06299,0.476444 -0.643212 1.1811,0.476444 -0.643212 1.06299,0.488224 -0.674272 1.06299,0.531959 -0.496832 1.1811,0.507094 -0.51886 1.06299,0.47244 -0.610235 1.1811,0.488224 -0.674272 1.1811,0.507094 -0.70161 1.06299,0.507094 -0.51886 1.1811,0.488224 -0.546198 1.06299,0.507094 -0.70161 1.1811,0.531959 -0.723638 1.06299,0.488224 -0.546198 1.1811,0.476444 -0.577258 1.06299,0.476444 -0.577258 1.1811,0.531959 -0.723638 1.1811,0.561372 -0.739076 1.06299,0.561372 -0.739076 1.1811,0.593626 -0.747025 1.06299,0.593626 -0.747025 1.1811,0.626844 -0.747025 1.06299,0.626844 -0.747025 1.1811,0.659098 -0.739076 1.06299,0.659098 -0.739076 1.1811,0.688511 -0.723638 1.06299,0.688511 -0.723638 1.1811,0.713376 -0.70161 1.06299,0.713376 -0.70161 1.1811,0.732246 -0.674272 1.06299,0.732246 -0.674272 1.1811,0.744026 -0.643212 1.06299,0.744026 -0.643212 1.1811,0.74803 -0.610235 1.06299,0.74803 -0.610235 1.1811,0.744026 -0.577258 1.06299,0.744026 -0.577258 1.1811,0.732246 -0.546198 1.06299,0.732246 -0.546198 1.1811,0.713376 -0.51886 1.06299,0.713376 -0.51886 1.1811,0.688511 -0.496832 1.06299,0.688511 -0.496832 1.1811,0.659098 -0.481394 1.06299,0.659098 -0.481394 1.1811,0.626844 -0.473445 1.06299]
}}
appearance Appearance{material Material{diffuseColor 0.75 0.75 0.75
transparency 0}}}
Shape { geometry IndexedFaceSet 
{ creaseAngle 0.50 coordIndex [0,1,2,-1,3,1,0,-1,2,4,5,-1,1,4,2,-1,6,7,8,-1,8,7,9,-1,5,10,11,-1,12,7,6,-1,4,10,5,-1,9,13,14,-1,11,15,16,-1,7,13,9,-1,10,15,11,-1,14,17,18,-1,16,19,20,-1,13,17,14,-1,15,19,16,-1,19,21,20,-1,18,22,23,-1,17,22,18,-1,20,12,6,-1,21,12,20,-1,23,24,25,-1,22,24,23,-1,25,26,27,-1,24,26,25,-1,27,28,29,-1,26,28,27,-1,29,30,31,-1,28,30,29,-1,31,32,33,-1,30,32,31,-1,33,34,35,-1,32,34,33,-1,34,36,35,-1,35,36,37,-1,36,38,37,-1,37,38,39,-1,38,40,39,-1,39,40,41,-1,41,42,43,-1,40,42,41,-1,43,44,45,-1,42,44,43,-1,45,46,47,-1,44,46,45,-1,47,48,49,-1,46,48,47,-1,49,50,51,-1,48,50,49,-1,51,3,0,-1,50,3,51,-1]
coord Coordinate { point [-0.626844 0.747025 1.06299,-0.626844 0.747025 1.1811,-0.659098 0.739076 1.06299,-0.593626 0.747025 1.1811,-0.659098 0.739076 1.1811,-0.688511 0.723638 1.06299,-0.74803 0.610235 1.06299,-0.744026 0.577258 1.1811,-0.744026 0.577258 1.06299,-0.732246 0.546198 1.06299,-0.688511 0.723638 1.1811,-0.713376 0.70161 1.06299,-0.74803 0.610235 1.1811,-0.732246 0.546198 1.1811,-0.713376 0.51886 1.06299,-0.713376 0.70161 1.1811,-0.732246 0.674272 1.06299,-0.713376 0.51886 1.1811,-0.688511 0.496832 1.06299,-0.732246 0.674272 1.1811,-0.744026 0.643212 1.06299,-0.744026 0.643212 1.1811,-0.688511 0.496832 1.1811,-0.659098 0.481394 1.06299,-0.659098 0.481394 1.1811,-0.626844 0.473445 1.06299,-0.626844 0.473445 1.1811,-0.593626 0.473445 1.06299,-0.593626 0.473445 1.1811,-0.561372 0.481394 1.06299,-0.561372 0.481394 1.1811,-0.531959 0.496832 1.06299,-0.531959 0.496832 1.1811,-0.507094 0.51886 1.06299,-0.507094 0.51886 1.1811,-0.488224 0.546198 1.06299,-0.488224 0.546198 1.1811,-0.476444 0.577258 1.06299,-0.476444 0.577258 1.1811,-0.47244 0.610235 1.06299,-0.47244 0.610235 1.1811,-0.476444 0.643212 1.06299,-0.476444 0.643212 1.1811,-0.488224 0.674272 1.06299,-0.488224 0.674272 1.1811,-0.507094 0.70161 1.06299,-0.507094 0.70161 1.1811,-0.531959 0.723638 1.06299,-0.531959 0.723638 1.1811,-0.561372 0.739076 1.06299,-0.561372 0.739076 1.1811,-0.593626 0.747025 1.06299]
}}
appearance Appearance{material Material{diffuseColor 0.75 0.75 0.75
transparency 0}}}
Shape { geometry IndexedFaceSet 
{ creaseAngle 0.50 coordIndex [0,1,2,-1,3,4,5,-1,6,7,8,-1,9,10,11,-1,12,6,8,-1,9,13,10,-1,14,3,5,-1,15,12,8,-1,16,17,7,-1,18,19,20,-1,16,7,6,-1,21,12,15,-1,22,3,14,-1,23,24,17,-1,23,17,16,-1,25,18,20,-1,26,21,15,-1,27,21,26,-1,28,13,9,-1,28,29,13,-1,30,31,24,-1,32,22,14,-1,30,24,23,-1,33,27,26,-1,34,1,0,-1,34,35,1,-1,36,22,32,-1,37,25,38,-1,37,18,25,-1,39,27,33,-1,40,38,35,-1,40,35,34,-1,40,37,38,-1,41,42,31,-1,41,31,30,-1,43,39,33,-1,44,29,28,-1,44,2,29,-1,45,39,43,-1,46,47,42,-1,46,42,41,-1,48,36,32,-1,49,45,43,-1,50,45,49,-1,19,36,48,-1,51,4,47,-1,20,19,48,-1,51,47,46,-1,11,10,50,-1,11,50,49,-1,5,4,51,-1,0,2,44,-1]
coord Coordinate { point [-0.476444 0.643212 1.06299,-0.486001 0.640856 1.06299,-0.482283 0.610235 1.06299,-0.688511 0.723638 1.06299,-0.713376 0.70161 1.06299,-0.68292 0.715538 1.06299,-0.706009 0.525387 1.06299,-0.713376 0.51886 1.06299,-0.688511 0.496832 1.06299,-0.488224 0.546198 1.06299,-0.514461 0.525387 1.06299,-0.507094 0.51886 1.06299,-0.68292 0.504932 1.06299,-0.496939 0.550773 1.06299,-0.655608 0.729873 1.06299,-0.659098 0.481394 1.06299,-0.723531 0.550773 1.06299,-0.732246 0.546198 1.06299,-0.561372 0.739076 1.06299,-0.593626 0.747025 1.06299,-0.564862 0.729873 1.06299,-0.655608 0.490597 1.06299,-0.659098 0.739076 1.06299,-0.734469 0.579614 1.06299,-0.744026 0.577258 1.06299,-0.53755 0.715538 1.06299,-0.626844 0.473445 1.06299,-0.625658 0.483215 1.06299,-0.476444 0.577258 1.06299,-0.486001 0.579614 1.06299,-0.738187 0.610235 1.06299,-0.74803 0.610235 1.06299,-0.625658 0.737255 1.06299,-0.593626 0.473445 1.06299,-0.488224 0.674272 1.06299,-0.496939 0.669697 1.06299,-0.626844 0.747025 1.06299,-0.531959 0.723638 1.06299,-0.514461 0.695083 1.06299,-0.594812 0.483215 1.06299,-0.507094 0.70161 1.06299,-0.734469 0.640856 1.06299,-0.744026 0.643212 1.06299,-0.561372 0.481394 1.06299,-0.47244 0.610235 1.06299,-0.564862 0.490597 1.06299,-0.723531 0.669697 1.06299,-0.732246 0.674272 1.06299,-0.594812 0.737255 1.06299,-0.531959 0.496832 1.06299,-0.53755 0.504932 1.06299,-0.706009 0.695083 1.06299]
}}
appearance Appearance{material Material{diffuseColor 0.75 0.75 0.75
transparency 0}}}
Shape { geometry IndexedFaceSet 
{ creaseAngle 0.50 coordIndex [0,1,2,-1,0,2,3,-1,4,5,6,-1,4,6,7,-1,8,9,10,-1,11,8,10,-1,12,13,14,-1,12,14,15,-1,16,11,10,-1,17,18,9,-1,17,9,8,-1,19,4,7,-1,20,11,16,-1,19,7,21,-1,22,23,18,-1,24,13,12,-1,22,18,17,-1,25,20,16,-1,26,27,28,-1,26,29,27,-1,30,3,31,-1,32,24,12,-1,30,0,3,-1,33,20,25,-1,34,30,31,-1,34,31,29,-1,34,29,26,-1,35,36,23,-1,35,23,22,-1,37,19,21,-1,38,33,25,-1,37,21,39,-1,40,24,32,-1,41,33,38,-1,42,43,36,-1,44,40,32,-1,42,36,35,-1,45,41,38,-1,1,37,39,-1,1,39,2,-1,46,41,45,-1,47,40,44,-1,48,49,43,-1,48,43,42,-1,50,46,45,-1,51,46,50,-1,6,5,49,-1,28,47,44,-1,6,49,48,-1,27,47,28,-1,15,14,51,-1,15,51,50,-1]
coord Coordinate { point [-0.659098 0.739076 1.1811,-0.626844 0.747025 1.1811,-0.625658 0.737255 1.1811,-0.655608 0.729873 1.1811,-0.531959 0.723638 1.1811,-0.507094 0.70161 1.1811,-0.514461 0.695083 1.1811,-0.53755 0.715538 1.1811,-0.514461 0.525387 1.1811,-0.507094 0.51886 1.1811,-0.531959 0.496832 1.1811,-0.53755 0.504932 1.1811,-0.732246 0.546198 1.1811,-0.723531 0.550773 1.1811,-0.706009 0.525387 1.1811,-0.713376 0.51886 1.1811,-0.561372 0.481394 1.1811,-0.496939 0.550773 1.1811,-0.488224 0.546198 1.1811,-0.561372 0.739076 1.1811,-0.564862 0.490597 1.1811,-0.564862 0.729873 1.1811,-0.486001 0.579614 1.1811,-0.476444 0.577258 1.1811,-0.734469 0.579614 1.1811,-0.593626 0.473445 1.1811,-0.732246 0.674272 1.1811,-0.723531 0.669697 1.1811,-0.744026 0.643212 1.1811,-0.706009 0.695083 1.1811,-0.688511 0.723638 1.1811,-0.68292 0.715538 1.1811,-0.744026 0.577258 1.1811,-0.594812 0.483215 1.1811,-0.713376 0.70161 1.1811,-0.482283 0.610235 1.1811,-0.47244 0.610235 1.1811,-0.593626 0.747025 1.1811,-0.626844 0.473445 1.1811,-0.594812 0.737255 1.1811,-0.738187 0.610235 1.1811,-0.625658 0.483215 1.1811,-0.486001 0.640856 1.1811,-0.476444 0.643212 1.1811,-0.74803 0.610235 1.1811,-0.659098 0.481394 1.1811,-0.655608 0.490597 1.1811,-0.734469 0.640856 1.1811,-0.496939 0.669697 1.1811,-0.488224 0.674272 1.1811,-0.688511 0.496832 1.1811,-0.68292 0.504932 1.1811]
}}
appearance Appearance{material Material{diffuseColor 0.75 0.75 0.75
transparency 0}}}
Shape { geometry IndexedFaceSet 
{ creaseAngle 0.50 coordIndex [0,1,2,-1,0,3,1,-1,4,2,5,-1,4,0,2,-1,6,7,8,-1,9,5,10,-1,6,11,7,-1,9,4,5,-1,12,8,13,-1,14,10,15,-1,12,6,8,-1,14,9,10,-1,16,13,17,-1,18,15,19,-1,16,12,13,-1,18,14,15,-1,20,17,21,-1,22,19,23,-1,20,16,17,-1,22,18,19,-1,24,21,25,-1,26,23,27,-1,24,20,21,-1,26,22,23,-1,28,27,29,-1,28,26,27,-1,30,25,31,-1,11,29,7,-1,30,24,25,-1,11,28,29,-1,32,31,33,-1,32,30,31,-1,34,33,35,-1,34,32,33,-1,36,35,37,-1,36,34,35,-1,38,37,39,-1,38,36,37,-1,40,38,39,-1,40,39,41,-1,42,40,41,-1,42,41,43,-1,44,42,43,-1,44,43,45,-1,46,45,47,-1,46,44,45,-1,48,47,49,-1,48,46,47,-1,50,49,51,-1,50,48,49,-1,3,51,1,-1,3,50,51,-1]
coord Coordinate { point [-0.655608 0.490597 1.1811,-0.68292 0.504932 1.06299,-0.655608 0.490597 1.06299,-0.68292 0.504932 1.1811,-0.625658 0.483215 1.1811,-0.625658 0.483215 1.06299,-0.486001 0.640856 1.1811,-0.482283 0.610235 1.06299,-0.486001 0.640856 1.06299,-0.594812 0.483215 1.1811,-0.594812 0.483215 1.06299,-0.482283 0.610235 1.1811,-0.496939 0.669697 1.1811,-0.496939 0.669697 1.06299,-0.564862 0.490597 1.1811,-0.564862 0.490597 1.06299,-0.514461 0.695083 1.1811,-0.514461 0.695083 1.06299,-0.53755 0.504932 1.1811,-0.53755 0.504932 1.06299,-0.53755 0.715538 1.1811,-0.53755 0.715538 1.06299,-0.514461 0.525387 1.1811,-0.514461 0.525387 1.06299,-0.564862 0.729873 1.1811,-0.564862 0.729873 1.06299,-0.496939 0.550773 1.1811,-0.496939 0.550773 1.06299,-0.486001 0.579614 1.1811,-0.486001 0.579614 1.06299,-0.594812 0.737255 1.1811,-0.594812 0.737255 1.06299,-0.625658 0.737255 1.1811,-0.625658 0.737255 1.06299,-0.655608 0.729873 1.1811,-0.655608 0.729873 1.06299,-0.68292 0.715538 1.1811,-0.68292 0.715538 1.06299,-0.706009 0.695083 1.1811,-0.706009 0.695083 1.06299,-0.723531 0.669697 1.1811,-0.723531 0.669697 1.06299,-0.734469 0.640856 1.1811,-0.734469 0.640856 1.06299,-0.738187 0.610235 1.1811,-0.738187 0.610235 1.06299,-0.734469 0.579614 1.1811,-0.734469 0.579614 1.06299,-0.723531 0.550773 1.1811,-0.723531 0.550773 1.06299,-0.706009 0.525387 1.1811,-0.706009 0.525387 1.06299]
}}
appearance Appearance{material Material{diffuseColor 0.75 0.75 0.75
transparency 0}}}
Shape { geometry IndexedFaceSet 
{ creaseAngle 0.50 coordIndex [0,1,2,-1,0,3,1,-1,4,2,5,-1,4,0,2,-1,6,7,8,-1,9,5,10,-1,6,11,7,-1,9,4,5,-1,12,8,13,-1,14,10,15,-1,12,6,8,-1,14,9,10,-1,16,13,17,-1,18,15,19,-1,16,12,13,-1,18,14,15,-1,20,17,21,-1,22,19,23,-1,20,16,17,-1,22,18,19,-1,24,21,25,-1,26,23,27,-1,24,20,21,-1,26,22,23,-1,28,27,29,-1,28,26,27,-1,30,25,31,-1,11,29,7,-1,30,24,25,-1,11,28,29,-1,32,31,33,-1,32,30,31,-1,34,33,35,-1,34,32,33,-1,36,35,37,-1,36,34,35,-1,38,37,39,-1,38,36,37,-1,40,38,39,-1,40,39,41,-1,42,40,41,-1,42,41,43,-1,44,42,43,-1,44,43,45,-1,46,45,47,-1,46,44,45,-1,48,47,49,-1,48,46,47,-1,50,49,51,-1,50,48,49,-1,3,51,1,-1,3,50,51,-1]
coord Coordinate { point [-0.655608 -0.729873 1.1811,-0.68292 -0.715538 1.06299,-0.655608 -0.729873 1.06299,-0.68292 -0.715538 1.1811,-0.625658 -0.737255 1.1811,-0.625658 -0.737255 1.06299,-0.486001 -0.579614 1.1811,-0.482283 -0.610235 1.06299,-0.486001 -0.579614 1.06299,-0.594812 -0.737255 1.1811,-0.594812 -0.737255 1.06299,-0.482283 -0.610235 1.1811,-0.496939 -0.550773 1.1811,-0.496939 -0.550773 1.06299,-0.564862 -0.729873 1.1811,-0.564862 -0.729873 1.06299,-0.514461 -0.525387 1.1811,-0.514461 -0.525387 1.06299,-0.53755 -0.715538 1.1811,-0.53755 -0.715538 1.06299,-0.53755 -0.504932 1.1811,-0.53755 -0.504932 1.06299,-0.514461 -0.695083 1.1811,-0.514461 -0.695083 1.06299,-0.564862 -0.490597 1.1811,-0.564862 -0.490597 1.06299,-0.496939 -0.669697 1.1811,-0.496939 -0.669697 1.06299,-0.486001 -0.640856 1.1811,-0.486001 -0.640856 1.06299,-0.594812 -0.483215 1.1811,-0.594812 -0.483215 1.06299,-0.625658 -0.483215 1.1811,-0.625658 -0.483215 1.06299,-0.655608 -0.490597 1.1811,-0.655608 -0.490597 1.06299,-0.68292 -0.504932 1.1811,-0.68292 -0.504932 1.06299,-0.706009 -0.525387 1.1811,-0.706009 -0.525387 1.06299,-0.723531 -0.550773 1.1811,-0.723531 -0.550773 1.06299,-0.734469 -0.579614 1.1811,-0.734469 -0.579614 1.06299,-0.738187 -0.610235 1.1811,-0.738187 -0.610235 1.06299,-0.734469 -0.640856 1.1811,-0.734469 -0.640856 1.06299,-0.723531 -0.669697 1.1811,-0.723531 -0.669697 1.06299,-0.706009 -0.695083 1.1811,-0.706009 -0.695083 1.06299]
}}
appearance Appearance{material Material{diffuseColor 0.75 0.75 0.75
transparency 0}}}
Shape { geometry IndexedFaceSet 
{ creaseAngle 0.50 coordIndex [0,1,2,-1,0,2,3,-1,4,5,6,-1,4,6,7,-1,8,9,10,-1,11,8,10,-1,12,13,14,-1,12,14,15,-1,16,11,10,-1,17,18,9,-1,17,9,8,-1,19,4,7,-1,20,11,16,-1,19,7,21,-1,22,23,18,-1,24,13,12,-1,22,18,17,-1,25,20,16,-1,26,27,28,-1,26,29,27,-1,30,3,31,-1,32,24,12,-1,30,0,3,-1,33,20,25,-1,34,30,31,-1,34,31,29,-1,34,29,26,-1,35,36,23,-1,35,23,22,-1,37,19,21,-1,38,33,25,-1,37,21,39,-1,40,24,32,-1,41,33,38,-1,42,43,36,-1,44,40,32,-1,42,36,35,-1,45,41,38,-1,1,37,39,-1,1,39,2,-1,46,41,45,-1,47,40,44,-1,48,49,43,-1,48,43,42,-1,50,46,45,-1,51,46,50,-1,6,5,49,-1,28,47,44,-1,6,49,48,-1,27,47,28,-1,15,14,51,-1,15,51,50,-1]
coord Coordinate { point [-0.659098 -0.481394 1.1811,-0.626844 -0.473445 1.1811,-0.625658 -0.483215 1.1811,-0.655608 -0.490597 1.1811,-0.531959 -0.496832 1.1811,-0.507094 -0.51886 1.1811,-0.514461 -0.525387 1.1811,-0.53755 -0.504932 1.1811,-0.514461 -0.695083 1.1811,-0.507094 -0.70161 1.1811,-0.531959 -0.723638 1.1811,-0.53755 -0.715538 1.1811,-0.732246 -0.674272 1.1811,-0.723531 -0.669697 1.1811,-0.706009 -0.695083 1.1811,-0.713376 -0.70161 1.1811,-0.561372 -0.739076 1.1811,-0.496939 -0.669697 1.1811,-0.488224 -0.674272 1.1811,-0.561372 -0.481394 1.1811,-0.564862 -0.729873 1.1811,-0.564862 -0.490597 1.1811,-0.486001 -0.640856 1.1811,-0.476444 -0.643212 1.1811,-0.734469 -0.640856 1.1811,-0.593626 -0.747025 1.1811,-0.732246 -0.546198 1.1811,-0.723531 -0.550773 1.1811,-0.744026 -0.577258 1.1811,-0.706009 -0.525387 1.1811,-0.688511 -0.496832 1.1811,-0.68292 -0.504932 1.1811,-0.744026 -0.643212 1.1811,-0.594812 -0.737255 1.1811,-0.713376 -0.51886 1.1811,-0.482283 -0.610235 1.1811,-0.47244 -0.610235 1.1811,-0.593626 -0.473445 1.1811,-0.626844 -0.747025 1.1811,-0.594812 -0.483215 1.1811,-0.738187 -0.610235 1.1811,-0.625658 -0.737255 1.1811,-0.486001 -0.579614 1.1811,-0.476444 -0.577258 1.1811,-0.74803 -0.610235 1.1811,-0.659098 -0.739076 1.1811,-0.655608 -0.729873 1.1811,-0.734469 -0.579614 1.1811,-0.496939 -0.550773 1.1811,-0.488224 -0.546198 1.1811,-0.688511 -0.723638 1.1811,-0.68292 -0.715538 1.1811]
}}
appearance Appearance{material Material{diffuseColor 0.75 0.75 0.75
transparency 0}}}
Shape { geometry IndexedFaceSet 
{ creaseAngle 0.50 coordIndex [0,1,2,-1,3,4,5,-1,6,7,8,-1,9,10,11,-1,12,6,8,-1,9,13,10,-1,14,3,5,-1,15,12,8,-1,16,17,7,-1,18,19,20,-1,16,7,6,-1,21,12,15,-1,22,3,14,-1,23,24,17,-1,23,17,16,-1,25,18,20,-1,26,21,15,-1,27,21,26,-1,28,13,9,-1,28,29,13,-1,30,31,24,-1,32,22,14,-1,30,24,23,-1,33,27,26,-1,34,1,0,-1,34,35,1,-1,36,22,32,-1,37,25,38,-1,37,18,25,-1,39,27,33,-1,40,38,35,-1,40,35,34,-1,40,37,38,-1,41,42,31,-1,41,31,30,-1,43,39,33,-1,44,29,28,-1,44,2,29,-1,45,39,43,-1,46,47,42,-1,46,42,41,-1,48,36,32,-1,49,45,43,-1,50,45,49,-1,19,36,48,-1,51,4,47,-1,20,19,48,-1,51,47,46,-1,11,10,50,-1,11,50,49,-1,5,4,51,-1,0,2,44,-1]
coord Coordinate { point [-0.476444 -0.577258 1.06299,-0.486001 -0.579614 1.06299,-0.482283 -0.610235 1.06299,-0.688511 -0.496832 1.06299,-0.713376 -0.51886 1.06299,-0.68292 -0.504932 1.06299,-0.706009 -0.695083 1.06299,-0.713376 -0.70161 1.06299,-0.688511 -0.723638 1.06299,-0.488224 -0.674272 1.06299,-0.514461 -0.695083 1.06299,-0.507094 -0.70161 1.06299,-0.68292 -0.715538 1.06299,-0.496939 -0.669697 1.06299,-0.655608 -0.490597 1.06299,-0.659098 -0.739076 1.06299,-0.723531 -0.669697 1.06299,-0.732246 -0.674272 1.06299,-0.561372 -0.481394 1.06299,-0.593626 -0.473445 1.06299,-0.564862 -0.490597 1.06299,-0.655608 -0.729873 1.06299,-0.659098 -0.481394 1.06299,-0.734469 -0.640856 1.06299,-0.744026 -0.643212 1.06299,-0.53755 -0.504932 1.06299,-0.626844 -0.747025 1.06299,-0.625658 -0.737255 1.06299,-0.476444 -0.643212 1.06299,-0.486001 -0.640856 1.06299,-0.738187 -0.610235 1.06299,-0.74803 -0.610235 1.06299,-0.625658 -0.483215 1.06299,-0.593626 -0.747025 1.06299,-0.488224 -0.546198 1.06299,-0.496939 -0.550773 1.06299,-0.626844 -0.473445 1.06299,-0.531959 -0.496832 1.06299,-0.514461 -0.525387 1.06299,-0.594812 -0.737255 1.06299,-0.507094 -0.51886 1.06299,-0.734469 -0.579614 1.06299,-0.744026 -0.577258 1.06299,-0.561372 -0.739076 1.06299,-0.47244 -0.610235 1.06299,-0.564862 -0.729873 1.06299,-0.723531 -0.550773 1.06299,-0.732246 -0.546198 1.06299,-0.594812 -0.483215 1.06299,-0.531959 -0.723638 1.06299,-0.53755 -0.715538 1.06299,-0.706009 -0.525387 1.06299]
}}
appearance Appearance{material Material{diffuseColor 0.75 0.75 0.75
transparency 0}}}
Shape { geometry IndexedFaceSet 
{ creaseAngle 0.50 coordIndex [0,1,2,-1,3,1,0,-1,2,4,5,-1,1,4,2,-1,6,7,8,-1,8,7,9,-1,5,10,11,-1,12,7,6,-1,4,10,5,-1,9,13,14,-1,11,15,16,-1,7,13,9,-1,10,15,11,-1,14,17,18,-1,16,19,20,-1,13,17,14,-1,15,19,16,-1,19,21,20,-1,18,22,23,-1,17,22,18,-1,20,12,6,-1,21,12,20,-1,23,24,25,-1,22,24,23,-1,25,26,27,-1,24,26,25,-1,27,28,29,-1,26,28,27,-1,29,30,31,-1,28,30,29,-1,31,32,33,-1,30,32,31,-1,33,34,35,-1,32,34,33,-1,34,36,35,-1,35,36,37,-1,36,38,37,-1,37,38,39,-1,38,40,39,-1,39,40,41,-1,41,42,43,-1,40,42,41,-1,43,44,45,-1,42,44,43,-1,45,46,47,-1,44,46,45,-1,47,48,49,-1,46,48,47,-1,49,50,51,-1,48,50,49,-1,51,3,0,-1,50,3,51,-1]
coord Coordinate { point [-0.626844 -0.473445 1.06299,-0.626844 -0.473445 1.1811,-0.659098 -0.481394 1.06299,-0.593626 -0.473445 1.1811,-0.659098 -0.481394 1.1811,-0.688511 -0.496832 1.06299,-0.74803 -0.610235 1.06299,-0.744026 -0.643212 1.1811,-0.744026 -0.643212 1.06299,-0.732246 -0.674272 1.06299,-0.688511 -0.496832 1.1811,-0.713376 -0.51886 1.06299,-0.74803 -0.610235 1.1811,-0.732246 -0.674272 1.1811,-0.713376 -0.70161 1.06299,-0.713376 -0.51886 1.1811,-0.732246 -0.546198 1.06299,-0.713376 -0.70161 1.1811,-0.688511 -0.723638 1.06299,-0.732246 -0.546198 1.1811,-0.744026 -0.577258 1.06299,-0.744026 -0.577258 1.1811,-0.688511 -0.723638 1.1811,-0.659098 -0.739076 1.06299,-0.659098 -0.739076 1.1811,-0.626844 -0.747025 1.06299,-0.626844 -0.747025 1.1811,-0.593626 -0.747025 1.06299,-0.593626 -0.747025 1.1811,-0.561372 -0.739076 1.06299,-0.561372 -0.739076 1.1811,-0.531959 -0.723638 1.06299,-0.531959 -0.723638 1.1811,-0.507094 -0.70161 1.06299,-0.507094 -0.70161 1.1811,-0.488224 -0.674272 1.06299,-0.488224 -0.674272 1.1811,-0.476444 -0.643212 1.06299,-0.476444 -0.643212 1.1811,-0.47244 -0.610235 1.06299,-0.47244 -0.610235 1.1811,-0.476444 -0.577258 1.06299,-0.476444 -0.577258 1.1811,-0.488224 -0.546198 1.06299,-0.488224 -0.546198 1.1811,-0.507094 -0.51886 1.06299,-0.507094 -0.51886 1.1811,-0.531959 -0.496832 1.06299,-0.531959 -0.496832 1.1811,-0.561372 -0.481394 1.06299,-0.561372 -0.481394 1.1811,-0.593626 -0.473445 1.06299]
}}
appearance Appearance{material Material{diffuseColor 0.75 0.75 0.75
transparency 0}}}
Shape { geometry IndexedFaceSet 
{ creaseAngle 0.50 coordIndex [0,1,2,-1,3,1,0,-1,2,4,5,-1,1,4,2,-1,6,7,8,-1,8,7,9,-1,5,10,11,-1,12,7,6,-1,4,10,5,-1,9,13,14,-1,11,15,16,-1,7,13,9,-1,10,15,11,-1,14,17,18,-1,16,19,20,-1,13,17,14,-1,15,19,16,-1,19,21,20,-1,18,22,23,-1,17,22,18,-1,20,12,6,-1,21,12,20,-1,23,24,25,-1,22,24,23,-1,25,26,27,-1,24,26,25,-1,27,28,29,-1,26,28,27,-1,29,30,31,-1,28,30,29,-1,31,32,33,-1,30,32,31,-1,33,34,35,-1,32,34,33,-1,34,36,35,-1,35,36,37,-1,36,38,37,-1,37,38,39,-1,38,40,39,-1,39,40,41,-1,41,42,43,-1,40,42,41,-1,43,44,45,-1,42,44,43,-1,45,46,47,-1,44,46,45,-1,47,48,49,-1,46,48,47,-1,49,50,51,-1,48,50,49,-1,51,3,0,-1,50,3,51,-1]
coord Coordinate { point [0.593626 0.747025 1.06299,0.593626 0.747025 1.1811,0.561372 0.739076 1.06299,0.626844 0.747025 1.1811,0.561372 0.739076 1.1811,0.531959 0.723638 1.06299,0.47244 0.610235 1.06299,0.476444 0.577258 1.1811,0.476444 0.577258 1.06299,0.488224 0.546198 1.06299,0.531959 0.723638 1.1811,0.507094 0.70161 1.06299,0.47244 0.610235 1.1811,0.488224 0.546198 1.1811,0.507094 0.51886 1.06299,0.507094 0.70161 1.1811,0.488224 0.674272 1.06299,0.507094 0.51886 1.1811,0.531959 0.496832 1.06299,0.488224 0.674272 1.1811,0.476444 0.643212 1.06299,0.476444 0.643212 1.1811,0.531959 0.496832 1.1811,0.561372 0.481394 1.06299,0.561372 0.481394 1.1811,0.593626 0.473445 1.06299,0.593626 0.473445 1.1811,0.626844 0.473445 1.06299,0.626844 0.473445 1.1811,0.659098 0.481394 1.06299,0.659098 0.481394 1.1811,0.688511 0.496832 1.06299,0.688511 0.496832 1.1811,0.713376 0.51886 1.06299,0.713376 0.51886 1.1811,0.732246 0.546198 1.06299,0.732246 0.546198 1.1811,0.744026 0.577258 1.06299,0.744026 0.577258 1.1811,0.74803 0.610235 1.06299,0.74803 0.610235 1.1811,0.744026 0.643212 1.06299,0.744026 0.643212 1.1811,0.732246 0.674272 1.06299,0.732246 0.674272 1.1811,0.713376 0.70161 1.06299,0.713376 0.70161 1.1811,0.688511 0.723638 1.06299,0.688511 0.723638 1.1811,0.659098 0.739076 1.06299,0.659098 0.739076 1.1811,0.626844 0.747025 1.06299]
}}
appearance Appearance{material Material{diffuseColor 0.75 0.75 0.75
transparency 0}}}
Shape { geometry IndexedFaceSet 
{ creaseAngle 0.50 coordIndex [0,1,2,-1,3,4,5,-1,6,7,8,-1,3,9,4,-1,10,11,12,-1,13,6,8,-1,10,14,11,-1,15,0,2,-1,16,17,18,-1,19,13,8,-1,20,21,7,-1,22,0,15,-1,16,18,23,-1,20,7,6,-1,24,23,14,-1,24,14,10,-1,24,16,23,-1,25,13,19,-1,26,27,21,-1,26,21,20,-1,28,9,3,-1,28,29,9,-1,30,25,19,-1,31,22,15,-1,32,25,30,-1,33,22,31,-1,34,35,27,-1,34,27,26,-1,36,32,30,-1,37,32,36,-1,38,29,28,-1,38,39,29,-1,40,41,35,-1,42,33,31,-1,40,35,34,-1,43,37,36,-1,44,33,42,-1,45,37,43,-1,46,47,41,-1,46,41,40,-1,48,44,42,-1,49,45,43,-1,12,39,38,-1,12,11,39,-1,50,45,49,-1,51,1,47,-1,51,47,46,-1,17,44,48,-1,5,4,50,-1,5,50,49,-1,2,1,51,-1,18,17,48,-1]
coord Coordinate { point [0.531959 0.723638 1.06299,0.507094 0.70161 1.06299,0.53755 0.715538 1.06299,0.732246 0.546198 1.06299,0.706009 0.525387 1.06299,0.713376 0.51886 1.06299,0.514461 0.525387 1.06299,0.507094 0.51886 1.06299,0.531959 0.496832 1.06299,0.723531 0.550773 1.06299,0.732246 0.674272 1.06299,0.734469 0.640856 1.06299,0.744026 0.643212 1.06299,0.53755 0.504932 1.06299,0.723531 0.669697 1.06299,0.564862 0.729873 1.06299,0.688511 0.723638 1.06299,0.659098 0.739076 1.06299,0.68292 0.715538 1.06299,0.561372 0.481394 1.06299,0.496939 0.550773 1.06299,0.488224 0.546198 1.06299,0.561372 0.739076 1.06299,0.706009 0.695083 1.06299,0.713376 0.70161 1.06299,0.564862 0.490597 1.06299,0.486001 0.579614 1.06299,0.476444 0.577258 1.06299,0.744026 0.577258 1.06299,0.734469 0.579614 1.06299,0.593626 0.473445 1.06299,0.594812 0.737255 1.06299,0.594812 0.483215 1.06299,0.593626 0.747025 1.06299,0.482283 0.610235 1.06299,0.47244 0.610235 1.06299,0.626844 0.473445 1.06299,0.625658 0.483215 1.06299,0.74803 0.610235 1.06299,0.738187 0.610235 1.06299,0.486001 0.640856 1.06299,0.476444 0.643212 1.06299,0.625658 0.737255 1.06299,0.659098 0.481394 1.06299,0.626844 0.747025 1.06299,0.655608 0.490597 1.06299,0.496939 0.669697 1.06299,0.488224 0.674272 1.06299,0.655608 0.729873 1.06299,0.688511 0.496832 1.06299,0.68292 0.504932 1.06299,0.514461 0.695083 1.06299]
}}
appearance Appearance{material Material{diffuseColor 0.75 0.75 0.75
transparency 0}}}
Shape { geometry IndexedFaceSet 
{ creaseAngle 0.50 coordIndex [0,1,2,-1,0,2,3,-1,4,5,6,-1,4,6,7,-1,8,9,10,-1,11,8,10,-1,12,13,14,-1,12,14,15,-1,16,11,10,-1,17,18,9,-1,17,9,8,-1,19,4,7,-1,20,11,16,-1,19,7,21,-1,22,23,18,-1,24,13,12,-1,22,18,17,-1,25,20,16,-1,26,27,28,-1,26,29,27,-1,30,3,31,-1,32,24,12,-1,30,0,3,-1,33,20,25,-1,34,30,31,-1,34,31,29,-1,34,29,26,-1,35,36,23,-1,35,23,22,-1,37,19,21,-1,38,33,25,-1,37,21,39,-1,40,24,32,-1,41,33,38,-1,42,43,36,-1,44,40,32,-1,42,36,35,-1,45,41,38,-1,1,37,39,-1,1,39,2,-1,46,41,45,-1,47,40,44,-1,48,49,43,-1,48,43,42,-1,50,46,45,-1,51,46,50,-1,6,5,49,-1,28,47,44,-1,6,49,48,-1,27,47,28,-1,15,14,51,-1,15,51,50,-1]
coord Coordinate { point [0.561372 0.739076 1.1811,0.593626 0.747025 1.1811,0.594812 0.737255 1.1811,0.564862 0.729873 1.1811,0.688511 0.723638 1.1811,0.713376 0.70161 1.1811,0.706009 0.695083 1.1811,0.68292 0.715538 1.1811,0.706009 0.525387 1.1811,0.713376 0.51886 1.1811,0.688511 0.496832 1.1811,0.68292 0.504932 1.1811,0.488224 0.546198 1.1811,0.496939 0.550773 1.1811,0.514461 0.525387 1.1811,0.507094 0.51886 1.1811,0.659098 0.481394 1.1811,0.723531 0.550773 1.1811,0.732246 0.546198 1.1811,0.659098 0.739076 1.1811,0.655608 0.490597 1.1811,0.655608 0.729873 1.1811,0.734469 0.579614 1.1811,0.744026 0.577258 1.1811,0.486001 0.579614 1.1811,0.626844 0.473445 1.1811,0.488224 0.674272 1.1811,0.496939 0.669697 1.1811,0.476444 0.643212 1.1811,0.514461 0.695083 1.1811,0.531959 0.723638 1.1811,0.53755 0.715538 1.1811,0.476444 0.577258 1.1811,0.625658 0.483215 1.1811,0.507094 0.70161 1.1811,0.738187 0.610235 1.1811,0.74803 0.610235 1.1811,0.626844 0.747025 1.1811,0.593626 0.473445 1.1811,0.625658 0.737255 1.1811,0.482283 0.610235 1.1811,0.594812 0.483215 1.1811,0.734469 0.640856 1.1811,0.744026 0.643212 1.1811,0.47244 0.610235 1.1811,0.561372 0.481394 1.1811,0.564862 0.490597 1.1811,0.486001 0.640856 1.1811,0.723531 0.669697 1.1811,0.732246 0.674272 1.1811,0.531959 0.496832 1.1811,0.53755 0.504932 1.1811]
}}
appearance Appearance{material Material{diffuseColor 0.75 0.75 0.75
transparency 0}}}
Shape { geometry IndexedFaceSet 
{ creaseAngle 0.50 coordIndex [0,1,2,-1,0,3,1,-1,4,2,5,-1,4,0,2,-1,6,7,8,-1,9,5,10,-1,6,11,7,-1,9,4,5,-1,12,8,13,-1,14,10,15,-1,12,6,8,-1,14,9,10,-1,16,13,17,-1,18,15,19,-1,16,12,13,-1,18,14,15,-1,20,17,21,-1,22,19,23,-1,20,16,17,-1,22,18,19,-1,24,21,25,-1,26,23,27,-1,24,20,21,-1,26,22,23,-1,28,27,29,-1,28,26,27,-1,30,25,31,-1,11,29,7,-1,30,24,25,-1,11,28,29,-1,32,31,33,-1,32,30,31,-1,34,33,35,-1,34,32,33,-1,36,35,37,-1,36,34,35,-1,38,37,39,-1,38,36,37,-1,40,38,39,-1,40,39,41,-1,42,40,41,-1,42,41,43,-1,44,42,43,-1,44,43,45,-1,46,45,47,-1,46,44,45,-1,48,47,49,-1,48,46,47,-1,50,49,51,-1,50,48,49,-1,3,51,1,-1,3,50,51,-1]
coord Coordinate { point [0.564862 0.490597 1.1811,0.53755 0.504932 1.06299,0.564862 0.490597 1.06299,0.53755 0.504932 1.1811,0.594812 0.483215 1.1811,0.594812 0.483215 1.06299,0.734469 0.640856 1.1811,0.738187 0.610235 1.06299,0.734469 0.640856 1.06299,0.625658 0.483215 1.1811,0.625658 0.483215 1.06299,0.738187 0.610235 1.1811,0.723531 0.669697 1.1811,0.723531 0.669697 1.06299,0.655608 0.490597 1.1811,0.655608 0.490597 1.06299,0.706009 0.695083 1.1811,0.706009 0.695083 1.06299,0.68292 0.504932 1.1811,0.68292 0.504932 1.06299,0.68292 0.715538 1.1811,0.68292 0.715538 1.06299,0.706009 0.525387 1.1811,0.706009 0.525387 1.06299,0.655608 0.729873 1.1811,0.655608 0.729873 1.06299,0.723531 0.550773 1.1811,0.723531 0.550773 1.06299,0.734469 0.579614 1.1811,0.734469 0.579614 1.06299,0.625658 0.737255 1.1811,0.625658 0.737255 1.06299,0.594812 0.737255 1.1811,0.594812 0.737255 1.06299,0.564862 0.729873 1.1811,0.564862 0.729873 1.06299,0.53755 0.715538 1.1811,0.53755 0.715538 1.06299,0.514461 0.695083 1.1811,0.514461 0.695083 1.06299,0.496939 0.669697 1.1811,0.496939 0.669697 1.06299,0.486001 0.640856 1.1811,0.486001 0.640856 1.06299,0.482283 0.610235 1.1811,0.482283 0.610235 1.06299,0.486001 0.579614 1.1811,0.486001 0.579614 1.06299,0.496939 0.550773 1.1811,0.496939 0.550773 1.06299,0.514461 0.525387 1.1811,0.514461 0.525387 1.06299]
}}
appearance Appearance{material Material{diffuseColor 0.75 0.75 0.75
transparency 0}}}
