ISO-10303-21;
HEADER;
FILE_DESCRIPTION(('FreeCAD Model'),'2;1');
FILE_NAME('/home/dan/kicad/3dModels/Pushbutton_DPDT_Latching_8.5mm.step'
  ,'2019-02-22T20:57:06',('kicad StepUp'),('ksu MCAD'),
  'Open CASCADE STEP processor 7.3','FreeCAD','Unknown');
FILE_SCHEMA(('AUTOMOTIVE_DESIGN { 1 0 10303 214 1 1 1 1 }'));
ENDSEC;
DATA;
#1 = APPLICATION_PROTOCOL_DEFINITION('international standard',
  'automotive_design',2000,#2);
#2 = APPLICATION_CONTEXT(
  'core data for automotive mechanical design processes');
#3 = SHAPE_DEFINITION_REPRESENTATION(#4,#10);
#4 = PRODUCT_DEFINITION_SHAPE('','',#5);
#5 = PRODUCT_DEFINITION('design','',#6,#9);
#6 = PRODUCT_DEFINITION_FORMATION('','',#7);
#7 = PRODUCT('Pushbutton_DPDT_Latching_8.5mm',
  'Pushbutton_DPDT_Latching_8.5mm','',(#8));
#8 = PRODUCT_CONTEXT('',#2,'mechanical');
#9 = PRODUCT_DEFINITION_CONTEXT('part definition',#2,'design');
#10 = SHAPE_REPRESENTATION('',(#11,#15,#2512,#4504),#4786);
#11 = AXIS2_PLACEMENT_3D('',#12,#13,#14);
#12 = CARTESIAN_POINT('',(0.,0.,0.));
#13 = DIRECTION('',(0.,0.,1.));
#14 = DIRECTION('',(1.,0.,-0.));
#15 = MANIFOLD_SOLID_BREP('',#16);
#16 = CLOSED_SHELL('',(#17,#57,#106,#432,#474,#491,#508,#525,#537,#664,
    #688,#712,#736,#760,#807,#854,#878,#902,#926,#950,#1045,#1076,#1118,
    #1142,#1177,#1208,#1232,#1256,#1273,#1304,#1346,#1370,#1405,#1436,
    #1478,#1502,#1537,#1568,#1610,#1634,#1669,#1700,#1742,#1766,#1801,
    #1813,#1825,#1891,#1915,#1939,#1963,#1987,#2011,#2035,#2052,#2064,
    #2076,#2100,#2124,#2148,#2172,#2196,#2220,#2237,#2254,#2271,#2283,
    #2295,#2312,#2329,#2341,#2358,#2375,#2387,#2404,#2421,#2433,#2450,
    #2467,#2479,#2496));
#17 = ADVANCED_FACE('',(#18),#52,.F.);
#18 = FACE_BOUND('',#19,.F.);
#19 = EDGE_LOOP('',(#20,#30,#38,#46));
#20 = ORIENTED_EDGE('',*,*,#21,.F.);
#21 = EDGE_CURVE('',#22,#24,#26,.T.);
#22 = VERTEX_POINT('',#23);
#23 = CARTESIAN_POINT('',(-2.75,2.6,-3.26));
#24 = VERTEX_POINT('',#25);
#25 = CARTESIAN_POINT('',(-2.75,2.6,0.4));
#26 = LINE('',#27,#28);
#27 = CARTESIAN_POINT('',(-2.75,2.6,-3.5));
#28 = VECTOR('',#29,1.);
#29 = DIRECTION('',(0.,0.,1.));
#30 = ORIENTED_EDGE('',*,*,#31,.T.);
#31 = EDGE_CURVE('',#22,#32,#34,.T.);
#32 = VERTEX_POINT('',#33);
#33 = CARTESIAN_POINT('',(-2.75,2.8,-3.26));
#34 = LINE('',#35,#36);
#35 = CARTESIAN_POINT('',(-2.75,2.6,-3.26));
#36 = VECTOR('',#37,1.);
#37 = DIRECTION('',(0.,1.,0.));
#38 = ORIENTED_EDGE('',*,*,#39,.T.);
#39 = EDGE_CURVE('',#32,#40,#42,.T.);
#40 = VERTEX_POINT('',#41);
#41 = CARTESIAN_POINT('',(-2.75,2.8,0.4));
#42 = LINE('',#43,#44);
#43 = CARTESIAN_POINT('',(-2.75,2.8,-3.5));
#44 = VECTOR('',#45,1.);
#45 = DIRECTION('',(0.,0.,1.));
#46 = ORIENTED_EDGE('',*,*,#47,.T.);
#47 = EDGE_CURVE('',#40,#24,#48,.T.);
#48 = LINE('',#49,#50);
#49 = CARTESIAN_POINT('',(-2.75,-0.825,0.4));
#50 = VECTOR('',#51,1.);
#51 = DIRECTION('',(0.,-1.,0.));
#52 = PLANE('',#53);
#53 = AXIS2_PLACEMENT_3D('',#54,#55,#56);
#54 = CARTESIAN_POINT('',(-2.75,2.6,-3.5));
#55 = DIRECTION('',(1.,0.,0.));
#56 = DIRECTION('',(0.,0.,1.));
#57 = ADVANCED_FACE('',(#58),#101,.F.);
#58 = FACE_BOUND('',#59,.F.);
#59 = EDGE_LOOP('',(#60,#70,#77,#78,#86,#94));
#60 = ORIENTED_EDGE('',*,*,#61,.F.);
#61 = EDGE_CURVE('',#62,#64,#66,.T.);
#62 = VERTEX_POINT('',#63);
#63 = CARTESIAN_POINT('',(-2.51,2.6,-3.5));
#64 = VERTEX_POINT('',#65);
#65 = CARTESIAN_POINT('',(-2.49,2.6,-3.5));
#66 = LINE('',#67,#68);
#67 = CARTESIAN_POINT('',(-2.75,2.6,-3.5));
#68 = VECTOR('',#69,1.);
#69 = DIRECTION('',(1.,0.,0.));
#70 = ORIENTED_EDGE('',*,*,#71,.F.);
#71 = EDGE_CURVE('',#22,#62,#72,.T.);
#72 = CIRCLE('',#73,0.24);
#73 = AXIS2_PLACEMENT_3D('',#74,#75,#76);
#74 = CARTESIAN_POINT('',(-2.51,2.6,-3.26));
#75 = DIRECTION('',(0.,-1.,0.));
#76 = DIRECTION('',(0.,0.,1.));
#77 = ORIENTED_EDGE('',*,*,#21,.T.);
#78 = ORIENTED_EDGE('',*,*,#79,.T.);
#79 = EDGE_CURVE('',#24,#80,#82,.T.);
#80 = VERTEX_POINT('',#81);
#81 = CARTESIAN_POINT('',(-2.25,2.6,0.4));
#82 = LINE('',#83,#84);
#83 = CARTESIAN_POINT('',(-3.5,2.6,0.4));
#84 = VECTOR('',#85,1.);
#85 = DIRECTION('',(1.,0.,0.));
#86 = ORIENTED_EDGE('',*,*,#87,.F.);
#87 = EDGE_CURVE('',#88,#80,#90,.T.);
#88 = VERTEX_POINT('',#89);
#89 = CARTESIAN_POINT('',(-2.25,2.6,-3.26));
#90 = LINE('',#91,#92);
#91 = CARTESIAN_POINT('',(-2.25,2.6,-3.5));
#92 = VECTOR('',#93,1.);
#93 = DIRECTION('',(0.,0.,1.));
#94 = ORIENTED_EDGE('',*,*,#95,.T.);
#95 = EDGE_CURVE('',#88,#64,#96,.T.);
#96 = CIRCLE('',#97,0.24);
#97 = AXIS2_PLACEMENT_3D('',#98,#99,#100);
#98 = CARTESIAN_POINT('',(-2.49,2.6,-3.26));
#99 = DIRECTION('',(0.,1.,0.));
#100 = DIRECTION('',(0.,0.,1.));
#101 = PLANE('',#102);
#102 = AXIS2_PLACEMENT_3D('',#103,#104,#105);
#103 = CARTESIAN_POINT('',(-2.75,2.6,-3.5));
#104 = DIRECTION('',(0.,1.,0.));
#105 = DIRECTION('',(0.,0.,1.));
#106 = ADVANCED_FACE('',(#107,#205,#223,#257,#291,#325,#359,#393),#427,
  .F.);
#107 = FACE_BOUND('',#108,.F.);
#108 = EDGE_LOOP('',(#109,#119,#127,#135,#143,#151,#159,#167,#175,#183,
    #191,#199));
#109 = ORIENTED_EDGE('',*,*,#110,.F.);
#110 = EDGE_CURVE('',#111,#113,#115,.T.);
#111 = VERTEX_POINT('',#112);
#112 = CARTESIAN_POINT('',(-4.25,-3.75,0.4));
#113 = VERTEX_POINT('',#114);
#114 = CARTESIAN_POINT('',(-4.25,3.75,0.4));
#115 = LINE('',#116,#117);
#116 = CARTESIAN_POINT('',(-4.25,-4.25,0.4));
#117 = VECTOR('',#118,1.);
#118 = DIRECTION('',(0.,1.,0.));
#119 = ORIENTED_EDGE('',*,*,#120,.T.);
#120 = EDGE_CURVE('',#111,#121,#123,.T.);
#121 = VERTEX_POINT('',#122);
#122 = CARTESIAN_POINT('',(-3.75,-3.75,0.4));
#123 = LINE('',#124,#125);
#124 = CARTESIAN_POINT('',(-4.25,-3.75,0.4));
#125 = VECTOR('',#126,1.);
#126 = DIRECTION('',(1.,0.,0.));
#127 = ORIENTED_EDGE('',*,*,#128,.F.);
#128 = EDGE_CURVE('',#129,#121,#131,.T.);
#129 = VERTEX_POINT('',#130);
#130 = CARTESIAN_POINT('',(-3.75,-4.25,0.4));
#131 = LINE('',#132,#133);
#132 = CARTESIAN_POINT('',(-3.75,-4.25,0.4));
#133 = VECTOR('',#134,1.);
#134 = DIRECTION('',(0.,1.,0.));
#135 = ORIENTED_EDGE('',*,*,#136,.T.);
#136 = EDGE_CURVE('',#129,#137,#139,.T.);
#137 = VERTEX_POINT('',#138);
#138 = CARTESIAN_POINT('',(3.75,-4.25,0.4));
#139 = LINE('',#140,#141);
#140 = CARTESIAN_POINT('',(-4.25,-4.25,0.4));
#141 = VECTOR('',#142,1.);
#142 = DIRECTION('',(1.,0.,0.));
#143 = ORIENTED_EDGE('',*,*,#144,.T.);
#144 = EDGE_CURVE('',#137,#145,#147,.T.);
#145 = VERTEX_POINT('',#146);
#146 = CARTESIAN_POINT('',(3.75,-3.75,0.4));
#147 = LINE('',#148,#149);
#148 = CARTESIAN_POINT('',(3.75,-4.25,0.4));
#149 = VECTOR('',#150,1.);
#150 = DIRECTION('',(0.,1.,0.));
#151 = ORIENTED_EDGE('',*,*,#152,.T.);
#152 = EDGE_CURVE('',#145,#153,#155,.T.);
#153 = VERTEX_POINT('',#154);
#154 = CARTESIAN_POINT('',(4.25,-3.75,0.4));
#155 = LINE('',#156,#157);
#156 = CARTESIAN_POINT('',(3.75,-3.75,0.4));
#157 = VECTOR('',#158,1.);
#158 = DIRECTION('',(1.,0.,0.));
#159 = ORIENTED_EDGE('',*,*,#160,.T.);
#160 = EDGE_CURVE('',#153,#161,#163,.T.);
#161 = VERTEX_POINT('',#162);
#162 = CARTESIAN_POINT('',(4.25,3.75,0.4));
#163 = LINE('',#164,#165);
#164 = CARTESIAN_POINT('',(4.25,-4.25,0.4));
#165 = VECTOR('',#166,1.);
#166 = DIRECTION('',(0.,1.,0.));
#167 = ORIENTED_EDGE('',*,*,#168,.F.);
#168 = EDGE_CURVE('',#169,#161,#171,.T.);
#169 = VERTEX_POINT('',#170);
#170 = CARTESIAN_POINT('',(3.75,3.75,0.4));
#171 = LINE('',#172,#173);
#172 = CARTESIAN_POINT('',(3.75,3.75,0.4));
#173 = VECTOR('',#174,1.);
#174 = DIRECTION('',(1.,0.,0.));
#175 = ORIENTED_EDGE('',*,*,#176,.T.);
#176 = EDGE_CURVE('',#169,#177,#179,.T.);
#177 = VERTEX_POINT('',#178);
#178 = CARTESIAN_POINT('',(3.75,4.25,0.4));
#179 = LINE('',#180,#181);
#180 = CARTESIAN_POINT('',(3.75,3.75,0.4));
#181 = VECTOR('',#182,1.);
#182 = DIRECTION('',(0.,1.,0.));
#183 = ORIENTED_EDGE('',*,*,#184,.F.);
#184 = EDGE_CURVE('',#185,#177,#187,.T.);
#185 = VERTEX_POINT('',#186);
#186 = CARTESIAN_POINT('',(-3.75,4.25,0.4));
#187 = LINE('',#188,#189);
#188 = CARTESIAN_POINT('',(-4.25,4.25,0.4));
#189 = VECTOR('',#190,1.);
#190 = DIRECTION('',(1.,0.,0.));
#191 = ORIENTED_EDGE('',*,*,#192,.F.);
#192 = EDGE_CURVE('',#193,#185,#195,.T.);
#193 = VERTEX_POINT('',#194);
#194 = CARTESIAN_POINT('',(-3.75,3.75,0.4));
#195 = LINE('',#196,#197);
#196 = CARTESIAN_POINT('',(-3.75,3.75,0.4));
#197 = VECTOR('',#198,1.);
#198 = DIRECTION('',(0.,1.,0.));
#199 = ORIENTED_EDGE('',*,*,#200,.F.);
#200 = EDGE_CURVE('',#113,#193,#201,.T.);
#201 = LINE('',#202,#203);
#202 = CARTESIAN_POINT('',(-4.25,3.75,0.4));
#203 = VECTOR('',#204,1.);
#204 = DIRECTION('',(1.,0.,0.));
#205 = FACE_BOUND('',#206,.F.);
#206 = EDGE_LOOP('',(#207,#208,#216,#222));
#207 = ORIENTED_EDGE('',*,*,#47,.F.);
#208 = ORIENTED_EDGE('',*,*,#209,.T.);
#209 = EDGE_CURVE('',#40,#210,#212,.T.);
#210 = VERTEX_POINT('',#211);
#211 = CARTESIAN_POINT('',(-2.25,2.8,0.4));
#212 = LINE('',#213,#214);
#213 = CARTESIAN_POINT('',(-3.5,2.8,0.4));
#214 = VECTOR('',#215,1.);
#215 = DIRECTION('',(1.,0.,0.));
#216 = ORIENTED_EDGE('',*,*,#217,.T.);
#217 = EDGE_CURVE('',#210,#80,#218,.T.);
#218 = LINE('',#219,#220);
#219 = CARTESIAN_POINT('',(-2.25,-0.825,0.4));
#220 = VECTOR('',#221,1.);
#221 = DIRECTION('',(0.,-1.,0.));
#222 = ORIENTED_EDGE('',*,*,#79,.F.);
#223 = FACE_BOUND('',#224,.F.);
#224 = EDGE_LOOP('',(#225,#235,#243,#251));
#225 = ORIENTED_EDGE('',*,*,#226,.F.);
#226 = EDGE_CURVE('',#227,#229,#231,.T.);
#227 = VERTEX_POINT('',#228);
#228 = CARTESIAN_POINT('',(-0.25,2.8,0.4));
#229 = VERTEX_POINT('',#230);
#230 = CARTESIAN_POINT('',(-0.25,2.6,0.4));
#231 = LINE('',#232,#233);
#232 = CARTESIAN_POINT('',(-0.25,-0.825,0.4));
#233 = VECTOR('',#234,1.);
#234 = DIRECTION('',(0.,-1.,0.));
#235 = ORIENTED_EDGE('',*,*,#236,.T.);
#236 = EDGE_CURVE('',#227,#237,#239,.T.);
#237 = VERTEX_POINT('',#238);
#238 = CARTESIAN_POINT('',(0.25,2.8,0.4));
#239 = LINE('',#240,#241);
#240 = CARTESIAN_POINT('',(-2.25,2.8,0.4));
#241 = VECTOR('',#242,1.);
#242 = DIRECTION('',(1.,0.,0.));
#243 = ORIENTED_EDGE('',*,*,#244,.T.);
#244 = EDGE_CURVE('',#237,#245,#247,.T.);
#245 = VERTEX_POINT('',#246);
#246 = CARTESIAN_POINT('',(0.25,2.6,0.4));
#247 = LINE('',#248,#249);
#248 = CARTESIAN_POINT('',(0.25,-0.825,0.4));
#249 = VECTOR('',#250,1.);
#250 = DIRECTION('',(0.,-1.,0.));
#251 = ORIENTED_EDGE('',*,*,#252,.F.);
#252 = EDGE_CURVE('',#229,#245,#253,.T.);
#253 = LINE('',#254,#255);
#254 = CARTESIAN_POINT('',(-2.25,2.6,0.4));
#255 = VECTOR('',#256,1.);
#256 = DIRECTION('',(1.,0.,0.));
#257 = FACE_BOUND('',#258,.F.);
#258 = EDGE_LOOP('',(#259,#269,#277,#285));
#259 = ORIENTED_EDGE('',*,*,#260,.T.);
#260 = EDGE_CURVE('',#261,#263,#265,.T.);
#261 = VERTEX_POINT('',#262);
#262 = CARTESIAN_POINT('',(0.4,-0.8,0.4));
#263 = VERTEX_POINT('',#264);
#264 = CARTESIAN_POINT('',(0.4,0.8,0.4));
#265 = LINE('',#266,#267);
#266 = CARTESIAN_POINT('',(0.4,-0.8,0.4));
#267 = VECTOR('',#268,1.);
#268 = DIRECTION('',(0.,1.,0.));
#269 = ORIENTED_EDGE('',*,*,#270,.T.);
#270 = EDGE_CURVE('',#263,#271,#273,.T.);
#271 = VERTEX_POINT('',#272);
#272 = CARTESIAN_POINT('',(2.1,0.8,0.4));
#273 = LINE('',#274,#275);
#274 = CARTESIAN_POINT('',(0.4,0.8,0.4));
#275 = VECTOR('',#276,1.);
#276 = DIRECTION('',(1.,0.,0.));
#277 = ORIENTED_EDGE('',*,*,#278,.F.);
#278 = EDGE_CURVE('',#279,#271,#281,.T.);
#279 = VERTEX_POINT('',#280);
#280 = CARTESIAN_POINT('',(2.1,-0.8,0.4));
#281 = LINE('',#282,#283);
#282 = CARTESIAN_POINT('',(2.1,-0.8,0.4));
#283 = VECTOR('',#284,1.);
#284 = DIRECTION('',(0.,1.,0.));
#285 = ORIENTED_EDGE('',*,*,#286,.F.);
#286 = EDGE_CURVE('',#261,#279,#287,.T.);
#287 = LINE('',#288,#289);
#288 = CARTESIAN_POINT('',(0.4,-0.8,0.4));
#289 = VECTOR('',#290,1.);
#290 = DIRECTION('',(1.,0.,0.));
#291 = FACE_BOUND('',#292,.F.);
#292 = EDGE_LOOP('',(#293,#303,#311,#319));
#293 = ORIENTED_EDGE('',*,*,#294,.F.);
#294 = EDGE_CURVE('',#295,#297,#299,.T.);
#295 = VERTEX_POINT('',#296);
#296 = CARTESIAN_POINT('',(-2.75,-2.6,0.4));
#297 = VERTEX_POINT('',#298);
#298 = CARTESIAN_POINT('',(-2.75,-2.8,0.4));
#299 = LINE('',#300,#301);
#300 = CARTESIAN_POINT('',(-2.75,-3.525,0.4));
#301 = VECTOR('',#302,1.);
#302 = DIRECTION('',(0.,-1.,0.));
#303 = ORIENTED_EDGE('',*,*,#304,.T.);
#304 = EDGE_CURVE('',#295,#305,#307,.T.);
#305 = VERTEX_POINT('',#306);
#306 = CARTESIAN_POINT('',(-2.25,-2.6,0.4));
#307 = LINE('',#308,#309);
#308 = CARTESIAN_POINT('',(-3.5,-2.6,0.4));
#309 = VECTOR('',#310,1.);
#310 = DIRECTION('',(1.,0.,0.));
#311 = ORIENTED_EDGE('',*,*,#312,.T.);
#312 = EDGE_CURVE('',#305,#313,#315,.T.);
#313 = VERTEX_POINT('',#314);
#314 = CARTESIAN_POINT('',(-2.25,-2.8,0.4));
#315 = LINE('',#316,#317);
#316 = CARTESIAN_POINT('',(-2.25,-3.525,0.4));
#317 = VECTOR('',#318,1.);
#318 = DIRECTION('',(0.,-1.,0.));
#319 = ORIENTED_EDGE('',*,*,#320,.F.);
#320 = EDGE_CURVE('',#297,#313,#321,.T.);
#321 = LINE('',#322,#323);
#322 = CARTESIAN_POINT('',(-3.5,-2.8,0.4));
#323 = VECTOR('',#324,1.);
#324 = DIRECTION('',(1.,0.,0.));
#325 = FACE_BOUND('',#326,.F.);
#326 = EDGE_LOOP('',(#327,#337,#345,#353));
#327 = ORIENTED_EDGE('',*,*,#328,.F.);
#328 = EDGE_CURVE('',#329,#331,#333,.T.);
#329 = VERTEX_POINT('',#330);
#330 = CARTESIAN_POINT('',(-0.25,-2.6,0.4));
#331 = VERTEX_POINT('',#332);
#332 = CARTESIAN_POINT('',(-0.25,-2.8,0.4));
#333 = LINE('',#334,#335);
#334 = CARTESIAN_POINT('',(-0.25,-3.525,0.4));
#335 = VECTOR('',#336,1.);
#336 = DIRECTION('',(0.,-1.,0.));
#337 = ORIENTED_EDGE('',*,*,#338,.T.);
#338 = EDGE_CURVE('',#329,#339,#341,.T.);
#339 = VERTEX_POINT('',#340);
#340 = CARTESIAN_POINT('',(0.25,-2.6,0.4));
#341 = LINE('',#342,#343);
#342 = CARTESIAN_POINT('',(-2.25,-2.6,0.4));
#343 = VECTOR('',#344,1.);
#344 = DIRECTION('',(1.,0.,0.));
#345 = ORIENTED_EDGE('',*,*,#346,.T.);
#346 = EDGE_CURVE('',#339,#347,#349,.T.);
#347 = VERTEX_POINT('',#348);
#348 = CARTESIAN_POINT('',(0.25,-2.8,0.4));
#349 = LINE('',#350,#351);
#350 = CARTESIAN_POINT('',(0.25,-3.525,0.4));
#351 = VECTOR('',#352,1.);
#352 = DIRECTION('',(0.,-1.,0.));
#353 = ORIENTED_EDGE('',*,*,#354,.F.);
#354 = EDGE_CURVE('',#331,#347,#355,.T.);
#355 = LINE('',#356,#357);
#356 = CARTESIAN_POINT('',(-2.25,-2.8,0.4));
#357 = VECTOR('',#358,1.);
#358 = DIRECTION('',(1.,0.,0.));
#359 = FACE_BOUND('',#360,.F.);
#360 = EDGE_LOOP('',(#361,#371,#379,#387));
#361 = ORIENTED_EDGE('',*,*,#362,.F.);
#362 = EDGE_CURVE('',#363,#365,#367,.T.);
#363 = VERTEX_POINT('',#364);
#364 = CARTESIAN_POINT('',(2.25,-2.6,0.4));
#365 = VERTEX_POINT('',#366);
#366 = CARTESIAN_POINT('',(2.25,-2.8,0.4));
#367 = LINE('',#368,#369);
#368 = CARTESIAN_POINT('',(2.25,-3.525,0.4));
#369 = VECTOR('',#370,1.);
#370 = DIRECTION('',(0.,-1.,0.));
#371 = ORIENTED_EDGE('',*,*,#372,.T.);
#372 = EDGE_CURVE('',#363,#373,#375,.T.);
#373 = VERTEX_POINT('',#374);
#374 = CARTESIAN_POINT('',(2.75,-2.6,0.4));
#375 = LINE('',#376,#377);
#376 = CARTESIAN_POINT('',(-1.,-2.6,0.4));
#377 = VECTOR('',#378,1.);
#378 = DIRECTION('',(1.,0.,0.));
#379 = ORIENTED_EDGE('',*,*,#380,.T.);
#380 = EDGE_CURVE('',#373,#381,#383,.T.);
#381 = VERTEX_POINT('',#382);
#382 = CARTESIAN_POINT('',(2.75,-2.8,0.4));
#383 = LINE('',#384,#385);
#384 = CARTESIAN_POINT('',(2.75,-3.525,0.4));
#385 = VECTOR('',#386,1.);
#386 = DIRECTION('',(0.,-1.,0.));
#387 = ORIENTED_EDGE('',*,*,#388,.F.);
#388 = EDGE_CURVE('',#365,#381,#389,.T.);
#389 = LINE('',#390,#391);
#390 = CARTESIAN_POINT('',(-1.,-2.8,0.4));
#391 = VECTOR('',#392,1.);
#392 = DIRECTION('',(1.,0.,0.));
#393 = FACE_BOUND('',#394,.F.);
#394 = EDGE_LOOP('',(#395,#405,#413,#421));
#395 = ORIENTED_EDGE('',*,*,#396,.F.);
#396 = EDGE_CURVE('',#397,#399,#401,.T.);
#397 = VERTEX_POINT('',#398);
#398 = CARTESIAN_POINT('',(2.25,2.8,0.4));
#399 = VERTEX_POINT('',#400);
#400 = CARTESIAN_POINT('',(2.25,2.6,0.4));
#401 = LINE('',#402,#403);
#402 = CARTESIAN_POINT('',(2.25,-0.825,0.4));
#403 = VECTOR('',#404,1.);
#404 = DIRECTION('',(0.,-1.,0.));
#405 = ORIENTED_EDGE('',*,*,#406,.T.);
#406 = EDGE_CURVE('',#397,#407,#409,.T.);
#407 = VERTEX_POINT('',#408);
#408 = CARTESIAN_POINT('',(2.75,2.8,0.4));
#409 = LINE('',#410,#411);
#410 = CARTESIAN_POINT('',(-1.,2.8,0.4));
#411 = VECTOR('',#412,1.);
#412 = DIRECTION('',(1.,0.,0.));
#413 = ORIENTED_EDGE('',*,*,#414,.T.);
#414 = EDGE_CURVE('',#407,#415,#417,.T.);
#415 = VERTEX_POINT('',#416);
#416 = CARTESIAN_POINT('',(2.75,2.6,0.4));
#417 = LINE('',#418,#419);
#418 = CARTESIAN_POINT('',(2.75,-0.825,0.4));
#419 = VECTOR('',#420,1.);
#420 = DIRECTION('',(0.,-1.,0.));
#421 = ORIENTED_EDGE('',*,*,#422,.F.);
#422 = EDGE_CURVE('',#399,#415,#423,.T.);
#423 = LINE('',#424,#425);
#424 = CARTESIAN_POINT('',(-1.,2.6,0.4));
#425 = VECTOR('',#426,1.);
#426 = DIRECTION('',(1.,0.,0.));
#427 = PLANE('',#428);
#428 = AXIS2_PLACEMENT_3D('',#429,#430,#431);
#429 = CARTESIAN_POINT('',(-4.25,-4.25,0.4));
#430 = DIRECTION('',(0.,0.,1.));
#431 = DIRECTION('',(1.,0.,0.));
#432 = ADVANCED_FACE('',(#433),#469,.T.);
#433 = FACE_BOUND('',#434,.T.);
#434 = EDGE_LOOP('',(#435,#445,#452,#453,#454,#462));
#435 = ORIENTED_EDGE('',*,*,#436,.F.);
#436 = EDGE_CURVE('',#437,#439,#441,.T.);
#437 = VERTEX_POINT('',#438);
#438 = CARTESIAN_POINT('',(-2.51,2.8,-3.5));
#439 = VERTEX_POINT('',#440);
#440 = CARTESIAN_POINT('',(-2.49,2.8,-3.5));
#441 = LINE('',#442,#443);
#442 = CARTESIAN_POINT('',(-2.75,2.8,-3.5));
#443 = VECTOR('',#444,1.);
#444 = DIRECTION('',(1.,0.,0.));
#445 = ORIENTED_EDGE('',*,*,#446,.F.);
#446 = EDGE_CURVE('',#32,#437,#447,.T.);
#447 = CIRCLE('',#448,0.24);
#448 = AXIS2_PLACEMENT_3D('',#449,#450,#451);
#449 = CARTESIAN_POINT('',(-2.51,2.8,-3.26));
#450 = DIRECTION('',(0.,-1.,0.));
#451 = DIRECTION('',(0.,0.,1.));
#452 = ORIENTED_EDGE('',*,*,#39,.T.);
#453 = ORIENTED_EDGE('',*,*,#209,.T.);
#454 = ORIENTED_EDGE('',*,*,#455,.F.);
#455 = EDGE_CURVE('',#456,#210,#458,.T.);
#456 = VERTEX_POINT('',#457);
#457 = CARTESIAN_POINT('',(-2.25,2.8,-3.26));
#458 = LINE('',#459,#460);
#459 = CARTESIAN_POINT('',(-2.25,2.8,-3.5));
#460 = VECTOR('',#461,1.);
#461 = DIRECTION('',(0.,0.,1.));
#462 = ORIENTED_EDGE('',*,*,#463,.T.);
#463 = EDGE_CURVE('',#456,#439,#464,.T.);
#464 = CIRCLE('',#465,0.24);
#465 = AXIS2_PLACEMENT_3D('',#466,#467,#468);
#466 = CARTESIAN_POINT('',(-2.49,2.8,-3.26));
#467 = DIRECTION('',(0.,1.,0.));
#468 = DIRECTION('',(0.,0.,1.));
#469 = PLANE('',#470);
#470 = AXIS2_PLACEMENT_3D('',#471,#472,#473);
#471 = CARTESIAN_POINT('',(-2.75,2.8,-3.5));
#472 = DIRECTION('',(0.,1.,0.));
#473 = DIRECTION('',(0.,0.,1.));
#474 = ADVANCED_FACE('',(#475),#486,.T.);
#475 = FACE_BOUND('',#476,.F.);
#476 = EDGE_LOOP('',(#477,#478,#484,#485));
#477 = ORIENTED_EDGE('',*,*,#71,.T.);
#478 = ORIENTED_EDGE('',*,*,#479,.T.);
#479 = EDGE_CURVE('',#62,#437,#480,.T.);
#480 = LINE('',#481,#482);
#481 = CARTESIAN_POINT('',(-2.51,2.6,-3.5));
#482 = VECTOR('',#483,1.);
#483 = DIRECTION('',(0.,1.,0.));
#484 = ORIENTED_EDGE('',*,*,#446,.F.);
#485 = ORIENTED_EDGE('',*,*,#31,.F.);
#486 = CYLINDRICAL_SURFACE('',#487,0.24);
#487 = AXIS2_PLACEMENT_3D('',#488,#489,#490);
#488 = CARTESIAN_POINT('',(-2.51,2.6,-3.26));
#489 = DIRECTION('',(0.,1.,0.));
#490 = DIRECTION('',(-1.,0.,0.));
#491 = ADVANCED_FACE('',(#492),#503,.F.);
#492 = FACE_BOUND('',#493,.F.);
#493 = EDGE_LOOP('',(#494,#495,#496,#497));
#494 = ORIENTED_EDGE('',*,*,#436,.F.);
#495 = ORIENTED_EDGE('',*,*,#479,.F.);
#496 = ORIENTED_EDGE('',*,*,#61,.T.);
#497 = ORIENTED_EDGE('',*,*,#498,.T.);
#498 = EDGE_CURVE('',#64,#439,#499,.T.);
#499 = LINE('',#500,#501);
#500 = CARTESIAN_POINT('',(-2.49,2.6,-3.5));
#501 = VECTOR('',#502,1.);
#502 = DIRECTION('',(0.,1.,0.));
#503 = PLANE('',#504);
#504 = AXIS2_PLACEMENT_3D('',#505,#506,#507);
#505 = CARTESIAN_POINT('',(-2.75,2.6,-3.5));
#506 = DIRECTION('',(0.,0.,1.));
#507 = DIRECTION('',(1.,0.,0.));
#508 = ADVANCED_FACE('',(#509),#520,.T.);
#509 = FACE_BOUND('',#510,.T.);
#510 = EDGE_LOOP('',(#511,#512,#513,#514));
#511 = ORIENTED_EDGE('',*,*,#95,.T.);
#512 = ORIENTED_EDGE('',*,*,#498,.T.);
#513 = ORIENTED_EDGE('',*,*,#463,.F.);
#514 = ORIENTED_EDGE('',*,*,#515,.F.);
#515 = EDGE_CURVE('',#88,#456,#516,.T.);
#516 = LINE('',#517,#518);
#517 = CARTESIAN_POINT('',(-2.25,2.6,-3.26));
#518 = VECTOR('',#519,1.);
#519 = DIRECTION('',(0.,1.,0.));
#520 = CYLINDRICAL_SURFACE('',#521,0.24);
#521 = AXIS2_PLACEMENT_3D('',#522,#523,#524);
#522 = CARTESIAN_POINT('',(-2.49,2.6,-3.26));
#523 = DIRECTION('',(0.,1.,0.));
#524 = DIRECTION('',(1.,0.,0.));
#525 = ADVANCED_FACE('',(#526),#532,.T.);
#526 = FACE_BOUND('',#527,.T.);
#527 = EDGE_LOOP('',(#528,#529,#530,#531));
#528 = ORIENTED_EDGE('',*,*,#87,.F.);
#529 = ORIENTED_EDGE('',*,*,#515,.T.);
#530 = ORIENTED_EDGE('',*,*,#455,.T.);
#531 = ORIENTED_EDGE('',*,*,#217,.T.);
#532 = PLANE('',#533);
#533 = AXIS2_PLACEMENT_3D('',#534,#535,#536);
#534 = CARTESIAN_POINT('',(-2.25,2.6,-3.5));
#535 = DIRECTION('',(1.,0.,0.));
#536 = DIRECTION('',(0.,0.,1.));
#537 = ADVANCED_FACE('',(#538),#659,.T.);
#538 = FACE_BOUND('',#539,.T.);
#539 = EDGE_LOOP('',(#540,#550,#558,#566,#574,#582,#590,#598,#606,#614,
    #622,#630,#638,#644,#645,#653));
#540 = ORIENTED_EDGE('',*,*,#541,.T.);
#541 = EDGE_CURVE('',#542,#544,#546,.T.);
#542 = VERTEX_POINT('',#543);
#543 = CARTESIAN_POINT('',(-4.25,-4.25,0.));
#544 = VERTEX_POINT('',#545);
#545 = CARTESIAN_POINT('',(-4.25,-4.25,4.2));
#546 = LINE('',#547,#548);
#547 = CARTESIAN_POINT('',(-4.25,-4.25,0.));
#548 = VECTOR('',#549,1.);
#549 = DIRECTION('',(0.,0.,1.));
#550 = ORIENTED_EDGE('',*,*,#551,.T.);
#551 = EDGE_CURVE('',#544,#552,#554,.T.);
#552 = VERTEX_POINT('',#553);
#553 = CARTESIAN_POINT('',(-4.25,-1.6,4.2));
#554 = LINE('',#555,#556);
#555 = CARTESIAN_POINT('',(-4.25,-4.25,4.2));
#556 = VECTOR('',#557,1.);
#557 = DIRECTION('',(0.,1.,0.));
#558 = ORIENTED_EDGE('',*,*,#559,.F.);
#559 = EDGE_CURVE('',#560,#552,#562,.T.);
#560 = VERTEX_POINT('',#561);
#561 = CARTESIAN_POINT('',(-4.25,-1.6,2.1));
#562 = LINE('',#563,#564);
#563 = CARTESIAN_POINT('',(-4.25,-1.6,1.9));
#564 = VECTOR('',#565,1.);
#565 = DIRECTION('',(0.,0.,1.));
#566 = ORIENTED_EDGE('',*,*,#567,.F.);
#567 = EDGE_CURVE('',#568,#560,#570,.T.);
#568 = VERTEX_POINT('',#569);
#569 = CARTESIAN_POINT('',(-4.25,-3.2,2.1));
#570 = LINE('',#571,#572);
#571 = CARTESIAN_POINT('',(-4.25,-3.2,2.1));
#572 = VECTOR('',#573,1.);
#573 = DIRECTION('',(0.,1.,0.));
#574 = ORIENTED_EDGE('',*,*,#575,.F.);
#575 = EDGE_CURVE('',#576,#568,#578,.T.);
#576 = VERTEX_POINT('',#577);
#577 = CARTESIAN_POINT('',(-4.25,-3.2,0.6));
#578 = LINE('',#579,#580);
#579 = CARTESIAN_POINT('',(-4.25,-3.2,0.6));
#580 = VECTOR('',#581,1.);
#581 = DIRECTION('',(0.,0.,1.));
#582 = ORIENTED_EDGE('',*,*,#583,.T.);
#583 = EDGE_CURVE('',#576,#584,#586,.T.);
#584 = VERTEX_POINT('',#585);
#585 = CARTESIAN_POINT('',(-4.25,3.2,0.6));
#586 = LINE('',#587,#588);
#587 = CARTESIAN_POINT('',(-4.25,-3.2,0.6));
#588 = VECTOR('',#589,1.);
#589 = DIRECTION('',(0.,1.,0.));
#590 = ORIENTED_EDGE('',*,*,#591,.T.);
#591 = EDGE_CURVE('',#584,#592,#594,.T.);
#592 = VERTEX_POINT('',#593);
#593 = CARTESIAN_POINT('',(-4.25,3.2,2.1));
#594 = LINE('',#595,#596);
#595 = CARTESIAN_POINT('',(-4.25,3.2,0.6));
#596 = VECTOR('',#597,1.);
#597 = DIRECTION('',(0.,0.,1.));
#598 = ORIENTED_EDGE('',*,*,#599,.F.);
#599 = EDGE_CURVE('',#600,#592,#602,.T.);
#600 = VERTEX_POINT('',#601);
#601 = CARTESIAN_POINT('',(-4.25,1.6,2.1));
#602 = LINE('',#603,#604);
#603 = CARTESIAN_POINT('',(-4.25,-3.2,2.1));
#604 = VECTOR('',#605,1.);
#605 = DIRECTION('',(0.,1.,0.));
#606 = ORIENTED_EDGE('',*,*,#607,.T.);
#607 = EDGE_CURVE('',#600,#608,#610,.T.);
#608 = VERTEX_POINT('',#609);
#609 = CARTESIAN_POINT('',(-4.25,1.6,4.2));
#610 = LINE('',#611,#612);
#611 = CARTESIAN_POINT('',(-4.25,1.6,1.9));
#612 = VECTOR('',#613,1.);
#613 = DIRECTION('',(0.,0.,1.));
#614 = ORIENTED_EDGE('',*,*,#615,.T.);
#615 = EDGE_CURVE('',#608,#616,#618,.T.);
#616 = VERTEX_POINT('',#617);
#617 = CARTESIAN_POINT('',(-4.25,4.25,4.2));
#618 = LINE('',#619,#620);
#619 = CARTESIAN_POINT('',(-4.25,-4.25,4.2));
#620 = VECTOR('',#621,1.);
#621 = DIRECTION('',(0.,1.,0.));
#622 = ORIENTED_EDGE('',*,*,#623,.F.);
#623 = EDGE_CURVE('',#624,#616,#626,.T.);
#624 = VERTEX_POINT('',#625);
#625 = CARTESIAN_POINT('',(-4.25,4.25,0.));
#626 = LINE('',#627,#628);
#627 = CARTESIAN_POINT('',(-4.25,4.25,0.4));
#628 = VECTOR('',#629,1.);
#629 = DIRECTION('',(0.,0.,1.));
#630 = ORIENTED_EDGE('',*,*,#631,.F.);
#631 = EDGE_CURVE('',#632,#624,#634,.T.);
#632 = VERTEX_POINT('',#633);
#633 = CARTESIAN_POINT('',(-4.25,3.75,0.));
#634 = LINE('',#635,#636);
#635 = CARTESIAN_POINT('',(-4.25,3.75,0.));
#636 = VECTOR('',#637,1.);
#637 = DIRECTION('',(0.,1.,0.));
#638 = ORIENTED_EDGE('',*,*,#639,.T.);
#639 = EDGE_CURVE('',#632,#113,#640,.T.);
#640 = LINE('',#641,#642);
#641 = CARTESIAN_POINT('',(-4.25,3.75,0.));
#642 = VECTOR('',#643,1.);
#643 = DIRECTION('',(0.,0.,1.));
#644 = ORIENTED_EDGE('',*,*,#110,.F.);
#645 = ORIENTED_EDGE('',*,*,#646,.F.);
#646 = EDGE_CURVE('',#647,#111,#649,.T.);
#647 = VERTEX_POINT('',#648);
#648 = CARTESIAN_POINT('',(-4.25,-3.75,0.));
#649 = LINE('',#650,#651);
#650 = CARTESIAN_POINT('',(-4.25,-3.75,0.));
#651 = VECTOR('',#652,1.);
#652 = DIRECTION('',(0.,0.,1.));
#653 = ORIENTED_EDGE('',*,*,#654,.F.);
#654 = EDGE_CURVE('',#542,#647,#655,.T.);
#655 = LINE('',#656,#657);
#656 = CARTESIAN_POINT('',(-4.25,-4.25,0.));
#657 = VECTOR('',#658,1.);
#658 = DIRECTION('',(0.,1.,0.));
#659 = PLANE('',#660);
#660 = AXIS2_PLACEMENT_3D('',#661,#662,#663);
#661 = CARTESIAN_POINT('',(-4.25,-1.694996984161E-16,2.156488549618));
#662 = DIRECTION('',(-1.,3.826908480654E-33,1.192704215453E-31));
#663 = DIRECTION('',(-1.192704215453E-31,0.,-1.));
#664 = ADVANCED_FACE('',(#665),#683,.T.);
#665 = FACE_BOUND('',#666,.T.);
#666 = EDGE_LOOP('',(#667,#675,#676,#677));
#667 = ORIENTED_EDGE('',*,*,#668,.F.);
#668 = EDGE_CURVE('',#647,#669,#671,.T.);
#669 = VERTEX_POINT('',#670);
#670 = CARTESIAN_POINT('',(-3.75,-3.75,0.));
#671 = LINE('',#672,#673);
#672 = CARTESIAN_POINT('',(-4.25,-3.75,0.));
#673 = VECTOR('',#674,1.);
#674 = DIRECTION('',(1.,0.,0.));
#675 = ORIENTED_EDGE('',*,*,#646,.T.);
#676 = ORIENTED_EDGE('',*,*,#120,.T.);
#677 = ORIENTED_EDGE('',*,*,#678,.F.);
#678 = EDGE_CURVE('',#669,#121,#679,.T.);
#679 = LINE('',#680,#681);
#680 = CARTESIAN_POINT('',(-3.75,-3.75,0.));
#681 = VECTOR('',#682,1.);
#682 = DIRECTION('',(0.,0.,1.));
#683 = PLANE('',#684);
#684 = AXIS2_PLACEMENT_3D('',#685,#686,#687);
#685 = CARTESIAN_POINT('',(-4.25,-3.75,0.));
#686 = DIRECTION('',(0.,1.,0.));
#687 = DIRECTION('',(0.,0.,1.));
#688 = ADVANCED_FACE('',(#689),#707,.F.);
#689 = FACE_BOUND('',#690,.F.);
#690 = EDGE_LOOP('',(#691,#699,#700,#701));
#691 = ORIENTED_EDGE('',*,*,#692,.F.);
#692 = EDGE_CURVE('',#632,#693,#695,.T.);
#693 = VERTEX_POINT('',#694);
#694 = CARTESIAN_POINT('',(-3.75,3.75,0.));
#695 = LINE('',#696,#697);
#696 = CARTESIAN_POINT('',(-4.25,3.75,0.));
#697 = VECTOR('',#698,1.);
#698 = DIRECTION('',(1.,0.,0.));
#699 = ORIENTED_EDGE('',*,*,#639,.T.);
#700 = ORIENTED_EDGE('',*,*,#200,.T.);
#701 = ORIENTED_EDGE('',*,*,#702,.F.);
#702 = EDGE_CURVE('',#693,#193,#703,.T.);
#703 = LINE('',#704,#705);
#704 = CARTESIAN_POINT('',(-3.75,3.75,0.));
#705 = VECTOR('',#706,1.);
#706 = DIRECTION('',(0.,0.,1.));
#707 = PLANE('',#708);
#708 = AXIS2_PLACEMENT_3D('',#709,#710,#711);
#709 = CARTESIAN_POINT('',(-4.25,3.75,0.));
#710 = DIRECTION('',(0.,1.,0.));
#711 = DIRECTION('',(0.,0.,1.));
#712 = ADVANCED_FACE('',(#713),#731,.T.);
#713 = FACE_BOUND('',#714,.T.);
#714 = EDGE_LOOP('',(#715,#723,#729,#730));
#715 = ORIENTED_EDGE('',*,*,#716,.F.);
#716 = EDGE_CURVE('',#717,#129,#719,.T.);
#717 = VERTEX_POINT('',#718);
#718 = CARTESIAN_POINT('',(-3.75,-4.25,0.));
#719 = LINE('',#720,#721);
#720 = CARTESIAN_POINT('',(-3.75,-4.25,0.));
#721 = VECTOR('',#722,1.);
#722 = DIRECTION('',(0.,0.,1.));
#723 = ORIENTED_EDGE('',*,*,#724,.T.);
#724 = EDGE_CURVE('',#717,#669,#725,.T.);
#725 = LINE('',#726,#727);
#726 = CARTESIAN_POINT('',(-3.75,-4.25,0.));
#727 = VECTOR('',#728,1.);
#728 = DIRECTION('',(0.,1.,0.));
#729 = ORIENTED_EDGE('',*,*,#678,.T.);
#730 = ORIENTED_EDGE('',*,*,#128,.F.);
#731 = PLANE('',#732);
#732 = AXIS2_PLACEMENT_3D('',#733,#734,#735);
#733 = CARTESIAN_POINT('',(-3.75,-4.25,0.));
#734 = DIRECTION('',(1.,0.,0.));
#735 = DIRECTION('',(0.,0.,1.));
#736 = ADVANCED_FACE('',(#737),#755,.T.);
#737 = FACE_BOUND('',#738,.T.);
#738 = EDGE_LOOP('',(#739,#740,#748,#754));
#739 = ORIENTED_EDGE('',*,*,#702,.F.);
#740 = ORIENTED_EDGE('',*,*,#741,.T.);
#741 = EDGE_CURVE('',#693,#742,#744,.T.);
#742 = VERTEX_POINT('',#743);
#743 = CARTESIAN_POINT('',(-3.75,4.25,0.));
#744 = LINE('',#745,#746);
#745 = CARTESIAN_POINT('',(-3.75,3.75,0.));
#746 = VECTOR('',#747,1.);
#747 = DIRECTION('',(0.,1.,0.));
#748 = ORIENTED_EDGE('',*,*,#749,.T.);
#749 = EDGE_CURVE('',#742,#185,#750,.T.);
#750 = LINE('',#751,#752);
#751 = CARTESIAN_POINT('',(-3.75,4.25,0.));
#752 = VECTOR('',#753,1.);
#753 = DIRECTION('',(0.,0.,1.));
#754 = ORIENTED_EDGE('',*,*,#192,.F.);
#755 = PLANE('',#756);
#756 = AXIS2_PLACEMENT_3D('',#757,#758,#759);
#757 = CARTESIAN_POINT('',(-3.75,3.75,0.));
#758 = DIRECTION('',(1.,0.,0.));
#759 = DIRECTION('',(0.,0.,1.));
#760 = ADVANCED_FACE('',(#761),#802,.T.);
#761 = FACE_BOUND('',#762,.T.);
#762 = EDGE_LOOP('',(#763,#764,#772,#780,#788,#794,#795,#801));
#763 = ORIENTED_EDGE('',*,*,#136,.T.);
#764 = ORIENTED_EDGE('',*,*,#765,.F.);
#765 = EDGE_CURVE('',#766,#137,#768,.T.);
#766 = VERTEX_POINT('',#767);
#767 = CARTESIAN_POINT('',(3.75,-4.25,0.));
#768 = LINE('',#769,#770);
#769 = CARTESIAN_POINT('',(3.75,-4.25,0.));
#770 = VECTOR('',#771,1.);
#771 = DIRECTION('',(0.,0.,1.));
#772 = ORIENTED_EDGE('',*,*,#773,.T.);
#773 = EDGE_CURVE('',#766,#774,#776,.T.);
#774 = VERTEX_POINT('',#775);
#775 = CARTESIAN_POINT('',(4.25,-4.25,0.));
#776 = LINE('',#777,#778);
#777 = CARTESIAN_POINT('',(3.75,-4.25,0.));
#778 = VECTOR('',#779,1.);
#779 = DIRECTION('',(1.,0.,0.));
#780 = ORIENTED_EDGE('',*,*,#781,.T.);
#781 = EDGE_CURVE('',#774,#782,#784,.T.);
#782 = VERTEX_POINT('',#783);
#783 = CARTESIAN_POINT('',(4.25,-4.25,4.2));
#784 = LINE('',#785,#786);
#785 = CARTESIAN_POINT('',(4.25,-4.25,0.));
#786 = VECTOR('',#787,1.);
#787 = DIRECTION('',(0.,0.,1.));
#788 = ORIENTED_EDGE('',*,*,#789,.F.);
#789 = EDGE_CURVE('',#544,#782,#790,.T.);
#790 = LINE('',#791,#792);
#791 = CARTESIAN_POINT('',(-4.25,-4.25,4.2));
#792 = VECTOR('',#793,1.);
#793 = DIRECTION('',(1.,0.,0.));
#794 = ORIENTED_EDGE('',*,*,#541,.F.);
#795 = ORIENTED_EDGE('',*,*,#796,.T.);
#796 = EDGE_CURVE('',#542,#717,#797,.T.);
#797 = LINE('',#798,#799);
#798 = CARTESIAN_POINT('',(-4.25,-4.25,0.));
#799 = VECTOR('',#800,1.);
#800 = DIRECTION('',(1.,0.,0.));
#801 = ORIENTED_EDGE('',*,*,#716,.T.);
#802 = PLANE('',#803);
#803 = AXIS2_PLACEMENT_3D('',#804,#805,#806);
#804 = CARTESIAN_POINT('',(-1.694996984161E-17,-4.25,2.156488549618));
#805 = DIRECTION('',(-3.826908480654E-33,-1.,-1.106354588995E-31));
#806 = DIRECTION('',(0.,1.106354588995E-31,-1.));
#807 = ADVANCED_FACE('',(#808),#849,.T.);
#808 = FACE_BOUND('',#809,.T.);
#809 = EDGE_LOOP('',(#810,#811,#812,#818,#819,#827,#835,#843));
#810 = ORIENTED_EDGE('',*,*,#184,.F.);
#811 = ORIENTED_EDGE('',*,*,#749,.F.);
#812 = ORIENTED_EDGE('',*,*,#813,.F.);
#813 = EDGE_CURVE('',#624,#742,#814,.T.);
#814 = LINE('',#815,#816);
#815 = CARTESIAN_POINT('',(-4.25,4.25,0.));
#816 = VECTOR('',#817,1.);
#817 = DIRECTION('',(1.,0.,0.));
#818 = ORIENTED_EDGE('',*,*,#623,.T.);
#819 = ORIENTED_EDGE('',*,*,#820,.T.);
#820 = EDGE_CURVE('',#616,#821,#823,.T.);
#821 = VERTEX_POINT('',#822);
#822 = CARTESIAN_POINT('',(4.25,4.25,4.2));
#823 = LINE('',#824,#825);
#824 = CARTESIAN_POINT('',(-4.25,4.25,4.2));
#825 = VECTOR('',#826,1.);
#826 = DIRECTION('',(1.,0.,0.));
#827 = ORIENTED_EDGE('',*,*,#828,.F.);
#828 = EDGE_CURVE('',#829,#821,#831,.T.);
#829 = VERTEX_POINT('',#830);
#830 = CARTESIAN_POINT('',(4.25,4.25,0.));
#831 = LINE('',#832,#833);
#832 = CARTESIAN_POINT('',(4.25,4.25,0.4));
#833 = VECTOR('',#834,1.);
#834 = DIRECTION('',(0.,0.,1.));
#835 = ORIENTED_EDGE('',*,*,#836,.F.);
#836 = EDGE_CURVE('',#837,#829,#839,.T.);
#837 = VERTEX_POINT('',#838);
#838 = CARTESIAN_POINT('',(3.75,4.25,0.));
#839 = LINE('',#840,#841);
#840 = CARTESIAN_POINT('',(3.75,4.25,0.));
#841 = VECTOR('',#842,1.);
#842 = DIRECTION('',(1.,0.,0.));
#843 = ORIENTED_EDGE('',*,*,#844,.T.);
#844 = EDGE_CURVE('',#837,#177,#845,.T.);
#845 = LINE('',#846,#847);
#846 = CARTESIAN_POINT('',(3.75,4.25,0.));
#847 = VECTOR('',#848,1.);
#848 = DIRECTION('',(0.,0.,1.));
#849 = PLANE('',#850);
#850 = AXIS2_PLACEMENT_3D('',#851,#852,#853);
#851 = CARTESIAN_POINT('',(1.694996984161E-17,4.25,2.156488549618));
#852 = DIRECTION('',(3.826908480654E-33,1.,-1.106354588995E-31));
#853 = DIRECTION('',(0.,1.106354588995E-31,1.));
#854 = ADVANCED_FACE('',(#855),#873,.F.);
#855 = FACE_BOUND('',#856,.F.);
#856 = EDGE_LOOP('',(#857,#858,#866,#872));
#857 = ORIENTED_EDGE('',*,*,#765,.F.);
#858 = ORIENTED_EDGE('',*,*,#859,.T.);
#859 = EDGE_CURVE('',#766,#860,#862,.T.);
#860 = VERTEX_POINT('',#861);
#861 = CARTESIAN_POINT('',(3.75,-3.75,0.));
#862 = LINE('',#863,#864);
#863 = CARTESIAN_POINT('',(3.75,-4.25,0.));
#864 = VECTOR('',#865,1.);
#865 = DIRECTION('',(0.,1.,0.));
#866 = ORIENTED_EDGE('',*,*,#867,.T.);
#867 = EDGE_CURVE('',#860,#145,#868,.T.);
#868 = LINE('',#869,#870);
#869 = CARTESIAN_POINT('',(3.75,-3.75,0.));
#870 = VECTOR('',#871,1.);
#871 = DIRECTION('',(0.,0.,1.));
#872 = ORIENTED_EDGE('',*,*,#144,.F.);
#873 = PLANE('',#874);
#874 = AXIS2_PLACEMENT_3D('',#875,#876,#877);
#875 = CARTESIAN_POINT('',(3.75,-4.25,0.));
#876 = DIRECTION('',(1.,0.,0.));
#877 = DIRECTION('',(0.,0.,1.));
#878 = ADVANCED_FACE('',(#879),#897,.F.);
#879 = FACE_BOUND('',#880,.F.);
#880 = EDGE_LOOP('',(#881,#889,#895,#896));
#881 = ORIENTED_EDGE('',*,*,#882,.F.);
#882 = EDGE_CURVE('',#883,#169,#885,.T.);
#883 = VERTEX_POINT('',#884);
#884 = CARTESIAN_POINT('',(3.75,3.75,0.));
#885 = LINE('',#886,#887);
#886 = CARTESIAN_POINT('',(3.75,3.75,0.));
#887 = VECTOR('',#888,1.);
#888 = DIRECTION('',(0.,0.,1.));
#889 = ORIENTED_EDGE('',*,*,#890,.T.);
#890 = EDGE_CURVE('',#883,#837,#891,.T.);
#891 = LINE('',#892,#893);
#892 = CARTESIAN_POINT('',(3.75,3.75,0.));
#893 = VECTOR('',#894,1.);
#894 = DIRECTION('',(0.,1.,0.));
#895 = ORIENTED_EDGE('',*,*,#844,.T.);
#896 = ORIENTED_EDGE('',*,*,#176,.F.);
#897 = PLANE('',#898);
#898 = AXIS2_PLACEMENT_3D('',#899,#900,#901);
#899 = CARTESIAN_POINT('',(3.75,3.75,0.));
#900 = DIRECTION('',(1.,0.,0.));
#901 = DIRECTION('',(0.,0.,1.));
#902 = ADVANCED_FACE('',(#903),#921,.T.);
#903 = FACE_BOUND('',#904,.T.);
#904 = EDGE_LOOP('',(#905,#913,#914,#915));
#905 = ORIENTED_EDGE('',*,*,#906,.F.);
#906 = EDGE_CURVE('',#860,#907,#909,.T.);
#907 = VERTEX_POINT('',#908);
#908 = CARTESIAN_POINT('',(4.25,-3.75,0.));
#909 = LINE('',#910,#911);
#910 = CARTESIAN_POINT('',(3.75,-3.75,0.));
#911 = VECTOR('',#912,1.);
#912 = DIRECTION('',(1.,0.,0.));
#913 = ORIENTED_EDGE('',*,*,#867,.T.);
#914 = ORIENTED_EDGE('',*,*,#152,.T.);
#915 = ORIENTED_EDGE('',*,*,#916,.F.);
#916 = EDGE_CURVE('',#907,#153,#917,.T.);
#917 = LINE('',#918,#919);
#918 = CARTESIAN_POINT('',(4.25,-3.75,0.));
#919 = VECTOR('',#920,1.);
#920 = DIRECTION('',(0.,0.,1.));
#921 = PLANE('',#922);
#922 = AXIS2_PLACEMENT_3D('',#923,#924,#925);
#923 = CARTESIAN_POINT('',(3.75,-3.75,0.));
#924 = DIRECTION('',(0.,1.,0.));
#925 = DIRECTION('',(0.,0.,1.));
#926 = ADVANCED_FACE('',(#927),#945,.F.);
#927 = FACE_BOUND('',#928,.F.);
#928 = EDGE_LOOP('',(#929,#937,#938,#939));
#929 = ORIENTED_EDGE('',*,*,#930,.F.);
#930 = EDGE_CURVE('',#883,#931,#933,.T.);
#931 = VERTEX_POINT('',#932);
#932 = CARTESIAN_POINT('',(4.25,3.75,0.));
#933 = LINE('',#934,#935);
#934 = CARTESIAN_POINT('',(3.75,3.75,0.));
#935 = VECTOR('',#936,1.);
#936 = DIRECTION('',(1.,0.,0.));
#937 = ORIENTED_EDGE('',*,*,#882,.T.);
#938 = ORIENTED_EDGE('',*,*,#168,.T.);
#939 = ORIENTED_EDGE('',*,*,#940,.F.);
#940 = EDGE_CURVE('',#931,#161,#941,.T.);
#941 = LINE('',#942,#943);
#942 = CARTESIAN_POINT('',(4.25,3.75,0.));
#943 = VECTOR('',#944,1.);
#944 = DIRECTION('',(0.,0.,1.));
#945 = PLANE('',#946);
#946 = AXIS2_PLACEMENT_3D('',#947,#948,#949);
#947 = CARTESIAN_POINT('',(3.75,3.75,0.));
#948 = DIRECTION('',(0.,1.,0.));
#949 = DIRECTION('',(0.,0.,1.));
#950 = ADVANCED_FACE('',(#951),#1040,.T.);
#951 = FACE_BOUND('',#952,.T.);
#952 = EDGE_LOOP('',(#953,#954,#960,#961,#962,#963,#969,#970,#978,#986,
    #994,#1002,#1010,#1018,#1026,#1034));
#953 = ORIENTED_EDGE('',*,*,#781,.F.);
#954 = ORIENTED_EDGE('',*,*,#955,.T.);
#955 = EDGE_CURVE('',#774,#907,#956,.T.);
#956 = LINE('',#957,#958);
#957 = CARTESIAN_POINT('',(4.25,-4.25,0.));
#958 = VECTOR('',#959,1.);
#959 = DIRECTION('',(0.,1.,0.));
#960 = ORIENTED_EDGE('',*,*,#916,.T.);
#961 = ORIENTED_EDGE('',*,*,#160,.T.);
#962 = ORIENTED_EDGE('',*,*,#940,.F.);
#963 = ORIENTED_EDGE('',*,*,#964,.T.);
#964 = EDGE_CURVE('',#931,#829,#965,.T.);
#965 = LINE('',#966,#967);
#966 = CARTESIAN_POINT('',(4.25,3.75,0.));
#967 = VECTOR('',#968,1.);
#968 = DIRECTION('',(0.,1.,0.));
#969 = ORIENTED_EDGE('',*,*,#828,.T.);
#970 = ORIENTED_EDGE('',*,*,#971,.F.);
#971 = EDGE_CURVE('',#972,#821,#974,.T.);
#972 = VERTEX_POINT('',#973);
#973 = CARTESIAN_POINT('',(4.25,1.6,4.2));
#974 = LINE('',#975,#976);
#975 = CARTESIAN_POINT('',(4.25,-4.25,4.2));
#976 = VECTOR('',#977,1.);
#977 = DIRECTION('',(0.,1.,0.));
#978 = ORIENTED_EDGE('',*,*,#979,.F.);
#979 = EDGE_CURVE('',#980,#972,#982,.T.);
#980 = VERTEX_POINT('',#981);
#981 = CARTESIAN_POINT('',(4.25,1.6,2.1));
#982 = LINE('',#983,#984);
#983 = CARTESIAN_POINT('',(4.25,1.6,1.9));
#984 = VECTOR('',#985,1.);
#985 = DIRECTION('',(0.,0.,1.));
#986 = ORIENTED_EDGE('',*,*,#987,.T.);
#987 = EDGE_CURVE('',#980,#988,#990,.T.);
#988 = VERTEX_POINT('',#989);
#989 = CARTESIAN_POINT('',(4.25,3.2,2.1));
#990 = LINE('',#991,#992);
#991 = CARTESIAN_POINT('',(4.25,-3.2,2.1));
#992 = VECTOR('',#993,1.);
#993 = DIRECTION('',(0.,1.,0.));
#994 = ORIENTED_EDGE('',*,*,#995,.F.);
#995 = EDGE_CURVE('',#996,#988,#998,.T.);
#996 = VERTEX_POINT('',#997);
#997 = CARTESIAN_POINT('',(4.25,3.2,0.6));
#998 = LINE('',#999,#1000);
#999 = CARTESIAN_POINT('',(4.25,3.2,0.6));
#1000 = VECTOR('',#1001,1.);
#1001 = DIRECTION('',(0.,0.,1.));
#1002 = ORIENTED_EDGE('',*,*,#1003,.F.);
#1003 = EDGE_CURVE('',#1004,#996,#1006,.T.);
#1004 = VERTEX_POINT('',#1005);
#1005 = CARTESIAN_POINT('',(4.25,-3.2,0.6));
#1006 = LINE('',#1007,#1008);
#1007 = CARTESIAN_POINT('',(4.25,-3.2,0.6));
#1008 = VECTOR('',#1009,1.);
#1009 = DIRECTION('',(0.,1.,0.));
#1010 = ORIENTED_EDGE('',*,*,#1011,.T.);
#1011 = EDGE_CURVE('',#1004,#1012,#1014,.T.);
#1012 = VERTEX_POINT('',#1013);
#1013 = CARTESIAN_POINT('',(4.25,-3.2,2.1));
#1014 = LINE('',#1015,#1016);
#1015 = CARTESIAN_POINT('',(4.25,-3.2,0.6));
#1016 = VECTOR('',#1017,1.);
#1017 = DIRECTION('',(0.,0.,1.));
#1018 = ORIENTED_EDGE('',*,*,#1019,.T.);
#1019 = EDGE_CURVE('',#1012,#1020,#1022,.T.);
#1020 = VERTEX_POINT('',#1021);
#1021 = CARTESIAN_POINT('',(4.25,-1.6,2.1));
#1022 = LINE('',#1023,#1024);
#1023 = CARTESIAN_POINT('',(4.25,-3.2,2.1));
#1024 = VECTOR('',#1025,1.);
#1025 = DIRECTION('',(0.,1.,0.));
#1026 = ORIENTED_EDGE('',*,*,#1027,.T.);
#1027 = EDGE_CURVE('',#1020,#1028,#1030,.T.);
#1028 = VERTEX_POINT('',#1029);
#1029 = CARTESIAN_POINT('',(4.25,-1.6,4.2));
#1030 = LINE('',#1031,#1032);
#1031 = CARTESIAN_POINT('',(4.25,-1.6,1.9));
#1032 = VECTOR('',#1033,1.);
#1033 = DIRECTION('',(0.,0.,1.));
#1034 = ORIENTED_EDGE('',*,*,#1035,.F.);
#1035 = EDGE_CURVE('',#782,#1028,#1036,.T.);
#1036 = LINE('',#1037,#1038);
#1037 = CARTESIAN_POINT('',(4.25,-4.25,4.2));
#1038 = VECTOR('',#1039,1.);
#1039 = DIRECTION('',(0.,1.,0.));
#1040 = PLANE('',#1041);
#1041 = AXIS2_PLACEMENT_3D('',#1042,#1043,#1044);
#1042 = CARTESIAN_POINT('',(4.25,-1.355997587328E-16,2.156488549618));
#1043 = DIRECTION('',(1.,1.530763392262E-32,-1.036195517498E-31));
#1044 = DIRECTION('',(1.036195517498E-31,0.,1.));
#1045 = ADVANCED_FACE('',(#1046),#1071,.F.);
#1046 = FACE_BOUND('',#1047,.F.);
#1047 = EDGE_LOOP('',(#1048,#1056,#1064,#1070));
#1048 = ORIENTED_EDGE('',*,*,#1049,.F.);
#1049 = EDGE_CURVE('',#1050,#229,#1052,.T.);
#1050 = VERTEX_POINT('',#1051);
#1051 = CARTESIAN_POINT('',(-0.25,2.6,-3.26));
#1052 = LINE('',#1053,#1054);
#1053 = CARTESIAN_POINT('',(-0.25,2.6,-3.5));
#1054 = VECTOR('',#1055,1.);
#1055 = DIRECTION('',(0.,0.,1.));
#1056 = ORIENTED_EDGE('',*,*,#1057,.T.);
#1057 = EDGE_CURVE('',#1050,#1058,#1060,.T.);
#1058 = VERTEX_POINT('',#1059);
#1059 = CARTESIAN_POINT('',(-0.25,2.8,-3.26));
#1060 = LINE('',#1061,#1062);
#1061 = CARTESIAN_POINT('',(-0.25,2.6,-3.26));
#1062 = VECTOR('',#1063,1.);
#1063 = DIRECTION('',(0.,1.,0.));
#1064 = ORIENTED_EDGE('',*,*,#1065,.T.);
#1065 = EDGE_CURVE('',#1058,#227,#1066,.T.);
#1066 = LINE('',#1067,#1068);
#1067 = CARTESIAN_POINT('',(-0.25,2.8,-3.5));
#1068 = VECTOR('',#1069,1.);
#1069 = DIRECTION('',(0.,0.,1.));
#1070 = ORIENTED_EDGE('',*,*,#226,.T.);
#1071 = PLANE('',#1072);
#1072 = AXIS2_PLACEMENT_3D('',#1073,#1074,#1075);
#1073 = CARTESIAN_POINT('',(-0.25,2.6,-3.5));
#1074 = DIRECTION('',(1.,0.,0.));
#1075 = DIRECTION('',(0.,0.,1.));
#1076 = ADVANCED_FACE('',(#1077),#1113,.F.);
#1077 = FACE_BOUND('',#1078,.F.);
#1078 = EDGE_LOOP('',(#1079,#1089,#1096,#1097,#1098,#1106));
#1079 = ORIENTED_EDGE('',*,*,#1080,.F.);
#1080 = EDGE_CURVE('',#1081,#1083,#1085,.T.);
#1081 = VERTEX_POINT('',#1082);
#1082 = CARTESIAN_POINT('',(-1.E-02,2.6,-3.5));
#1083 = VERTEX_POINT('',#1084);
#1084 = CARTESIAN_POINT('',(1.E-02,2.6,-3.5));
#1085 = LINE('',#1086,#1087);
#1086 = CARTESIAN_POINT('',(-0.25,2.6,-3.5));
#1087 = VECTOR('',#1088,1.);
#1088 = DIRECTION('',(1.,0.,0.));
#1089 = ORIENTED_EDGE('',*,*,#1090,.F.);
#1090 = EDGE_CURVE('',#1050,#1081,#1091,.T.);
#1091 = CIRCLE('',#1092,0.24);
#1092 = AXIS2_PLACEMENT_3D('',#1093,#1094,#1095);
#1093 = CARTESIAN_POINT('',(-1.E-02,2.6,-3.26));
#1094 = DIRECTION('',(0.,-1.,0.));
#1095 = DIRECTION('',(0.,0.,1.));
#1096 = ORIENTED_EDGE('',*,*,#1049,.T.);
#1097 = ORIENTED_EDGE('',*,*,#252,.T.);
#1098 = ORIENTED_EDGE('',*,*,#1099,.F.);
#1099 = EDGE_CURVE('',#1100,#245,#1102,.T.);
#1100 = VERTEX_POINT('',#1101);
#1101 = CARTESIAN_POINT('',(0.25,2.6,-3.26));
#1102 = LINE('',#1103,#1104);
#1103 = CARTESIAN_POINT('',(0.25,2.6,-3.5));
#1104 = VECTOR('',#1105,1.);
#1105 = DIRECTION('',(0.,0.,1.));
#1106 = ORIENTED_EDGE('',*,*,#1107,.T.);
#1107 = EDGE_CURVE('',#1100,#1083,#1108,.T.);
#1108 = CIRCLE('',#1109,0.24);
#1109 = AXIS2_PLACEMENT_3D('',#1110,#1111,#1112);
#1110 = CARTESIAN_POINT('',(1.E-02,2.6,-3.26));
#1111 = DIRECTION('',(0.,1.,0.));
#1112 = DIRECTION('',(0.,0.,1.));
#1113 = PLANE('',#1114);
#1114 = AXIS2_PLACEMENT_3D('',#1115,#1116,#1117);
#1115 = CARTESIAN_POINT('',(-0.25,2.6,-3.5));
#1116 = DIRECTION('',(0.,1.,0.));
#1117 = DIRECTION('',(0.,0.,1.));
#1118 = ADVANCED_FACE('',(#1119),#1137,.T.);
#1119 = FACE_BOUND('',#1120,.T.);
#1120 = EDGE_LOOP('',(#1121,#1122,#1130,#1136));
#1121 = ORIENTED_EDGE('',*,*,#1099,.F.);
#1122 = ORIENTED_EDGE('',*,*,#1123,.T.);
#1123 = EDGE_CURVE('',#1100,#1124,#1126,.T.);
#1124 = VERTEX_POINT('',#1125);
#1125 = CARTESIAN_POINT('',(0.25,2.8,-3.26));
#1126 = LINE('',#1127,#1128);
#1127 = CARTESIAN_POINT('',(0.25,2.6,-3.26));
#1128 = VECTOR('',#1129,1.);
#1129 = DIRECTION('',(0.,1.,0.));
#1130 = ORIENTED_EDGE('',*,*,#1131,.T.);
#1131 = EDGE_CURVE('',#1124,#237,#1132,.T.);
#1132 = LINE('',#1133,#1134);
#1133 = CARTESIAN_POINT('',(0.25,2.8,-3.5));
#1134 = VECTOR('',#1135,1.);
#1135 = DIRECTION('',(0.,0.,1.));
#1136 = ORIENTED_EDGE('',*,*,#244,.T.);
#1137 = PLANE('',#1138);
#1138 = AXIS2_PLACEMENT_3D('',#1139,#1140,#1141);
#1139 = CARTESIAN_POINT('',(0.25,2.6,-3.5));
#1140 = DIRECTION('',(1.,0.,0.));
#1141 = DIRECTION('',(0.,0.,1.));
#1142 = ADVANCED_FACE('',(#1143),#1172,.T.);
#1143 = FACE_BOUND('',#1144,.T.);
#1144 = EDGE_LOOP('',(#1145,#1155,#1162,#1163,#1164,#1165));
#1145 = ORIENTED_EDGE('',*,*,#1146,.F.);
#1146 = EDGE_CURVE('',#1147,#1149,#1151,.T.);
#1147 = VERTEX_POINT('',#1148);
#1148 = CARTESIAN_POINT('',(-1.E-02,2.8,-3.5));
#1149 = VERTEX_POINT('',#1150);
#1150 = CARTESIAN_POINT('',(1.E-02,2.8,-3.5));
#1151 = LINE('',#1152,#1153);
#1152 = CARTESIAN_POINT('',(-0.25,2.8,-3.5));
#1153 = VECTOR('',#1154,1.);
#1154 = DIRECTION('',(1.,0.,0.));
#1155 = ORIENTED_EDGE('',*,*,#1156,.F.);
#1156 = EDGE_CURVE('',#1058,#1147,#1157,.T.);
#1157 = CIRCLE('',#1158,0.24);
#1158 = AXIS2_PLACEMENT_3D('',#1159,#1160,#1161);
#1159 = CARTESIAN_POINT('',(-1.E-02,2.8,-3.26));
#1160 = DIRECTION('',(0.,-1.,0.));
#1161 = DIRECTION('',(0.,0.,1.));
#1162 = ORIENTED_EDGE('',*,*,#1065,.T.);
#1163 = ORIENTED_EDGE('',*,*,#236,.T.);
#1164 = ORIENTED_EDGE('',*,*,#1131,.F.);
#1165 = ORIENTED_EDGE('',*,*,#1166,.T.);
#1166 = EDGE_CURVE('',#1124,#1149,#1167,.T.);
#1167 = CIRCLE('',#1168,0.24);
#1168 = AXIS2_PLACEMENT_3D('',#1169,#1170,#1171);
#1169 = CARTESIAN_POINT('',(1.E-02,2.8,-3.26));
#1170 = DIRECTION('',(0.,1.,0.));
#1171 = DIRECTION('',(0.,0.,1.));
#1172 = PLANE('',#1173);
#1173 = AXIS2_PLACEMENT_3D('',#1174,#1175,#1176);
#1174 = CARTESIAN_POINT('',(-0.25,2.8,-3.5));
#1175 = DIRECTION('',(0.,1.,0.));
#1176 = DIRECTION('',(0.,0.,1.));
#1177 = ADVANCED_FACE('',(#1178),#1203,.T.);
#1178 = FACE_BOUND('',#1179,.T.);
#1179 = EDGE_LOOP('',(#1180,#1188,#1189,#1197));
#1180 = ORIENTED_EDGE('',*,*,#1181,.F.);
#1181 = EDGE_CURVE('',#261,#1182,#1184,.T.);
#1182 = VERTEX_POINT('',#1183);
#1183 = CARTESIAN_POINT('',(0.4,-0.8,2.4));
#1184 = LINE('',#1185,#1186);
#1185 = CARTESIAN_POINT('',(0.4,-0.8,0.4));
#1186 = VECTOR('',#1187,1.);
#1187 = DIRECTION('',(0.,0.,1.));
#1188 = ORIENTED_EDGE('',*,*,#260,.T.);
#1189 = ORIENTED_EDGE('',*,*,#1190,.T.);
#1190 = EDGE_CURVE('',#263,#1191,#1193,.T.);
#1191 = VERTEX_POINT('',#1192);
#1192 = CARTESIAN_POINT('',(0.4,0.8,2.4));
#1193 = LINE('',#1194,#1195);
#1194 = CARTESIAN_POINT('',(0.4,0.8,0.4));
#1195 = VECTOR('',#1196,1.);
#1196 = DIRECTION('',(0.,0.,1.));
#1197 = ORIENTED_EDGE('',*,*,#1198,.F.);
#1198 = EDGE_CURVE('',#1182,#1191,#1199,.T.);
#1199 = LINE('',#1200,#1201);
#1200 = CARTESIAN_POINT('',(0.4,-0.8,2.4));
#1201 = VECTOR('',#1202,1.);
#1202 = DIRECTION('',(0.,1.,0.));
#1203 = PLANE('',#1204);
#1204 = AXIS2_PLACEMENT_3D('',#1205,#1206,#1207);
#1205 = CARTESIAN_POINT('',(0.4,-0.8,0.4));
#1206 = DIRECTION('',(1.,0.,0.));
#1207 = DIRECTION('',(0.,0.,1.));
#1208 = ADVANCED_FACE('',(#1209),#1227,.F.);
#1209 = FACE_BOUND('',#1210,.F.);
#1210 = EDGE_LOOP('',(#1211,#1212,#1213,#1221));
#1211 = ORIENTED_EDGE('',*,*,#270,.F.);
#1212 = ORIENTED_EDGE('',*,*,#1190,.T.);
#1213 = ORIENTED_EDGE('',*,*,#1214,.T.);
#1214 = EDGE_CURVE('',#1191,#1215,#1217,.T.);
#1215 = VERTEX_POINT('',#1216);
#1216 = CARTESIAN_POINT('',(2.1,0.8,2.4));
#1217 = LINE('',#1218,#1219);
#1218 = CARTESIAN_POINT('',(0.4,0.8,2.4));
#1219 = VECTOR('',#1220,1.);
#1220 = DIRECTION('',(1.,0.,0.));
#1221 = ORIENTED_EDGE('',*,*,#1222,.F.);
#1222 = EDGE_CURVE('',#271,#1215,#1223,.T.);
#1223 = LINE('',#1224,#1225);
#1224 = CARTESIAN_POINT('',(2.1,0.8,0.4));
#1225 = VECTOR('',#1226,1.);
#1226 = DIRECTION('',(0.,0.,1.));
#1227 = PLANE('',#1228);
#1228 = AXIS2_PLACEMENT_3D('',#1229,#1230,#1231);
#1229 = CARTESIAN_POINT('',(0.4,0.8,0.4));
#1230 = DIRECTION('',(0.,1.,0.));
#1231 = DIRECTION('',(0.,0.,1.));
#1232 = ADVANCED_FACE('',(#1233),#1251,.T.);
#1233 = FACE_BOUND('',#1234,.T.);
#1234 = EDGE_LOOP('',(#1235,#1236,#1237,#1245));
#1235 = ORIENTED_EDGE('',*,*,#286,.F.);
#1236 = ORIENTED_EDGE('',*,*,#1181,.T.);
#1237 = ORIENTED_EDGE('',*,*,#1238,.T.);
#1238 = EDGE_CURVE('',#1182,#1239,#1241,.T.);
#1239 = VERTEX_POINT('',#1240);
#1240 = CARTESIAN_POINT('',(2.1,-0.8,2.4));
#1241 = LINE('',#1242,#1243);
#1242 = CARTESIAN_POINT('',(0.4,-0.8,2.4));
#1243 = VECTOR('',#1244,1.);
#1244 = DIRECTION('',(1.,0.,0.));
#1245 = ORIENTED_EDGE('',*,*,#1246,.F.);
#1246 = EDGE_CURVE('',#279,#1239,#1247,.T.);
#1247 = LINE('',#1248,#1249);
#1248 = CARTESIAN_POINT('',(2.1,-0.8,0.4));
#1249 = VECTOR('',#1250,1.);
#1250 = DIRECTION('',(0.,0.,1.));
#1251 = PLANE('',#1252);
#1252 = AXIS2_PLACEMENT_3D('',#1253,#1254,#1255);
#1253 = CARTESIAN_POINT('',(0.4,-0.8,0.4));
#1254 = DIRECTION('',(0.,1.,0.));
#1255 = DIRECTION('',(0.,0.,1.));
#1256 = ADVANCED_FACE('',(#1257),#1268,.F.);
#1257 = FACE_BOUND('',#1258,.F.);
#1258 = EDGE_LOOP('',(#1259,#1260,#1261,#1262));
#1259 = ORIENTED_EDGE('',*,*,#1246,.F.);
#1260 = ORIENTED_EDGE('',*,*,#278,.T.);
#1261 = ORIENTED_EDGE('',*,*,#1222,.T.);
#1262 = ORIENTED_EDGE('',*,*,#1263,.F.);
#1263 = EDGE_CURVE('',#1239,#1215,#1264,.T.);
#1264 = LINE('',#1265,#1266);
#1265 = CARTESIAN_POINT('',(2.1,-0.8,2.4));
#1266 = VECTOR('',#1267,1.);
#1267 = DIRECTION('',(0.,1.,0.));
#1268 = PLANE('',#1269);
#1269 = AXIS2_PLACEMENT_3D('',#1270,#1271,#1272);
#1270 = CARTESIAN_POINT('',(2.1,-0.8,0.4));
#1271 = DIRECTION('',(1.,0.,0.));
#1272 = DIRECTION('',(0.,0.,1.));
#1273 = ADVANCED_FACE('',(#1274),#1299,.F.);
#1274 = FACE_BOUND('',#1275,.F.);
#1275 = EDGE_LOOP('',(#1276,#1284,#1292,#1298));
#1276 = ORIENTED_EDGE('',*,*,#1277,.F.);
#1277 = EDGE_CURVE('',#1278,#297,#1280,.T.);
#1278 = VERTEX_POINT('',#1279);
#1279 = CARTESIAN_POINT('',(-2.75,-2.8,-3.26));
#1280 = LINE('',#1281,#1282);
#1281 = CARTESIAN_POINT('',(-2.75,-2.8,-3.5));
#1282 = VECTOR('',#1283,1.);
#1283 = DIRECTION('',(0.,0.,1.));
#1284 = ORIENTED_EDGE('',*,*,#1285,.T.);
#1285 = EDGE_CURVE('',#1278,#1286,#1288,.T.);
#1286 = VERTEX_POINT('',#1287);
#1287 = CARTESIAN_POINT('',(-2.75,-2.6,-3.26));
#1288 = LINE('',#1289,#1290);
#1289 = CARTESIAN_POINT('',(-2.75,-2.8,-3.26));
#1290 = VECTOR('',#1291,1.);
#1291 = DIRECTION('',(0.,1.,0.));
#1292 = ORIENTED_EDGE('',*,*,#1293,.T.);
#1293 = EDGE_CURVE('',#1286,#295,#1294,.T.);
#1294 = LINE('',#1295,#1296);
#1295 = CARTESIAN_POINT('',(-2.75,-2.6,-3.5));
#1296 = VECTOR('',#1297,1.);
#1297 = DIRECTION('',(0.,0.,1.));
#1298 = ORIENTED_EDGE('',*,*,#294,.T.);
#1299 = PLANE('',#1300);
#1300 = AXIS2_PLACEMENT_3D('',#1301,#1302,#1303);
#1301 = CARTESIAN_POINT('',(-2.75,-2.8,-3.5));
#1302 = DIRECTION('',(1.,0.,0.));
#1303 = DIRECTION('',(0.,0.,1.));
#1304 = ADVANCED_FACE('',(#1305),#1341,.F.);
#1305 = FACE_BOUND('',#1306,.F.);
#1306 = EDGE_LOOP('',(#1307,#1317,#1324,#1325,#1326,#1334));
#1307 = ORIENTED_EDGE('',*,*,#1308,.F.);
#1308 = EDGE_CURVE('',#1309,#1311,#1313,.T.);
#1309 = VERTEX_POINT('',#1310);
#1310 = CARTESIAN_POINT('',(-2.51,-2.8,-3.5));
#1311 = VERTEX_POINT('',#1312);
#1312 = CARTESIAN_POINT('',(-2.49,-2.8,-3.5));
#1313 = LINE('',#1314,#1315);
#1314 = CARTESIAN_POINT('',(-2.75,-2.8,-3.5));
#1315 = VECTOR('',#1316,1.);
#1316 = DIRECTION('',(1.,0.,0.));
#1317 = ORIENTED_EDGE('',*,*,#1318,.F.);
#1318 = EDGE_CURVE('',#1278,#1309,#1319,.T.);
#1319 = CIRCLE('',#1320,0.24);
#1320 = AXIS2_PLACEMENT_3D('',#1321,#1322,#1323);
#1321 = CARTESIAN_POINT('',(-2.51,-2.8,-3.26));
#1322 = DIRECTION('',(0.,-1.,0.));
#1323 = DIRECTION('',(0.,0.,1.));
#1324 = ORIENTED_EDGE('',*,*,#1277,.T.);
#1325 = ORIENTED_EDGE('',*,*,#320,.T.);
#1326 = ORIENTED_EDGE('',*,*,#1327,.F.);
#1327 = EDGE_CURVE('',#1328,#313,#1330,.T.);
#1328 = VERTEX_POINT('',#1329);
#1329 = CARTESIAN_POINT('',(-2.25,-2.8,-3.26));
#1330 = LINE('',#1331,#1332);
#1331 = CARTESIAN_POINT('',(-2.25,-2.8,-3.5));
#1332 = VECTOR('',#1333,1.);
#1333 = DIRECTION('',(0.,0.,1.));
#1334 = ORIENTED_EDGE('',*,*,#1335,.T.);
#1335 = EDGE_CURVE('',#1328,#1311,#1336,.T.);
#1336 = CIRCLE('',#1337,0.24);
#1337 = AXIS2_PLACEMENT_3D('',#1338,#1339,#1340);
#1338 = CARTESIAN_POINT('',(-2.49,-2.8,-3.26));
#1339 = DIRECTION('',(0.,1.,0.));
#1340 = DIRECTION('',(0.,0.,1.));
#1341 = PLANE('',#1342);
#1342 = AXIS2_PLACEMENT_3D('',#1343,#1344,#1345);
#1343 = CARTESIAN_POINT('',(-2.75,-2.8,-3.5));
#1344 = DIRECTION('',(0.,1.,0.));
#1345 = DIRECTION('',(0.,0.,1.));
#1346 = ADVANCED_FACE('',(#1347),#1365,.T.);
#1347 = FACE_BOUND('',#1348,.T.);
#1348 = EDGE_LOOP('',(#1349,#1350,#1358,#1364));
#1349 = ORIENTED_EDGE('',*,*,#1327,.F.);
#1350 = ORIENTED_EDGE('',*,*,#1351,.T.);
#1351 = EDGE_CURVE('',#1328,#1352,#1354,.T.);
#1352 = VERTEX_POINT('',#1353);
#1353 = CARTESIAN_POINT('',(-2.25,-2.6,-3.26));
#1354 = LINE('',#1355,#1356);
#1355 = CARTESIAN_POINT('',(-2.25,-2.8,-3.26));
#1356 = VECTOR('',#1357,1.);
#1357 = DIRECTION('',(0.,1.,0.));
#1358 = ORIENTED_EDGE('',*,*,#1359,.T.);
#1359 = EDGE_CURVE('',#1352,#305,#1360,.T.);
#1360 = LINE('',#1361,#1362);
#1361 = CARTESIAN_POINT('',(-2.25,-2.6,-3.5));
#1362 = VECTOR('',#1363,1.);
#1363 = DIRECTION('',(0.,0.,1.));
#1364 = ORIENTED_EDGE('',*,*,#312,.T.);
#1365 = PLANE('',#1366);
#1366 = AXIS2_PLACEMENT_3D('',#1367,#1368,#1369);
#1367 = CARTESIAN_POINT('',(-2.25,-2.8,-3.5));
#1368 = DIRECTION('',(1.,0.,0.));
#1369 = DIRECTION('',(0.,0.,1.));
#1370 = ADVANCED_FACE('',(#1371),#1400,.T.);
#1371 = FACE_BOUND('',#1372,.T.);
#1372 = EDGE_LOOP('',(#1373,#1383,#1390,#1391,#1392,#1393));
#1373 = ORIENTED_EDGE('',*,*,#1374,.F.);
#1374 = EDGE_CURVE('',#1375,#1377,#1379,.T.);
#1375 = VERTEX_POINT('',#1376);
#1376 = CARTESIAN_POINT('',(-2.51,-2.6,-3.5));
#1377 = VERTEX_POINT('',#1378);
#1378 = CARTESIAN_POINT('',(-2.49,-2.6,-3.5));
#1379 = LINE('',#1380,#1381);
#1380 = CARTESIAN_POINT('',(-2.75,-2.6,-3.5));
#1381 = VECTOR('',#1382,1.);
#1382 = DIRECTION('',(1.,0.,0.));
#1383 = ORIENTED_EDGE('',*,*,#1384,.F.);
#1384 = EDGE_CURVE('',#1286,#1375,#1385,.T.);
#1385 = CIRCLE('',#1386,0.24);
#1386 = AXIS2_PLACEMENT_3D('',#1387,#1388,#1389);
#1387 = CARTESIAN_POINT('',(-2.51,-2.6,-3.26));
#1388 = DIRECTION('',(0.,-1.,0.));
#1389 = DIRECTION('',(0.,0.,1.));
#1390 = ORIENTED_EDGE('',*,*,#1293,.T.);
#1391 = ORIENTED_EDGE('',*,*,#304,.T.);
#1392 = ORIENTED_EDGE('',*,*,#1359,.F.);
#1393 = ORIENTED_EDGE('',*,*,#1394,.T.);
#1394 = EDGE_CURVE('',#1352,#1377,#1395,.T.);
#1395 = CIRCLE('',#1396,0.24);
#1396 = AXIS2_PLACEMENT_3D('',#1397,#1398,#1399);
#1397 = CARTESIAN_POINT('',(-2.49,-2.6,-3.26));
#1398 = DIRECTION('',(0.,1.,0.));
#1399 = DIRECTION('',(0.,0.,1.));
#1400 = PLANE('',#1401);
#1401 = AXIS2_PLACEMENT_3D('',#1402,#1403,#1404);
#1402 = CARTESIAN_POINT('',(-2.75,-2.6,-3.5));
#1403 = DIRECTION('',(0.,1.,0.));
#1404 = DIRECTION('',(0.,0.,1.));
#1405 = ADVANCED_FACE('',(#1406),#1431,.F.);
#1406 = FACE_BOUND('',#1407,.F.);
#1407 = EDGE_LOOP('',(#1408,#1416,#1424,#1430));
#1408 = ORIENTED_EDGE('',*,*,#1409,.F.);
#1409 = EDGE_CURVE('',#1410,#331,#1412,.T.);
#1410 = VERTEX_POINT('',#1411);
#1411 = CARTESIAN_POINT('',(-0.25,-2.8,-3.26));
#1412 = LINE('',#1413,#1414);
#1413 = CARTESIAN_POINT('',(-0.25,-2.8,-3.5));
#1414 = VECTOR('',#1415,1.);
#1415 = DIRECTION('',(0.,0.,1.));
#1416 = ORIENTED_EDGE('',*,*,#1417,.T.);
#1417 = EDGE_CURVE('',#1410,#1418,#1420,.T.);
#1418 = VERTEX_POINT('',#1419);
#1419 = CARTESIAN_POINT('',(-0.25,-2.6,-3.26));
#1420 = LINE('',#1421,#1422);
#1421 = CARTESIAN_POINT('',(-0.25,-2.8,-3.26));
#1422 = VECTOR('',#1423,1.);
#1423 = DIRECTION('',(0.,1.,0.));
#1424 = ORIENTED_EDGE('',*,*,#1425,.T.);
#1425 = EDGE_CURVE('',#1418,#329,#1426,.T.);
#1426 = LINE('',#1427,#1428);
#1427 = CARTESIAN_POINT('',(-0.25,-2.6,-3.5));
#1428 = VECTOR('',#1429,1.);
#1429 = DIRECTION('',(0.,0.,1.));
#1430 = ORIENTED_EDGE('',*,*,#328,.T.);
#1431 = PLANE('',#1432);
#1432 = AXIS2_PLACEMENT_3D('',#1433,#1434,#1435);
#1433 = CARTESIAN_POINT('',(-0.25,-2.8,-3.5));
#1434 = DIRECTION('',(1.,0.,0.));
#1435 = DIRECTION('',(0.,0.,1.));
#1436 = ADVANCED_FACE('',(#1437),#1473,.F.);
#1437 = FACE_BOUND('',#1438,.F.);
#1438 = EDGE_LOOP('',(#1439,#1449,#1456,#1457,#1458,#1466));
#1439 = ORIENTED_EDGE('',*,*,#1440,.F.);
#1440 = EDGE_CURVE('',#1441,#1443,#1445,.T.);
#1441 = VERTEX_POINT('',#1442);
#1442 = CARTESIAN_POINT('',(-1.E-02,-2.8,-3.5));
#1443 = VERTEX_POINT('',#1444);
#1444 = CARTESIAN_POINT('',(1.E-02,-2.8,-3.5));
#1445 = LINE('',#1446,#1447);
#1446 = CARTESIAN_POINT('',(-0.25,-2.8,-3.5));
#1447 = VECTOR('',#1448,1.);
#1448 = DIRECTION('',(1.,0.,0.));
#1449 = ORIENTED_EDGE('',*,*,#1450,.F.);
#1450 = EDGE_CURVE('',#1410,#1441,#1451,.T.);
#1451 = CIRCLE('',#1452,0.24);
#1452 = AXIS2_PLACEMENT_3D('',#1453,#1454,#1455);
#1453 = CARTESIAN_POINT('',(-1.E-02,-2.8,-3.26));
#1454 = DIRECTION('',(0.,-1.,0.));
#1455 = DIRECTION('',(0.,0.,1.));
#1456 = ORIENTED_EDGE('',*,*,#1409,.T.);
#1457 = ORIENTED_EDGE('',*,*,#354,.T.);
#1458 = ORIENTED_EDGE('',*,*,#1459,.F.);
#1459 = EDGE_CURVE('',#1460,#347,#1462,.T.);
#1460 = VERTEX_POINT('',#1461);
#1461 = CARTESIAN_POINT('',(0.25,-2.8,-3.26));
#1462 = LINE('',#1463,#1464);
#1463 = CARTESIAN_POINT('',(0.25,-2.8,-3.5));
#1464 = VECTOR('',#1465,1.);
#1465 = DIRECTION('',(0.,0.,1.));
#1466 = ORIENTED_EDGE('',*,*,#1467,.T.);
#1467 = EDGE_CURVE('',#1460,#1443,#1468,.T.);
#1468 = CIRCLE('',#1469,0.24);
#1469 = AXIS2_PLACEMENT_3D('',#1470,#1471,#1472);
#1470 = CARTESIAN_POINT('',(1.E-02,-2.8,-3.26));
#1471 = DIRECTION('',(0.,1.,0.));
#1472 = DIRECTION('',(0.,0.,1.));
#1473 = PLANE('',#1474);
#1474 = AXIS2_PLACEMENT_3D('',#1475,#1476,#1477);
#1475 = CARTESIAN_POINT('',(-0.25,-2.8,-3.5));
#1476 = DIRECTION('',(0.,1.,0.));
#1477 = DIRECTION('',(0.,0.,1.));
#1478 = ADVANCED_FACE('',(#1479),#1497,.T.);
#1479 = FACE_BOUND('',#1480,.T.);
#1480 = EDGE_LOOP('',(#1481,#1482,#1490,#1496));
#1481 = ORIENTED_EDGE('',*,*,#1459,.F.);
#1482 = ORIENTED_EDGE('',*,*,#1483,.T.);
#1483 = EDGE_CURVE('',#1460,#1484,#1486,.T.);
#1484 = VERTEX_POINT('',#1485);
#1485 = CARTESIAN_POINT('',(0.25,-2.6,-3.26));
#1486 = LINE('',#1487,#1488);
#1487 = CARTESIAN_POINT('',(0.25,-2.8,-3.26));
#1488 = VECTOR('',#1489,1.);
#1489 = DIRECTION('',(0.,1.,0.));
#1490 = ORIENTED_EDGE('',*,*,#1491,.T.);
#1491 = EDGE_CURVE('',#1484,#339,#1492,.T.);
#1492 = LINE('',#1493,#1494);
#1493 = CARTESIAN_POINT('',(0.25,-2.6,-3.5));
#1494 = VECTOR('',#1495,1.);
#1495 = DIRECTION('',(0.,0.,1.));
#1496 = ORIENTED_EDGE('',*,*,#346,.T.);
#1497 = PLANE('',#1498);
#1498 = AXIS2_PLACEMENT_3D('',#1499,#1500,#1501);
#1499 = CARTESIAN_POINT('',(0.25,-2.8,-3.5));
#1500 = DIRECTION('',(1.,0.,0.));
#1501 = DIRECTION('',(0.,0.,1.));
#1502 = ADVANCED_FACE('',(#1503),#1532,.T.);
#1503 = FACE_BOUND('',#1504,.T.);
#1504 = EDGE_LOOP('',(#1505,#1515,#1522,#1523,#1524,#1525));
#1505 = ORIENTED_EDGE('',*,*,#1506,.F.);
#1506 = EDGE_CURVE('',#1507,#1509,#1511,.T.);
#1507 = VERTEX_POINT('',#1508);
#1508 = CARTESIAN_POINT('',(-1.E-02,-2.6,-3.5));
#1509 = VERTEX_POINT('',#1510);
#1510 = CARTESIAN_POINT('',(1.E-02,-2.6,-3.5));
#1511 = LINE('',#1512,#1513);
#1512 = CARTESIAN_POINT('',(-0.25,-2.6,-3.5));
#1513 = VECTOR('',#1514,1.);
#1514 = DIRECTION('',(1.,0.,0.));
#1515 = ORIENTED_EDGE('',*,*,#1516,.F.);
#1516 = EDGE_CURVE('',#1418,#1507,#1517,.T.);
#1517 = CIRCLE('',#1518,0.24);
#1518 = AXIS2_PLACEMENT_3D('',#1519,#1520,#1521);
#1519 = CARTESIAN_POINT('',(-1.E-02,-2.6,-3.26));
#1520 = DIRECTION('',(0.,-1.,0.));
#1521 = DIRECTION('',(0.,0.,1.));
#1522 = ORIENTED_EDGE('',*,*,#1425,.T.);
#1523 = ORIENTED_EDGE('',*,*,#338,.T.);
#1524 = ORIENTED_EDGE('',*,*,#1491,.F.);
#1525 = ORIENTED_EDGE('',*,*,#1526,.T.);
#1526 = EDGE_CURVE('',#1484,#1509,#1527,.T.);
#1527 = CIRCLE('',#1528,0.24);
#1528 = AXIS2_PLACEMENT_3D('',#1529,#1530,#1531);
#1529 = CARTESIAN_POINT('',(1.E-02,-2.6,-3.26));
#1530 = DIRECTION('',(0.,1.,0.));
#1531 = DIRECTION('',(0.,0.,1.));
#1532 = PLANE('',#1533);
#1533 = AXIS2_PLACEMENT_3D('',#1534,#1535,#1536);
#1534 = CARTESIAN_POINT('',(-0.25,-2.6,-3.5));
#1535 = DIRECTION('',(0.,1.,0.));
#1536 = DIRECTION('',(0.,0.,1.));
#1537 = ADVANCED_FACE('',(#1538),#1563,.F.);
#1538 = FACE_BOUND('',#1539,.F.);
#1539 = EDGE_LOOP('',(#1540,#1548,#1556,#1562));
#1540 = ORIENTED_EDGE('',*,*,#1541,.F.);
#1541 = EDGE_CURVE('',#1542,#365,#1544,.T.);
#1542 = VERTEX_POINT('',#1543);
#1543 = CARTESIAN_POINT('',(2.25,-2.8,-3.26));
#1544 = LINE('',#1545,#1546);
#1545 = CARTESIAN_POINT('',(2.25,-2.8,-3.5));
#1546 = VECTOR('',#1547,1.);
#1547 = DIRECTION('',(0.,0.,1.));
#1548 = ORIENTED_EDGE('',*,*,#1549,.T.);
#1549 = EDGE_CURVE('',#1542,#1550,#1552,.T.);
#1550 = VERTEX_POINT('',#1551);
#1551 = CARTESIAN_POINT('',(2.25,-2.6,-3.26));
#1552 = LINE('',#1553,#1554);
#1553 = CARTESIAN_POINT('',(2.25,-2.8,-3.26));
#1554 = VECTOR('',#1555,1.);
#1555 = DIRECTION('',(0.,1.,0.));
#1556 = ORIENTED_EDGE('',*,*,#1557,.T.);
#1557 = EDGE_CURVE('',#1550,#363,#1558,.T.);
#1558 = LINE('',#1559,#1560);
#1559 = CARTESIAN_POINT('',(2.25,-2.6,-3.5));
#1560 = VECTOR('',#1561,1.);
#1561 = DIRECTION('',(0.,0.,1.));
#1562 = ORIENTED_EDGE('',*,*,#362,.T.);
#1563 = PLANE('',#1564);
#1564 = AXIS2_PLACEMENT_3D('',#1565,#1566,#1567);
#1565 = CARTESIAN_POINT('',(2.25,-2.8,-3.5));
#1566 = DIRECTION('',(1.,0.,0.));
#1567 = DIRECTION('',(0.,0.,1.));
#1568 = ADVANCED_FACE('',(#1569),#1605,.F.);
#1569 = FACE_BOUND('',#1570,.F.);
#1570 = EDGE_LOOP('',(#1571,#1581,#1588,#1589,#1590,#1598));
#1571 = ORIENTED_EDGE('',*,*,#1572,.F.);
#1572 = EDGE_CURVE('',#1573,#1575,#1577,.T.);
#1573 = VERTEX_POINT('',#1574);
#1574 = CARTESIAN_POINT('',(2.49,-2.8,-3.5));
#1575 = VERTEX_POINT('',#1576);
#1576 = CARTESIAN_POINT('',(2.51,-2.8,-3.5));
#1577 = LINE('',#1578,#1579);
#1578 = CARTESIAN_POINT('',(2.25,-2.8,-3.5));
#1579 = VECTOR('',#1580,1.);
#1580 = DIRECTION('',(1.,0.,0.));
#1581 = ORIENTED_EDGE('',*,*,#1582,.F.);
#1582 = EDGE_CURVE('',#1542,#1573,#1583,.T.);
#1583 = CIRCLE('',#1584,0.24);
#1584 = AXIS2_PLACEMENT_3D('',#1585,#1586,#1587);
#1585 = CARTESIAN_POINT('',(2.49,-2.8,-3.26));
#1586 = DIRECTION('',(0.,-1.,0.));
#1587 = DIRECTION('',(0.,0.,1.));
#1588 = ORIENTED_EDGE('',*,*,#1541,.T.);
#1589 = ORIENTED_EDGE('',*,*,#388,.T.);
#1590 = ORIENTED_EDGE('',*,*,#1591,.F.);
#1591 = EDGE_CURVE('',#1592,#381,#1594,.T.);
#1592 = VERTEX_POINT('',#1593);
#1593 = CARTESIAN_POINT('',(2.75,-2.8,-3.26));
#1594 = LINE('',#1595,#1596);
#1595 = CARTESIAN_POINT('',(2.75,-2.8,-3.5));
#1596 = VECTOR('',#1597,1.);
#1597 = DIRECTION('',(0.,0.,1.));
#1598 = ORIENTED_EDGE('',*,*,#1599,.T.);
#1599 = EDGE_CURVE('',#1592,#1575,#1600,.T.);
#1600 = CIRCLE('',#1601,0.24);
#1601 = AXIS2_PLACEMENT_3D('',#1602,#1603,#1604);
#1602 = CARTESIAN_POINT('',(2.51,-2.8,-3.26));
#1603 = DIRECTION('',(0.,1.,0.));
#1604 = DIRECTION('',(0.,0.,1.));
#1605 = PLANE('',#1606);
#1606 = AXIS2_PLACEMENT_3D('',#1607,#1608,#1609);
#1607 = CARTESIAN_POINT('',(2.25,-2.8,-3.5));
#1608 = DIRECTION('',(0.,1.,0.));
#1609 = DIRECTION('',(0.,0.,1.));
#1610 = ADVANCED_FACE('',(#1611),#1629,.T.);
#1611 = FACE_BOUND('',#1612,.T.);
#1612 = EDGE_LOOP('',(#1613,#1614,#1622,#1628));
#1613 = ORIENTED_EDGE('',*,*,#1591,.F.);
#1614 = ORIENTED_EDGE('',*,*,#1615,.T.);
#1615 = EDGE_CURVE('',#1592,#1616,#1618,.T.);
#1616 = VERTEX_POINT('',#1617);
#1617 = CARTESIAN_POINT('',(2.75,-2.6,-3.26));
#1618 = LINE('',#1619,#1620);
#1619 = CARTESIAN_POINT('',(2.75,-2.8,-3.26));
#1620 = VECTOR('',#1621,1.);
#1621 = DIRECTION('',(0.,1.,0.));
#1622 = ORIENTED_EDGE('',*,*,#1623,.T.);
#1623 = EDGE_CURVE('',#1616,#373,#1624,.T.);
#1624 = LINE('',#1625,#1626);
#1625 = CARTESIAN_POINT('',(2.75,-2.6,-3.5));
#1626 = VECTOR('',#1627,1.);
#1627 = DIRECTION('',(0.,0.,1.));
#1628 = ORIENTED_EDGE('',*,*,#380,.T.);
#1629 = PLANE('',#1630);
#1630 = AXIS2_PLACEMENT_3D('',#1631,#1632,#1633);
#1631 = CARTESIAN_POINT('',(2.75,-2.8,-3.5));
#1632 = DIRECTION('',(1.,0.,0.));
#1633 = DIRECTION('',(0.,0.,1.));
#1634 = ADVANCED_FACE('',(#1635),#1664,.T.);
#1635 = FACE_BOUND('',#1636,.T.);
#1636 = EDGE_LOOP('',(#1637,#1647,#1654,#1655,#1656,#1657));
#1637 = ORIENTED_EDGE('',*,*,#1638,.F.);
#1638 = EDGE_CURVE('',#1639,#1641,#1643,.T.);
#1639 = VERTEX_POINT('',#1640);
#1640 = CARTESIAN_POINT('',(2.49,-2.6,-3.5));
#1641 = VERTEX_POINT('',#1642);
#1642 = CARTESIAN_POINT('',(2.51,-2.6,-3.5));
#1643 = LINE('',#1644,#1645);
#1644 = CARTESIAN_POINT('',(2.25,-2.6,-3.5));
#1645 = VECTOR('',#1646,1.);
#1646 = DIRECTION('',(1.,0.,0.));
#1647 = ORIENTED_EDGE('',*,*,#1648,.F.);
#1648 = EDGE_CURVE('',#1550,#1639,#1649,.T.);
#1649 = CIRCLE('',#1650,0.24);
#1650 = AXIS2_PLACEMENT_3D('',#1651,#1652,#1653);
#1651 = CARTESIAN_POINT('',(2.49,-2.6,-3.26));
#1652 = DIRECTION('',(0.,-1.,0.));
#1653 = DIRECTION('',(0.,0.,1.));
#1654 = ORIENTED_EDGE('',*,*,#1557,.T.);
#1655 = ORIENTED_EDGE('',*,*,#372,.T.);
#1656 = ORIENTED_EDGE('',*,*,#1623,.F.);
#1657 = ORIENTED_EDGE('',*,*,#1658,.T.);
#1658 = EDGE_CURVE('',#1616,#1641,#1659,.T.);
#1659 = CIRCLE('',#1660,0.24);
#1660 = AXIS2_PLACEMENT_3D('',#1661,#1662,#1663);
#1661 = CARTESIAN_POINT('',(2.51,-2.6,-3.26));
#1662 = DIRECTION('',(0.,1.,0.));
#1663 = DIRECTION('',(0.,0.,1.));
#1664 = PLANE('',#1665);
#1665 = AXIS2_PLACEMENT_3D('',#1666,#1667,#1668);
#1666 = CARTESIAN_POINT('',(2.25,-2.6,-3.5));
#1667 = DIRECTION('',(0.,1.,0.));
#1668 = DIRECTION('',(0.,0.,1.));
#1669 = ADVANCED_FACE('',(#1670),#1695,.F.);
#1670 = FACE_BOUND('',#1671,.F.);
#1671 = EDGE_LOOP('',(#1672,#1680,#1688,#1694));
#1672 = ORIENTED_EDGE('',*,*,#1673,.F.);
#1673 = EDGE_CURVE('',#1674,#399,#1676,.T.);
#1674 = VERTEX_POINT('',#1675);
#1675 = CARTESIAN_POINT('',(2.25,2.6,-3.26));
#1676 = LINE('',#1677,#1678);
#1677 = CARTESIAN_POINT('',(2.25,2.6,-3.5));
#1678 = VECTOR('',#1679,1.);
#1679 = DIRECTION('',(0.,0.,1.));
#1680 = ORIENTED_EDGE('',*,*,#1681,.T.);
#1681 = EDGE_CURVE('',#1674,#1682,#1684,.T.);
#1682 = VERTEX_POINT('',#1683);
#1683 = CARTESIAN_POINT('',(2.25,2.8,-3.26));
#1684 = LINE('',#1685,#1686);
#1685 = CARTESIAN_POINT('',(2.25,2.6,-3.26));
#1686 = VECTOR('',#1687,1.);
#1687 = DIRECTION('',(0.,1.,0.));
#1688 = ORIENTED_EDGE('',*,*,#1689,.T.);
#1689 = EDGE_CURVE('',#1682,#397,#1690,.T.);
#1690 = LINE('',#1691,#1692);
#1691 = CARTESIAN_POINT('',(2.25,2.8,-3.5));
#1692 = VECTOR('',#1693,1.);
#1693 = DIRECTION('',(0.,0.,1.));
#1694 = ORIENTED_EDGE('',*,*,#396,.T.);
#1695 = PLANE('',#1696);
#1696 = AXIS2_PLACEMENT_3D('',#1697,#1698,#1699);
#1697 = CARTESIAN_POINT('',(2.25,2.6,-3.5));
#1698 = DIRECTION('',(1.,0.,0.));
#1699 = DIRECTION('',(0.,0.,1.));
#1700 = ADVANCED_FACE('',(#1701),#1737,.F.);
#1701 = FACE_BOUND('',#1702,.F.);
#1702 = EDGE_LOOP('',(#1703,#1713,#1720,#1721,#1722,#1730));
#1703 = ORIENTED_EDGE('',*,*,#1704,.F.);
#1704 = EDGE_CURVE('',#1705,#1707,#1709,.T.);
#1705 = VERTEX_POINT('',#1706);
#1706 = CARTESIAN_POINT('',(2.49,2.6,-3.5));
#1707 = VERTEX_POINT('',#1708);
#1708 = CARTESIAN_POINT('',(2.51,2.6,-3.5));
#1709 = LINE('',#1710,#1711);
#1710 = CARTESIAN_POINT('',(2.25,2.6,-3.5));
#1711 = VECTOR('',#1712,1.);
#1712 = DIRECTION('',(1.,0.,0.));
#1713 = ORIENTED_EDGE('',*,*,#1714,.F.);
#1714 = EDGE_CURVE('',#1674,#1705,#1715,.T.);
#1715 = CIRCLE('',#1716,0.24);
#1716 = AXIS2_PLACEMENT_3D('',#1717,#1718,#1719);
#1717 = CARTESIAN_POINT('',(2.49,2.6,-3.26));
#1718 = DIRECTION('',(0.,-1.,0.));
#1719 = DIRECTION('',(0.,0.,1.));
#1720 = ORIENTED_EDGE('',*,*,#1673,.T.);
#1721 = ORIENTED_EDGE('',*,*,#422,.T.);
#1722 = ORIENTED_EDGE('',*,*,#1723,.F.);
#1723 = EDGE_CURVE('',#1724,#415,#1726,.T.);
#1724 = VERTEX_POINT('',#1725);
#1725 = CARTESIAN_POINT('',(2.75,2.6,-3.26));
#1726 = LINE('',#1727,#1728);
#1727 = CARTESIAN_POINT('',(2.75,2.6,-3.5));
#1728 = VECTOR('',#1729,1.);
#1729 = DIRECTION('',(0.,0.,1.));
#1730 = ORIENTED_EDGE('',*,*,#1731,.T.);
#1731 = EDGE_CURVE('',#1724,#1707,#1732,.T.);
#1732 = CIRCLE('',#1733,0.24);
#1733 = AXIS2_PLACEMENT_3D('',#1734,#1735,#1736);
#1734 = CARTESIAN_POINT('',(2.51,2.6,-3.26));
#1735 = DIRECTION('',(0.,1.,0.));
#1736 = DIRECTION('',(0.,0.,1.));
#1737 = PLANE('',#1738);
#1738 = AXIS2_PLACEMENT_3D('',#1739,#1740,#1741);
#1739 = CARTESIAN_POINT('',(2.25,2.6,-3.5));
#1740 = DIRECTION('',(0.,1.,0.));
#1741 = DIRECTION('',(0.,0.,1.));
#1742 = ADVANCED_FACE('',(#1743),#1761,.T.);
#1743 = FACE_BOUND('',#1744,.T.);
#1744 = EDGE_LOOP('',(#1745,#1746,#1754,#1760));
#1745 = ORIENTED_EDGE('',*,*,#1723,.F.);
#1746 = ORIENTED_EDGE('',*,*,#1747,.T.);
#1747 = EDGE_CURVE('',#1724,#1748,#1750,.T.);
#1748 = VERTEX_POINT('',#1749);
#1749 = CARTESIAN_POINT('',(2.75,2.8,-3.26));
#1750 = LINE('',#1751,#1752);
#1751 = CARTESIAN_POINT('',(2.75,2.6,-3.26));
#1752 = VECTOR('',#1753,1.);
#1753 = DIRECTION('',(0.,1.,0.));
#1754 = ORIENTED_EDGE('',*,*,#1755,.T.);
#1755 = EDGE_CURVE('',#1748,#407,#1756,.T.);
#1756 = LINE('',#1757,#1758);
#1757 = CARTESIAN_POINT('',(2.75,2.8,-3.5));
#1758 = VECTOR('',#1759,1.);
#1759 = DIRECTION('',(0.,0.,1.));
#1760 = ORIENTED_EDGE('',*,*,#414,.T.);
#1761 = PLANE('',#1762);
#1762 = AXIS2_PLACEMENT_3D('',#1763,#1764,#1765);
#1763 = CARTESIAN_POINT('',(2.75,2.6,-3.5));
#1764 = DIRECTION('',(1.,0.,0.));
#1765 = DIRECTION('',(0.,0.,1.));
#1766 = ADVANCED_FACE('',(#1767),#1796,.T.);
#1767 = FACE_BOUND('',#1768,.T.);
#1768 = EDGE_LOOP('',(#1769,#1779,#1786,#1787,#1788,#1789));
#1769 = ORIENTED_EDGE('',*,*,#1770,.F.);
#1770 = EDGE_CURVE('',#1771,#1773,#1775,.T.);
#1771 = VERTEX_POINT('',#1772);
#1772 = CARTESIAN_POINT('',(2.49,2.8,-3.5));
#1773 = VERTEX_POINT('',#1774);
#1774 = CARTESIAN_POINT('',(2.51,2.8,-3.5));
#1775 = LINE('',#1776,#1777);
#1776 = CARTESIAN_POINT('',(2.25,2.8,-3.5));
#1777 = VECTOR('',#1778,1.);
#1778 = DIRECTION('',(1.,0.,0.));
#1779 = ORIENTED_EDGE('',*,*,#1780,.F.);
#1780 = EDGE_CURVE('',#1682,#1771,#1781,.T.);
#1781 = CIRCLE('',#1782,0.24);
#1782 = AXIS2_PLACEMENT_3D('',#1783,#1784,#1785);
#1783 = CARTESIAN_POINT('',(2.49,2.8,-3.26));
#1784 = DIRECTION('',(0.,-1.,0.));
#1785 = DIRECTION('',(0.,0.,1.));
#1786 = ORIENTED_EDGE('',*,*,#1689,.T.);
#1787 = ORIENTED_EDGE('',*,*,#406,.T.);
#1788 = ORIENTED_EDGE('',*,*,#1755,.F.);
#1789 = ORIENTED_EDGE('',*,*,#1790,.T.);
#1790 = EDGE_CURVE('',#1748,#1773,#1791,.T.);
#1791 = CIRCLE('',#1792,0.24);
#1792 = AXIS2_PLACEMENT_3D('',#1793,#1794,#1795);
#1793 = CARTESIAN_POINT('',(2.51,2.8,-3.26));
#1794 = DIRECTION('',(0.,1.,0.));
#1795 = DIRECTION('',(0.,0.,1.));
#1796 = PLANE('',#1797);
#1797 = AXIS2_PLACEMENT_3D('',#1798,#1799,#1800);
#1798 = CARTESIAN_POINT('',(2.25,2.8,-3.5));
#1799 = DIRECTION('',(0.,1.,0.));
#1800 = DIRECTION('',(0.,0.,1.));
#1801 = ADVANCED_FACE('',(#1802),#1808,.F.);
#1802 = FACE_BOUND('',#1803,.F.);
#1803 = EDGE_LOOP('',(#1804,#1805,#1806,#1807));
#1804 = ORIENTED_EDGE('',*,*,#654,.F.);
#1805 = ORIENTED_EDGE('',*,*,#796,.T.);
#1806 = ORIENTED_EDGE('',*,*,#724,.T.);
#1807 = ORIENTED_EDGE('',*,*,#668,.F.);
#1808 = PLANE('',#1809);
#1809 = AXIS2_PLACEMENT_3D('',#1810,#1811,#1812);
#1810 = CARTESIAN_POINT('',(-4.25,-4.25,0.));
#1811 = DIRECTION('',(0.,0.,1.));
#1812 = DIRECTION('',(1.,0.,0.));
#1813 = ADVANCED_FACE('',(#1814),#1820,.F.);
#1814 = FACE_BOUND('',#1815,.F.);
#1815 = EDGE_LOOP('',(#1816,#1817,#1818,#1819));
#1816 = ORIENTED_EDGE('',*,*,#631,.F.);
#1817 = ORIENTED_EDGE('',*,*,#692,.T.);
#1818 = ORIENTED_EDGE('',*,*,#741,.T.);
#1819 = ORIENTED_EDGE('',*,*,#813,.F.);
#1820 = PLANE('',#1821);
#1821 = AXIS2_PLACEMENT_3D('',#1822,#1823,#1824);
#1822 = CARTESIAN_POINT('',(-4.25,3.75,0.));
#1823 = DIRECTION('',(0.,0.,1.));
#1824 = DIRECTION('',(1.,0.,0.));
#1825 = ADVANCED_FACE('',(#1826),#1886,.T.);
#1826 = FACE_BOUND('',#1827,.T.);
#1827 = EDGE_LOOP('',(#1828,#1829,#1830,#1831,#1839,#1847,#1853,#1854,
    #1855,#1856,#1864,#1872,#1880));
#1828 = ORIENTED_EDGE('',*,*,#551,.F.);
#1829 = ORIENTED_EDGE('',*,*,#789,.T.);
#1830 = ORIENTED_EDGE('',*,*,#1035,.T.);
#1831 = ORIENTED_EDGE('',*,*,#1832,.F.);
#1832 = EDGE_CURVE('',#1833,#1028,#1835,.T.);
#1833 = VERTEX_POINT('',#1834);
#1834 = CARTESIAN_POINT('',(3.95,-1.6,4.2));
#1835 = LINE('',#1836,#1837);
#1836 = CARTESIAN_POINT('',(3.95,-1.6,4.2));
#1837 = VECTOR('',#1838,1.);
#1838 = DIRECTION('',(1.,0.,0.));
#1839 = ORIENTED_EDGE('',*,*,#1840,.T.);
#1840 = EDGE_CURVE('',#1833,#1841,#1843,.T.);
#1841 = VERTEX_POINT('',#1842);
#1842 = CARTESIAN_POINT('',(3.95,1.6,4.2));
#1843 = LINE('',#1844,#1845);
#1844 = CARTESIAN_POINT('',(3.95,-1.6,4.2));
#1845 = VECTOR('',#1846,1.);
#1846 = DIRECTION('',(0.,1.,0.));
#1847 = ORIENTED_EDGE('',*,*,#1848,.T.);
#1848 = EDGE_CURVE('',#1841,#972,#1849,.T.);
#1849 = LINE('',#1850,#1851);
#1850 = CARTESIAN_POINT('',(3.95,1.6,4.2));
#1851 = VECTOR('',#1852,1.);
#1852 = DIRECTION('',(1.,0.,0.));
#1853 = ORIENTED_EDGE('',*,*,#971,.T.);
#1854 = ORIENTED_EDGE('',*,*,#820,.F.);
#1855 = ORIENTED_EDGE('',*,*,#615,.F.);
#1856 = ORIENTED_EDGE('',*,*,#1857,.T.);
#1857 = EDGE_CURVE('',#608,#1858,#1860,.T.);
#1858 = VERTEX_POINT('',#1859);
#1859 = CARTESIAN_POINT('',(-3.95,1.6,4.2));
#1860 = LINE('',#1861,#1862);
#1861 = CARTESIAN_POINT('',(-4.25,1.6,4.2));
#1862 = VECTOR('',#1863,1.);
#1863 = DIRECTION('',(1.,0.,0.));
#1864 = ORIENTED_EDGE('',*,*,#1865,.F.);
#1865 = EDGE_CURVE('',#1866,#1858,#1868,.T.);
#1866 = VERTEX_POINT('',#1867);
#1867 = CARTESIAN_POINT('',(-3.95,-3.673940397442E-17,4.2));
#1868 = LINE('',#1869,#1870);
#1869 = CARTESIAN_POINT('',(-3.95,-1.6,4.2));
#1870 = VECTOR('',#1871,1.);
#1871 = DIRECTION('',(0.,1.,0.));
#1872 = ORIENTED_EDGE('',*,*,#1873,.F.);
#1873 = EDGE_CURVE('',#1874,#1866,#1876,.T.);
#1874 = VERTEX_POINT('',#1875);
#1875 = CARTESIAN_POINT('',(-3.95,-1.6,4.2));
#1876 = LINE('',#1877,#1878);
#1877 = CARTESIAN_POINT('',(-3.95,-1.6,4.2));
#1878 = VECTOR('',#1879,1.);
#1879 = DIRECTION('',(0.,1.,0.));
#1880 = ORIENTED_EDGE('',*,*,#1881,.F.);
#1881 = EDGE_CURVE('',#552,#1874,#1882,.T.);
#1882 = LINE('',#1883,#1884);
#1883 = CARTESIAN_POINT('',(-4.25,-1.6,4.2));
#1884 = VECTOR('',#1885,1.);
#1885 = DIRECTION('',(1.,0.,0.));
#1886 = PLANE('',#1887);
#1887 = AXIS2_PLACEMENT_3D('',#1888,#1889,#1890);
#1888 = CARTESIAN_POINT('',(-4.25,-4.25,4.2));
#1889 = DIRECTION('',(0.,0.,1.));
#1890 = DIRECTION('',(1.,0.,0.));
#1891 = ADVANCED_FACE('',(#1892),#1910,.F.);
#1892 = FACE_BOUND('',#1893,.F.);
#1893 = EDGE_LOOP('',(#1894,#1902,#1908,#1909));
#1894 = ORIENTED_EDGE('',*,*,#1895,.F.);
#1895 = EDGE_CURVE('',#1896,#1858,#1898,.T.);
#1896 = VERTEX_POINT('',#1897);
#1897 = CARTESIAN_POINT('',(-3.95,1.6,2.1));
#1898 = LINE('',#1899,#1900);
#1899 = CARTESIAN_POINT('',(-3.95,1.6,1.9));
#1900 = VECTOR('',#1901,1.);
#1901 = DIRECTION('',(0.,0.,1.));
#1902 = ORIENTED_EDGE('',*,*,#1903,.T.);
#1903 = EDGE_CURVE('',#1896,#600,#1904,.T.);
#1904 = LINE('',#1905,#1906);
#1905 = CARTESIAN_POINT('',(-4.25,1.6,2.1));
#1906 = VECTOR('',#1907,1.);
#1907 = DIRECTION('',(-1.,0.,0.));
#1908 = ORIENTED_EDGE('',*,*,#607,.T.);
#1909 = ORIENTED_EDGE('',*,*,#1857,.T.);
#1910 = PLANE('',#1911);
#1911 = AXIS2_PLACEMENT_3D('',#1912,#1913,#1914);
#1912 = CARTESIAN_POINT('',(-4.25,1.6,1.9));
#1913 = DIRECTION('',(0.,1.,0.));
#1914 = DIRECTION('',(0.,0.,1.));
#1915 = ADVANCED_FACE('',(#1916),#1934,.F.);
#1916 = FACE_BOUND('',#1917,.F.);
#1917 = EDGE_LOOP('',(#1918,#1919,#1920,#1928));
#1918 = ORIENTED_EDGE('',*,*,#599,.F.);
#1919 = ORIENTED_EDGE('',*,*,#1903,.F.);
#1920 = ORIENTED_EDGE('',*,*,#1921,.T.);
#1921 = EDGE_CURVE('',#1896,#1922,#1924,.T.);
#1922 = VERTEX_POINT('',#1923);
#1923 = CARTESIAN_POINT('',(-3.95,3.2,2.1));
#1924 = LINE('',#1925,#1926);
#1925 = CARTESIAN_POINT('',(-3.95,-3.2,2.1));
#1926 = VECTOR('',#1927,1.);
#1927 = DIRECTION('',(0.,1.,0.));
#1928 = ORIENTED_EDGE('',*,*,#1929,.F.);
#1929 = EDGE_CURVE('',#592,#1922,#1930,.T.);
#1930 = LINE('',#1931,#1932);
#1931 = CARTESIAN_POINT('',(-4.25,3.2,2.1));
#1932 = VECTOR('',#1933,1.);
#1933 = DIRECTION('',(1.,0.,0.));
#1934 = PLANE('',#1935);
#1935 = AXIS2_PLACEMENT_3D('',#1936,#1937,#1938);
#1936 = CARTESIAN_POINT('',(-4.25,-3.2,2.1));
#1937 = DIRECTION('',(0.,0.,1.));
#1938 = DIRECTION('',(1.,0.,0.));
#1939 = ADVANCED_FACE('',(#1940),#1958,.F.);
#1940 = FACE_BOUND('',#1941,.F.);
#1941 = EDGE_LOOP('',(#1942,#1950,#1951,#1952));
#1942 = ORIENTED_EDGE('',*,*,#1943,.F.);
#1943 = EDGE_CURVE('',#584,#1944,#1946,.T.);
#1944 = VERTEX_POINT('',#1945);
#1945 = CARTESIAN_POINT('',(-3.95,3.2,0.6));
#1946 = LINE('',#1947,#1948);
#1947 = CARTESIAN_POINT('',(-4.25,3.2,0.6));
#1948 = VECTOR('',#1949,1.);
#1949 = DIRECTION('',(1.,0.,0.));
#1950 = ORIENTED_EDGE('',*,*,#591,.T.);
#1951 = ORIENTED_EDGE('',*,*,#1929,.T.);
#1952 = ORIENTED_EDGE('',*,*,#1953,.F.);
#1953 = EDGE_CURVE('',#1944,#1922,#1954,.T.);
#1954 = LINE('',#1955,#1956);
#1955 = CARTESIAN_POINT('',(-3.95,3.2,0.6));
#1956 = VECTOR('',#1957,1.);
#1957 = DIRECTION('',(0.,0.,1.));
#1958 = PLANE('',#1959);
#1959 = AXIS2_PLACEMENT_3D('',#1960,#1961,#1962);
#1960 = CARTESIAN_POINT('',(-4.25,3.2,0.6));
#1961 = DIRECTION('',(0.,1.,0.));
#1962 = DIRECTION('',(0.,0.,1.));
#1963 = ADVANCED_FACE('',(#1964),#1982,.T.);
#1964 = FACE_BOUND('',#1965,.T.);
#1965 = EDGE_LOOP('',(#1966,#1967,#1975,#1981));
#1966 = ORIENTED_EDGE('',*,*,#583,.F.);
#1967 = ORIENTED_EDGE('',*,*,#1968,.T.);
#1968 = EDGE_CURVE('',#576,#1969,#1971,.T.);
#1969 = VERTEX_POINT('',#1970);
#1970 = CARTESIAN_POINT('',(-3.95,-3.2,0.6));
#1971 = LINE('',#1972,#1973);
#1972 = CARTESIAN_POINT('',(-4.25,-3.2,0.6));
#1973 = VECTOR('',#1974,1.);
#1974 = DIRECTION('',(1.,0.,0.));
#1975 = ORIENTED_EDGE('',*,*,#1976,.T.);
#1976 = EDGE_CURVE('',#1969,#1944,#1977,.T.);
#1977 = LINE('',#1978,#1979);
#1978 = CARTESIAN_POINT('',(-3.95,-3.2,0.6));
#1979 = VECTOR('',#1980,1.);
#1980 = DIRECTION('',(0.,1.,0.));
#1981 = ORIENTED_EDGE('',*,*,#1943,.F.);
#1982 = PLANE('',#1983);
#1983 = AXIS2_PLACEMENT_3D('',#1984,#1985,#1986);
#1984 = CARTESIAN_POINT('',(-4.25,-3.2,0.6));
#1985 = DIRECTION('',(0.,0.,1.));
#1986 = DIRECTION('',(1.,0.,0.));
#1987 = ADVANCED_FACE('',(#1988),#2006,.T.);
#1988 = FACE_BOUND('',#1989,.T.);
#1989 = EDGE_LOOP('',(#1990,#1991,#1992,#2000));
#1990 = ORIENTED_EDGE('',*,*,#1968,.F.);
#1991 = ORIENTED_EDGE('',*,*,#575,.T.);
#1992 = ORIENTED_EDGE('',*,*,#1993,.T.);
#1993 = EDGE_CURVE('',#568,#1994,#1996,.T.);
#1994 = VERTEX_POINT('',#1995);
#1995 = CARTESIAN_POINT('',(-3.95,-3.2,2.1));
#1996 = LINE('',#1997,#1998);
#1997 = CARTESIAN_POINT('',(-4.25,-3.2,2.1));
#1998 = VECTOR('',#1999,1.);
#1999 = DIRECTION('',(1.,0.,0.));
#2000 = ORIENTED_EDGE('',*,*,#2001,.F.);
#2001 = EDGE_CURVE('',#1969,#1994,#2002,.T.);
#2002 = LINE('',#2003,#2004);
#2003 = CARTESIAN_POINT('',(-3.95,-3.2,0.6));
#2004 = VECTOR('',#2005,1.);
#2005 = DIRECTION('',(0.,0.,1.));
#2006 = PLANE('',#2007);
#2007 = AXIS2_PLACEMENT_3D('',#2008,#2009,#2010);
#2008 = CARTESIAN_POINT('',(-4.25,-3.2,0.6));
#2009 = DIRECTION('',(0.,1.,0.));
#2010 = DIRECTION('',(0.,0.,1.));
#2011 = ADVANCED_FACE('',(#2012),#2030,.F.);
#2012 = FACE_BOUND('',#2013,.F.);
#2013 = EDGE_LOOP('',(#2014,#2015,#2016,#2024));
#2014 = ORIENTED_EDGE('',*,*,#567,.F.);
#2015 = ORIENTED_EDGE('',*,*,#1993,.T.);
#2016 = ORIENTED_EDGE('',*,*,#2017,.T.);
#2017 = EDGE_CURVE('',#1994,#2018,#2020,.T.);
#2018 = VERTEX_POINT('',#2019);
#2019 = CARTESIAN_POINT('',(-3.95,-1.6,2.1));
#2020 = LINE('',#2021,#2022);
#2021 = CARTESIAN_POINT('',(-3.95,-3.2,2.1));
#2022 = VECTOR('',#2023,1.);
#2023 = DIRECTION('',(0.,1.,0.));
#2024 = ORIENTED_EDGE('',*,*,#2025,.T.);
#2025 = EDGE_CURVE('',#2018,#560,#2026,.T.);
#2026 = LINE('',#2027,#2028);
#2027 = CARTESIAN_POINT('',(-4.25,-1.6,2.1));
#2028 = VECTOR('',#2029,1.);
#2029 = DIRECTION('',(-1.,0.,0.));
#2030 = PLANE('',#2031);
#2031 = AXIS2_PLACEMENT_3D('',#2032,#2033,#2034);
#2032 = CARTESIAN_POINT('',(-4.25,-3.2,2.1));
#2033 = DIRECTION('',(0.,0.,1.));
#2034 = DIRECTION('',(1.,0.,0.));
#2035 = ADVANCED_FACE('',(#2036),#2047,.T.);
#2036 = FACE_BOUND('',#2037,.T.);
#2037 = EDGE_LOOP('',(#2038,#2044,#2045,#2046));
#2038 = ORIENTED_EDGE('',*,*,#2039,.F.);
#2039 = EDGE_CURVE('',#2018,#1874,#2040,.T.);
#2040 = LINE('',#2041,#2042);
#2041 = CARTESIAN_POINT('',(-3.95,-1.6,1.9));
#2042 = VECTOR('',#2043,1.);
#2043 = DIRECTION('',(0.,0.,1.));
#2044 = ORIENTED_EDGE('',*,*,#2025,.T.);
#2045 = ORIENTED_EDGE('',*,*,#559,.T.);
#2046 = ORIENTED_EDGE('',*,*,#1881,.T.);
#2047 = PLANE('',#2048);
#2048 = AXIS2_PLACEMENT_3D('',#2049,#2050,#2051);
#2049 = CARTESIAN_POINT('',(-4.25,-1.6,1.9));
#2050 = DIRECTION('',(0.,1.,0.));
#2051 = DIRECTION('',(0.,0.,1.));
#2052 = ADVANCED_FACE('',(#2053),#2059,.F.);
#2053 = FACE_BOUND('',#2054,.F.);
#2054 = EDGE_LOOP('',(#2055,#2056,#2057,#2058));
#2055 = ORIENTED_EDGE('',*,*,#859,.F.);
#2056 = ORIENTED_EDGE('',*,*,#773,.T.);
#2057 = ORIENTED_EDGE('',*,*,#955,.T.);
#2058 = ORIENTED_EDGE('',*,*,#906,.F.);
#2059 = PLANE('',#2060);
#2060 = AXIS2_PLACEMENT_3D('',#2061,#2062,#2063);
#2061 = CARTESIAN_POINT('',(3.75,-4.25,0.));
#2062 = DIRECTION('',(0.,0.,1.));
#2063 = DIRECTION('',(1.,0.,0.));
#2064 = ADVANCED_FACE('',(#2065),#2071,.F.);
#2065 = FACE_BOUND('',#2066,.F.);
#2066 = EDGE_LOOP('',(#2067,#2068,#2069,#2070));
#2067 = ORIENTED_EDGE('',*,*,#890,.F.);
#2068 = ORIENTED_EDGE('',*,*,#930,.T.);
#2069 = ORIENTED_EDGE('',*,*,#964,.T.);
#2070 = ORIENTED_EDGE('',*,*,#836,.F.);
#2071 = PLANE('',#2072);
#2072 = AXIS2_PLACEMENT_3D('',#2073,#2074,#2075);
#2073 = CARTESIAN_POINT('',(3.75,3.75,0.));
#2074 = DIRECTION('',(0.,0.,1.));
#2075 = DIRECTION('',(1.,0.,0.));
#2076 = ADVANCED_FACE('',(#2077),#2095,.T.);
#2077 = FACE_BOUND('',#2078,.T.);
#2078 = EDGE_LOOP('',(#2079,#2080,#2088,#2094));
#2079 = ORIENTED_EDGE('',*,*,#1027,.F.);
#2080 = ORIENTED_EDGE('',*,*,#2081,.T.);
#2081 = EDGE_CURVE('',#1020,#2082,#2084,.T.);
#2082 = VERTEX_POINT('',#2083);
#2083 = CARTESIAN_POINT('',(3.95,-1.6,2.1));
#2084 = LINE('',#2085,#2086);
#2085 = CARTESIAN_POINT('',(3.95,-1.6,2.1));
#2086 = VECTOR('',#2087,1.);
#2087 = DIRECTION('',(-1.,0.,0.));
#2088 = ORIENTED_EDGE('',*,*,#2089,.T.);
#2089 = EDGE_CURVE('',#2082,#1833,#2090,.T.);
#2090 = LINE('',#2091,#2092);
#2091 = CARTESIAN_POINT('',(3.95,-1.6,1.9));
#2092 = VECTOR('',#2093,1.);
#2093 = DIRECTION('',(0.,0.,1.));
#2094 = ORIENTED_EDGE('',*,*,#1832,.T.);
#2095 = PLANE('',#2096);
#2096 = AXIS2_PLACEMENT_3D('',#2097,#2098,#2099);
#2097 = CARTESIAN_POINT('',(3.95,-1.6,1.9));
#2098 = DIRECTION('',(0.,1.,0.));
#2099 = DIRECTION('',(0.,0.,1.));
#2100 = ADVANCED_FACE('',(#2101),#2119,.F.);
#2101 = FACE_BOUND('',#2102,.F.);
#2102 = EDGE_LOOP('',(#2103,#2111,#2117,#2118));
#2103 = ORIENTED_EDGE('',*,*,#2104,.F.);
#2104 = EDGE_CURVE('',#2105,#2082,#2107,.T.);
#2105 = VERTEX_POINT('',#2106);
#2106 = CARTESIAN_POINT('',(3.95,-3.2,2.1));
#2107 = LINE('',#2108,#2109);
#2108 = CARTESIAN_POINT('',(3.95,-3.2,2.1));
#2109 = VECTOR('',#2110,1.);
#2110 = DIRECTION('',(0.,1.,0.));
#2111 = ORIENTED_EDGE('',*,*,#2112,.T.);
#2112 = EDGE_CURVE('',#2105,#1012,#2113,.T.);
#2113 = LINE('',#2114,#2115);
#2114 = CARTESIAN_POINT('',(3.95,-3.2,2.1));
#2115 = VECTOR('',#2116,1.);
#2116 = DIRECTION('',(1.,0.,0.));
#2117 = ORIENTED_EDGE('',*,*,#1019,.T.);
#2118 = ORIENTED_EDGE('',*,*,#2081,.T.);
#2119 = PLANE('',#2120);
#2120 = AXIS2_PLACEMENT_3D('',#2121,#2122,#2123);
#2121 = CARTESIAN_POINT('',(3.95,-3.2,2.1));
#2122 = DIRECTION('',(0.,0.,1.));
#2123 = DIRECTION('',(1.,0.,0.));
#2124 = ADVANCED_FACE('',(#2125),#2143,.T.);
#2125 = FACE_BOUND('',#2126,.T.);
#2126 = EDGE_LOOP('',(#2127,#2135,#2141,#2142));
#2127 = ORIENTED_EDGE('',*,*,#2128,.F.);
#2128 = EDGE_CURVE('',#2129,#1004,#2131,.T.);
#2129 = VERTEX_POINT('',#2130);
#2130 = CARTESIAN_POINT('',(3.95,-3.2,0.6));
#2131 = LINE('',#2132,#2133);
#2132 = CARTESIAN_POINT('',(3.95,-3.2,0.6));
#2133 = VECTOR('',#2134,1.);
#2134 = DIRECTION('',(1.,0.,0.));
#2135 = ORIENTED_EDGE('',*,*,#2136,.T.);
#2136 = EDGE_CURVE('',#2129,#2105,#2137,.T.);
#2137 = LINE('',#2138,#2139);
#2138 = CARTESIAN_POINT('',(3.95,-3.2,0.6));
#2139 = VECTOR('',#2140,1.);
#2140 = DIRECTION('',(0.,0.,1.));
#2141 = ORIENTED_EDGE('',*,*,#2112,.T.);
#2142 = ORIENTED_EDGE('',*,*,#1011,.F.);
#2143 = PLANE('',#2144);
#2144 = AXIS2_PLACEMENT_3D('',#2145,#2146,#2147);
#2145 = CARTESIAN_POINT('',(3.95,-3.2,0.6));
#2146 = DIRECTION('',(0.,1.,0.));
#2147 = DIRECTION('',(0.,0.,1.));
#2148 = ADVANCED_FACE('',(#2149),#2167,.T.);
#2149 = FACE_BOUND('',#2150,.T.);
#2150 = EDGE_LOOP('',(#2151,#2159,#2160,#2161));
#2151 = ORIENTED_EDGE('',*,*,#2152,.F.);
#2152 = EDGE_CURVE('',#2129,#2153,#2155,.T.);
#2153 = VERTEX_POINT('',#2154);
#2154 = CARTESIAN_POINT('',(3.95,3.2,0.6));
#2155 = LINE('',#2156,#2157);
#2156 = CARTESIAN_POINT('',(3.95,-3.2,0.6));
#2157 = VECTOR('',#2158,1.);
#2158 = DIRECTION('',(0.,1.,0.));
#2159 = ORIENTED_EDGE('',*,*,#2128,.T.);
#2160 = ORIENTED_EDGE('',*,*,#1003,.T.);
#2161 = ORIENTED_EDGE('',*,*,#2162,.F.);
#2162 = EDGE_CURVE('',#2153,#996,#2163,.T.);
#2163 = LINE('',#2164,#2165);
#2164 = CARTESIAN_POINT('',(3.95,3.2,0.6));
#2165 = VECTOR('',#2166,1.);
#2166 = DIRECTION('',(1.,0.,0.));
#2167 = PLANE('',#2168);
#2168 = AXIS2_PLACEMENT_3D('',#2169,#2170,#2171);
#2169 = CARTESIAN_POINT('',(3.95,-3.2,0.6));
#2170 = DIRECTION('',(0.,0.,1.));
#2171 = DIRECTION('',(1.,0.,0.));
#2172 = ADVANCED_FACE('',(#2173),#2191,.F.);
#2173 = FACE_BOUND('',#2174,.F.);
#2174 = EDGE_LOOP('',(#2175,#2176,#2184,#2190));
#2175 = ORIENTED_EDGE('',*,*,#2162,.F.);
#2176 = ORIENTED_EDGE('',*,*,#2177,.T.);
#2177 = EDGE_CURVE('',#2153,#2178,#2180,.T.);
#2178 = VERTEX_POINT('',#2179);
#2179 = CARTESIAN_POINT('',(3.95,3.2,2.1));
#2180 = LINE('',#2181,#2182);
#2181 = CARTESIAN_POINT('',(3.95,3.2,0.6));
#2182 = VECTOR('',#2183,1.);
#2183 = DIRECTION('',(0.,0.,1.));
#2184 = ORIENTED_EDGE('',*,*,#2185,.T.);
#2185 = EDGE_CURVE('',#2178,#988,#2186,.T.);
#2186 = LINE('',#2187,#2188);
#2187 = CARTESIAN_POINT('',(3.95,3.2,2.1));
#2188 = VECTOR('',#2189,1.);
#2189 = DIRECTION('',(1.,0.,0.));
#2190 = ORIENTED_EDGE('',*,*,#995,.F.);
#2191 = PLANE('',#2192);
#2192 = AXIS2_PLACEMENT_3D('',#2193,#2194,#2195);
#2193 = CARTESIAN_POINT('',(3.95,3.2,0.6));
#2194 = DIRECTION('',(0.,1.,0.));
#2195 = DIRECTION('',(0.,0.,1.));
#2196 = ADVANCED_FACE('',(#2197),#2215,.F.);
#2197 = FACE_BOUND('',#2198,.F.);
#2198 = EDGE_LOOP('',(#2199,#2207,#2213,#2214));
#2199 = ORIENTED_EDGE('',*,*,#2200,.F.);
#2200 = EDGE_CURVE('',#2201,#2178,#2203,.T.);
#2201 = VERTEX_POINT('',#2202);
#2202 = CARTESIAN_POINT('',(3.95,1.6,2.1));
#2203 = LINE('',#2204,#2205);
#2204 = CARTESIAN_POINT('',(3.95,-3.2,2.1));
#2205 = VECTOR('',#2206,1.);
#2206 = DIRECTION('',(0.,1.,0.));
#2207 = ORIENTED_EDGE('',*,*,#2208,.F.);
#2208 = EDGE_CURVE('',#980,#2201,#2209,.T.);
#2209 = LINE('',#2210,#2211);
#2210 = CARTESIAN_POINT('',(3.95,1.6,2.1));
#2211 = VECTOR('',#2212,1.);
#2212 = DIRECTION('',(-1.,0.,0.));
#2213 = ORIENTED_EDGE('',*,*,#987,.T.);
#2214 = ORIENTED_EDGE('',*,*,#2185,.F.);
#2215 = PLANE('',#2216);
#2216 = AXIS2_PLACEMENT_3D('',#2217,#2218,#2219);
#2217 = CARTESIAN_POINT('',(3.95,-3.2,2.1));
#2218 = DIRECTION('',(0.,0.,1.));
#2219 = DIRECTION('',(1.,0.,0.));
#2220 = ADVANCED_FACE('',(#2221),#2232,.F.);
#2221 = FACE_BOUND('',#2222,.F.);
#2222 = EDGE_LOOP('',(#2223,#2224,#2225,#2231));
#2223 = ORIENTED_EDGE('',*,*,#979,.F.);
#2224 = ORIENTED_EDGE('',*,*,#2208,.T.);
#2225 = ORIENTED_EDGE('',*,*,#2226,.T.);
#2226 = EDGE_CURVE('',#2201,#1841,#2227,.T.);
#2227 = LINE('',#2228,#2229);
#2228 = CARTESIAN_POINT('',(3.95,1.6,1.9));
#2229 = VECTOR('',#2230,1.);
#2230 = DIRECTION('',(0.,0.,1.));
#2231 = ORIENTED_EDGE('',*,*,#1848,.T.);
#2232 = PLANE('',#2233);
#2233 = AXIS2_PLACEMENT_3D('',#2234,#2235,#2236);
#2234 = CARTESIAN_POINT('',(3.95,1.6,1.9));
#2235 = DIRECTION('',(0.,1.,0.));
#2236 = DIRECTION('',(0.,0.,1.));
#2237 = ADVANCED_FACE('',(#2238),#2249,.T.);
#2238 = FACE_BOUND('',#2239,.F.);
#2239 = EDGE_LOOP('',(#2240,#2241,#2247,#2248));
#2240 = ORIENTED_EDGE('',*,*,#1090,.T.);
#2241 = ORIENTED_EDGE('',*,*,#2242,.T.);
#2242 = EDGE_CURVE('',#1081,#1147,#2243,.T.);
#2243 = LINE('',#2244,#2245);
#2244 = CARTESIAN_POINT('',(-1.E-02,2.6,-3.5));
#2245 = VECTOR('',#2246,1.);
#2246 = DIRECTION('',(0.,1.,0.));
#2247 = ORIENTED_EDGE('',*,*,#1156,.F.);
#2248 = ORIENTED_EDGE('',*,*,#1057,.F.);
#2249 = CYLINDRICAL_SURFACE('',#2250,0.24);
#2250 = AXIS2_PLACEMENT_3D('',#2251,#2252,#2253);
#2251 = CARTESIAN_POINT('',(-1.E-02,2.6,-3.26));
#2252 = DIRECTION('',(0.,1.,0.));
#2253 = DIRECTION('',(-1.,0.,0.));
#2254 = ADVANCED_FACE('',(#2255),#2266,.F.);
#2255 = FACE_BOUND('',#2256,.F.);
#2256 = EDGE_LOOP('',(#2257,#2258,#2259,#2260));
#2257 = ORIENTED_EDGE('',*,*,#1146,.F.);
#2258 = ORIENTED_EDGE('',*,*,#2242,.F.);
#2259 = ORIENTED_EDGE('',*,*,#1080,.T.);
#2260 = ORIENTED_EDGE('',*,*,#2261,.T.);
#2261 = EDGE_CURVE('',#1083,#1149,#2262,.T.);
#2262 = LINE('',#2263,#2264);
#2263 = CARTESIAN_POINT('',(1.E-02,2.6,-3.5));
#2264 = VECTOR('',#2265,1.);
#2265 = DIRECTION('',(0.,1.,0.));
#2266 = PLANE('',#2267);
#2267 = AXIS2_PLACEMENT_3D('',#2268,#2269,#2270);
#2268 = CARTESIAN_POINT('',(-0.25,2.6,-3.5));
#2269 = DIRECTION('',(0.,0.,1.));
#2270 = DIRECTION('',(1.,0.,0.));
#2271 = ADVANCED_FACE('',(#2272),#2278,.T.);
#2272 = FACE_BOUND('',#2273,.T.);
#2273 = EDGE_LOOP('',(#2274,#2275,#2276,#2277));
#2274 = ORIENTED_EDGE('',*,*,#1107,.T.);
#2275 = ORIENTED_EDGE('',*,*,#2261,.T.);
#2276 = ORIENTED_EDGE('',*,*,#1166,.F.);
#2277 = ORIENTED_EDGE('',*,*,#1123,.F.);
#2278 = CYLINDRICAL_SURFACE('',#2279,0.24);
#2279 = AXIS2_PLACEMENT_3D('',#2280,#2281,#2282);
#2280 = CARTESIAN_POINT('',(1.E-02,2.6,-3.26));
#2281 = DIRECTION('',(0.,1.,0.));
#2282 = DIRECTION('',(1.,0.,0.));
#2283 = ADVANCED_FACE('',(#2284),#2290,.F.);
#2284 = FACE_BOUND('',#2285,.F.);
#2285 = EDGE_LOOP('',(#2286,#2287,#2288,#2289));
#2286 = ORIENTED_EDGE('',*,*,#1198,.F.);
#2287 = ORIENTED_EDGE('',*,*,#1238,.T.);
#2288 = ORIENTED_EDGE('',*,*,#1263,.T.);
#2289 = ORIENTED_EDGE('',*,*,#1214,.F.);
#2290 = PLANE('',#2291);
#2291 = AXIS2_PLACEMENT_3D('',#2292,#2293,#2294);
#2292 = CARTESIAN_POINT('',(0.4,-0.8,2.4));
#2293 = DIRECTION('',(0.,0.,1.));
#2294 = DIRECTION('',(1.,0.,0.));
#2295 = ADVANCED_FACE('',(#2296),#2307,.T.);
#2296 = FACE_BOUND('',#2297,.F.);
#2297 = EDGE_LOOP('',(#2298,#2299,#2305,#2306));
#2298 = ORIENTED_EDGE('',*,*,#1318,.T.);
#2299 = ORIENTED_EDGE('',*,*,#2300,.T.);
#2300 = EDGE_CURVE('',#1309,#1375,#2301,.T.);
#2301 = LINE('',#2302,#2303);
#2302 = CARTESIAN_POINT('',(-2.51,-2.8,-3.5));
#2303 = VECTOR('',#2304,1.);
#2304 = DIRECTION('',(0.,1.,0.));
#2305 = ORIENTED_EDGE('',*,*,#1384,.F.);
#2306 = ORIENTED_EDGE('',*,*,#1285,.F.);
#2307 = CYLINDRICAL_SURFACE('',#2308,0.24);
#2308 = AXIS2_PLACEMENT_3D('',#2309,#2310,#2311);
#2309 = CARTESIAN_POINT('',(-2.51,-2.8,-3.26));
#2310 = DIRECTION('',(0.,1.,0.));
#2311 = DIRECTION('',(-1.,0.,0.));
#2312 = ADVANCED_FACE('',(#2313),#2324,.F.);
#2313 = FACE_BOUND('',#2314,.F.);
#2314 = EDGE_LOOP('',(#2315,#2316,#2317,#2318));
#2315 = ORIENTED_EDGE('',*,*,#1374,.F.);
#2316 = ORIENTED_EDGE('',*,*,#2300,.F.);
#2317 = ORIENTED_EDGE('',*,*,#1308,.T.);
#2318 = ORIENTED_EDGE('',*,*,#2319,.T.);
#2319 = EDGE_CURVE('',#1311,#1377,#2320,.T.);
#2320 = LINE('',#2321,#2322);
#2321 = CARTESIAN_POINT('',(-2.49,-2.8,-3.5));
#2322 = VECTOR('',#2323,1.);
#2323 = DIRECTION('',(0.,1.,0.));
#2324 = PLANE('',#2325);
#2325 = AXIS2_PLACEMENT_3D('',#2326,#2327,#2328);
#2326 = CARTESIAN_POINT('',(-2.75,-2.8,-3.5));
#2327 = DIRECTION('',(0.,0.,1.));
#2328 = DIRECTION('',(1.,0.,0.));
#2329 = ADVANCED_FACE('',(#2330),#2336,.T.);
#2330 = FACE_BOUND('',#2331,.T.);
#2331 = EDGE_LOOP('',(#2332,#2333,#2334,#2335));
#2332 = ORIENTED_EDGE('',*,*,#1335,.T.);
#2333 = ORIENTED_EDGE('',*,*,#2319,.T.);
#2334 = ORIENTED_EDGE('',*,*,#1394,.F.);
#2335 = ORIENTED_EDGE('',*,*,#1351,.F.);
#2336 = CYLINDRICAL_SURFACE('',#2337,0.24);
#2337 = AXIS2_PLACEMENT_3D('',#2338,#2339,#2340);
#2338 = CARTESIAN_POINT('',(-2.49,-2.8,-3.26));
#2339 = DIRECTION('',(0.,1.,0.));
#2340 = DIRECTION('',(1.,0.,0.));
#2341 = ADVANCED_FACE('',(#2342),#2353,.T.);
#2342 = FACE_BOUND('',#2343,.F.);
#2343 = EDGE_LOOP('',(#2344,#2345,#2351,#2352));
#2344 = ORIENTED_EDGE('',*,*,#1450,.T.);
#2345 = ORIENTED_EDGE('',*,*,#2346,.T.);
#2346 = EDGE_CURVE('',#1441,#1507,#2347,.T.);
#2347 = LINE('',#2348,#2349);
#2348 = CARTESIAN_POINT('',(-1.E-02,-2.8,-3.5));
#2349 = VECTOR('',#2350,1.);
#2350 = DIRECTION('',(0.,1.,0.));
#2351 = ORIENTED_EDGE('',*,*,#1516,.F.);
#2352 = ORIENTED_EDGE('',*,*,#1417,.F.);
#2353 = CYLINDRICAL_SURFACE('',#2354,0.24);
#2354 = AXIS2_PLACEMENT_3D('',#2355,#2356,#2357);
#2355 = CARTESIAN_POINT('',(-1.E-02,-2.8,-3.26));
#2356 = DIRECTION('',(0.,1.,0.));
#2357 = DIRECTION('',(-1.,0.,0.));
#2358 = ADVANCED_FACE('',(#2359),#2370,.F.);
#2359 = FACE_BOUND('',#2360,.F.);
#2360 = EDGE_LOOP('',(#2361,#2362,#2363,#2364));
#2361 = ORIENTED_EDGE('',*,*,#1506,.F.);
#2362 = ORIENTED_EDGE('',*,*,#2346,.F.);
#2363 = ORIENTED_EDGE('',*,*,#1440,.T.);
#2364 = ORIENTED_EDGE('',*,*,#2365,.T.);
#2365 = EDGE_CURVE('',#1443,#1509,#2366,.T.);
#2366 = LINE('',#2367,#2368);
#2367 = CARTESIAN_POINT('',(1.E-02,-2.8,-3.5));
#2368 = VECTOR('',#2369,1.);
#2369 = DIRECTION('',(0.,1.,0.));
#2370 = PLANE('',#2371);
#2371 = AXIS2_PLACEMENT_3D('',#2372,#2373,#2374);
#2372 = CARTESIAN_POINT('',(-0.25,-2.8,-3.5));
#2373 = DIRECTION('',(0.,0.,1.));
#2374 = DIRECTION('',(1.,0.,0.));
#2375 = ADVANCED_FACE('',(#2376),#2382,.T.);
#2376 = FACE_BOUND('',#2377,.T.);
#2377 = EDGE_LOOP('',(#2378,#2379,#2380,#2381));
#2378 = ORIENTED_EDGE('',*,*,#1467,.T.);
#2379 = ORIENTED_EDGE('',*,*,#2365,.T.);
#2380 = ORIENTED_EDGE('',*,*,#1526,.F.);
#2381 = ORIENTED_EDGE('',*,*,#1483,.F.);
#2382 = CYLINDRICAL_SURFACE('',#2383,0.24);
#2383 = AXIS2_PLACEMENT_3D('',#2384,#2385,#2386);
#2384 = CARTESIAN_POINT('',(1.E-02,-2.8,-3.26));
#2385 = DIRECTION('',(0.,1.,0.));
#2386 = DIRECTION('',(1.,0.,0.));
#2387 = ADVANCED_FACE('',(#2388),#2399,.T.);
#2388 = FACE_BOUND('',#2389,.F.);
#2389 = EDGE_LOOP('',(#2390,#2391,#2397,#2398));
#2390 = ORIENTED_EDGE('',*,*,#1582,.T.);
#2391 = ORIENTED_EDGE('',*,*,#2392,.T.);
#2392 = EDGE_CURVE('',#1573,#1639,#2393,.T.);
#2393 = LINE('',#2394,#2395);
#2394 = CARTESIAN_POINT('',(2.49,-2.8,-3.5));
#2395 = VECTOR('',#2396,1.);
#2396 = DIRECTION('',(0.,1.,0.));
#2397 = ORIENTED_EDGE('',*,*,#1648,.F.);
#2398 = ORIENTED_EDGE('',*,*,#1549,.F.);
#2399 = CYLINDRICAL_SURFACE('',#2400,0.24);
#2400 = AXIS2_PLACEMENT_3D('',#2401,#2402,#2403);
#2401 = CARTESIAN_POINT('',(2.49,-2.8,-3.26));
#2402 = DIRECTION('',(0.,1.,0.));
#2403 = DIRECTION('',(-1.,0.,0.));
#2404 = ADVANCED_FACE('',(#2405),#2416,.F.);
#2405 = FACE_BOUND('',#2406,.F.);
#2406 = EDGE_LOOP('',(#2407,#2408,#2409,#2410));
#2407 = ORIENTED_EDGE('',*,*,#1638,.F.);
#2408 = ORIENTED_EDGE('',*,*,#2392,.F.);
#2409 = ORIENTED_EDGE('',*,*,#1572,.T.);
#2410 = ORIENTED_EDGE('',*,*,#2411,.T.);
#2411 = EDGE_CURVE('',#1575,#1641,#2412,.T.);
#2412 = LINE('',#2413,#2414);
#2413 = CARTESIAN_POINT('',(2.51,-2.8,-3.5));
#2414 = VECTOR('',#2415,1.);
#2415 = DIRECTION('',(0.,1.,0.));
#2416 = PLANE('',#2417);
#2417 = AXIS2_PLACEMENT_3D('',#2418,#2419,#2420);
#2418 = CARTESIAN_POINT('',(2.25,-2.8,-3.5));
#2419 = DIRECTION('',(0.,0.,1.));
#2420 = DIRECTION('',(1.,0.,0.));
#2421 = ADVANCED_FACE('',(#2422),#2428,.T.);
#2422 = FACE_BOUND('',#2423,.T.);
#2423 = EDGE_LOOP('',(#2424,#2425,#2426,#2427));
#2424 = ORIENTED_EDGE('',*,*,#1599,.T.);
#2425 = ORIENTED_EDGE('',*,*,#2411,.T.);
#2426 = ORIENTED_EDGE('',*,*,#1658,.F.);
#2427 = ORIENTED_EDGE('',*,*,#1615,.F.);
#2428 = CYLINDRICAL_SURFACE('',#2429,0.24);
#2429 = AXIS2_PLACEMENT_3D('',#2430,#2431,#2432);
#2430 = CARTESIAN_POINT('',(2.51,-2.8,-3.26));
#2431 = DIRECTION('',(0.,1.,0.));
#2432 = DIRECTION('',(1.,0.,0.));
#2433 = ADVANCED_FACE('',(#2434),#2445,.T.);
#2434 = FACE_BOUND('',#2435,.F.);
#2435 = EDGE_LOOP('',(#2436,#2437,#2443,#2444));
#2436 = ORIENTED_EDGE('',*,*,#1714,.T.);
#2437 = ORIENTED_EDGE('',*,*,#2438,.T.);
#2438 = EDGE_CURVE('',#1705,#1771,#2439,.T.);
#2439 = LINE('',#2440,#2441);
#2440 = CARTESIAN_POINT('',(2.49,2.6,-3.5));
#2441 = VECTOR('',#2442,1.);
#2442 = DIRECTION('',(0.,1.,0.));
#2443 = ORIENTED_EDGE('',*,*,#1780,.F.);
#2444 = ORIENTED_EDGE('',*,*,#1681,.F.);
#2445 = CYLINDRICAL_SURFACE('',#2446,0.24);
#2446 = AXIS2_PLACEMENT_3D('',#2447,#2448,#2449);
#2447 = CARTESIAN_POINT('',(2.49,2.6,-3.26));
#2448 = DIRECTION('',(0.,1.,0.));
#2449 = DIRECTION('',(-1.,0.,0.));
#2450 = ADVANCED_FACE('',(#2451),#2462,.F.);
#2451 = FACE_BOUND('',#2452,.F.);
#2452 = EDGE_LOOP('',(#2453,#2454,#2455,#2456));
#2453 = ORIENTED_EDGE('',*,*,#1770,.F.);
#2454 = ORIENTED_EDGE('',*,*,#2438,.F.);
#2455 = ORIENTED_EDGE('',*,*,#1704,.T.);
#2456 = ORIENTED_EDGE('',*,*,#2457,.T.);
#2457 = EDGE_CURVE('',#1707,#1773,#2458,.T.);
#2458 = LINE('',#2459,#2460);
#2459 = CARTESIAN_POINT('',(2.51,2.6,-3.5));
#2460 = VECTOR('',#2461,1.);
#2461 = DIRECTION('',(0.,1.,0.));
#2462 = PLANE('',#2463);
#2463 = AXIS2_PLACEMENT_3D('',#2464,#2465,#2466);
#2464 = CARTESIAN_POINT('',(2.25,2.6,-3.5));
#2465 = DIRECTION('',(0.,0.,1.));
#2466 = DIRECTION('',(1.,0.,0.));
#2467 = ADVANCED_FACE('',(#2468),#2474,.T.);
#2468 = FACE_BOUND('',#2469,.T.);
#2469 = EDGE_LOOP('',(#2470,#2471,#2472,#2473));
#2470 = ORIENTED_EDGE('',*,*,#1731,.T.);
#2471 = ORIENTED_EDGE('',*,*,#2457,.T.);
#2472 = ORIENTED_EDGE('',*,*,#1790,.F.);
#2473 = ORIENTED_EDGE('',*,*,#1747,.F.);
#2474 = CYLINDRICAL_SURFACE('',#2475,0.24);
#2475 = AXIS2_PLACEMENT_3D('',#2476,#2477,#2478);
#2476 = CARTESIAN_POINT('',(2.51,2.6,-3.26));
#2477 = DIRECTION('',(0.,1.,0.));
#2478 = DIRECTION('',(1.,0.,0.));
#2479 = ADVANCED_FACE('',(#2480),#2491,.F.);
#2480 = FACE_BOUND('',#2481,.F.);
#2481 = EDGE_LOOP('',(#2482,#2483,#2484,#2485,#2486,#2487,#2488,#2489,
    #2490));
#2482 = ORIENTED_EDGE('',*,*,#2017,.F.);
#2483 = ORIENTED_EDGE('',*,*,#2001,.F.);
#2484 = ORIENTED_EDGE('',*,*,#1976,.T.);
#2485 = ORIENTED_EDGE('',*,*,#1953,.T.);
#2486 = ORIENTED_EDGE('',*,*,#1921,.F.);
#2487 = ORIENTED_EDGE('',*,*,#1895,.T.);
#2488 = ORIENTED_EDGE('',*,*,#1865,.F.);
#2489 = ORIENTED_EDGE('',*,*,#1873,.F.);
#2490 = ORIENTED_EDGE('',*,*,#2039,.F.);
#2491 = PLANE('',#2492);
#2492 = AXIS2_PLACEMENT_3D('',#2493,#2494,#2495);
#2493 = CARTESIAN_POINT('',(-3.95,0.,2.064));
#2494 = DIRECTION('',(1.,7.233229173918E-48,6.906020461017E-31));
#2495 = DIRECTION('',(-6.906020461017E-31,0.,1.));
#2496 = ADVANCED_FACE('',(#2497),#2507,.F.);
#2497 = FACE_BOUND('',#2498,.F.);
#2498 = EDGE_LOOP('',(#2499,#2500,#2501,#2502,#2503,#2504,#2505,#2506));
#2499 = ORIENTED_EDGE('',*,*,#2104,.T.);
#2500 = ORIENTED_EDGE('',*,*,#2089,.T.);
#2501 = ORIENTED_EDGE('',*,*,#1840,.T.);
#2502 = ORIENTED_EDGE('',*,*,#2226,.F.);
#2503 = ORIENTED_EDGE('',*,*,#2200,.T.);
#2504 = ORIENTED_EDGE('',*,*,#2177,.F.);
#2505 = ORIENTED_EDGE('',*,*,#2152,.F.);
#2506 = ORIENTED_EDGE('',*,*,#2136,.T.);
#2507 = PLANE('',#2508);
#2508 = AXIS2_PLACEMENT_3D('',#2509,#2510,#2511);
#2509 = CARTESIAN_POINT('',(3.95,-8.881784197001E-17,2.064));
#2510 = DIRECTION('',(-1.,4.651302507199E-33,1.525079518475E-31));
#2511 = DIRECTION('',(-1.525079518475E-31,0.,-1.));
#2512 = BREP_WITH_VOIDS('',#2513,(#3892));
#2513 = CLOSED_SHELL('',(#2514,#2658,#2673,#2722,#2756,#2772,#2853,#2877
    ,#2956,#2966,#2983,#3144,#3161,#3178,#3190,#3212,#3224,#3241,#3258,
    #3275,#3292,#3304,#3335,#3359,#3383,#3423,#3447,#3487,#3511,#3535,
    #3559,#3607,#3631,#3655,#3679,#3703,#3727,#3768,#3796,#3813,#3825,
    #3842,#3859,#3876));
#2514 = ADVANCED_FACE('',(#2515),#2653,.T.);
#2515 = FACE_BOUND('',#2516,.T.);
#2516 = EDGE_LOOP('',(#2517,#2528,#2536,#2545,#2553,#2561,#2570,#2578,
    #2587,#2595,#2604,#2612,#2621,#2629,#2636,#2637,#2638,#2647));
#2517 = ORIENTED_EDGE('',*,*,#2518,.F.);
#2518 = EDGE_CURVE('',#2519,#2521,#2523,.T.);
#2519 = VERTEX_POINT('',#2520);
#2520 = CARTESIAN_POINT('',(-4.25,0.3,7.6));
#2521 = VERTEX_POINT('',#2522);
#2522 = CARTESIAN_POINT('',(-4.25,-0.3,7.6));
#2523 = CIRCLE('',#2524,0.3);
#2524 = AXIS2_PLACEMENT_3D('',#2525,#2526,#2527);
#2525 = CARTESIAN_POINT('',(-4.25,0.,7.6));
#2526 = DIRECTION('',(0.,0.,1.));
#2527 = DIRECTION('',(1.,0.,0.));
#2528 = ORIENTED_EDGE('',*,*,#2529,.F.);
#2529 = EDGE_CURVE('',#2530,#2519,#2532,.T.);
#2530 = VERTEX_POINT('',#2531);
#2531 = CARTESIAN_POINT('',(-4.25,0.3,4.2001));
#2532 = LINE('',#2533,#2534);
#2533 = CARTESIAN_POINT('',(-4.25,0.3,0.8));
#2534 = VECTOR('',#2535,1.);
#2535 = DIRECTION('',(0.,0.,1.));
#2536 = ORIENTED_EDGE('',*,*,#2537,.F.);
#2537 = EDGE_CURVE('',#2538,#2530,#2540,.T.);
#2538 = VERTEX_POINT('',#2539);
#2539 = CARTESIAN_POINT('',(-3.95,-7.347880794884E-17,4.2001));
#2540 = CIRCLE('',#2541,0.3);
#2541 = AXIS2_PLACEMENT_3D('',#2542,#2543,#2544);
#2542 = CARTESIAN_POINT('',(-4.25,0.,4.2001));
#2543 = DIRECTION('',(0.,0.,1.));
#2544 = DIRECTION('',(1.,0.,0.));
#2545 = ORIENTED_EDGE('',*,*,#2546,.F.);
#2546 = EDGE_CURVE('',#2547,#2538,#2549,.T.);
#2547 = VERTEX_POINT('',#2548);
#2548 = CARTESIAN_POINT('',(-3.95,-3.673940397442E-17,4.2));
#2549 = LINE('',#2550,#2551);
#2550 = CARTESIAN_POINT('',(-3.95,-7.347880794884E-17,0.8));
#2551 = VECTOR('',#2552,1.);
#2552 = DIRECTION('',(0.,0.,1.));
#2553 = ORIENTED_EDGE('',*,*,#2554,.F.);
#2554 = EDGE_CURVE('',#2555,#2547,#2557,.T.);
#2555 = VERTEX_POINT('',#2556);
#2556 = CARTESIAN_POINT('',(-3.95,-7.347880794884E-17,0.8));
#2557 = LINE('',#2558,#2559);
#2558 = CARTESIAN_POINT('',(-3.95,-7.347880794884E-17,0.8));
#2559 = VECTOR('',#2560,1.);
#2560 = DIRECTION('',(0.,0.,1.));
#2561 = ORIENTED_EDGE('',*,*,#2562,.T.);
#2562 = EDGE_CURVE('',#2555,#2563,#2565,.T.);
#2563 = VERTEX_POINT('',#2564);
#2564 = CARTESIAN_POINT('',(-4.05,0.22360679775,0.8));
#2565 = CIRCLE('',#2566,0.3);
#2566 = AXIS2_PLACEMENT_3D('',#2567,#2568,#2569);
#2567 = CARTESIAN_POINT('',(-4.25,0.,0.8));
#2568 = DIRECTION('',(0.,0.,1.));
#2569 = DIRECTION('',(1.,0.,0.));
#2570 = ORIENTED_EDGE('',*,*,#2571,.T.);
#2571 = EDGE_CURVE('',#2563,#2572,#2574,.T.);
#2572 = VERTEX_POINT('',#2573);
#2573 = CARTESIAN_POINT('',(-4.05,0.22360679775,4.2));
#2574 = LINE('',#2575,#2576);
#2575 = CARTESIAN_POINT('',(-4.05,0.22360679775,0.8));
#2576 = VECTOR('',#2577,1.);
#2577 = DIRECTION('',(0.,0.,1.));
#2578 = ORIENTED_EDGE('',*,*,#2579,.T.);
#2579 = EDGE_CURVE('',#2572,#2580,#2582,.T.);
#2580 = VERTEX_POINT('',#2581);
#2581 = CARTESIAN_POINT('',(-4.25,0.3,4.2));
#2582 = CIRCLE('',#2583,0.3);
#2583 = AXIS2_PLACEMENT_3D('',#2584,#2585,#2586);
#2584 = CARTESIAN_POINT('',(-4.25,0.,4.2));
#2585 = DIRECTION('',(0.,0.,1.));
#2586 = DIRECTION('',(1.,0.,0.));
#2587 = ORIENTED_EDGE('',*,*,#2588,.F.);
#2588 = EDGE_CURVE('',#2589,#2580,#2591,.T.);
#2589 = VERTEX_POINT('',#2590);
#2590 = CARTESIAN_POINT('',(-4.25,0.3,0.8));
#2591 = LINE('',#2592,#2593);
#2592 = CARTESIAN_POINT('',(-4.25,0.3,0.8));
#2593 = VECTOR('',#2594,1.);
#2594 = DIRECTION('',(0.,0.,1.));
#2595 = ORIENTED_EDGE('',*,*,#2596,.T.);
#2596 = EDGE_CURVE('',#2589,#2597,#2599,.T.);
#2597 = VERTEX_POINT('',#2598);
#2598 = CARTESIAN_POINT('',(-4.25,-0.3,0.8));
#2599 = CIRCLE('',#2600,0.3);
#2600 = AXIS2_PLACEMENT_3D('',#2601,#2602,#2603);
#2601 = CARTESIAN_POINT('',(-4.25,0.,0.8));
#2602 = DIRECTION('',(0.,0.,1.));
#2603 = DIRECTION('',(1.,0.,0.));
#2604 = ORIENTED_EDGE('',*,*,#2605,.T.);
#2605 = EDGE_CURVE('',#2597,#2606,#2608,.T.);
#2606 = VERTEX_POINT('',#2607);
#2607 = CARTESIAN_POINT('',(-4.25,-0.3,4.2));
#2608 = LINE('',#2609,#2610);
#2609 = CARTESIAN_POINT('',(-4.25,-0.3,0.8));
#2610 = VECTOR('',#2611,1.);
#2611 = DIRECTION('',(0.,0.,1.));
#2612 = ORIENTED_EDGE('',*,*,#2613,.T.);
#2613 = EDGE_CURVE('',#2606,#2614,#2616,.T.);
#2614 = VERTEX_POINT('',#2615);
#2615 = CARTESIAN_POINT('',(-4.05,-0.22360679775,4.2));
#2616 = CIRCLE('',#2617,0.3);
#2617 = AXIS2_PLACEMENT_3D('',#2618,#2619,#2620);
#2618 = CARTESIAN_POINT('',(-4.25,0.,4.2));
#2619 = DIRECTION('',(0.,0.,1.));
#2620 = DIRECTION('',(1.,0.,0.));
#2621 = ORIENTED_EDGE('',*,*,#2622,.F.);
#2622 = EDGE_CURVE('',#2623,#2614,#2625,.T.);
#2623 = VERTEX_POINT('',#2624);
#2624 = CARTESIAN_POINT('',(-4.05,-0.22360679775,0.8));
#2625 = LINE('',#2626,#2627);
#2626 = CARTESIAN_POINT('',(-4.05,-0.22360679775,0.8));
#2627 = VECTOR('',#2628,1.);
#2628 = DIRECTION('',(0.,0.,1.));
#2629 = ORIENTED_EDGE('',*,*,#2630,.T.);
#2630 = EDGE_CURVE('',#2623,#2555,#2631,.T.);
#2631 = CIRCLE('',#2632,0.3);
#2632 = AXIS2_PLACEMENT_3D('',#2633,#2634,#2635);
#2633 = CARTESIAN_POINT('',(-4.25,0.,0.8));
#2634 = DIRECTION('',(0.,0.,1.));
#2635 = DIRECTION('',(1.,0.,0.));
#2636 = ORIENTED_EDGE('',*,*,#2554,.T.);
#2637 = ORIENTED_EDGE('',*,*,#2546,.T.);
#2638 = ORIENTED_EDGE('',*,*,#2639,.F.);
#2639 = EDGE_CURVE('',#2640,#2538,#2642,.T.);
#2640 = VERTEX_POINT('',#2641);
#2641 = CARTESIAN_POINT('',(-4.25,-0.3,4.2001));
#2642 = CIRCLE('',#2643,0.3);
#2643 = AXIS2_PLACEMENT_3D('',#2644,#2645,#2646);
#2644 = CARTESIAN_POINT('',(-4.25,0.,4.2001));
#2645 = DIRECTION('',(0.,0.,1.));
#2646 = DIRECTION('',(1.,0.,0.));
#2647 = ORIENTED_EDGE('',*,*,#2648,.T.);
#2648 = EDGE_CURVE('',#2640,#2521,#2649,.T.);
#2649 = LINE('',#2650,#2651);
#2650 = CARTESIAN_POINT('',(-4.25,-0.3,0.8));
#2651 = VECTOR('',#2652,1.);
#2652 = DIRECTION('',(0.,0.,1.));
#2653 = CYLINDRICAL_SURFACE('',#2654,0.3);
#2654 = AXIS2_PLACEMENT_3D('',#2655,#2656,#2657);
#2655 = CARTESIAN_POINT('',(-4.25,0.,0.8));
#2656 = DIRECTION('',(0.,0.,1.));
#2657 = DIRECTION('',(1.,0.,0.));
#2658 = ADVANCED_FACE('',(#2659),#2668,.T.);
#2659 = FACE_BOUND('',#2660,.T.);
#2660 = EDGE_LOOP('',(#2661,#2667));
#2661 = ORIENTED_EDGE('',*,*,#2662,.F.);
#2662 = EDGE_CURVE('',#2519,#2521,#2663,.T.);
#2663 = LINE('',#2664,#2665);
#2664 = CARTESIAN_POINT('',(-4.25,-2.125,7.6));
#2665 = VECTOR('',#2666,1.);
#2666 = DIRECTION('',(0.,-1.,0.));
#2667 = ORIENTED_EDGE('',*,*,#2518,.T.);
#2668 = PLANE('',#2669);
#2669 = AXIS2_PLACEMENT_3D('',#2670,#2671,#2672);
#2670 = CARTESIAN_POINT('',(-4.25,0.,7.6));
#2671 = DIRECTION('',(0.,0.,1.));
#2672 = DIRECTION('',(1.,0.,0.));
#2673 = ADVANCED_FACE('',(#2674),#2717,.F.);
#2674 = FACE_BOUND('',#2675,.F.);
#2675 = EDGE_LOOP('',(#2676,#2686,#2694,#2700,#2701,#2702,#2703,#2711));
#2676 = ORIENTED_EDGE('',*,*,#2677,.F.);
#2677 = EDGE_CURVE('',#2678,#2680,#2682,.T.);
#2678 = VERTEX_POINT('',#2679);
#2679 = CARTESIAN_POINT('',(-4.25,-4.25,8.5001));
#2680 = VERTEX_POINT('',#2681);
#2681 = CARTESIAN_POINT('',(-4.25,4.25,8.5001));
#2682 = LINE('',#2683,#2684);
#2683 = CARTESIAN_POINT('',(-4.25,-4.25,8.5001));
#2684 = VECTOR('',#2685,1.);
#2685 = DIRECTION('',(0.,1.,0.));
#2686 = ORIENTED_EDGE('',*,*,#2687,.F.);
#2687 = EDGE_CURVE('',#2688,#2678,#2690,.T.);
#2688 = VERTEX_POINT('',#2689);
#2689 = CARTESIAN_POINT('',(-4.25,-4.25,4.2001));
#2690 = LINE('',#2691,#2692);
#2691 = CARTESIAN_POINT('',(-4.25,-4.25,4.2001));
#2692 = VECTOR('',#2693,1.);
#2693 = DIRECTION('',(0.,0.,1.));
#2694 = ORIENTED_EDGE('',*,*,#2695,.T.);
#2695 = EDGE_CURVE('',#2688,#2640,#2696,.T.);
#2696 = LINE('',#2697,#2698);
#2697 = CARTESIAN_POINT('',(-4.25,-4.25,4.2001));
#2698 = VECTOR('',#2699,1.);
#2699 = DIRECTION('',(0.,1.,0.));
#2700 = ORIENTED_EDGE('',*,*,#2648,.T.);
#2701 = ORIENTED_EDGE('',*,*,#2662,.F.);
#2702 = ORIENTED_EDGE('',*,*,#2529,.F.);
#2703 = ORIENTED_EDGE('',*,*,#2704,.T.);
#2704 = EDGE_CURVE('',#2530,#2705,#2707,.T.);
#2705 = VERTEX_POINT('',#2706);
#2706 = CARTESIAN_POINT('',(-4.25,4.25,4.2001));
#2707 = LINE('',#2708,#2709);
#2708 = CARTESIAN_POINT('',(-4.25,-4.25,4.2001));
#2709 = VECTOR('',#2710,1.);
#2710 = DIRECTION('',(0.,1.,0.));
#2711 = ORIENTED_EDGE('',*,*,#2712,.T.);
#2712 = EDGE_CURVE('',#2705,#2680,#2713,.T.);
#2713 = LINE('',#2714,#2715);
#2714 = CARTESIAN_POINT('',(-4.25,4.25,4.2001));
#2715 = VECTOR('',#2716,1.);
#2716 = DIRECTION('',(0.,0.,1.));
#2717 = PLANE('',#2718);
#2718 = AXIS2_PLACEMENT_3D('',#2719,#2720,#2721);
#2719 = CARTESIAN_POINT('',(-4.25,-4.25,4.2001));
#2720 = DIRECTION('',(1.,0.,0.));
#2721 = DIRECTION('',(0.,0.,1.));
#2722 = ADVANCED_FACE('',(#2723),#2751,.F.);
#2723 = FACE_BOUND('',#2724,.F.);
#2724 = EDGE_LOOP('',(#2725,#2726,#2734,#2742,#2748,#2749,#2750));
#2725 = ORIENTED_EDGE('',*,*,#2695,.F.);
#2726 = ORIENTED_EDGE('',*,*,#2727,.T.);
#2727 = EDGE_CURVE('',#2688,#2728,#2730,.T.);
#2728 = VERTEX_POINT('',#2729);
#2729 = CARTESIAN_POINT('',(4.25,-4.25,4.2001));
#2730 = LINE('',#2731,#2732);
#2731 = CARTESIAN_POINT('',(-4.25,-4.25,4.2001));
#2732 = VECTOR('',#2733,1.);
#2733 = DIRECTION('',(1.,0.,0.));
#2734 = ORIENTED_EDGE('',*,*,#2735,.T.);
#2735 = EDGE_CURVE('',#2728,#2736,#2738,.T.);
#2736 = VERTEX_POINT('',#2737);
#2737 = CARTESIAN_POINT('',(4.25,4.25,4.2001));
#2738 = LINE('',#2739,#2740);
#2739 = CARTESIAN_POINT('',(4.25,-4.25,4.2001));
#2740 = VECTOR('',#2741,1.);
#2741 = DIRECTION('',(0.,1.,0.));
#2742 = ORIENTED_EDGE('',*,*,#2743,.F.);
#2743 = EDGE_CURVE('',#2705,#2736,#2744,.T.);
#2744 = LINE('',#2745,#2746);
#2745 = CARTESIAN_POINT('',(-4.25,4.25,4.2001));
#2746 = VECTOR('',#2747,1.);
#2747 = DIRECTION('',(1.,0.,0.));
#2748 = ORIENTED_EDGE('',*,*,#2704,.F.);
#2749 = ORIENTED_EDGE('',*,*,#2537,.F.);
#2750 = ORIENTED_EDGE('',*,*,#2639,.F.);
#2751 = PLANE('',#2752);
#2752 = AXIS2_PLACEMENT_3D('',#2753,#2754,#2755);
#2753 = CARTESIAN_POINT('',(-4.25,-4.25,4.2001));
#2754 = DIRECTION('',(0.,0.,1.));
#2755 = DIRECTION('',(1.,0.,0.));
#2756 = ADVANCED_FACE('',(#2757),#2767,.F.);
#2757 = FACE_BOUND('',#2758,.F.);
#2758 = EDGE_LOOP('',(#2759,#2760,#2761));
#2759 = ORIENTED_EDGE('',*,*,#2630,.T.);
#2760 = ORIENTED_EDGE('',*,*,#2562,.T.);
#2761 = ORIENTED_EDGE('',*,*,#2762,.T.);
#2762 = EDGE_CURVE('',#2563,#2623,#2763,.T.);
#2763 = LINE('',#2764,#2765);
#2764 = CARTESIAN_POINT('',(-4.05,2.289119638402E-17,0.8));
#2765 = VECTOR('',#2766,1.);
#2766 = DIRECTION('',(1.525951049669E-32,-1.,0.));
#2767 = PLANE('',#2768);
#2768 = AXIS2_PLACEMENT_3D('',#2769,#2770,#2771);
#2769 = CARTESIAN_POINT('',(-4.25,0.,0.8));
#2770 = DIRECTION('',(0.,0.,1.));
#2771 = DIRECTION('',(1.,0.,0.));
#2772 = ADVANCED_FACE('',(#2773),#2848,.T.);
#2773 = FACE_BOUND('',#2774,.T.);
#2774 = EDGE_LOOP('',(#2775,#2785,#2793,#2801,#2809,#2817,#2825,#2831,
    #2832,#2833,#2834,#2842));
#2775 = ORIENTED_EDGE('',*,*,#2776,.F.);
#2776 = EDGE_CURVE('',#2777,#2779,#2781,.T.);
#2777 = VERTEX_POINT('',#2778);
#2778 = CARTESIAN_POINT('',(-4.05,-3.1,2.));
#2779 = VERTEX_POINT('',#2780);
#2780 = CARTESIAN_POINT('',(-4.05,-1.5,2.));
#2781 = LINE('',#2782,#2783);
#2782 = CARTESIAN_POINT('',(-4.05,-3.1,2.));
#2783 = VECTOR('',#2784,1.);
#2784 = DIRECTION('',(0.,1.,0.));
#2785 = ORIENTED_EDGE('',*,*,#2786,.F.);
#2786 = EDGE_CURVE('',#2787,#2777,#2789,.T.);
#2787 = VERTEX_POINT('',#2788);
#2788 = CARTESIAN_POINT('',(-4.05,-3.1,0.7));
#2789 = LINE('',#2790,#2791);
#2790 = CARTESIAN_POINT('',(-4.05,-3.1,0.7));
#2791 = VECTOR('',#2792,1.);
#2792 = DIRECTION('',(0.,0.,1.));
#2793 = ORIENTED_EDGE('',*,*,#2794,.T.);
#2794 = EDGE_CURVE('',#2787,#2795,#2797,.T.);
#2795 = VERTEX_POINT('',#2796);
#2796 = CARTESIAN_POINT('',(-4.05,3.1,0.7));
#2797 = LINE('',#2798,#2799);
#2798 = CARTESIAN_POINT('',(-4.05,-3.1,0.7));
#2799 = VECTOR('',#2800,1.);
#2800 = DIRECTION('',(0.,1.,0.));
#2801 = ORIENTED_EDGE('',*,*,#2802,.T.);
#2802 = EDGE_CURVE('',#2795,#2803,#2805,.T.);
#2803 = VERTEX_POINT('',#2804);
#2804 = CARTESIAN_POINT('',(-4.05,3.1,2.));
#2805 = LINE('',#2806,#2807);
#2806 = CARTESIAN_POINT('',(-4.05,3.1,0.7));
#2807 = VECTOR('',#2808,1.);
#2808 = DIRECTION('',(0.,0.,1.));
#2809 = ORIENTED_EDGE('',*,*,#2810,.F.);
#2810 = EDGE_CURVE('',#2811,#2803,#2813,.T.);
#2811 = VERTEX_POINT('',#2812);
#2812 = CARTESIAN_POINT('',(-4.05,1.5,2.));
#2813 = LINE('',#2814,#2815);
#2814 = CARTESIAN_POINT('',(-4.05,-3.1,2.));
#2815 = VECTOR('',#2816,1.);
#2816 = DIRECTION('',(0.,1.,0.));
#2817 = ORIENTED_EDGE('',*,*,#2818,.T.);
#2818 = EDGE_CURVE('',#2811,#2819,#2821,.T.);
#2819 = VERTEX_POINT('',#2820);
#2820 = CARTESIAN_POINT('',(-4.05,1.5,4.2));
#2821 = LINE('',#2822,#2823);
#2822 = CARTESIAN_POINT('',(-4.05,1.5,2.));
#2823 = VECTOR('',#2824,1.);
#2824 = DIRECTION('',(0.,0.,1.));
#2825 = ORIENTED_EDGE('',*,*,#2826,.F.);
#2826 = EDGE_CURVE('',#2572,#2819,#2827,.T.);
#2827 = LINE('',#2828,#2829);
#2828 = CARTESIAN_POINT('',(-4.05,-1.5,4.2));
#2829 = VECTOR('',#2830,1.);
#2830 = DIRECTION('',(0.,1.,0.));
#2831 = ORIENTED_EDGE('',*,*,#2571,.F.);
#2832 = ORIENTED_EDGE('',*,*,#2762,.T.);
#2833 = ORIENTED_EDGE('',*,*,#2622,.T.);
#2834 = ORIENTED_EDGE('',*,*,#2835,.F.);
#2835 = EDGE_CURVE('',#2836,#2614,#2838,.T.);
#2836 = VERTEX_POINT('',#2837);
#2837 = CARTESIAN_POINT('',(-4.05,-1.5,4.2));
#2838 = LINE('',#2839,#2840);
#2839 = CARTESIAN_POINT('',(-4.05,-1.5,4.2));
#2840 = VECTOR('',#2841,1.);
#2841 = DIRECTION('',(0.,1.,0.));
#2842 = ORIENTED_EDGE('',*,*,#2843,.F.);
#2843 = EDGE_CURVE('',#2779,#2836,#2844,.T.);
#2844 = LINE('',#2845,#2846);
#2845 = CARTESIAN_POINT('',(-4.05,-1.5,2.));
#2846 = VECTOR('',#2847,1.);
#2847 = DIRECTION('',(0.,0.,1.));
#2848 = PLANE('',#2849);
#2849 = AXIS2_PLACEMENT_3D('',#2850,#2851,#2852);
#2850 = CARTESIAN_POINT('',(-4.05,4.578239276805E-17,2.087113402062));
#2851 = DIRECTION('',(1.,1.525951049669E-32,2.757136974238E-31));
#2852 = DIRECTION('',(-2.757136974238E-31,0.,1.));
#2853 = ADVANCED_FACE('',(#2854),#2872,.T.);
#2854 = FACE_BOUND('',#2855,.T.);
#2855 = EDGE_LOOP('',(#2856,#2864,#2870,#2871));
#2856 = ORIENTED_EDGE('',*,*,#2857,.F.);
#2857 = EDGE_CURVE('',#2858,#2606,#2860,.T.);
#2858 = VERTEX_POINT('',#2859);
#2859 = CARTESIAN_POINT('',(-4.25,-1.5,4.2));
#2860 = LINE('',#2861,#2862);
#2861 = CARTESIAN_POINT('',(-4.25,-1.5,4.2));
#2862 = VECTOR('',#2863,1.);
#2863 = DIRECTION('',(0.,1.,0.));
#2864 = ORIENTED_EDGE('',*,*,#2865,.T.);
#2865 = EDGE_CURVE('',#2858,#2836,#2866,.T.);
#2866 = LINE('',#2867,#2868);
#2867 = CARTESIAN_POINT('',(-4.25,-1.5,4.2));
#2868 = VECTOR('',#2869,1.);
#2869 = DIRECTION('',(1.,0.,0.));
#2870 = ORIENTED_EDGE('',*,*,#2835,.T.);
#2871 = ORIENTED_EDGE('',*,*,#2613,.F.);
#2872 = PLANE('',#2873);
#2873 = AXIS2_PLACEMENT_3D('',#2874,#2875,#2876);
#2874 = CARTESIAN_POINT('',(-4.25,-1.5,4.2));
#2875 = DIRECTION('',(0.,0.,1.));
#2876 = DIRECTION('',(1.,0.,0.));
#2877 = ADVANCED_FACE('',(#2878),#2951,.T.);
#2878 = FACE_BOUND('',#2879,.T.);
#2879 = EDGE_LOOP('',(#2880,#2890,#2898,#2904,#2905,#2906,#2912,#2913,
    #2921,#2929,#2937,#2945));
#2880 = ORIENTED_EDGE('',*,*,#2881,.T.);
#2881 = EDGE_CURVE('',#2882,#2884,#2886,.T.);
#2882 = VERTEX_POINT('',#2883);
#2883 = CARTESIAN_POINT('',(-4.25,-3.1,0.7));
#2884 = VERTEX_POINT('',#2885);
#2885 = CARTESIAN_POINT('',(-4.25,-3.1,2.));
#2886 = LINE('',#2887,#2888);
#2887 = CARTESIAN_POINT('',(-4.25,-3.1,0.7));
#2888 = VECTOR('',#2889,1.);
#2889 = DIRECTION('',(0.,0.,1.));
#2890 = ORIENTED_EDGE('',*,*,#2891,.T.);
#2891 = EDGE_CURVE('',#2884,#2892,#2894,.T.);
#2892 = VERTEX_POINT('',#2893);
#2893 = CARTESIAN_POINT('',(-4.25,-1.5,2.));
#2894 = LINE('',#2895,#2896);
#2895 = CARTESIAN_POINT('',(-4.25,-3.1,2.));
#2896 = VECTOR('',#2897,1.);
#2897 = DIRECTION('',(0.,1.,0.));
#2898 = ORIENTED_EDGE('',*,*,#2899,.T.);
#2899 = EDGE_CURVE('',#2892,#2858,#2900,.T.);
#2900 = LINE('',#2901,#2902);
#2901 = CARTESIAN_POINT('',(-4.25,-1.5,2.));
#2902 = VECTOR('',#2903,1.);
#2903 = DIRECTION('',(0.,0.,1.));
#2904 = ORIENTED_EDGE('',*,*,#2857,.T.);
#2905 = ORIENTED_EDGE('',*,*,#2605,.F.);
#2906 = ORIENTED_EDGE('',*,*,#2907,.T.);
#2907 = EDGE_CURVE('',#2597,#2589,#2908,.T.);
#2908 = LINE('',#2909,#2910);
#2909 = CARTESIAN_POINT('',(-4.25,4.578239276805E-17,0.8));
#2910 = VECTOR('',#2911,1.);
#2911 = DIRECTION('',(-1.017300699779E-32,1.,0.));
#2912 = ORIENTED_EDGE('',*,*,#2588,.T.);
#2913 = ORIENTED_EDGE('',*,*,#2914,.T.);
#2914 = EDGE_CURVE('',#2580,#2915,#2917,.T.);
#2915 = VERTEX_POINT('',#2916);
#2916 = CARTESIAN_POINT('',(-4.25,1.5,4.2));
#2917 = LINE('',#2918,#2919);
#2918 = CARTESIAN_POINT('',(-4.25,-1.5,4.2));
#2919 = VECTOR('',#2920,1.);
#2920 = DIRECTION('',(0.,1.,0.));
#2921 = ORIENTED_EDGE('',*,*,#2922,.F.);
#2922 = EDGE_CURVE('',#2923,#2915,#2925,.T.);
#2923 = VERTEX_POINT('',#2924);
#2924 = CARTESIAN_POINT('',(-4.25,1.5,2.));
#2925 = LINE('',#2926,#2927);
#2926 = CARTESIAN_POINT('',(-4.25,1.5,2.));
#2927 = VECTOR('',#2928,1.);
#2928 = DIRECTION('',(0.,0.,1.));
#2929 = ORIENTED_EDGE('',*,*,#2930,.T.);
#2930 = EDGE_CURVE('',#2923,#2931,#2933,.T.);
#2931 = VERTEX_POINT('',#2932);
#2932 = CARTESIAN_POINT('',(-4.25,3.1,2.));
#2933 = LINE('',#2934,#2935);
#2934 = CARTESIAN_POINT('',(-4.25,-3.1,2.));
#2935 = VECTOR('',#2936,1.);
#2936 = DIRECTION('',(0.,1.,0.));
#2937 = ORIENTED_EDGE('',*,*,#2938,.F.);
#2938 = EDGE_CURVE('',#2939,#2931,#2941,.T.);
#2939 = VERTEX_POINT('',#2940);
#2940 = CARTESIAN_POINT('',(-4.25,3.1,0.7));
#2941 = LINE('',#2942,#2943);
#2942 = CARTESIAN_POINT('',(-4.25,3.1,0.7));
#2943 = VECTOR('',#2944,1.);
#2944 = DIRECTION('',(0.,0.,1.));
#2945 = ORIENTED_EDGE('',*,*,#2946,.F.);
#2946 = EDGE_CURVE('',#2882,#2939,#2947,.T.);
#2947 = LINE('',#2948,#2949);
#2948 = CARTESIAN_POINT('',(-4.25,-3.1,0.7));
#2949 = VECTOR('',#2950,1.);
#2950 = DIRECTION('',(0.,1.,0.));
#2951 = PLANE('',#2952);
#2952 = AXIS2_PLACEMENT_3D('',#2953,#2954,#2955);
#2953 = CARTESIAN_POINT('',(-4.25,9.15647855361E-17,2.087113402062));
#2954 = DIRECTION('',(-1.,-1.017300699779E-32,-1.621845278963E-31));
#2955 = DIRECTION('',(1.621845278963E-31,0.,-1.));
#2956 = ADVANCED_FACE('',(#2957),#2961,.F.);
#2957 = FACE_BOUND('',#2958,.F.);
#2958 = EDGE_LOOP('',(#2959,#2960));
#2959 = ORIENTED_EDGE('',*,*,#2907,.T.);
#2960 = ORIENTED_EDGE('',*,*,#2596,.T.);
#2961 = PLANE('',#2962);
#2962 = AXIS2_PLACEMENT_3D('',#2963,#2964,#2965);
#2963 = CARTESIAN_POINT('',(-4.25,0.,0.8));
#2964 = DIRECTION('',(0.,0.,1.));
#2965 = DIRECTION('',(1.,0.,0.));
#2966 = ADVANCED_FACE('',(#2967),#2978,.T.);
#2967 = FACE_BOUND('',#2968,.T.);
#2968 = EDGE_LOOP('',(#2969,#2970,#2971,#2972));
#2969 = ORIENTED_EDGE('',*,*,#2914,.F.);
#2970 = ORIENTED_EDGE('',*,*,#2579,.F.);
#2971 = ORIENTED_EDGE('',*,*,#2826,.T.);
#2972 = ORIENTED_EDGE('',*,*,#2973,.F.);
#2973 = EDGE_CURVE('',#2915,#2819,#2974,.T.);
#2974 = LINE('',#2975,#2976);
#2975 = CARTESIAN_POINT('',(-4.25,1.5,4.2));
#2976 = VECTOR('',#2977,1.);
#2977 = DIRECTION('',(1.,0.,0.));
#2978 = PLANE('',#2979);
#2979 = AXIS2_PLACEMENT_3D('',#2980,#2981,#2982);
#2980 = CARTESIAN_POINT('',(-4.25,-1.5,4.2));
#2981 = DIRECTION('',(0.,0.,1.));
#2982 = DIRECTION('',(1.,0.,0.));
#2983 = ADVANCED_FACE('',(#2984,#3009),#3139,.T.);
#2984 = FACE_BOUND('',#2985,.T.);
#2985 = EDGE_LOOP('',(#2986,#2987,#2995,#3003));
#2986 = ORIENTED_EDGE('',*,*,#2677,.F.);
#2987 = ORIENTED_EDGE('',*,*,#2988,.T.);
#2988 = EDGE_CURVE('',#2678,#2989,#2991,.T.);
#2989 = VERTEX_POINT('',#2990);
#2990 = CARTESIAN_POINT('',(4.25,-4.25,8.5001));
#2991 = LINE('',#2992,#2993);
#2992 = CARTESIAN_POINT('',(-4.25,-4.25,8.5001));
#2993 = VECTOR('',#2994,1.);
#2994 = DIRECTION('',(1.,0.,0.));
#2995 = ORIENTED_EDGE('',*,*,#2996,.T.);
#2996 = EDGE_CURVE('',#2989,#2997,#2999,.T.);
#2997 = VERTEX_POINT('',#2998);
#2998 = CARTESIAN_POINT('',(4.25,4.25,8.5001));
#2999 = LINE('',#3000,#3001);
#3000 = CARTESIAN_POINT('',(4.25,-4.25,8.5001));
#3001 = VECTOR('',#3002,1.);
#3002 = DIRECTION('',(0.,1.,0.));
#3003 = ORIENTED_EDGE('',*,*,#3004,.F.);
#3004 = EDGE_CURVE('',#2680,#2997,#3005,.T.);
#3005 = LINE('',#3006,#3007);
#3006 = CARTESIAN_POINT('',(-4.25,4.25,8.5001));
#3007 = VECTOR('',#3008,1.);
#3008 = DIRECTION('',(1.,0.,0.));
#3009 = FACE_BOUND('',#3010,.T.);
#3010 = EDGE_LOOP('',(#3011,#3021,#3029,#3037,#3045,#3053,#3061,#3069,
    #3077,#3085,#3093,#3101,#3109,#3117,#3125,#3133));
#3011 = ORIENTED_EDGE('',*,*,#3012,.F.);
#3012 = EDGE_CURVE('',#3013,#3015,#3017,.T.);
#3013 = VERTEX_POINT('',#3014);
#3014 = CARTESIAN_POINT('',(1.,-1.6,8.5001));
#3015 = VERTEX_POINT('',#3016);
#3016 = CARTESIAN_POINT('',(1.,-2.,8.5001));
#3017 = LINE('',#3018,#3019);
#3018 = CARTESIAN_POINT('',(1.,-3.125,8.5001));
#3019 = VECTOR('',#3020,1.);
#3020 = DIRECTION('',(0.,-1.,0.));
#3021 = ORIENTED_EDGE('',*,*,#3022,.T.);
#3022 = EDGE_CURVE('',#3013,#3023,#3025,.T.);
#3023 = VERTEX_POINT('',#3024);
#3024 = CARTESIAN_POINT('',(-2.,-1.6,8.5001));
#3025 = LINE('',#3026,#3027);
#3026 = CARTESIAN_POINT('',(-2.306818181818,-1.6,8.5001));
#3027 = VECTOR('',#3028,1.);
#3028 = DIRECTION('',(-1.,0.,0.));
#3029 = ORIENTED_EDGE('',*,*,#3030,.F.);
#3030 = EDGE_CURVE('',#3031,#3023,#3033,.T.);
#3031 = VERTEX_POINT('',#3032);
#3032 = CARTESIAN_POINT('',(-2.,-1.1,8.5001));
#3033 = LINE('',#3034,#3035);
#3034 = CARTESIAN_POINT('',(-2.,-3.125,8.5001));
#3035 = VECTOR('',#3036,1.);
#3036 = DIRECTION('',(0.,-1.,0.));
#3037 = ORIENTED_EDGE('',*,*,#3038,.T.);
#3038 = EDGE_CURVE('',#3031,#3039,#3041,.T.);
#3039 = VERTEX_POINT('',#3040);
#3040 = CARTESIAN_POINT('',(-1.6,-1.1,8.5001));
#3041 = LINE('',#3042,#3043);
#3042 = CARTESIAN_POINT('',(-3.125,-1.1,8.5001));
#3043 = VECTOR('',#3044,1.);
#3044 = DIRECTION('',(1.,0.,0.));
#3045 = ORIENTED_EDGE('',*,*,#3046,.F.);
#3046 = EDGE_CURVE('',#3047,#3039,#3049,.T.);
#3047 = VERTEX_POINT('',#3048);
#3048 = CARTESIAN_POINT('',(-1.6,1.1,8.5001));
#3049 = LINE('',#3050,#3051);
#3050 = CARTESIAN_POINT('',(-1.6,-2.675,8.5001));
#3051 = VECTOR('',#3052,1.);
#3052 = DIRECTION('',(0.,-1.,0.));
#3053 = ORIENTED_EDGE('',*,*,#3054,.F.);
#3054 = EDGE_CURVE('',#3055,#3047,#3057,.T.);
#3055 = VERTEX_POINT('',#3056);
#3056 = CARTESIAN_POINT('',(-2.,1.1,8.5001));
#3057 = LINE('',#3058,#3059);
#3058 = CARTESIAN_POINT('',(-3.125,1.1,8.5001));
#3059 = VECTOR('',#3060,1.);
#3060 = DIRECTION('',(1.,0.,0.));
#3061 = ORIENTED_EDGE('',*,*,#3062,.F.);
#3062 = EDGE_CURVE('',#3063,#3055,#3065,.T.);
#3063 = VERTEX_POINT('',#3064);
#3064 = CARTESIAN_POINT('',(-2.,1.6,8.5001));
#3065 = LINE('',#3066,#3067);
#3066 = CARTESIAN_POINT('',(-2.,-3.125,8.5001));
#3067 = VECTOR('',#3068,1.);
#3068 = DIRECTION('',(0.,-1.,0.));
#3069 = ORIENTED_EDGE('',*,*,#3070,.T.);
#3070 = EDGE_CURVE('',#3063,#3071,#3073,.T.);
#3071 = VERTEX_POINT('',#3072);
#3072 = CARTESIAN_POINT('',(1.,1.6,8.5001));
#3073 = LINE('',#3074,#3075);
#3074 = CARTESIAN_POINT('',(-2.306818181818,1.6,8.5001));
#3075 = VECTOR('',#3076,1.);
#3076 = DIRECTION('',(1.,0.,0.));
#3077 = ORIENTED_EDGE('',*,*,#3078,.F.);
#3078 = EDGE_CURVE('',#3079,#3071,#3081,.T.);
#3079 = VERTEX_POINT('',#3080);
#3080 = CARTESIAN_POINT('',(1.,2.,8.5001));
#3081 = LINE('',#3082,#3083);
#3082 = CARTESIAN_POINT('',(1.,-1.325,8.5001));
#3083 = VECTOR('',#3084,1.);
#3084 = DIRECTION('',(0.,-1.,0.));
#3085 = ORIENTED_EDGE('',*,*,#3086,.T.);
#3086 = EDGE_CURVE('',#3079,#3087,#3089,.T.);
#3087 = VERTEX_POINT('',#3088);
#3088 = CARTESIAN_POINT('',(2.,2.,8.5001));
#3089 = LINE('',#3090,#3091);
#3090 = CARTESIAN_POINT('',(-3.125,2.,8.5001));
#3091 = VECTOR('',#3092,1.);
#3092 = DIRECTION('',(1.,0.,0.));
#3093 = ORIENTED_EDGE('',*,*,#3094,.T.);
#3094 = EDGE_CURVE('',#3087,#3095,#3097,.T.);
#3095 = VERTEX_POINT('',#3096);
#3096 = CARTESIAN_POINT('',(2.,1.2,8.5001));
#3097 = LINE('',#3098,#3099);
#3098 = CARTESIAN_POINT('',(2.,-3.125,8.5001));
#3099 = VECTOR('',#3100,1.);
#3100 = DIRECTION('',(0.,-1.,0.));
#3101 = ORIENTED_EDGE('',*,*,#3102,.F.);
#3102 = EDGE_CURVE('',#3103,#3095,#3105,.T.);
#3103 = VERTEX_POINT('',#3104);
#3104 = CARTESIAN_POINT('',(1.2,1.2,8.5001));
#3105 = LINE('',#3106,#3107);
#3106 = CARTESIAN_POINT('',(-1.311206896552,1.2,8.5001));
#3107 = VECTOR('',#3108,1.);
#3108 = DIRECTION('',(1.,5.281756578321E-31,0.));
#3109 = ORIENTED_EDGE('',*,*,#3110,.T.);
#3110 = EDGE_CURVE('',#3103,#3111,#3113,.T.);
#3111 = VERTEX_POINT('',#3112);
#3112 = CARTESIAN_POINT('',(1.2,-1.2,8.5001));
#3113 = LINE('',#3114,#3115);
#3114 = CARTESIAN_POINT('',(1.2,-2.725,8.5001));
#3115 = VECTOR('',#3116,1.);
#3116 = DIRECTION('',(0.,-1.,0.));
#3117 = ORIENTED_EDGE('',*,*,#3118,.F.);
#3118 = EDGE_CURVE('',#3119,#3111,#3121,.T.);
#3119 = VERTEX_POINT('',#3120);
#3120 = CARTESIAN_POINT('',(2.,-1.2,8.5001));
#3121 = LINE('',#3122,#3123);
#3122 = CARTESIAN_POINT('',(-1.311206896552,-1.2,8.5001));
#3123 = VECTOR('',#3124,1.);
#3124 = DIRECTION('',(-1.,5.675867028421E-31,0.));
#3125 = ORIENTED_EDGE('',*,*,#3126,.T.);
#3126 = EDGE_CURVE('',#3119,#3127,#3129,.T.);
#3127 = VERTEX_POINT('',#3128);
#3128 = CARTESIAN_POINT('',(2.,-2.,8.5001));
#3129 = LINE('',#3130,#3131);
#3130 = CARTESIAN_POINT('',(2.,-3.125,8.5001));
#3131 = VECTOR('',#3132,1.);
#3132 = DIRECTION('',(0.,-1.,0.));
#3133 = ORIENTED_EDGE('',*,*,#3134,.F.);
#3134 = EDGE_CURVE('',#3015,#3127,#3135,.T.);
#3135 = LINE('',#3136,#3137);
#3136 = CARTESIAN_POINT('',(-3.125,-2.,8.5001));
#3137 = VECTOR('',#3138,1.);
#3138 = DIRECTION('',(1.,0.,0.));
#3139 = PLANE('',#3140);
#3140 = AXIS2_PLACEMENT_3D('',#3141,#3142,#3143);
#3141 = CARTESIAN_POINT('',(-4.25,-4.25,8.5001));
#3142 = DIRECTION('',(0.,0.,1.));
#3143 = DIRECTION('',(1.,0.,0.));
#3144 = ADVANCED_FACE('',(#3145),#3156,.T.);
#3145 = FACE_BOUND('',#3146,.T.);
#3146 = EDGE_LOOP('',(#3147,#3148,#3149,#3150));
#3147 = ORIENTED_EDGE('',*,*,#2743,.F.);
#3148 = ORIENTED_EDGE('',*,*,#2712,.T.);
#3149 = ORIENTED_EDGE('',*,*,#3004,.T.);
#3150 = ORIENTED_EDGE('',*,*,#3151,.F.);
#3151 = EDGE_CURVE('',#2736,#2997,#3152,.T.);
#3152 = LINE('',#3153,#3154);
#3153 = CARTESIAN_POINT('',(4.25,4.25,4.2001));
#3154 = VECTOR('',#3155,1.);
#3155 = DIRECTION('',(0.,0.,1.));
#3156 = PLANE('',#3157);
#3157 = AXIS2_PLACEMENT_3D('',#3158,#3159,#3160);
#3158 = CARTESIAN_POINT('',(-4.25,4.25,4.2001));
#3159 = DIRECTION('',(0.,1.,0.));
#3160 = DIRECTION('',(0.,0.,1.));
#3161 = ADVANCED_FACE('',(#3162),#3173,.F.);
#3162 = FACE_BOUND('',#3163,.F.);
#3163 = EDGE_LOOP('',(#3164,#3165,#3166,#3167));
#3164 = ORIENTED_EDGE('',*,*,#2727,.F.);
#3165 = ORIENTED_EDGE('',*,*,#2687,.T.);
#3166 = ORIENTED_EDGE('',*,*,#2988,.T.);
#3167 = ORIENTED_EDGE('',*,*,#3168,.F.);
#3168 = EDGE_CURVE('',#2728,#2989,#3169,.T.);
#3169 = LINE('',#3170,#3171);
#3170 = CARTESIAN_POINT('',(4.25,-4.25,4.2001));
#3171 = VECTOR('',#3172,1.);
#3172 = DIRECTION('',(0.,0.,1.));
#3173 = PLANE('',#3174);
#3174 = AXIS2_PLACEMENT_3D('',#3175,#3176,#3177);
#3175 = CARTESIAN_POINT('',(-4.25,-4.25,4.2001));
#3176 = DIRECTION('',(0.,1.,0.));
#3177 = DIRECTION('',(0.,0.,1.));
#3178 = ADVANCED_FACE('',(#3179),#3185,.T.);
#3179 = FACE_BOUND('',#3180,.T.);
#3180 = EDGE_LOOP('',(#3181,#3182,#3183,#3184));
#3181 = ORIENTED_EDGE('',*,*,#3168,.F.);
#3182 = ORIENTED_EDGE('',*,*,#2735,.T.);
#3183 = ORIENTED_EDGE('',*,*,#3151,.T.);
#3184 = ORIENTED_EDGE('',*,*,#2996,.F.);
#3185 = PLANE('',#3186);
#3186 = AXIS2_PLACEMENT_3D('',#3187,#3188,#3189);
#3187 = CARTESIAN_POINT('',(4.25,-4.25,4.2001));
#3188 = DIRECTION('',(1.,0.,0.));
#3189 = DIRECTION('',(0.,0.,1.));
#3190 = ADVANCED_FACE('',(#3191),#3207,.T.);
#3191 = FACE_BOUND('',#3192,.T.);
#3192 = EDGE_LOOP('',(#3193,#3194,#3200,#3201));
#3193 = ORIENTED_EDGE('',*,*,#2891,.F.);
#3194 = ORIENTED_EDGE('',*,*,#3195,.T.);
#3195 = EDGE_CURVE('',#2884,#2777,#3196,.T.);
#3196 = LINE('',#3197,#3198);
#3197 = CARTESIAN_POINT('',(-4.25,-3.1,2.));
#3198 = VECTOR('',#3199,1.);
#3199 = DIRECTION('',(1.,0.,0.));
#3200 = ORIENTED_EDGE('',*,*,#2776,.T.);
#3201 = ORIENTED_EDGE('',*,*,#3202,.F.);
#3202 = EDGE_CURVE('',#2892,#2779,#3203,.T.);
#3203 = LINE('',#3204,#3205);
#3204 = CARTESIAN_POINT('',(-4.25,-1.5,2.));
#3205 = VECTOR('',#3206,1.);
#3206 = DIRECTION('',(1.,0.,0.));
#3207 = PLANE('',#3208);
#3208 = AXIS2_PLACEMENT_3D('',#3209,#3210,#3211);
#3209 = CARTESIAN_POINT('',(-4.25,-3.1,2.));
#3210 = DIRECTION('',(0.,0.,1.));
#3211 = DIRECTION('',(1.,0.,0.));
#3212 = ADVANCED_FACE('',(#3213),#3219,.F.);
#3213 = FACE_BOUND('',#3214,.F.);
#3214 = EDGE_LOOP('',(#3215,#3216,#3217,#3218));
#3215 = ORIENTED_EDGE('',*,*,#3202,.F.);
#3216 = ORIENTED_EDGE('',*,*,#2899,.T.);
#3217 = ORIENTED_EDGE('',*,*,#2865,.T.);
#3218 = ORIENTED_EDGE('',*,*,#2843,.F.);
#3219 = PLANE('',#3220);
#3220 = AXIS2_PLACEMENT_3D('',#3221,#3222,#3223);
#3221 = CARTESIAN_POINT('',(-4.25,-1.5,2.));
#3222 = DIRECTION('',(0.,1.,0.));
#3223 = DIRECTION('',(0.,0.,1.));
#3224 = ADVANCED_FACE('',(#3225),#3236,.T.);
#3225 = FACE_BOUND('',#3226,.T.);
#3226 = EDGE_LOOP('',(#3227,#3233,#3234,#3235));
#3227 = ORIENTED_EDGE('',*,*,#3228,.F.);
#3228 = EDGE_CURVE('',#2923,#2811,#3229,.T.);
#3229 = LINE('',#3230,#3231);
#3230 = CARTESIAN_POINT('',(-4.25,1.5,2.));
#3231 = VECTOR('',#3232,1.);
#3232 = DIRECTION('',(1.,0.,0.));
#3233 = ORIENTED_EDGE('',*,*,#2922,.T.);
#3234 = ORIENTED_EDGE('',*,*,#2973,.T.);
#3235 = ORIENTED_EDGE('',*,*,#2818,.F.);
#3236 = PLANE('',#3237);
#3237 = AXIS2_PLACEMENT_3D('',#3238,#3239,#3240);
#3238 = CARTESIAN_POINT('',(-4.25,1.5,2.));
#3239 = DIRECTION('',(0.,1.,0.));
#3240 = DIRECTION('',(0.,0.,1.));
#3241 = ADVANCED_FACE('',(#3242),#3253,.T.);
#3242 = FACE_BOUND('',#3243,.T.);
#3243 = EDGE_LOOP('',(#3244,#3245,#3246,#3247));
#3244 = ORIENTED_EDGE('',*,*,#2930,.F.);
#3245 = ORIENTED_EDGE('',*,*,#3228,.T.);
#3246 = ORIENTED_EDGE('',*,*,#2810,.T.);
#3247 = ORIENTED_EDGE('',*,*,#3248,.F.);
#3248 = EDGE_CURVE('',#2931,#2803,#3249,.T.);
#3249 = LINE('',#3250,#3251);
#3250 = CARTESIAN_POINT('',(-4.25,3.1,2.));
#3251 = VECTOR('',#3252,1.);
#3252 = DIRECTION('',(1.,0.,0.));
#3253 = PLANE('',#3254);
#3254 = AXIS2_PLACEMENT_3D('',#3255,#3256,#3257);
#3255 = CARTESIAN_POINT('',(-4.25,-3.1,2.));
#3256 = DIRECTION('',(0.,0.,1.));
#3257 = DIRECTION('',(1.,0.,0.));
#3258 = ADVANCED_FACE('',(#3259),#3270,.T.);
#3259 = FACE_BOUND('',#3260,.T.);
#3260 = EDGE_LOOP('',(#3261,#3267,#3268,#3269));
#3261 = ORIENTED_EDGE('',*,*,#3262,.F.);
#3262 = EDGE_CURVE('',#2939,#2795,#3263,.T.);
#3263 = LINE('',#3264,#3265);
#3264 = CARTESIAN_POINT('',(-4.25,3.1,0.7));
#3265 = VECTOR('',#3266,1.);
#3266 = DIRECTION('',(1.,0.,0.));
#3267 = ORIENTED_EDGE('',*,*,#2938,.T.);
#3268 = ORIENTED_EDGE('',*,*,#3248,.T.);
#3269 = ORIENTED_EDGE('',*,*,#2802,.F.);
#3270 = PLANE('',#3271);
#3271 = AXIS2_PLACEMENT_3D('',#3272,#3273,#3274);
#3272 = CARTESIAN_POINT('',(-4.25,3.1,0.7));
#3273 = DIRECTION('',(0.,1.,0.));
#3274 = DIRECTION('',(0.,0.,1.));
#3275 = ADVANCED_FACE('',(#3276),#3287,.F.);
#3276 = FACE_BOUND('',#3277,.F.);
#3277 = EDGE_LOOP('',(#3278,#3279,#3285,#3286));
#3278 = ORIENTED_EDGE('',*,*,#2946,.F.);
#3279 = ORIENTED_EDGE('',*,*,#3280,.T.);
#3280 = EDGE_CURVE('',#2882,#2787,#3281,.T.);
#3281 = LINE('',#3282,#3283);
#3282 = CARTESIAN_POINT('',(-4.25,-3.1,0.7));
#3283 = VECTOR('',#3284,1.);
#3284 = DIRECTION('',(1.,0.,0.));
#3285 = ORIENTED_EDGE('',*,*,#2794,.T.);
#3286 = ORIENTED_EDGE('',*,*,#3262,.F.);
#3287 = PLANE('',#3288);
#3288 = AXIS2_PLACEMENT_3D('',#3289,#3290,#3291);
#3289 = CARTESIAN_POINT('',(-4.25,-3.1,0.7));
#3290 = DIRECTION('',(0.,0.,1.));
#3291 = DIRECTION('',(1.,0.,0.));
#3292 = ADVANCED_FACE('',(#3293),#3299,.F.);
#3293 = FACE_BOUND('',#3294,.F.);
#3294 = EDGE_LOOP('',(#3295,#3296,#3297,#3298));
#3295 = ORIENTED_EDGE('',*,*,#3280,.F.);
#3296 = ORIENTED_EDGE('',*,*,#2881,.T.);
#3297 = ORIENTED_EDGE('',*,*,#3195,.T.);
#3298 = ORIENTED_EDGE('',*,*,#2786,.F.);
#3299 = PLANE('',#3300);
#3300 = AXIS2_PLACEMENT_3D('',#3301,#3302,#3303);
#3301 = CARTESIAN_POINT('',(-4.25,-3.1,0.7));
#3302 = DIRECTION('',(0.,1.,0.));
#3303 = DIRECTION('',(0.,0.,1.));
#3304 = ADVANCED_FACE('',(#3305),#3330,.F.);
#3305 = FACE_BOUND('',#3306,.F.);
#3306 = EDGE_LOOP('',(#3307,#3315,#3316,#3324));
#3307 = ORIENTED_EDGE('',*,*,#3308,.F.);
#3308 = EDGE_CURVE('',#3015,#3309,#3311,.T.);
#3309 = VERTEX_POINT('',#3310);
#3310 = CARTESIAN_POINT('',(1.,-2.,11.));
#3311 = LINE('',#3312,#3313);
#3312 = CARTESIAN_POINT('',(1.,-2.,6.));
#3313 = VECTOR('',#3314,1.);
#3314 = DIRECTION('',(0.,0.,1.));
#3315 = ORIENTED_EDGE('',*,*,#3012,.F.);
#3316 = ORIENTED_EDGE('',*,*,#3317,.T.);
#3317 = EDGE_CURVE('',#3013,#3318,#3320,.T.);
#3318 = VERTEX_POINT('',#3319);
#3319 = CARTESIAN_POINT('',(1.,-1.6,11.));
#3320 = LINE('',#3321,#3322);
#3321 = CARTESIAN_POINT('',(1.,-1.6,8.5));
#3322 = VECTOR('',#3323,1.);
#3323 = DIRECTION('',(0.,0.,1.));
#3324 = ORIENTED_EDGE('',*,*,#3325,.F.);
#3325 = EDGE_CURVE('',#3309,#3318,#3326,.T.);
#3326 = LINE('',#3327,#3328);
#3327 = CARTESIAN_POINT('',(1.,-2.,11.));
#3328 = VECTOR('',#3329,1.);
#3329 = DIRECTION('',(0.,1.,0.));
#3330 = PLANE('',#3331);
#3331 = AXIS2_PLACEMENT_3D('',#3332,#3333,#3334);
#3332 = CARTESIAN_POINT('',(1.,-2.,6.));
#3333 = DIRECTION('',(1.,0.,0.));
#3334 = DIRECTION('',(0.,0.,1.));
#3335 = ADVANCED_FACE('',(#3336),#3354,.F.);
#3336 = FACE_BOUND('',#3337,.F.);
#3337 = EDGE_LOOP('',(#3338,#3339,#3340,#3348));
#3338 = ORIENTED_EDGE('',*,*,#3134,.F.);
#3339 = ORIENTED_EDGE('',*,*,#3308,.T.);
#3340 = ORIENTED_EDGE('',*,*,#3341,.T.);
#3341 = EDGE_CURVE('',#3309,#3342,#3344,.T.);
#3342 = VERTEX_POINT('',#3343);
#3343 = CARTESIAN_POINT('',(2.,-2.,11.));
#3344 = LINE('',#3345,#3346);
#3345 = CARTESIAN_POINT('',(-2.,-2.,11.));
#3346 = VECTOR('',#3347,1.);
#3347 = DIRECTION('',(1.,0.,0.));
#3348 = ORIENTED_EDGE('',*,*,#3349,.F.);
#3349 = EDGE_CURVE('',#3127,#3342,#3350,.T.);
#3350 = LINE('',#3351,#3352);
#3351 = CARTESIAN_POINT('',(2.,-2.,6.));
#3352 = VECTOR('',#3353,1.);
#3353 = DIRECTION('',(0.,0.,1.));
#3354 = PLANE('',#3355);
#3355 = AXIS2_PLACEMENT_3D('',#3356,#3357,#3358);
#3356 = CARTESIAN_POINT('',(-2.,-2.,6.));
#3357 = DIRECTION('',(0.,1.,0.));
#3358 = DIRECTION('',(0.,0.,1.));
#3359 = ADVANCED_FACE('',(#3360),#3378,.T.);
#3360 = FACE_BOUND('',#3361,.T.);
#3361 = EDGE_LOOP('',(#3362,#3370,#3371,#3372));
#3362 = ORIENTED_EDGE('',*,*,#3363,.F.);
#3363 = EDGE_CURVE('',#3342,#3364,#3366,.T.);
#3364 = VERTEX_POINT('',#3365);
#3365 = CARTESIAN_POINT('',(2.,-1.2,11.));
#3366 = LINE('',#3367,#3368);
#3367 = CARTESIAN_POINT('',(2.,-2.,11.));
#3368 = VECTOR('',#3369,1.);
#3369 = DIRECTION('',(0.,1.,0.));
#3370 = ORIENTED_EDGE('',*,*,#3349,.F.);
#3371 = ORIENTED_EDGE('',*,*,#3126,.F.);
#3372 = ORIENTED_EDGE('',*,*,#3373,.T.);
#3373 = EDGE_CURVE('',#3119,#3364,#3374,.T.);
#3374 = LINE('',#3375,#3376);
#3375 = CARTESIAN_POINT('',(2.,-1.2,6.));
#3376 = VECTOR('',#3377,1.);
#3377 = DIRECTION('',(0.,0.,1.));
#3378 = PLANE('',#3379);
#3379 = AXIS2_PLACEMENT_3D('',#3380,#3381,#3382);
#3380 = CARTESIAN_POINT('',(2.,-2.,6.));
#3381 = DIRECTION('',(1.,0.,0.));
#3382 = DIRECTION('',(0.,0.,1.));
#3383 = ADVANCED_FACE('',(#3384),#3418,.F.);
#3384 = FACE_BOUND('',#3385,.F.);
#3385 = EDGE_LOOP('',(#3386,#3394,#3395,#3396,#3404,#3412));
#3386 = ORIENTED_EDGE('',*,*,#3387,.F.);
#3387 = EDGE_CURVE('',#3111,#3388,#3390,.T.);
#3388 = VERTEX_POINT('',#3389);
#3389 = CARTESIAN_POINT('',(1.2,-1.2,10.2));
#3390 = LINE('',#3391,#3392);
#3391 = CARTESIAN_POINT('',(1.2,-1.2,6.));
#3392 = VECTOR('',#3393,1.);
#3393 = DIRECTION('',(0.,0.,1.));
#3394 = ORIENTED_EDGE('',*,*,#3118,.F.);
#3395 = ORIENTED_EDGE('',*,*,#3373,.T.);
#3396 = ORIENTED_EDGE('',*,*,#3397,.F.);
#3397 = EDGE_CURVE('',#3398,#3364,#3400,.T.);
#3398 = VERTEX_POINT('',#3399);
#3399 = CARTESIAN_POINT('',(1.6,-1.2,11.));
#3400 = LINE('',#3401,#3402);
#3401 = CARTESIAN_POINT('',(1.6,-1.2,11.));
#3402 = VECTOR('',#3403,1.);
#3403 = DIRECTION('',(1.,0.,0.));
#3404 = ORIENTED_EDGE('',*,*,#3405,.F.);
#3405 = EDGE_CURVE('',#3406,#3398,#3408,.T.);
#3406 = VERTEX_POINT('',#3407);
#3407 = CARTESIAN_POINT('',(1.6,-1.2,10.2));
#3408 = LINE('',#3409,#3410);
#3409 = CARTESIAN_POINT('',(1.6,-1.2,6.));
#3410 = VECTOR('',#3411,1.);
#3411 = DIRECTION('',(0.,0.,1.));
#3412 = ORIENTED_EDGE('',*,*,#3413,.F.);
#3413 = EDGE_CURVE('',#3388,#3406,#3414,.T.);
#3414 = LINE('',#3415,#3416);
#3415 = CARTESIAN_POINT('',(1.2,-1.2,10.2));
#3416 = VECTOR('',#3417,1.);
#3417 = DIRECTION('',(1.,0.,0.));
#3418 = PLANE('',#3419);
#3419 = AXIS2_PLACEMENT_3D('',#3420,#3421,#3422);
#3420 = CARTESIAN_POINT('',(1.627586206897,-1.2,8.472413793103));
#3421 = DIRECTION('',(-5.675867028421E-31,-1.,-2.862148194105E-32));
#3422 = DIRECTION('',(-1.,5.675867028421E-31,0.));
#3423 = ADVANCED_FACE('',(#3424),#3442,.T.);
#3424 = FACE_BOUND('',#3425,.T.);
#3425 = EDGE_LOOP('',(#3426,#3427,#3428,#3436));
#3426 = ORIENTED_EDGE('',*,*,#3387,.F.);
#3427 = ORIENTED_EDGE('',*,*,#3110,.F.);
#3428 = ORIENTED_EDGE('',*,*,#3429,.T.);
#3429 = EDGE_CURVE('',#3103,#3430,#3432,.T.);
#3430 = VERTEX_POINT('',#3431);
#3431 = CARTESIAN_POINT('',(1.2,1.2,10.2));
#3432 = LINE('',#3433,#3434);
#3433 = CARTESIAN_POINT('',(1.2,1.2,6.));
#3434 = VECTOR('',#3435,1.);
#3435 = DIRECTION('',(0.,0.,1.));
#3436 = ORIENTED_EDGE('',*,*,#3437,.F.);
#3437 = EDGE_CURVE('',#3388,#3430,#3438,.T.);
#3438 = LINE('',#3439,#3440);
#3439 = CARTESIAN_POINT('',(1.2,-1.2,10.2));
#3440 = VECTOR('',#3441,1.);
#3441 = DIRECTION('',(0.,1.,0.));
#3442 = PLANE('',#3443);
#3443 = AXIS2_PLACEMENT_3D('',#3444,#3445,#3446);
#3444 = CARTESIAN_POINT('',(1.2,-1.2,6.));
#3445 = DIRECTION('',(1.,0.,0.));
#3446 = DIRECTION('',(0.,0.,1.));
#3447 = ADVANCED_FACE('',(#3448),#3482,.F.);
#3448 = FACE_BOUND('',#3449,.F.);
#3449 = EDGE_LOOP('',(#3450,#3451,#3452,#3460,#3468,#3476));
#3450 = ORIENTED_EDGE('',*,*,#3102,.F.);
#3451 = ORIENTED_EDGE('',*,*,#3429,.T.);
#3452 = ORIENTED_EDGE('',*,*,#3453,.T.);
#3453 = EDGE_CURVE('',#3430,#3454,#3456,.T.);
#3454 = VERTEX_POINT('',#3455);
#3455 = CARTESIAN_POINT('',(1.6,1.2,10.2));
#3456 = LINE('',#3457,#3458);
#3457 = CARTESIAN_POINT('',(1.2,1.2,10.2));
#3458 = VECTOR('',#3459,1.);
#3459 = DIRECTION('',(1.,0.,0.));
#3460 = ORIENTED_EDGE('',*,*,#3461,.T.);
#3461 = EDGE_CURVE('',#3454,#3462,#3464,.T.);
#3462 = VERTEX_POINT('',#3463);
#3463 = CARTESIAN_POINT('',(1.6,1.2,11.));
#3464 = LINE('',#3465,#3466);
#3465 = CARTESIAN_POINT('',(1.6,1.2,6.));
#3466 = VECTOR('',#3467,1.);
#3467 = DIRECTION('',(0.,0.,1.));
#3468 = ORIENTED_EDGE('',*,*,#3469,.T.);
#3469 = EDGE_CURVE('',#3462,#3470,#3472,.T.);
#3470 = VERTEX_POINT('',#3471);
#3471 = CARTESIAN_POINT('',(2.,1.2,11.));
#3472 = LINE('',#3473,#3474);
#3473 = CARTESIAN_POINT('',(1.6,1.2,11.));
#3474 = VECTOR('',#3475,1.);
#3475 = DIRECTION('',(1.,0.,0.));
#3476 = ORIENTED_EDGE('',*,*,#3477,.F.);
#3477 = EDGE_CURVE('',#3095,#3470,#3478,.T.);
#3478 = LINE('',#3479,#3480);
#3479 = CARTESIAN_POINT('',(2.,1.2,6.));
#3480 = VECTOR('',#3481,1.);
#3481 = DIRECTION('',(0.,0.,1.));
#3482 = PLANE('',#3483);
#3483 = AXIS2_PLACEMENT_3D('',#3484,#3485,#3486);
#3484 = CARTESIAN_POINT('',(1.627586206897,1.2,8.472413793103));
#3485 = DIRECTION('',(-5.281756578321E-31,1.,-3.007149455907E-32));
#3486 = DIRECTION('',(1.,5.281756578321E-31,0.));
#3487 = ADVANCED_FACE('',(#3488),#3506,.T.);
#3488 = FACE_BOUND('',#3489,.T.);
#3489 = EDGE_LOOP('',(#3490,#3498,#3499,#3500));
#3490 = ORIENTED_EDGE('',*,*,#3491,.F.);
#3491 = EDGE_CURVE('',#3470,#3492,#3494,.T.);
#3492 = VERTEX_POINT('',#3493);
#3493 = CARTESIAN_POINT('',(2.,2.,11.));
#3494 = LINE('',#3495,#3496);
#3495 = CARTESIAN_POINT('',(2.,-2.,11.));
#3496 = VECTOR('',#3497,1.);
#3497 = DIRECTION('',(0.,1.,0.));
#3498 = ORIENTED_EDGE('',*,*,#3477,.F.);
#3499 = ORIENTED_EDGE('',*,*,#3094,.F.);
#3500 = ORIENTED_EDGE('',*,*,#3501,.T.);
#3501 = EDGE_CURVE('',#3087,#3492,#3502,.T.);
#3502 = LINE('',#3503,#3504);
#3503 = CARTESIAN_POINT('',(2.,2.,6.));
#3504 = VECTOR('',#3505,1.);
#3505 = DIRECTION('',(0.,0.,1.));
#3506 = PLANE('',#3507);
#3507 = AXIS2_PLACEMENT_3D('',#3508,#3509,#3510);
#3508 = CARTESIAN_POINT('',(2.,-2.,6.));
#3509 = DIRECTION('',(1.,0.,0.));
#3510 = DIRECTION('',(0.,0.,1.));
#3511 = ADVANCED_FACE('',(#3512),#3530,.T.);
#3512 = FACE_BOUND('',#3513,.T.);
#3513 = EDGE_LOOP('',(#3514,#3515,#3523,#3529));
#3514 = ORIENTED_EDGE('',*,*,#3086,.F.);
#3515 = ORIENTED_EDGE('',*,*,#3516,.T.);
#3516 = EDGE_CURVE('',#3079,#3517,#3519,.T.);
#3517 = VERTEX_POINT('',#3518);
#3518 = CARTESIAN_POINT('',(1.,2.,11.));
#3519 = LINE('',#3520,#3521);
#3520 = CARTESIAN_POINT('',(1.,2.,6.));
#3521 = VECTOR('',#3522,1.);
#3522 = DIRECTION('',(0.,0.,1.));
#3523 = ORIENTED_EDGE('',*,*,#3524,.T.);
#3524 = EDGE_CURVE('',#3517,#3492,#3525,.T.);
#3525 = LINE('',#3526,#3527);
#3526 = CARTESIAN_POINT('',(-2.,2.,11.));
#3527 = VECTOR('',#3528,1.);
#3528 = DIRECTION('',(1.,0.,0.));
#3529 = ORIENTED_EDGE('',*,*,#3501,.F.);
#3530 = PLANE('',#3531);
#3531 = AXIS2_PLACEMENT_3D('',#3532,#3533,#3534);
#3532 = CARTESIAN_POINT('',(-2.,2.,6.));
#3533 = DIRECTION('',(0.,1.,0.));
#3534 = DIRECTION('',(0.,0.,1.));
#3535 = ADVANCED_FACE('',(#3536),#3554,.F.);
#3536 = FACE_BOUND('',#3537,.F.);
#3537 = EDGE_LOOP('',(#3538,#3546,#3547,#3548));
#3538 = ORIENTED_EDGE('',*,*,#3539,.F.);
#3539 = EDGE_CURVE('',#3071,#3540,#3542,.T.);
#3540 = VERTEX_POINT('',#3541);
#3541 = CARTESIAN_POINT('',(1.,1.6,11.));
#3542 = LINE('',#3543,#3544);
#3543 = CARTESIAN_POINT('',(1.,1.6,6.));
#3544 = VECTOR('',#3545,1.);
#3545 = DIRECTION('',(0.,0.,1.));
#3546 = ORIENTED_EDGE('',*,*,#3078,.F.);
#3547 = ORIENTED_EDGE('',*,*,#3516,.T.);
#3548 = ORIENTED_EDGE('',*,*,#3549,.F.);
#3549 = EDGE_CURVE('',#3540,#3517,#3550,.T.);
#3550 = LINE('',#3551,#3552);
#3551 = CARTESIAN_POINT('',(1.,1.6,11.));
#3552 = VECTOR('',#3553,1.);
#3553 = DIRECTION('',(0.,1.,0.));
#3554 = PLANE('',#3555);
#3555 = AXIS2_PLACEMENT_3D('',#3556,#3557,#3558);
#3556 = CARTESIAN_POINT('',(1.,1.6,6.));
#3557 = DIRECTION('',(1.,0.,0.));
#3558 = DIRECTION('',(0.,0.,1.));
#3559 = ADVANCED_FACE('',(#3560),#3602,.T.);
#3560 = FACE_BOUND('',#3561,.T.);
#3561 = EDGE_LOOP('',(#3562,#3563,#3564,#3572,#3580,#3588,#3596));
#3562 = ORIENTED_EDGE('',*,*,#3539,.F.);
#3563 = ORIENTED_EDGE('',*,*,#3070,.F.);
#3564 = ORIENTED_EDGE('',*,*,#3565,.T.);
#3565 = EDGE_CURVE('',#3063,#3566,#3568,.T.);
#3566 = VERTEX_POINT('',#3567);
#3567 = CARTESIAN_POINT('',(-2.,1.6,11.));
#3568 = LINE('',#3569,#3570);
#3569 = CARTESIAN_POINT('',(-2.,1.6,6.));
#3570 = VECTOR('',#3571,1.);
#3571 = DIRECTION('',(0.,0.,1.));
#3572 = ORIENTED_EDGE('',*,*,#3573,.T.);
#3573 = EDGE_CURVE('',#3566,#3574,#3576,.T.);
#3574 = VERTEX_POINT('',#3575);
#3575 = CARTESIAN_POINT('',(-1.,1.6,11.));
#3576 = LINE('',#3577,#3578);
#3577 = CARTESIAN_POINT('',(-2.,1.6,11.));
#3578 = VECTOR('',#3579,1.);
#3579 = DIRECTION('',(1.,0.,0.));
#3580 = ORIENTED_EDGE('',*,*,#3581,.T.);
#3581 = EDGE_CURVE('',#3574,#3582,#3584,.T.);
#3582 = VERTEX_POINT('',#3583);
#3583 = CARTESIAN_POINT('',(-1.,1.6,14.));
#3584 = LINE('',#3585,#3586);
#3585 = CARTESIAN_POINT('',(-1.,1.6,8.5));
#3586 = VECTOR('',#3587,1.);
#3587 = DIRECTION('',(0.,0.,1.));
#3588 = ORIENTED_EDGE('',*,*,#3589,.T.);
#3589 = EDGE_CURVE('',#3582,#3590,#3592,.T.);
#3590 = VERTEX_POINT('',#3591);
#3591 = CARTESIAN_POINT('',(1.,1.6,14.));
#3592 = LINE('',#3593,#3594);
#3593 = CARTESIAN_POINT('',(-1.,1.6,14.));
#3594 = VECTOR('',#3595,1.);
#3595 = DIRECTION('',(1.,0.,0.));
#3596 = ORIENTED_EDGE('',*,*,#3597,.F.);
#3597 = EDGE_CURVE('',#3540,#3590,#3598,.T.);
#3598 = LINE('',#3599,#3600);
#3599 = CARTESIAN_POINT('',(1.,1.6,8.5));
#3600 = VECTOR('',#3601,1.);
#3601 = DIRECTION('',(0.,0.,1.));
#3602 = PLANE('',#3603);
#3603 = AXIS2_PLACEMENT_3D('',#3604,#3605,#3606);
#3604 = CARTESIAN_POINT('',(-0.363636363636,1.6,9.863636363636));
#3605 = DIRECTION('',(0.,1.,0.));
#3606 = DIRECTION('',(0.,0.,1.));
#3607 = ADVANCED_FACE('',(#3608),#3626,.F.);
#3608 = FACE_BOUND('',#3609,.F.);
#3609 = EDGE_LOOP('',(#3610,#3618,#3619,#3620));
#3610 = ORIENTED_EDGE('',*,*,#3611,.F.);
#3611 = EDGE_CURVE('',#3055,#3612,#3614,.T.);
#3612 = VERTEX_POINT('',#3613);
#3613 = CARTESIAN_POINT('',(-2.,1.1,11.));
#3614 = LINE('',#3615,#3616);
#3615 = CARTESIAN_POINT('',(-2.,1.1,6.));
#3616 = VECTOR('',#3617,1.);
#3617 = DIRECTION('',(0.,0.,1.));
#3618 = ORIENTED_EDGE('',*,*,#3062,.F.);
#3619 = ORIENTED_EDGE('',*,*,#3565,.T.);
#3620 = ORIENTED_EDGE('',*,*,#3621,.F.);
#3621 = EDGE_CURVE('',#3612,#3566,#3622,.T.);
#3622 = LINE('',#3623,#3624);
#3623 = CARTESIAN_POINT('',(-2.,-2.,11.));
#3624 = VECTOR('',#3625,1.);
#3625 = DIRECTION('',(0.,1.,0.));
#3626 = PLANE('',#3627);
#3627 = AXIS2_PLACEMENT_3D('',#3628,#3629,#3630);
#3628 = CARTESIAN_POINT('',(-2.,-2.,6.));
#3629 = DIRECTION('',(1.,0.,0.));
#3630 = DIRECTION('',(0.,0.,1.));
#3631 = ADVANCED_FACE('',(#3632),#3650,.F.);
#3632 = FACE_BOUND('',#3633,.F.);
#3633 = EDGE_LOOP('',(#3634,#3642,#3643,#3644));
#3634 = ORIENTED_EDGE('',*,*,#3635,.F.);
#3635 = EDGE_CURVE('',#3047,#3636,#3638,.T.);
#3636 = VERTEX_POINT('',#3637);
#3637 = CARTESIAN_POINT('',(-1.6,1.1,11.));
#3638 = LINE('',#3639,#3640);
#3639 = CARTESIAN_POINT('',(-1.6,1.1,6.));
#3640 = VECTOR('',#3641,1.);
#3641 = DIRECTION('',(0.,0.,1.));
#3642 = ORIENTED_EDGE('',*,*,#3054,.F.);
#3643 = ORIENTED_EDGE('',*,*,#3611,.T.);
#3644 = ORIENTED_EDGE('',*,*,#3645,.T.);
#3645 = EDGE_CURVE('',#3612,#3636,#3646,.T.);
#3646 = LINE('',#3647,#3648);
#3647 = CARTESIAN_POINT('',(-2.,1.1,11.));
#3648 = VECTOR('',#3649,1.);
#3649 = DIRECTION('',(1.,0.,0.));
#3650 = PLANE('',#3651);
#3651 = AXIS2_PLACEMENT_3D('',#3652,#3653,#3654);
#3652 = CARTESIAN_POINT('',(-2.,1.1,6.));
#3653 = DIRECTION('',(0.,1.,0.));
#3654 = DIRECTION('',(0.,0.,1.));
#3655 = ADVANCED_FACE('',(#3656),#3674,.F.);
#3656 = FACE_BOUND('',#3657,.F.);
#3657 = EDGE_LOOP('',(#3658,#3666,#3667,#3668));
#3658 = ORIENTED_EDGE('',*,*,#3659,.F.);
#3659 = EDGE_CURVE('',#3039,#3660,#3662,.T.);
#3660 = VERTEX_POINT('',#3661);
#3661 = CARTESIAN_POINT('',(-1.6,-1.1,11.));
#3662 = LINE('',#3663,#3664);
#3663 = CARTESIAN_POINT('',(-1.6,-1.1,6.));
#3664 = VECTOR('',#3665,1.);
#3665 = DIRECTION('',(0.,0.,1.));
#3666 = ORIENTED_EDGE('',*,*,#3046,.F.);
#3667 = ORIENTED_EDGE('',*,*,#3635,.T.);
#3668 = ORIENTED_EDGE('',*,*,#3669,.F.);
#3669 = EDGE_CURVE('',#3660,#3636,#3670,.T.);
#3670 = LINE('',#3671,#3672);
#3671 = CARTESIAN_POINT('',(-1.6,-1.1,11.));
#3672 = VECTOR('',#3673,1.);
#3673 = DIRECTION('',(0.,1.,0.));
#3674 = PLANE('',#3675);
#3675 = AXIS2_PLACEMENT_3D('',#3676,#3677,#3678);
#3676 = CARTESIAN_POINT('',(-1.6,-1.1,6.));
#3677 = DIRECTION('',(1.,0.,0.));
#3678 = DIRECTION('',(0.,0.,1.));
#3679 = ADVANCED_FACE('',(#3680),#3698,.T.);
#3680 = FACE_BOUND('',#3681,.T.);
#3681 = EDGE_LOOP('',(#3682,#3683,#3684,#3692));
#3682 = ORIENTED_EDGE('',*,*,#3659,.F.);
#3683 = ORIENTED_EDGE('',*,*,#3038,.F.);
#3684 = ORIENTED_EDGE('',*,*,#3685,.T.);
#3685 = EDGE_CURVE('',#3031,#3686,#3688,.T.);
#3686 = VERTEX_POINT('',#3687);
#3687 = CARTESIAN_POINT('',(-2.,-1.1,11.));
#3688 = LINE('',#3689,#3690);
#3689 = CARTESIAN_POINT('',(-2.,-1.1,6.));
#3690 = VECTOR('',#3691,1.);
#3691 = DIRECTION('',(0.,0.,1.));
#3692 = ORIENTED_EDGE('',*,*,#3693,.T.);
#3693 = EDGE_CURVE('',#3686,#3660,#3694,.T.);
#3694 = LINE('',#3695,#3696);
#3695 = CARTESIAN_POINT('',(-2.,-1.1,11.));
#3696 = VECTOR('',#3697,1.);
#3697 = DIRECTION('',(1.,0.,0.));
#3698 = PLANE('',#3699);
#3699 = AXIS2_PLACEMENT_3D('',#3700,#3701,#3702);
#3700 = CARTESIAN_POINT('',(-2.,-1.1,6.));
#3701 = DIRECTION('',(0.,1.,0.));
#3702 = DIRECTION('',(0.,0.,1.));
#3703 = ADVANCED_FACE('',(#3704),#3722,.F.);
#3704 = FACE_BOUND('',#3705,.F.);
#3705 = EDGE_LOOP('',(#3706,#3714,#3715,#3716));
#3706 = ORIENTED_EDGE('',*,*,#3707,.F.);
#3707 = EDGE_CURVE('',#3023,#3708,#3710,.T.);
#3708 = VERTEX_POINT('',#3709);
#3709 = CARTESIAN_POINT('',(-2.,-1.6,11.));
#3710 = LINE('',#3711,#3712);
#3711 = CARTESIAN_POINT('',(-2.,-1.6,6.));
#3712 = VECTOR('',#3713,1.);
#3713 = DIRECTION('',(0.,0.,1.));
#3714 = ORIENTED_EDGE('',*,*,#3030,.F.);
#3715 = ORIENTED_EDGE('',*,*,#3685,.T.);
#3716 = ORIENTED_EDGE('',*,*,#3717,.F.);
#3717 = EDGE_CURVE('',#3708,#3686,#3718,.T.);
#3718 = LINE('',#3719,#3720);
#3719 = CARTESIAN_POINT('',(-2.,-2.,11.));
#3720 = VECTOR('',#3721,1.);
#3721 = DIRECTION('',(0.,1.,0.));
#3722 = PLANE('',#3723);
#3723 = AXIS2_PLACEMENT_3D('',#3724,#3725,#3726);
#3724 = CARTESIAN_POINT('',(-2.,-2.,6.));
#3725 = DIRECTION('',(1.,0.,0.));
#3726 = DIRECTION('',(0.,0.,1.));
#3727 = ADVANCED_FACE('',(#3728),#3763,.T.);
#3728 = FACE_BOUND('',#3729,.T.);
#3729 = EDGE_LOOP('',(#3730,#3731,#3732,#3740,#3748,#3756,#3762));
#3730 = ORIENTED_EDGE('',*,*,#3022,.F.);
#3731 = ORIENTED_EDGE('',*,*,#3317,.T.);
#3732 = ORIENTED_EDGE('',*,*,#3733,.T.);
#3733 = EDGE_CURVE('',#3318,#3734,#3736,.T.);
#3734 = VERTEX_POINT('',#3735);
#3735 = CARTESIAN_POINT('',(1.,-1.6,14.));
#3736 = LINE('',#3737,#3738);
#3737 = CARTESIAN_POINT('',(1.,-1.6,8.5));
#3738 = VECTOR('',#3739,1.);
#3739 = DIRECTION('',(0.,0.,1.));
#3740 = ORIENTED_EDGE('',*,*,#3741,.F.);
#3741 = EDGE_CURVE('',#3742,#3734,#3744,.T.);
#3742 = VERTEX_POINT('',#3743);
#3743 = CARTESIAN_POINT('',(-1.,-1.6,14.));
#3744 = LINE('',#3745,#3746);
#3745 = CARTESIAN_POINT('',(-1.,-1.6,14.));
#3746 = VECTOR('',#3747,1.);
#3747 = DIRECTION('',(1.,0.,0.));
#3748 = ORIENTED_EDGE('',*,*,#3749,.F.);
#3749 = EDGE_CURVE('',#3750,#3742,#3752,.T.);
#3750 = VERTEX_POINT('',#3751);
#3751 = CARTESIAN_POINT('',(-1.,-1.6,11.));
#3752 = LINE('',#3753,#3754);
#3753 = CARTESIAN_POINT('',(-1.,-1.6,8.5));
#3754 = VECTOR('',#3755,1.);
#3755 = DIRECTION('',(0.,0.,1.));
#3756 = ORIENTED_EDGE('',*,*,#3757,.F.);
#3757 = EDGE_CURVE('',#3708,#3750,#3758,.T.);
#3758 = LINE('',#3759,#3760);
#3759 = CARTESIAN_POINT('',(-2.,-1.6,11.));
#3760 = VECTOR('',#3761,1.);
#3761 = DIRECTION('',(1.,0.,0.));
#3762 = ORIENTED_EDGE('',*,*,#3707,.F.);
#3763 = PLANE('',#3764);
#3764 = AXIS2_PLACEMENT_3D('',#3765,#3766,#3767);
#3765 = CARTESIAN_POINT('',(-0.363636363636,-1.6,9.863636363636));
#3766 = DIRECTION('',(-0.,-1.,-0.));
#3767 = DIRECTION('',(0.,0.,-1.));
#3768 = ADVANCED_FACE('',(#3769),#3791,.T.);
#3769 = FACE_BOUND('',#3770,.T.);
#3770 = EDGE_LOOP('',(#3771,#3777,#3778,#3779,#3780,#3781,#3787,#3788,
    #3789,#3790));
#3771 = ORIENTED_EDGE('',*,*,#3772,.T.);
#3772 = EDGE_CURVE('',#3540,#3318,#3773,.T.);
#3773 = LINE('',#3774,#3775);
#3774 = CARTESIAN_POINT('',(1.,-1.8,11.));
#3775 = VECTOR('',#3776,1.);
#3776 = DIRECTION('',(0.,-1.,0.));
#3777 = ORIENTED_EDGE('',*,*,#3325,.F.);
#3778 = ORIENTED_EDGE('',*,*,#3341,.T.);
#3779 = ORIENTED_EDGE('',*,*,#3363,.T.);
#3780 = ORIENTED_EDGE('',*,*,#3397,.F.);
#3781 = ORIENTED_EDGE('',*,*,#3782,.T.);
#3782 = EDGE_CURVE('',#3398,#3462,#3783,.T.);
#3783 = LINE('',#3784,#3785);
#3784 = CARTESIAN_POINT('',(1.6,-1.2,11.));
#3785 = VECTOR('',#3786,1.);
#3786 = DIRECTION('',(0.,1.,0.));
#3787 = ORIENTED_EDGE('',*,*,#3469,.T.);
#3788 = ORIENTED_EDGE('',*,*,#3491,.T.);
#3789 = ORIENTED_EDGE('',*,*,#3524,.F.);
#3790 = ORIENTED_EDGE('',*,*,#3549,.F.);
#3791 = PLANE('',#3792);
#3792 = AXIS2_PLACEMENT_3D('',#3793,#3794,#3795);
#3793 = CARTESIAN_POINT('',(-2.,-2.,11.));
#3794 = DIRECTION('',(0.,0.,1.));
#3795 = DIRECTION('',(1.,0.,0.));
#3796 = ADVANCED_FACE('',(#3797),#3808,.F.);
#3797 = FACE_BOUND('',#3798,.F.);
#3798 = EDGE_LOOP('',(#3799,#3800,#3801,#3807));
#3799 = ORIENTED_EDGE('',*,*,#3437,.F.);
#3800 = ORIENTED_EDGE('',*,*,#3413,.T.);
#3801 = ORIENTED_EDGE('',*,*,#3802,.T.);
#3802 = EDGE_CURVE('',#3406,#3454,#3803,.T.);
#3803 = LINE('',#3804,#3805);
#3804 = CARTESIAN_POINT('',(1.6,-1.2,10.2));
#3805 = VECTOR('',#3806,1.);
#3806 = DIRECTION('',(0.,1.,0.));
#3807 = ORIENTED_EDGE('',*,*,#3453,.F.);
#3808 = PLANE('',#3809);
#3809 = AXIS2_PLACEMENT_3D('',#3810,#3811,#3812);
#3810 = CARTESIAN_POINT('',(1.2,-1.2,10.2));
#3811 = DIRECTION('',(0.,0.,1.));
#3812 = DIRECTION('',(1.,0.,0.));
#3813 = ADVANCED_FACE('',(#3814),#3820,.T.);
#3814 = FACE_BOUND('',#3815,.T.);
#3815 = EDGE_LOOP('',(#3816,#3817,#3818,#3819));
#3816 = ORIENTED_EDGE('',*,*,#3405,.F.);
#3817 = ORIENTED_EDGE('',*,*,#3802,.T.);
#3818 = ORIENTED_EDGE('',*,*,#3461,.T.);
#3819 = ORIENTED_EDGE('',*,*,#3782,.F.);
#3820 = PLANE('',#3821);
#3821 = AXIS2_PLACEMENT_3D('',#3822,#3823,#3824);
#3822 = CARTESIAN_POINT('',(1.6,-1.2,6.));
#3823 = DIRECTION('',(1.,0.,0.));
#3824 = DIRECTION('',(0.,0.,1.));
#3825 = ADVANCED_FACE('',(#3826),#3837,.T.);
#3826 = FACE_BOUND('',#3827,.T.);
#3827 = EDGE_LOOP('',(#3828,#3829,#3830,#3831));
#3828 = ORIENTED_EDGE('',*,*,#3733,.F.);
#3829 = ORIENTED_EDGE('',*,*,#3772,.F.);
#3830 = ORIENTED_EDGE('',*,*,#3597,.T.);
#3831 = ORIENTED_EDGE('',*,*,#3832,.F.);
#3832 = EDGE_CURVE('',#3734,#3590,#3833,.T.);
#3833 = LINE('',#3834,#3835);
#3834 = CARTESIAN_POINT('',(1.,-1.6,14.));
#3835 = VECTOR('',#3836,1.);
#3836 = DIRECTION('',(0.,1.,0.));
#3837 = PLANE('',#3838);
#3838 = AXIS2_PLACEMENT_3D('',#3839,#3840,#3841);
#3839 = CARTESIAN_POINT('',(1.,-1.6,8.5));
#3840 = DIRECTION('',(1.,0.,0.));
#3841 = DIRECTION('',(0.,0.,1.));
#3842 = ADVANCED_FACE('',(#3843),#3854,.T.);
#3843 = FACE_BOUND('',#3844,.T.);
#3844 = EDGE_LOOP('',(#3845,#3851,#3852,#3853));
#3845 = ORIENTED_EDGE('',*,*,#3846,.F.);
#3846 = EDGE_CURVE('',#3742,#3582,#3847,.T.);
#3847 = LINE('',#3848,#3849);
#3848 = CARTESIAN_POINT('',(-1.,-1.6,14.));
#3849 = VECTOR('',#3850,1.);
#3850 = DIRECTION('',(0.,1.,0.));
#3851 = ORIENTED_EDGE('',*,*,#3741,.T.);
#3852 = ORIENTED_EDGE('',*,*,#3832,.T.);
#3853 = ORIENTED_EDGE('',*,*,#3589,.F.);
#3854 = PLANE('',#3855);
#3855 = AXIS2_PLACEMENT_3D('',#3856,#3857,#3858);
#3856 = CARTESIAN_POINT('',(-1.,-1.6,14.));
#3857 = DIRECTION('',(0.,0.,1.));
#3858 = DIRECTION('',(1.,0.,0.));
#3859 = ADVANCED_FACE('',(#3860),#3871,.F.);
#3860 = FACE_BOUND('',#3861,.F.);
#3861 = EDGE_LOOP('',(#3862,#3863,#3869,#3870));
#3862 = ORIENTED_EDGE('',*,*,#3749,.F.);
#3863 = ORIENTED_EDGE('',*,*,#3864,.F.);
#3864 = EDGE_CURVE('',#3574,#3750,#3865,.T.);
#3865 = LINE('',#3866,#3867);
#3866 = CARTESIAN_POINT('',(-1.,-1.8,11.));
#3867 = VECTOR('',#3868,1.);
#3868 = DIRECTION('',(0.,-1.,0.));
#3869 = ORIENTED_EDGE('',*,*,#3581,.T.);
#3870 = ORIENTED_EDGE('',*,*,#3846,.F.);
#3871 = PLANE('',#3872);
#3872 = AXIS2_PLACEMENT_3D('',#3873,#3874,#3875);
#3873 = CARTESIAN_POINT('',(-1.,-1.6,8.5));
#3874 = DIRECTION('',(1.,0.,0.));
#3875 = DIRECTION('',(0.,0.,1.));
#3876 = ADVANCED_FACE('',(#3877),#3887,.T.);
#3877 = FACE_BOUND('',#3878,.T.);
#3878 = EDGE_LOOP('',(#3879,#3880,#3881,#3882,#3883,#3884,#3885,#3886));
#3879 = ORIENTED_EDGE('',*,*,#3717,.F.);
#3880 = ORIENTED_EDGE('',*,*,#3757,.T.);
#3881 = ORIENTED_EDGE('',*,*,#3864,.F.);
#3882 = ORIENTED_EDGE('',*,*,#3573,.F.);
#3883 = ORIENTED_EDGE('',*,*,#3621,.F.);
#3884 = ORIENTED_EDGE('',*,*,#3645,.T.);
#3885 = ORIENTED_EDGE('',*,*,#3669,.F.);
#3886 = ORIENTED_EDGE('',*,*,#3693,.F.);
#3887 = PLANE('',#3888);
#3888 = AXIS2_PLACEMENT_3D('',#3889,#3890,#3891);
#3889 = CARTESIAN_POINT('',(-2.,-2.,11.));
#3890 = DIRECTION('',(0.,0.,1.));
#3891 = DIRECTION('',(1.,0.,0.));
#3892 = ORIENTED_CLOSED_SHELL('',*,#3893,.F.);
#3893 = CLOSED_SHELL('',(#3894,#3934,#3981,#4005,#4029,#4142,#4189,#4254
    ,#4271,#4295,#4319,#4336,#4360,#4384,#4403,#4427,#4451,#4468,#4480,
    #4492));
#3894 = ADVANCED_FACE('',(#3895),#3929,.T.);
#3895 = FACE_BOUND('',#3896,.T.);
#3896 = EDGE_LOOP('',(#3897,#3907,#3915,#3923));
#3897 = ORIENTED_EDGE('',*,*,#3898,.F.);
#3898 = EDGE_CURVE('',#3899,#3901,#3903,.T.);
#3899 = VERTEX_POINT('',#3900);
#3900 = CARTESIAN_POINT('',(1.,-2.,6.));
#3901 = VERTEX_POINT('',#3902);
#3902 = CARTESIAN_POINT('',(1.,-2.,8.5));
#3903 = LINE('',#3904,#3905);
#3904 = CARTESIAN_POINT('',(1.,-2.,6.));
#3905 = VECTOR('',#3906,1.);
#3906 = DIRECTION('',(0.,0.,1.));
#3907 = ORIENTED_EDGE('',*,*,#3908,.T.);
#3908 = EDGE_CURVE('',#3899,#3909,#3911,.T.);
#3909 = VERTEX_POINT('',#3910);
#3910 = CARTESIAN_POINT('',(1.,-1.6,6.));
#3911 = LINE('',#3912,#3913);
#3912 = CARTESIAN_POINT('',(1.,-2.,6.));
#3913 = VECTOR('',#3914,1.);
#3914 = DIRECTION('',(0.,1.,0.));
#3915 = ORIENTED_EDGE('',*,*,#3916,.T.);
#3916 = EDGE_CURVE('',#3909,#3917,#3919,.T.);
#3917 = VERTEX_POINT('',#3918);
#3918 = CARTESIAN_POINT('',(1.,-1.6,8.5));
#3919 = LINE('',#3920,#3921);
#3920 = CARTESIAN_POINT('',(1.,-1.6,8.5));
#3921 = VECTOR('',#3922,1.);
#3922 = DIRECTION('',(0.,0.,1.));
#3923 = ORIENTED_EDGE('',*,*,#3924,.T.);
#3924 = EDGE_CURVE('',#3917,#3901,#3925,.T.);
#3925 = LINE('',#3926,#3927);
#3926 = CARTESIAN_POINT('',(1.,-2.,8.5));
#3927 = VECTOR('',#3928,1.);
#3928 = DIRECTION('',(0.,-1.,0.));
#3929 = PLANE('',#3930);
#3930 = AXIS2_PLACEMENT_3D('',#3931,#3932,#3933);
#3931 = CARTESIAN_POINT('',(1.,-2.,6.));
#3932 = DIRECTION('',(1.,0.,0.));
#3933 = DIRECTION('',(0.,0.,1.));
#3934 = ADVANCED_FACE('',(#3935),#3976,.F.);
#3935 = FACE_BOUND('',#3936,.F.);
#3936 = EDGE_LOOP('',(#3937,#3947,#3955,#3963,#3969,#3970));
#3937 = ORIENTED_EDGE('',*,*,#3938,.F.);
#3938 = EDGE_CURVE('',#3939,#3941,#3943,.T.);
#3939 = VERTEX_POINT('',#3940);
#3940 = CARTESIAN_POINT('',(2.,-2.,4.5));
#3941 = VERTEX_POINT('',#3942);
#3942 = CARTESIAN_POINT('',(2.,-2.,6.));
#3943 = LINE('',#3944,#3945);
#3944 = CARTESIAN_POINT('',(2.,-2.,4.5));
#3945 = VECTOR('',#3946,1.);
#3946 = DIRECTION('',(0.,0.,1.));
#3947 = ORIENTED_EDGE('',*,*,#3948,.F.);
#3948 = EDGE_CURVE('',#3949,#3939,#3951,.T.);
#3949 = VERTEX_POINT('',#3950);
#3950 = CARTESIAN_POINT('',(-2.,-2.,4.5));
#3951 = LINE('',#3952,#3953);
#3952 = CARTESIAN_POINT('',(-2.,-2.,4.5));
#3953 = VECTOR('',#3954,1.);
#3954 = DIRECTION('',(1.,0.,0.));
#3955 = ORIENTED_EDGE('',*,*,#3956,.T.);
#3956 = EDGE_CURVE('',#3949,#3957,#3959,.T.);
#3957 = VERTEX_POINT('',#3958);
#3958 = CARTESIAN_POINT('',(-2.,-2.,8.5));
#3959 = LINE('',#3960,#3961);
#3960 = CARTESIAN_POINT('',(-2.,-2.,4.5));
#3961 = VECTOR('',#3962,1.);
#3962 = DIRECTION('',(0.,0.,1.));
#3963 = ORIENTED_EDGE('',*,*,#3964,.T.);
#3964 = EDGE_CURVE('',#3957,#3901,#3965,.T.);
#3965 = LINE('',#3966,#3967);
#3966 = CARTESIAN_POINT('',(-2.,-2.,8.5));
#3967 = VECTOR('',#3968,1.);
#3968 = DIRECTION('',(1.,0.,0.));
#3969 = ORIENTED_EDGE('',*,*,#3898,.F.);
#3970 = ORIENTED_EDGE('',*,*,#3971,.T.);
#3971 = EDGE_CURVE('',#3899,#3941,#3972,.T.);
#3972 = LINE('',#3973,#3974);
#3973 = CARTESIAN_POINT('',(-2.,-2.,6.));
#3974 = VECTOR('',#3975,1.);
#3975 = DIRECTION('',(1.,0.,0.));
#3976 = PLANE('',#3977);
#3977 = AXIS2_PLACEMENT_3D('',#3978,#3979,#3980);
#3978 = CARTESIAN_POINT('',(-2.,-2.,4.5));
#3979 = DIRECTION('',(0.,1.,0.));
#3980 = DIRECTION('',(0.,0.,1.));
#3981 = ADVANCED_FACE('',(#3982),#4000,.T.);
#3982 = FACE_BOUND('',#3983,.T.);
#3983 = EDGE_LOOP('',(#3984,#3992,#3993,#3994));
#3984 = ORIENTED_EDGE('',*,*,#3985,.F.);
#3985 = EDGE_CURVE('',#3957,#3986,#3988,.T.);
#3986 = VERTEX_POINT('',#3987);
#3987 = CARTESIAN_POINT('',(-2.,-1.6,8.5));
#3988 = LINE('',#3989,#3990);
#3989 = CARTESIAN_POINT('',(-2.,-2.,8.5));
#3990 = VECTOR('',#3991,1.);
#3991 = DIRECTION('',(0.,1.,0.));
#3992 = ORIENTED_EDGE('',*,*,#3964,.T.);
#3993 = ORIENTED_EDGE('',*,*,#3924,.F.);
#3994 = ORIENTED_EDGE('',*,*,#3995,.T.);
#3995 = EDGE_CURVE('',#3917,#3986,#3996,.T.);
#3996 = LINE('',#3997,#3998);
#3997 = CARTESIAN_POINT('',(-1.181818181818,-1.6,8.5));
#3998 = VECTOR('',#3999,1.);
#3999 = DIRECTION('',(-1.,0.,0.));
#4000 = PLANE('',#4001);
#4001 = AXIS2_PLACEMENT_3D('',#4002,#4003,#4004);
#4002 = CARTESIAN_POINT('',(-2.,-2.,8.5));
#4003 = DIRECTION('',(0.,0.,1.));
#4004 = DIRECTION('',(1.,0.,0.));
#4005 = ADVANCED_FACE('',(#4006),#4024,.F.);
#4006 = FACE_BOUND('',#4007,.F.);
#4007 = EDGE_LOOP('',(#4008,#4016,#4017,#4018));
#4008 = ORIENTED_EDGE('',*,*,#4009,.T.);
#4009 = EDGE_CURVE('',#4010,#3909,#4012,.T.);
#4010 = VERTEX_POINT('',#4011);
#4011 = CARTESIAN_POINT('',(-2.,-1.6,6.));
#4012 = LINE('',#4013,#4014);
#4013 = CARTESIAN_POINT('',(-2.,-1.6,6.));
#4014 = VECTOR('',#4015,1.);
#4015 = DIRECTION('',(1.,0.,0.));
#4016 = ORIENTED_EDGE('',*,*,#3916,.T.);
#4017 = ORIENTED_EDGE('',*,*,#3995,.T.);
#4018 = ORIENTED_EDGE('',*,*,#4019,.F.);
#4019 = EDGE_CURVE('',#4010,#3986,#4020,.T.);
#4020 = LINE('',#4021,#4022);
#4021 = CARTESIAN_POINT('',(-2.,-1.6,6.));
#4022 = VECTOR('',#4023,1.);
#4023 = DIRECTION('',(0.,0.,1.));
#4024 = PLANE('',#4025);
#4025 = AXIS2_PLACEMENT_3D('',#4026,#4027,#4028);
#4026 = CARTESIAN_POINT('',(-0.363636363636,-1.6,9.863636363636));
#4027 = DIRECTION('',(-0.,-1.,-0.));
#4028 = DIRECTION('',(0.,0.,-1.));
#4029 = ADVANCED_FACE('',(#4030),#4137,.T.);
#4030 = FACE_BOUND('',#4031,.T.);
#4031 = EDGE_LOOP('',(#4032,#4040,#4041,#4042,#4043,#4051,#4059,#4067,
    #4075,#4083,#4091,#4099,#4107,#4115,#4123,#4131));
#4032 = ORIENTED_EDGE('',*,*,#4033,.F.);
#4033 = EDGE_CURVE('',#4010,#4034,#4036,.T.);
#4034 = VERTEX_POINT('',#4035);
#4035 = CARTESIAN_POINT('',(-2.,-1.1,6.));
#4036 = LINE('',#4037,#4038);
#4037 = CARTESIAN_POINT('',(-2.,-2.,6.));
#4038 = VECTOR('',#4039,1.);
#4039 = DIRECTION('',(0.,1.,0.));
#4040 = ORIENTED_EDGE('',*,*,#4009,.T.);
#4041 = ORIENTED_EDGE('',*,*,#3908,.F.);
#4042 = ORIENTED_EDGE('',*,*,#3971,.T.);
#4043 = ORIENTED_EDGE('',*,*,#4044,.T.);
#4044 = EDGE_CURVE('',#3941,#4045,#4047,.T.);
#4045 = VERTEX_POINT('',#4046);
#4046 = CARTESIAN_POINT('',(2.,-1.2,6.));
#4047 = LINE('',#4048,#4049);
#4048 = CARTESIAN_POINT('',(2.,-2.,6.));
#4049 = VECTOR('',#4050,1.);
#4050 = DIRECTION('',(0.,1.,0.));
#4051 = ORIENTED_EDGE('',*,*,#4052,.F.);
#4052 = EDGE_CURVE('',#4053,#4045,#4055,.T.);
#4053 = VERTEX_POINT('',#4054);
#4054 = CARTESIAN_POINT('',(1.2,-1.2,6.));
#4055 = LINE('',#4056,#4057);
#4056 = CARTESIAN_POINT('',(1.2,-1.2,6.));
#4057 = VECTOR('',#4058,1.);
#4058 = DIRECTION('',(1.,0.,0.));
#4059 = ORIENTED_EDGE('',*,*,#4060,.T.);
#4060 = EDGE_CURVE('',#4053,#4061,#4063,.T.);
#4061 = VERTEX_POINT('',#4062);
#4062 = CARTESIAN_POINT('',(1.2,1.2,6.));
#4063 = LINE('',#4064,#4065);
#4064 = CARTESIAN_POINT('',(1.2,-1.2,6.));
#4065 = VECTOR('',#4066,1.);
#4066 = DIRECTION('',(0.,1.,0.));
#4067 = ORIENTED_EDGE('',*,*,#4068,.T.);
#4068 = EDGE_CURVE('',#4061,#4069,#4071,.T.);
#4069 = VERTEX_POINT('',#4070);
#4070 = CARTESIAN_POINT('',(2.,1.2,6.));
#4071 = LINE('',#4072,#4073);
#4072 = CARTESIAN_POINT('',(1.6,1.2,6.));
#4073 = VECTOR('',#4074,1.);
#4074 = DIRECTION('',(1.,0.,0.));
#4075 = ORIENTED_EDGE('',*,*,#4076,.T.);
#4076 = EDGE_CURVE('',#4069,#4077,#4079,.T.);
#4077 = VERTEX_POINT('',#4078);
#4078 = CARTESIAN_POINT('',(2.,2.,6.));
#4079 = LINE('',#4080,#4081);
#4080 = CARTESIAN_POINT('',(2.,-2.,6.));
#4081 = VECTOR('',#4082,1.);
#4082 = DIRECTION('',(0.,1.,0.));
#4083 = ORIENTED_EDGE('',*,*,#4084,.F.);
#4084 = EDGE_CURVE('',#4085,#4077,#4087,.T.);
#4085 = VERTEX_POINT('',#4086);
#4086 = CARTESIAN_POINT('',(1.,2.,6.));
#4087 = LINE('',#4088,#4089);
#4088 = CARTESIAN_POINT('',(-2.,2.,6.));
#4089 = VECTOR('',#4090,1.);
#4090 = DIRECTION('',(1.,0.,0.));
#4091 = ORIENTED_EDGE('',*,*,#4092,.F.);
#4092 = EDGE_CURVE('',#4093,#4085,#4095,.T.);
#4093 = VERTEX_POINT('',#4094);
#4094 = CARTESIAN_POINT('',(1.,1.6,6.));
#4095 = LINE('',#4096,#4097);
#4096 = CARTESIAN_POINT('',(1.,1.6,6.));
#4097 = VECTOR('',#4098,1.);
#4098 = DIRECTION('',(0.,1.,0.));
#4099 = ORIENTED_EDGE('',*,*,#4100,.F.);
#4100 = EDGE_CURVE('',#4101,#4093,#4103,.T.);
#4101 = VERTEX_POINT('',#4102);
#4102 = CARTESIAN_POINT('',(-2.,1.6,6.));
#4103 = LINE('',#4104,#4105);
#4104 = CARTESIAN_POINT('',(-2.,1.6,6.));
#4105 = VECTOR('',#4106,1.);
#4106 = DIRECTION('',(1.,0.,0.));
#4107 = ORIENTED_EDGE('',*,*,#4108,.F.);
#4108 = EDGE_CURVE('',#4109,#4101,#4111,.T.);
#4109 = VERTEX_POINT('',#4110);
#4110 = CARTESIAN_POINT('',(-2.,1.1,6.));
#4111 = LINE('',#4112,#4113);
#4112 = CARTESIAN_POINT('',(-2.,-2.,6.));
#4113 = VECTOR('',#4114,1.);
#4114 = DIRECTION('',(0.,1.,0.));
#4115 = ORIENTED_EDGE('',*,*,#4116,.T.);
#4116 = EDGE_CURVE('',#4109,#4117,#4119,.T.);
#4117 = VERTEX_POINT('',#4118);
#4118 = CARTESIAN_POINT('',(-1.6,1.1,6.));
#4119 = LINE('',#4120,#4121);
#4120 = CARTESIAN_POINT('',(-2.,1.1,6.));
#4121 = VECTOR('',#4122,1.);
#4122 = DIRECTION('',(1.,0.,0.));
#4123 = ORIENTED_EDGE('',*,*,#4124,.F.);
#4124 = EDGE_CURVE('',#4125,#4117,#4127,.T.);
#4125 = VERTEX_POINT('',#4126);
#4126 = CARTESIAN_POINT('',(-1.6,-1.1,6.));
#4127 = LINE('',#4128,#4129);
#4128 = CARTESIAN_POINT('',(-1.6,-1.1,6.));
#4129 = VECTOR('',#4130,1.);
#4130 = DIRECTION('',(0.,1.,0.));
#4131 = ORIENTED_EDGE('',*,*,#4132,.F.);
#4132 = EDGE_CURVE('',#4034,#4125,#4133,.T.);
#4133 = LINE('',#4134,#4135);
#4134 = CARTESIAN_POINT('',(-2.,-1.1,6.));
#4135 = VECTOR('',#4136,1.);
#4136 = DIRECTION('',(1.,0.,0.));
#4137 = PLANE('',#4138);
#4138 = AXIS2_PLACEMENT_3D('',#4139,#4140,#4141);
#4139 = CARTESIAN_POINT('',(-2.,-2.,6.));
#4140 = DIRECTION('',(0.,0.,1.));
#4141 = DIRECTION('',(1.,0.,0.));
#4142 = ADVANCED_FACE('',(#4143),#4184,.T.);
#4143 = FACE_BOUND('',#4144,.T.);
#4144 = EDGE_LOOP('',(#4145,#4146,#4154,#4160,#4161,#4169,#4177,#4183));
#4145 = ORIENTED_EDGE('',*,*,#3938,.F.);
#4146 = ORIENTED_EDGE('',*,*,#4147,.T.);
#4147 = EDGE_CURVE('',#3939,#4148,#4150,.T.);
#4148 = VERTEX_POINT('',#4149);
#4149 = CARTESIAN_POINT('',(2.,2.,4.5));
#4150 = LINE('',#4151,#4152);
#4151 = CARTESIAN_POINT('',(2.,-2.,4.5));
#4152 = VECTOR('',#4153,1.);
#4153 = DIRECTION('',(0.,1.,0.));
#4154 = ORIENTED_EDGE('',*,*,#4155,.T.);
#4155 = EDGE_CURVE('',#4148,#4077,#4156,.T.);
#4156 = LINE('',#4157,#4158);
#4157 = CARTESIAN_POINT('',(2.,2.,4.5));
#4158 = VECTOR('',#4159,1.);
#4159 = DIRECTION('',(0.,0.,1.));
#4160 = ORIENTED_EDGE('',*,*,#4076,.F.);
#4161 = ORIENTED_EDGE('',*,*,#4162,.T.);
#4162 = EDGE_CURVE('',#4069,#4163,#4165,.T.);
#4163 = VERTEX_POINT('',#4164);
#4164 = CARTESIAN_POINT('',(2.,1.2,8.5));
#4165 = LINE('',#4166,#4167);
#4166 = CARTESIAN_POINT('',(2.,1.2,6.));
#4167 = VECTOR('',#4168,1.);
#4168 = DIRECTION('',(0.,0.,1.));
#4169 = ORIENTED_EDGE('',*,*,#4170,.F.);
#4170 = EDGE_CURVE('',#4171,#4163,#4173,.T.);
#4171 = VERTEX_POINT('',#4172);
#4172 = CARTESIAN_POINT('',(2.,-1.2,8.5));
#4173 = LINE('',#4174,#4175);
#4174 = CARTESIAN_POINT('',(2.,-2.,8.5));
#4175 = VECTOR('',#4176,1.);
#4176 = DIRECTION('',(0.,1.,0.));
#4177 = ORIENTED_EDGE('',*,*,#4178,.F.);
#4178 = EDGE_CURVE('',#4045,#4171,#4179,.T.);
#4179 = LINE('',#4180,#4181);
#4180 = CARTESIAN_POINT('',(2.,-1.2,6.));
#4181 = VECTOR('',#4182,1.);
#4182 = DIRECTION('',(0.,0.,1.));
#4183 = ORIENTED_EDGE('',*,*,#4044,.F.);
#4184 = PLANE('',#4185);
#4185 = AXIS2_PLACEMENT_3D('',#4186,#4187,#4188);
#4186 = CARTESIAN_POINT('',(2.,-2.,4.5));
#4187 = DIRECTION('',(1.,0.,0.));
#4188 = DIRECTION('',(0.,0.,1.));
#4189 = ADVANCED_FACE('',(#4190),#4249,.F.);
#4190 = FACE_BOUND('',#4191,.F.);
#4191 = EDGE_LOOP('',(#4192,#4193,#4194,#4202,#4210,#4218,#4224,#4225,
    #4233,#4241,#4247,#4248));
#4192 = ORIENTED_EDGE('',*,*,#3985,.F.);
#4193 = ORIENTED_EDGE('',*,*,#3956,.F.);
#4194 = ORIENTED_EDGE('',*,*,#4195,.T.);
#4195 = EDGE_CURVE('',#3949,#4196,#4198,.T.);
#4196 = VERTEX_POINT('',#4197);
#4197 = CARTESIAN_POINT('',(-2.,2.,4.5));
#4198 = LINE('',#4199,#4200);
#4199 = CARTESIAN_POINT('',(-2.,-2.,4.5));
#4200 = VECTOR('',#4201,1.);
#4201 = DIRECTION('',(0.,1.,0.));
#4202 = ORIENTED_EDGE('',*,*,#4203,.T.);
#4203 = EDGE_CURVE('',#4196,#4204,#4206,.T.);
#4204 = VERTEX_POINT('',#4205);
#4205 = CARTESIAN_POINT('',(-2.,2.,8.5));
#4206 = LINE('',#4207,#4208);
#4207 = CARTESIAN_POINT('',(-2.,2.,4.5));
#4208 = VECTOR('',#4209,1.);
#4209 = DIRECTION('',(0.,0.,1.));
#4210 = ORIENTED_EDGE('',*,*,#4211,.F.);
#4211 = EDGE_CURVE('',#4212,#4204,#4214,.T.);
#4212 = VERTEX_POINT('',#4213);
#4213 = CARTESIAN_POINT('',(-2.,1.6,8.5));
#4214 = LINE('',#4215,#4216);
#4215 = CARTESIAN_POINT('',(-2.,-2.,8.5));
#4216 = VECTOR('',#4217,1.);
#4217 = DIRECTION('',(0.,1.,0.));
#4218 = ORIENTED_EDGE('',*,*,#4219,.F.);
#4219 = EDGE_CURVE('',#4101,#4212,#4220,.T.);
#4220 = LINE('',#4221,#4222);
#4221 = CARTESIAN_POINT('',(-2.,1.6,6.));
#4222 = VECTOR('',#4223,1.);
#4223 = DIRECTION('',(0.,0.,1.));
#4224 = ORIENTED_EDGE('',*,*,#4108,.F.);
#4225 = ORIENTED_EDGE('',*,*,#4226,.T.);
#4226 = EDGE_CURVE('',#4109,#4227,#4229,.T.);
#4227 = VERTEX_POINT('',#4228);
#4228 = CARTESIAN_POINT('',(-2.,1.1,8.5));
#4229 = LINE('',#4230,#4231);
#4230 = CARTESIAN_POINT('',(-2.,1.1,6.));
#4231 = VECTOR('',#4232,1.);
#4232 = DIRECTION('',(0.,0.,1.));
#4233 = ORIENTED_EDGE('',*,*,#4234,.F.);
#4234 = EDGE_CURVE('',#4235,#4227,#4237,.T.);
#4235 = VERTEX_POINT('',#4236);
#4236 = CARTESIAN_POINT('',(-2.,-1.1,8.5));
#4237 = LINE('',#4238,#4239);
#4238 = CARTESIAN_POINT('',(-2.,-2.,8.5));
#4239 = VECTOR('',#4240,1.);
#4240 = DIRECTION('',(0.,1.,0.));
#4241 = ORIENTED_EDGE('',*,*,#4242,.F.);
#4242 = EDGE_CURVE('',#4034,#4235,#4243,.T.);
#4243 = LINE('',#4244,#4245);
#4244 = CARTESIAN_POINT('',(-2.,-1.1,6.));
#4245 = VECTOR('',#4246,1.);
#4246 = DIRECTION('',(0.,0.,1.));
#4247 = ORIENTED_EDGE('',*,*,#4033,.F.);
#4248 = ORIENTED_EDGE('',*,*,#4019,.T.);
#4249 = PLANE('',#4250);
#4250 = AXIS2_PLACEMENT_3D('',#4251,#4252,#4253);
#4251 = CARTESIAN_POINT('',(-2.,-2.,4.5));
#4252 = DIRECTION('',(1.,0.,0.));
#4253 = DIRECTION('',(0.,0.,1.));
#4254 = ADVANCED_FACE('',(#4255),#4266,.F.);
#4255 = FACE_BOUND('',#4256,.F.);
#4256 = EDGE_LOOP('',(#4257,#4258,#4259,#4260));
#4257 = ORIENTED_EDGE('',*,*,#4195,.F.);
#4258 = ORIENTED_EDGE('',*,*,#3948,.T.);
#4259 = ORIENTED_EDGE('',*,*,#4147,.T.);
#4260 = ORIENTED_EDGE('',*,*,#4261,.F.);
#4261 = EDGE_CURVE('',#4196,#4148,#4262,.T.);
#4262 = LINE('',#4263,#4264);
#4263 = CARTESIAN_POINT('',(-2.,2.,4.5));
#4264 = VECTOR('',#4265,1.);
#4265 = DIRECTION('',(1.,0.,0.));
#4266 = PLANE('',#4267);
#4267 = AXIS2_PLACEMENT_3D('',#4268,#4269,#4270);
#4268 = CARTESIAN_POINT('',(-2.,-2.,4.5));
#4269 = DIRECTION('',(0.,0.,1.));
#4270 = DIRECTION('',(1.,0.,0.));
#4271 = ADVANCED_FACE('',(#4272),#4290,.F.);
#4272 = FACE_BOUND('',#4273,.F.);
#4273 = EDGE_LOOP('',(#4274,#4282,#4283,#4284));
#4274 = ORIENTED_EDGE('',*,*,#4275,.F.);
#4275 = EDGE_CURVE('',#4125,#4276,#4278,.T.);
#4276 = VERTEX_POINT('',#4277);
#4277 = CARTESIAN_POINT('',(-1.6,-1.1,8.5));
#4278 = LINE('',#4279,#4280);
#4279 = CARTESIAN_POINT('',(-1.6,-1.1,6.));
#4280 = VECTOR('',#4281,1.);
#4281 = DIRECTION('',(0.,0.,1.));
#4282 = ORIENTED_EDGE('',*,*,#4132,.F.);
#4283 = ORIENTED_EDGE('',*,*,#4242,.T.);
#4284 = ORIENTED_EDGE('',*,*,#4285,.T.);
#4285 = EDGE_CURVE('',#4235,#4276,#4286,.T.);
#4286 = LINE('',#4287,#4288);
#4287 = CARTESIAN_POINT('',(-2.,-1.1,8.5));
#4288 = VECTOR('',#4289,1.);
#4289 = DIRECTION('',(1.,0.,0.));
#4290 = PLANE('',#4291);
#4291 = AXIS2_PLACEMENT_3D('',#4292,#4293,#4294);
#4292 = CARTESIAN_POINT('',(-2.,-1.1,6.));
#4293 = DIRECTION('',(0.,1.,0.));
#4294 = DIRECTION('',(0.,0.,1.));
#4295 = ADVANCED_FACE('',(#4296),#4314,.T.);
#4296 = FACE_BOUND('',#4297,.T.);
#4297 = EDGE_LOOP('',(#4298,#4299,#4300,#4308));
#4298 = ORIENTED_EDGE('',*,*,#4275,.F.);
#4299 = ORIENTED_EDGE('',*,*,#4124,.T.);
#4300 = ORIENTED_EDGE('',*,*,#4301,.T.);
#4301 = EDGE_CURVE('',#4117,#4302,#4304,.T.);
#4302 = VERTEX_POINT('',#4303);
#4303 = CARTESIAN_POINT('',(-1.6,1.1,8.5));
#4304 = LINE('',#4305,#4306);
#4305 = CARTESIAN_POINT('',(-1.6,1.1,6.));
#4306 = VECTOR('',#4307,1.);
#4307 = DIRECTION('',(0.,0.,1.));
#4308 = ORIENTED_EDGE('',*,*,#4309,.T.);
#4309 = EDGE_CURVE('',#4302,#4276,#4310,.T.);
#4310 = LINE('',#4311,#4312);
#4311 = CARTESIAN_POINT('',(-1.6,-1.55,8.5));
#4312 = VECTOR('',#4313,1.);
#4313 = DIRECTION('',(0.,-1.,0.));
#4314 = PLANE('',#4315);
#4315 = AXIS2_PLACEMENT_3D('',#4316,#4317,#4318);
#4316 = CARTESIAN_POINT('',(-1.6,-1.1,6.));
#4317 = DIRECTION('',(1.,0.,0.));
#4318 = DIRECTION('',(0.,0.,1.));
#4319 = ADVANCED_FACE('',(#4320),#4331,.T.);
#4320 = FACE_BOUND('',#4321,.T.);
#4321 = EDGE_LOOP('',(#4322,#4323,#4324,#4325));
#4322 = ORIENTED_EDGE('',*,*,#4301,.F.);
#4323 = ORIENTED_EDGE('',*,*,#4116,.F.);
#4324 = ORIENTED_EDGE('',*,*,#4226,.T.);
#4325 = ORIENTED_EDGE('',*,*,#4326,.T.);
#4326 = EDGE_CURVE('',#4227,#4302,#4327,.T.);
#4327 = LINE('',#4328,#4329);
#4328 = CARTESIAN_POINT('',(-2.,1.1,8.5));
#4329 = VECTOR('',#4330,1.);
#4330 = DIRECTION('',(1.,0.,0.));
#4331 = PLANE('',#4332);
#4332 = AXIS2_PLACEMENT_3D('',#4333,#4334,#4335);
#4333 = CARTESIAN_POINT('',(-2.,1.1,6.));
#4334 = DIRECTION('',(0.,1.,0.));
#4335 = DIRECTION('',(0.,0.,1.));
#4336 = ADVANCED_FACE('',(#4337),#4355,.F.);
#4337 = FACE_BOUND('',#4338,.F.);
#4338 = EDGE_LOOP('',(#4339,#4347,#4348,#4349));
#4339 = ORIENTED_EDGE('',*,*,#4340,.F.);
#4340 = EDGE_CURVE('',#4093,#4341,#4343,.T.);
#4341 = VERTEX_POINT('',#4342);
#4342 = CARTESIAN_POINT('',(1.,1.6,8.5));
#4343 = LINE('',#4344,#4345);
#4344 = CARTESIAN_POINT('',(1.,1.6,6.));
#4345 = VECTOR('',#4346,1.);
#4346 = DIRECTION('',(0.,0.,1.));
#4347 = ORIENTED_EDGE('',*,*,#4100,.F.);
#4348 = ORIENTED_EDGE('',*,*,#4219,.T.);
#4349 = ORIENTED_EDGE('',*,*,#4350,.T.);
#4350 = EDGE_CURVE('',#4212,#4341,#4351,.T.);
#4351 = LINE('',#4352,#4353);
#4352 = CARTESIAN_POINT('',(-1.181818181818,1.6,8.5));
#4353 = VECTOR('',#4354,1.);
#4354 = DIRECTION('',(1.,0.,0.));
#4355 = PLANE('',#4356);
#4356 = AXIS2_PLACEMENT_3D('',#4357,#4358,#4359);
#4357 = CARTESIAN_POINT('',(-0.363636363636,1.6,9.863636363636));
#4358 = DIRECTION('',(0.,1.,0.));
#4359 = DIRECTION('',(0.,0.,1.));
#4360 = ADVANCED_FACE('',(#4361),#4379,.T.);
#4361 = FACE_BOUND('',#4362,.T.);
#4362 = EDGE_LOOP('',(#4363,#4364,#4365,#4373));
#4363 = ORIENTED_EDGE('',*,*,#4340,.F.);
#4364 = ORIENTED_EDGE('',*,*,#4092,.T.);
#4365 = ORIENTED_EDGE('',*,*,#4366,.T.);
#4366 = EDGE_CURVE('',#4085,#4367,#4369,.T.);
#4367 = VERTEX_POINT('',#4368);
#4368 = CARTESIAN_POINT('',(1.,2.,8.5));
#4369 = LINE('',#4370,#4371);
#4370 = CARTESIAN_POINT('',(1.,2.,6.));
#4371 = VECTOR('',#4372,1.);
#4372 = DIRECTION('',(0.,0.,1.));
#4373 = ORIENTED_EDGE('',*,*,#4374,.T.);
#4374 = EDGE_CURVE('',#4367,#4341,#4375,.T.);
#4375 = LINE('',#4376,#4377);
#4376 = CARTESIAN_POINT('',(1.,-0.2,8.5));
#4377 = VECTOR('',#4378,1.);
#4378 = DIRECTION('',(0.,-1.,0.));
#4379 = PLANE('',#4380);
#4380 = AXIS2_PLACEMENT_3D('',#4381,#4382,#4383);
#4381 = CARTESIAN_POINT('',(1.,1.6,6.));
#4382 = DIRECTION('',(1.,0.,0.));
#4383 = DIRECTION('',(0.,0.,1.));
#4384 = ADVANCED_FACE('',(#4385),#4398,.T.);
#4385 = FACE_BOUND('',#4386,.T.);
#4386 = EDGE_LOOP('',(#4387,#4388,#4389,#4390,#4396,#4397));
#4387 = ORIENTED_EDGE('',*,*,#4155,.F.);
#4388 = ORIENTED_EDGE('',*,*,#4261,.F.);
#4389 = ORIENTED_EDGE('',*,*,#4203,.T.);
#4390 = ORIENTED_EDGE('',*,*,#4391,.T.);
#4391 = EDGE_CURVE('',#4204,#4367,#4392,.T.);
#4392 = LINE('',#4393,#4394);
#4393 = CARTESIAN_POINT('',(-2.,2.,8.5));
#4394 = VECTOR('',#4395,1.);
#4395 = DIRECTION('',(1.,0.,0.));
#4396 = ORIENTED_EDGE('',*,*,#4366,.F.);
#4397 = ORIENTED_EDGE('',*,*,#4084,.T.);
#4398 = PLANE('',#4399);
#4399 = AXIS2_PLACEMENT_3D('',#4400,#4401,#4402);
#4400 = CARTESIAN_POINT('',(-2.,2.,4.5));
#4401 = DIRECTION('',(0.,1.,0.));
#4402 = DIRECTION('',(0.,0.,1.));
#4403 = ADVANCED_FACE('',(#4404),#4422,.T.);
#4404 = FACE_BOUND('',#4405,.T.);
#4405 = EDGE_LOOP('',(#4406,#4407,#4415,#4421));
#4406 = ORIENTED_EDGE('',*,*,#4068,.F.);
#4407 = ORIENTED_EDGE('',*,*,#4408,.T.);
#4408 = EDGE_CURVE('',#4061,#4409,#4411,.T.);
#4409 = VERTEX_POINT('',#4410);
#4410 = CARTESIAN_POINT('',(1.2,1.2,8.5));
#4411 = LINE('',#4412,#4413);
#4412 = CARTESIAN_POINT('',(1.2,1.2,6.));
#4413 = VECTOR('',#4414,1.);
#4414 = DIRECTION('',(0.,0.,1.));
#4415 = ORIENTED_EDGE('',*,*,#4416,.T.);
#4416 = EDGE_CURVE('',#4409,#4163,#4417,.T.);
#4417 = LINE('',#4418,#4419);
#4418 = CARTESIAN_POINT('',(-0.186206896552,1.2,8.5));
#4419 = VECTOR('',#4420,1.);
#4420 = DIRECTION('',(1.,5.281756578321E-31,0.));
#4421 = ORIENTED_EDGE('',*,*,#4162,.F.);
#4422 = PLANE('',#4423);
#4423 = AXIS2_PLACEMENT_3D('',#4424,#4425,#4426);
#4424 = CARTESIAN_POINT('',(1.627586206897,1.2,8.472413793103));
#4425 = DIRECTION('',(-5.281756578321E-31,1.,-3.007149455907E-32));
#4426 = DIRECTION('',(1.,5.281756578321E-31,0.));
#4427 = ADVANCED_FACE('',(#4428),#4446,.F.);
#4428 = FACE_BOUND('',#4429,.F.);
#4429 = EDGE_LOOP('',(#4430,#4438,#4439,#4440));
#4430 = ORIENTED_EDGE('',*,*,#4431,.F.);
#4431 = EDGE_CURVE('',#4053,#4432,#4434,.T.);
#4432 = VERTEX_POINT('',#4433);
#4433 = CARTESIAN_POINT('',(1.2,-1.2,8.5));
#4434 = LINE('',#4435,#4436);
#4435 = CARTESIAN_POINT('',(1.2,-1.2,6.));
#4436 = VECTOR('',#4437,1.);
#4437 = DIRECTION('',(0.,0.,1.));
#4438 = ORIENTED_EDGE('',*,*,#4060,.T.);
#4439 = ORIENTED_EDGE('',*,*,#4408,.T.);
#4440 = ORIENTED_EDGE('',*,*,#4441,.T.);
#4441 = EDGE_CURVE('',#4409,#4432,#4442,.T.);
#4442 = LINE('',#4443,#4444);
#4443 = CARTESIAN_POINT('',(1.2,-1.6,8.5));
#4444 = VECTOR('',#4445,1.);
#4445 = DIRECTION('',(0.,-1.,0.));
#4446 = PLANE('',#4447);
#4447 = AXIS2_PLACEMENT_3D('',#4448,#4449,#4450);
#4448 = CARTESIAN_POINT('',(1.2,-1.2,6.));
#4449 = DIRECTION('',(1.,0.,0.));
#4450 = DIRECTION('',(0.,0.,1.));
#4451 = ADVANCED_FACE('',(#4452),#4463,.T.);
#4452 = FACE_BOUND('',#4453,.T.);
#4453 = EDGE_LOOP('',(#4454,#4455,#4456,#4457));
#4454 = ORIENTED_EDGE('',*,*,#4431,.F.);
#4455 = ORIENTED_EDGE('',*,*,#4052,.T.);
#4456 = ORIENTED_EDGE('',*,*,#4178,.T.);
#4457 = ORIENTED_EDGE('',*,*,#4458,.T.);
#4458 = EDGE_CURVE('',#4171,#4432,#4459,.T.);
#4459 = LINE('',#4460,#4461);
#4460 = CARTESIAN_POINT('',(-0.186206896552,-1.2,8.5));
#4461 = VECTOR('',#4462,1.);
#4462 = DIRECTION('',(-1.,5.675867028421E-31,0.));
#4463 = PLANE('',#4464);
#4464 = AXIS2_PLACEMENT_3D('',#4465,#4466,#4467);
#4465 = CARTESIAN_POINT('',(1.627586206897,-1.2,8.472413793103));
#4466 = DIRECTION('',(-5.675867028421E-31,-1.,-2.862148194105E-32));
#4467 = DIRECTION('',(-1.,5.675867028421E-31,0.));
#4468 = ADVANCED_FACE('',(#4469),#4475,.T.);
#4469 = FACE_BOUND('',#4470,.T.);
#4470 = EDGE_LOOP('',(#4471,#4472,#4473,#4474));
#4471 = ORIENTED_EDGE('',*,*,#4458,.F.);
#4472 = ORIENTED_EDGE('',*,*,#4170,.T.);
#4473 = ORIENTED_EDGE('',*,*,#4416,.F.);
#4474 = ORIENTED_EDGE('',*,*,#4441,.T.);
#4475 = PLANE('',#4476);
#4476 = AXIS2_PLACEMENT_3D('',#4477,#4478,#4479);
#4477 = CARTESIAN_POINT('',(-2.,-2.,8.5));
#4478 = DIRECTION('',(0.,0.,1.));
#4479 = DIRECTION('',(1.,0.,0.));
#4480 = ADVANCED_FACE('',(#4481),#4487,.T.);
#4481 = FACE_BOUND('',#4482,.T.);
#4482 = EDGE_LOOP('',(#4483,#4484,#4485,#4486));
#4483 = ORIENTED_EDGE('',*,*,#4234,.F.);
#4484 = ORIENTED_EDGE('',*,*,#4285,.T.);
#4485 = ORIENTED_EDGE('',*,*,#4309,.F.);
#4486 = ORIENTED_EDGE('',*,*,#4326,.F.);
#4487 = PLANE('',#4488);
#4488 = AXIS2_PLACEMENT_3D('',#4489,#4490,#4491);
#4489 = CARTESIAN_POINT('',(-2.,-2.,8.5));
#4490 = DIRECTION('',(0.,0.,1.));
#4491 = DIRECTION('',(1.,0.,0.));
#4492 = ADVANCED_FACE('',(#4493),#4499,.T.);
#4493 = FACE_BOUND('',#4494,.T.);
#4494 = EDGE_LOOP('',(#4495,#4496,#4497,#4498));
#4495 = ORIENTED_EDGE('',*,*,#4211,.F.);
#4496 = ORIENTED_EDGE('',*,*,#4350,.T.);
#4497 = ORIENTED_EDGE('',*,*,#4374,.F.);
#4498 = ORIENTED_EDGE('',*,*,#4391,.F.);
#4499 = PLANE('',#4500);
#4500 = AXIS2_PLACEMENT_3D('',#4501,#4502,#4503);
#4501 = CARTESIAN_POINT('',(-2.,-2.,8.5));
#4502 = DIRECTION('',(0.,0.,1.));
#4503 = DIRECTION('',(1.,0.,0.));
#4504 = MANIFOLD_SOLID_BREP('',#4505);
#4505 = CLOSED_SHELL('',(#4506,#4546,#4577,#4608,#4639,#4670,#4701,#4732
    ,#4754,#4770));
#4506 = ADVANCED_FACE('',(#4507),#4541,.T.);
#4507 = FACE_BOUND('',#4508,.T.);
#4508 = EDGE_LOOP('',(#4509,#4519,#4527,#4535));
#4509 = ORIENTED_EDGE('',*,*,#4510,.F.);
#4510 = EDGE_CURVE('',#4511,#4513,#4515,.T.);
#4511 = VERTEX_POINT('',#4512);
#4512 = CARTESIAN_POINT('',(4.05,1.5,2.));
#4513 = VERTEX_POINT('',#4514);
#4514 = CARTESIAN_POINT('',(4.05,3.1,2.));
#4515 = LINE('',#4516,#4517);
#4516 = CARTESIAN_POINT('',(4.05,-3.1,2.));
#4517 = VECTOR('',#4518,1.);
#4518 = DIRECTION('',(0.,1.,0.));
#4519 = ORIENTED_EDGE('',*,*,#4520,.T.);
#4520 = EDGE_CURVE('',#4511,#4521,#4523,.T.);
#4521 = VERTEX_POINT('',#4522);
#4522 = CARTESIAN_POINT('',(4.25,1.5,2.));
#4523 = LINE('',#4524,#4525);
#4524 = CARTESIAN_POINT('',(4.05,1.5,2.));
#4525 = VECTOR('',#4526,1.);
#4526 = DIRECTION('',(1.,0.,0.));
#4527 = ORIENTED_EDGE('',*,*,#4528,.T.);
#4528 = EDGE_CURVE('',#4521,#4529,#4531,.T.);
#4529 = VERTEX_POINT('',#4530);
#4530 = CARTESIAN_POINT('',(4.25,3.1,2.));
#4531 = LINE('',#4532,#4533);
#4532 = CARTESIAN_POINT('',(4.25,-3.1,2.));
#4533 = VECTOR('',#4534,1.);
#4534 = DIRECTION('',(0.,1.,0.));
#4535 = ORIENTED_EDGE('',*,*,#4536,.F.);
#4536 = EDGE_CURVE('',#4513,#4529,#4537,.T.);
#4537 = LINE('',#4538,#4539);
#4538 = CARTESIAN_POINT('',(4.05,3.1,2.));
#4539 = VECTOR('',#4540,1.);
#4540 = DIRECTION('',(1.,0.,0.));
#4541 = PLANE('',#4542);
#4542 = AXIS2_PLACEMENT_3D('',#4543,#4544,#4545);
#4543 = CARTESIAN_POINT('',(4.05,-3.1,2.));
#4544 = DIRECTION('',(0.,0.,1.));
#4545 = DIRECTION('',(1.,0.,0.));
#4546 = ADVANCED_FACE('',(#4547),#4572,.T.);
#4547 = FACE_BOUND('',#4548,.T.);
#4548 = EDGE_LOOP('',(#4549,#4559,#4565,#4566));
#4549 = ORIENTED_EDGE('',*,*,#4550,.F.);
#4550 = EDGE_CURVE('',#4551,#4553,#4555,.T.);
#4551 = VERTEX_POINT('',#4552);
#4552 = CARTESIAN_POINT('',(4.05,3.1,0.7));
#4553 = VERTEX_POINT('',#4554);
#4554 = CARTESIAN_POINT('',(4.25,3.1,0.7));
#4555 = LINE('',#4556,#4557);
#4556 = CARTESIAN_POINT('',(4.05,3.1,0.7));
#4557 = VECTOR('',#4558,1.);
#4558 = DIRECTION('',(1.,0.,0.));
#4559 = ORIENTED_EDGE('',*,*,#4560,.T.);
#4560 = EDGE_CURVE('',#4551,#4513,#4561,.T.);
#4561 = LINE('',#4562,#4563);
#4562 = CARTESIAN_POINT('',(4.05,3.1,0.7));
#4563 = VECTOR('',#4564,1.);
#4564 = DIRECTION('',(0.,0.,1.));
#4565 = ORIENTED_EDGE('',*,*,#4536,.T.);
#4566 = ORIENTED_EDGE('',*,*,#4567,.F.);
#4567 = EDGE_CURVE('',#4553,#4529,#4568,.T.);
#4568 = LINE('',#4569,#4570);
#4569 = CARTESIAN_POINT('',(4.25,3.1,0.7));
#4570 = VECTOR('',#4571,1.);
#4571 = DIRECTION('',(0.,0.,1.));
#4572 = PLANE('',#4573);
#4573 = AXIS2_PLACEMENT_3D('',#4574,#4575,#4576);
#4574 = CARTESIAN_POINT('',(4.05,3.1,0.7));
#4575 = DIRECTION('',(0.,1.,0.));
#4576 = DIRECTION('',(0.,0.,1.));
#4577 = ADVANCED_FACE('',(#4578),#4603,.F.);
#4578 = FACE_BOUND('',#4579,.F.);
#4579 = EDGE_LOOP('',(#4580,#4588,#4596,#4602));
#4580 = ORIENTED_EDGE('',*,*,#4581,.F.);
#4581 = EDGE_CURVE('',#4582,#4551,#4584,.T.);
#4582 = VERTEX_POINT('',#4583);
#4583 = CARTESIAN_POINT('',(4.05,-3.1,0.7));
#4584 = LINE('',#4585,#4586);
#4585 = CARTESIAN_POINT('',(4.05,-3.1,0.7));
#4586 = VECTOR('',#4587,1.);
#4587 = DIRECTION('',(0.,1.,0.));
#4588 = ORIENTED_EDGE('',*,*,#4589,.T.);
#4589 = EDGE_CURVE('',#4582,#4590,#4592,.T.);
#4590 = VERTEX_POINT('',#4591);
#4591 = CARTESIAN_POINT('',(4.25,-3.1,0.7));
#4592 = LINE('',#4593,#4594);
#4593 = CARTESIAN_POINT('',(4.05,-3.1,0.7));
#4594 = VECTOR('',#4595,1.);
#4595 = DIRECTION('',(1.,0.,0.));
#4596 = ORIENTED_EDGE('',*,*,#4597,.T.);
#4597 = EDGE_CURVE('',#4590,#4553,#4598,.T.);
#4598 = LINE('',#4599,#4600);
#4599 = CARTESIAN_POINT('',(4.25,-3.1,0.7));
#4600 = VECTOR('',#4601,1.);
#4601 = DIRECTION('',(0.,1.,0.));
#4602 = ORIENTED_EDGE('',*,*,#4550,.F.);
#4603 = PLANE('',#4604);
#4604 = AXIS2_PLACEMENT_3D('',#4605,#4606,#4607);
#4605 = CARTESIAN_POINT('',(4.05,-3.1,0.7));
#4606 = DIRECTION('',(0.,0.,1.));
#4607 = DIRECTION('',(1.,0.,0.));
#4608 = ADVANCED_FACE('',(#4609),#4634,.F.);
#4609 = FACE_BOUND('',#4610,.F.);
#4610 = EDGE_LOOP('',(#4611,#4612,#4620,#4628));
#4611 = ORIENTED_EDGE('',*,*,#4589,.F.);
#4612 = ORIENTED_EDGE('',*,*,#4613,.T.);
#4613 = EDGE_CURVE('',#4582,#4614,#4616,.T.);
#4614 = VERTEX_POINT('',#4615);
#4615 = CARTESIAN_POINT('',(4.05,-3.1,2.));
#4616 = LINE('',#4617,#4618);
#4617 = CARTESIAN_POINT('',(4.05,-3.1,0.7));
#4618 = VECTOR('',#4619,1.);
#4619 = DIRECTION('',(0.,0.,1.));
#4620 = ORIENTED_EDGE('',*,*,#4621,.T.);
#4621 = EDGE_CURVE('',#4614,#4622,#4624,.T.);
#4622 = VERTEX_POINT('',#4623);
#4623 = CARTESIAN_POINT('',(4.25,-3.1,2.));
#4624 = LINE('',#4625,#4626);
#4625 = CARTESIAN_POINT('',(4.05,-3.1,2.));
#4626 = VECTOR('',#4627,1.);
#4627 = DIRECTION('',(1.,0.,0.));
#4628 = ORIENTED_EDGE('',*,*,#4629,.F.);
#4629 = EDGE_CURVE('',#4590,#4622,#4630,.T.);
#4630 = LINE('',#4631,#4632);
#4631 = CARTESIAN_POINT('',(4.25,-3.1,0.7));
#4632 = VECTOR('',#4633,1.);
#4633 = DIRECTION('',(0.,0.,1.));
#4634 = PLANE('',#4635);
#4635 = AXIS2_PLACEMENT_3D('',#4636,#4637,#4638);
#4636 = CARTESIAN_POINT('',(4.05,-3.1,0.7));
#4637 = DIRECTION('',(0.,1.,0.));
#4638 = DIRECTION('',(0.,0.,1.));
#4639 = ADVANCED_FACE('',(#4640),#4665,.T.);
#4640 = FACE_BOUND('',#4641,.T.);
#4641 = EDGE_LOOP('',(#4642,#4650,#4651,#4659));
#4642 = ORIENTED_EDGE('',*,*,#4643,.F.);
#4643 = EDGE_CURVE('',#4614,#4644,#4646,.T.);
#4644 = VERTEX_POINT('',#4645);
#4645 = CARTESIAN_POINT('',(4.05,-1.5,2.));
#4646 = LINE('',#4647,#4648);
#4647 = CARTESIAN_POINT('',(4.05,-3.1,2.));
#4648 = VECTOR('',#4649,1.);
#4649 = DIRECTION('',(0.,1.,0.));
#4650 = ORIENTED_EDGE('',*,*,#4621,.T.);
#4651 = ORIENTED_EDGE('',*,*,#4652,.T.);
#4652 = EDGE_CURVE('',#4622,#4653,#4655,.T.);
#4653 = VERTEX_POINT('',#4654);
#4654 = CARTESIAN_POINT('',(4.25,-1.5,2.));
#4655 = LINE('',#4656,#4657);
#4656 = CARTESIAN_POINT('',(4.25,-3.1,2.));
#4657 = VECTOR('',#4658,1.);
#4658 = DIRECTION('',(0.,1.,0.));
#4659 = ORIENTED_EDGE('',*,*,#4660,.F.);
#4660 = EDGE_CURVE('',#4644,#4653,#4661,.T.);
#4661 = LINE('',#4662,#4663);
#4662 = CARTESIAN_POINT('',(4.05,-1.5,2.));
#4663 = VECTOR('',#4664,1.);
#4664 = DIRECTION('',(1.,0.,0.));
#4665 = PLANE('',#4666);
#4666 = AXIS2_PLACEMENT_3D('',#4667,#4668,#4669);
#4667 = CARTESIAN_POINT('',(4.05,-3.1,2.));
#4668 = DIRECTION('',(0.,0.,1.));
#4669 = DIRECTION('',(1.,0.,0.));
#4670 = ADVANCED_FACE('',(#4671),#4696,.F.);
#4671 = FACE_BOUND('',#4672,.F.);
#4672 = EDGE_LOOP('',(#4673,#4674,#4682,#4690));
#4673 = ORIENTED_EDGE('',*,*,#4660,.F.);
#4674 = ORIENTED_EDGE('',*,*,#4675,.T.);
#4675 = EDGE_CURVE('',#4644,#4676,#4678,.T.);
#4676 = VERTEX_POINT('',#4677);
#4677 = CARTESIAN_POINT('',(4.05,-1.5,4.2));
#4678 = LINE('',#4679,#4680);
#4679 = CARTESIAN_POINT('',(4.05,-1.5,2.));
#4680 = VECTOR('',#4681,1.);
#4681 = DIRECTION('',(0.,0.,1.));
#4682 = ORIENTED_EDGE('',*,*,#4683,.T.);
#4683 = EDGE_CURVE('',#4676,#4684,#4686,.T.);
#4684 = VERTEX_POINT('',#4685);
#4685 = CARTESIAN_POINT('',(4.25,-1.5,4.2));
#4686 = LINE('',#4687,#4688);
#4687 = CARTESIAN_POINT('',(4.05,-1.5,4.2));
#4688 = VECTOR('',#4689,1.);
#4689 = DIRECTION('',(1.,0.,0.));
#4690 = ORIENTED_EDGE('',*,*,#4691,.F.);
#4691 = EDGE_CURVE('',#4653,#4684,#4692,.T.);
#4692 = LINE('',#4693,#4694);
#4693 = CARTESIAN_POINT('',(4.25,-1.5,2.));
#4694 = VECTOR('',#4695,1.);
#4695 = DIRECTION('',(0.,0.,1.));
#4696 = PLANE('',#4697);
#4697 = AXIS2_PLACEMENT_3D('',#4698,#4699,#4700);
#4698 = CARTESIAN_POINT('',(4.05,-1.5,2.));
#4699 = DIRECTION('',(0.,1.,0.));
#4700 = DIRECTION('',(0.,0.,1.));
#4701 = ADVANCED_FACE('',(#4702),#4727,.T.);
#4702 = FACE_BOUND('',#4703,.T.);
#4703 = EDGE_LOOP('',(#4704,#4712,#4713,#4721));
#4704 = ORIENTED_EDGE('',*,*,#4705,.F.);
#4705 = EDGE_CURVE('',#4676,#4706,#4708,.T.);
#4706 = VERTEX_POINT('',#4707);
#4707 = CARTESIAN_POINT('',(4.05,1.5,4.2));
#4708 = LINE('',#4709,#4710);
#4709 = CARTESIAN_POINT('',(4.05,-1.5,4.2));
#4710 = VECTOR('',#4711,1.);
#4711 = DIRECTION('',(0.,1.,0.));
#4712 = ORIENTED_EDGE('',*,*,#4683,.T.);
#4713 = ORIENTED_EDGE('',*,*,#4714,.T.);
#4714 = EDGE_CURVE('',#4684,#4715,#4717,.T.);
#4715 = VERTEX_POINT('',#4716);
#4716 = CARTESIAN_POINT('',(4.25,1.5,4.2));
#4717 = LINE('',#4718,#4719);
#4718 = CARTESIAN_POINT('',(4.25,-1.5,4.2));
#4719 = VECTOR('',#4720,1.);
#4720 = DIRECTION('',(0.,1.,0.));
#4721 = ORIENTED_EDGE('',*,*,#4722,.F.);
#4722 = EDGE_CURVE('',#4706,#4715,#4723,.T.);
#4723 = LINE('',#4724,#4725);
#4724 = CARTESIAN_POINT('',(4.05,1.5,4.2));
#4725 = VECTOR('',#4726,1.);
#4726 = DIRECTION('',(1.,0.,0.));
#4727 = PLANE('',#4728);
#4728 = AXIS2_PLACEMENT_3D('',#4729,#4730,#4731);
#4729 = CARTESIAN_POINT('',(4.05,-1.5,4.2));
#4730 = DIRECTION('',(0.,0.,1.));
#4731 = DIRECTION('',(1.,0.,0.));
#4732 = ADVANCED_FACE('',(#4733),#4749,.T.);
#4733 = FACE_BOUND('',#4734,.T.);
#4734 = EDGE_LOOP('',(#4735,#4736,#4742,#4743));
#4735 = ORIENTED_EDGE('',*,*,#4520,.F.);
#4736 = ORIENTED_EDGE('',*,*,#4737,.T.);
#4737 = EDGE_CURVE('',#4511,#4706,#4738,.T.);
#4738 = LINE('',#4739,#4740);
#4739 = CARTESIAN_POINT('',(4.05,1.5,2.));
#4740 = VECTOR('',#4741,1.);
#4741 = DIRECTION('',(0.,0.,1.));
#4742 = ORIENTED_EDGE('',*,*,#4722,.T.);
#4743 = ORIENTED_EDGE('',*,*,#4744,.F.);
#4744 = EDGE_CURVE('',#4521,#4715,#4745,.T.);
#4745 = LINE('',#4746,#4747);
#4746 = CARTESIAN_POINT('',(4.25,1.5,2.));
#4747 = VECTOR('',#4748,1.);
#4748 = DIRECTION('',(0.,0.,1.));
#4749 = PLANE('',#4750);
#4750 = AXIS2_PLACEMENT_3D('',#4751,#4752,#4753);
#4751 = CARTESIAN_POINT('',(4.05,1.5,2.));
#4752 = DIRECTION('',(0.,1.,0.));
#4753 = DIRECTION('',(0.,0.,1.));
#4754 = ADVANCED_FACE('',(#4755),#4765,.T.);
#4755 = FACE_BOUND('',#4756,.T.);
#4756 = EDGE_LOOP('',(#4757,#4758,#4759,#4760,#4761,#4762,#4763,#4764));
#4757 = ORIENTED_EDGE('',*,*,#4613,.T.);
#4758 = ORIENTED_EDGE('',*,*,#4643,.T.);
#4759 = ORIENTED_EDGE('',*,*,#4675,.T.);
#4760 = ORIENTED_EDGE('',*,*,#4705,.T.);
#4761 = ORIENTED_EDGE('',*,*,#4737,.F.);
#4762 = ORIENTED_EDGE('',*,*,#4510,.T.);
#4763 = ORIENTED_EDGE('',*,*,#4560,.F.);
#4764 = ORIENTED_EDGE('',*,*,#4581,.F.);
#4765 = PLANE('',#4766);
#4766 = AXIS2_PLACEMENT_3D('',#4767,#4768,#4769);
#4767 = CARTESIAN_POINT('',(4.05,9.15647855361E-17,2.087113402062));
#4768 = DIRECTION('',(-1.,1.017300699779E-32,1.621845278963E-31));
#4769 = DIRECTION('',(-1.621845278963E-31,0.,-1.));
#4770 = ADVANCED_FACE('',(#4771),#4781,.T.);
#4771 = FACE_BOUND('',#4772,.T.);
#4772 = EDGE_LOOP('',(#4773,#4774,#4775,#4776,#4777,#4778,#4779,#4780));
#4773 = ORIENTED_EDGE('',*,*,#4629,.F.);
#4774 = ORIENTED_EDGE('',*,*,#4597,.T.);
#4775 = ORIENTED_EDGE('',*,*,#4567,.T.);
#4776 = ORIENTED_EDGE('',*,*,#4528,.F.);
#4777 = ORIENTED_EDGE('',*,*,#4744,.T.);
#4778 = ORIENTED_EDGE('',*,*,#4714,.F.);
#4779 = ORIENTED_EDGE('',*,*,#4691,.F.);
#4780 = ORIENTED_EDGE('',*,*,#4652,.F.);
#4781 = PLANE('',#4782);
#4782 = AXIS2_PLACEMENT_3D('',#4783,#4784,#4785);
#4783 = CARTESIAN_POINT('',(4.25,4.578239276805E-17,2.087113402062));
#4784 = DIRECTION('',(1.,-7.629755248344E-33,-1.378568487119E-31));
#4785 = DIRECTION('',(1.378568487119E-31,0.,1.));
#4786 = ( GEOMETRIC_REPRESENTATION_CONTEXT(3) 
GLOBAL_UNCERTAINTY_ASSIGNED_CONTEXT((#4790)) 
GLOBAL_UNIT_ASSIGNED_CONTEXT((#4787,#4788,#4789)) REPRESENTATION_CONTEXT
('Context #1','3D Context with UNIT and UNCERTAINTY') );
#4787 = ( LENGTH_UNIT() NAMED_UNIT(*) SI_UNIT(.MILLI.,.METRE.) );
#4788 = ( NAMED_UNIT(*) PLANE_ANGLE_UNIT() SI_UNIT($,.RADIAN.) );
#4789 = ( NAMED_UNIT(*) SI_UNIT($,.STERADIAN.) SOLID_ANGLE_UNIT() );
#4790 = UNCERTAINTY_MEASURE_WITH_UNIT(LENGTH_MEASURE(2.E-07),#4787,
  'distance_accuracy_value','confusion accuracy');
#4791 = PRODUCT_RELATED_PRODUCT_CATEGORY('part',$,(#7));
#4792 = MECHANICAL_DESIGN_GEOMETRIC_PRESENTATION_REPRESENTATION('',(
    #4793,#4801,#4808,#4816,#4823,#4830,#4837,#4844,#4851,#4858,#4865,
    #4872,#4879,#4886,#4893,#4900,#4907,#4914,#4921,#4928,#4935,#4942,
    #4949,#4956,#4963,#4970,#4977,#4984,#4991,#4998,#5005,#5012,#5019,
    #5026,#5033,#5040,#5047,#5054,#5061,#5068,#5075,#5082,#5089,#5096,
    #5103,#5110,#5117,#5124,#5131,#5138,#5145,#5152,#5159,#5166,#5173,
    #5180,#5187,#5194,#5201,#5208,#5215,#5222,#5229,#5236,#5243,#5250,
    #5257,#5264,#5271,#5278,#5285,#5292,#5299,#5306,#5313,#5320,#5327,
    #5334,#5341,#5348,#5355,#5362,#5369,#5376,#5383,#5390,#5397,#5404,
    #5411,#5418,#5425,#5432,#5439,#5446,#5453,#5460,#5467,#5474,#5481,
    #5488,#5495,#5502,#5509,#5517,#5524,#5531,#5538,#5545,#5552,#5559,
    #5566,#5573,#5580,#5587,#5594,#5601,#5608,#5615,#5622,#5629,#5636,
    #5643,#5650,#5657,#5664,#5671,#5678,#5685,#5692,#5699,#5706,#5713,
    #5720,#5727,#5734,#5741,#5748,#5755,#5762,#5769,#5776,#5783,#5790,
    #5797,#5804,#5811,#5818,#5825,#5832,#5839,#5846,#5853,#5860,#5867,
    #5874),#4786);
#4793 = STYLED_ITEM('color',(#4794),#17);
#4794 = PRESENTATION_STYLE_ASSIGNMENT((#4795));
#4795 = SURFACE_STYLE_USAGE(.BOTH.,#4796);
#4796 = SURFACE_SIDE_STYLE('',(#4797));
#4797 = SURFACE_STYLE_FILL_AREA(#4798);
#4798 = FILL_AREA_STYLE('',(#4799));
#4799 = FILL_AREA_STYLE_COLOUR('',#4800);
#4800 = COLOUR_RGB('',0.800000011921,0.800000011921,0.800000011921);
#4801 = STYLED_ITEM('color',(#4802),#57);
#4802 = PRESENTATION_STYLE_ASSIGNMENT((#4803));
#4803 = SURFACE_STYLE_USAGE(.BOTH.,#4804);
#4804 = SURFACE_SIDE_STYLE('',(#4805));
#4805 = SURFACE_STYLE_FILL_AREA(#4806);
#4806 = FILL_AREA_STYLE('',(#4807));
#4807 = FILL_AREA_STYLE_COLOUR('',#4800);
#4808 = STYLED_ITEM('color',(#4809),#106);
#4809 = PRESENTATION_STYLE_ASSIGNMENT((#4810));
#4810 = SURFACE_STYLE_USAGE(.BOTH.,#4811);
#4811 = SURFACE_SIDE_STYLE('',(#4812));
#4812 = SURFACE_STYLE_FILL_AREA(#4813);
#4813 = FILL_AREA_STYLE('',(#4814));
#4814 = FILL_AREA_STYLE_COLOUR('',#4815);
#4815 = DRAUGHTING_PRE_DEFINED_COLOUR('black');
#4816 = STYLED_ITEM('color',(#4817),#432);
#4817 = PRESENTATION_STYLE_ASSIGNMENT((#4818));
#4818 = SURFACE_STYLE_USAGE(.BOTH.,#4819);
#4819 = SURFACE_SIDE_STYLE('',(#4820));
#4820 = SURFACE_STYLE_FILL_AREA(#4821);
#4821 = FILL_AREA_STYLE('',(#4822));
#4822 = FILL_AREA_STYLE_COLOUR('',#4800);
#4823 = STYLED_ITEM('color',(#4824),#474);
#4824 = PRESENTATION_STYLE_ASSIGNMENT((#4825));
#4825 = SURFACE_STYLE_USAGE(.BOTH.,#4826);
#4826 = SURFACE_SIDE_STYLE('',(#4827));
#4827 = SURFACE_STYLE_FILL_AREA(#4828);
#4828 = FILL_AREA_STYLE('',(#4829));
#4829 = FILL_AREA_STYLE_COLOUR('',#4800);
#4830 = STYLED_ITEM('color',(#4831),#491);
#4831 = PRESENTATION_STYLE_ASSIGNMENT((#4832));
#4832 = SURFACE_STYLE_USAGE(.BOTH.,#4833);
#4833 = SURFACE_SIDE_STYLE('',(#4834));
#4834 = SURFACE_STYLE_FILL_AREA(#4835);
#4835 = FILL_AREA_STYLE('',(#4836));
#4836 = FILL_AREA_STYLE_COLOUR('',#4800);
#4837 = STYLED_ITEM('color',(#4838),#508);
#4838 = PRESENTATION_STYLE_ASSIGNMENT((#4839));
#4839 = SURFACE_STYLE_USAGE(.BOTH.,#4840);
#4840 = SURFACE_SIDE_STYLE('',(#4841));
#4841 = SURFACE_STYLE_FILL_AREA(#4842);
#4842 = FILL_AREA_STYLE('',(#4843));
#4843 = FILL_AREA_STYLE_COLOUR('',#4800);
#4844 = STYLED_ITEM('color',(#4845),#525);
#4845 = PRESENTATION_STYLE_ASSIGNMENT((#4846));
#4846 = SURFACE_STYLE_USAGE(.BOTH.,#4847);
#4847 = SURFACE_SIDE_STYLE('',(#4848));
#4848 = SURFACE_STYLE_FILL_AREA(#4849);
#4849 = FILL_AREA_STYLE('',(#4850));
#4850 = FILL_AREA_STYLE_COLOUR('',#4800);
#4851 = STYLED_ITEM('color',(#4852),#537);
#4852 = PRESENTATION_STYLE_ASSIGNMENT((#4853));
#4853 = SURFACE_STYLE_USAGE(.BOTH.,#4854);
#4854 = SURFACE_SIDE_STYLE('',(#4855));
#4855 = SURFACE_STYLE_FILL_AREA(#4856);
#4856 = FILL_AREA_STYLE('',(#4857));
#4857 = FILL_AREA_STYLE_COLOUR('',#4815);
#4858 = STYLED_ITEM('color',(#4859),#664);
#4859 = PRESENTATION_STYLE_ASSIGNMENT((#4860));
#4860 = SURFACE_STYLE_USAGE(.BOTH.,#4861);
#4861 = SURFACE_SIDE_STYLE('',(#4862));
#4862 = SURFACE_STYLE_FILL_AREA(#4863);
#4863 = FILL_AREA_STYLE('',(#4864));
#4864 = FILL_AREA_STYLE_COLOUR('',#4815);
#4865 = STYLED_ITEM('color',(#4866),#688);
#4866 = PRESENTATION_STYLE_ASSIGNMENT((#4867));
#4867 = SURFACE_STYLE_USAGE(.BOTH.,#4868);
#4868 = SURFACE_SIDE_STYLE('',(#4869));
#4869 = SURFACE_STYLE_FILL_AREA(#4870);
#4870 = FILL_AREA_STYLE('',(#4871));
#4871 = FILL_AREA_STYLE_COLOUR('',#4815);
#4872 = STYLED_ITEM('color',(#4873),#712);
#4873 = PRESENTATION_STYLE_ASSIGNMENT((#4874));
#4874 = SURFACE_STYLE_USAGE(.BOTH.,#4875);
#4875 = SURFACE_SIDE_STYLE('',(#4876));
#4876 = SURFACE_STYLE_FILL_AREA(#4877);
#4877 = FILL_AREA_STYLE('',(#4878));
#4878 = FILL_AREA_STYLE_COLOUR('',#4815);
#4879 = STYLED_ITEM('color',(#4880),#736);
#4880 = PRESENTATION_STYLE_ASSIGNMENT((#4881));
#4881 = SURFACE_STYLE_USAGE(.BOTH.,#4882);
#4882 = SURFACE_SIDE_STYLE('',(#4883));
#4883 = SURFACE_STYLE_FILL_AREA(#4884);
#4884 = FILL_AREA_STYLE('',(#4885));
#4885 = FILL_AREA_STYLE_COLOUR('',#4815);
#4886 = STYLED_ITEM('color',(#4887),#760);
#4887 = PRESENTATION_STYLE_ASSIGNMENT((#4888));
#4888 = SURFACE_STYLE_USAGE(.BOTH.,#4889);
#4889 = SURFACE_SIDE_STYLE('',(#4890));
#4890 = SURFACE_STYLE_FILL_AREA(#4891);
#4891 = FILL_AREA_STYLE('',(#4892));
#4892 = FILL_AREA_STYLE_COLOUR('',#4815);
#4893 = STYLED_ITEM('color',(#4894),#807);
#4894 = PRESENTATION_STYLE_ASSIGNMENT((#4895));
#4895 = SURFACE_STYLE_USAGE(.BOTH.,#4896);
#4896 = SURFACE_SIDE_STYLE('',(#4897));
#4897 = SURFACE_STYLE_FILL_AREA(#4898);
#4898 = FILL_AREA_STYLE('',(#4899));
#4899 = FILL_AREA_STYLE_COLOUR('',#4815);
#4900 = STYLED_ITEM('color',(#4901),#854);
#4901 = PRESENTATION_STYLE_ASSIGNMENT((#4902));
#4902 = SURFACE_STYLE_USAGE(.BOTH.,#4903);
#4903 = SURFACE_SIDE_STYLE('',(#4904));
#4904 = SURFACE_STYLE_FILL_AREA(#4905);
#4905 = FILL_AREA_STYLE('',(#4906));
#4906 = FILL_AREA_STYLE_COLOUR('',#4815);
#4907 = STYLED_ITEM('color',(#4908),#878);
#4908 = PRESENTATION_STYLE_ASSIGNMENT((#4909));
#4909 = SURFACE_STYLE_USAGE(.BOTH.,#4910);
#4910 = SURFACE_SIDE_STYLE('',(#4911));
#4911 = SURFACE_STYLE_FILL_AREA(#4912);
#4912 = FILL_AREA_STYLE('',(#4913));
#4913 = FILL_AREA_STYLE_COLOUR('',#4815);
#4914 = STYLED_ITEM('color',(#4915),#902);
#4915 = PRESENTATION_STYLE_ASSIGNMENT((#4916));
#4916 = SURFACE_STYLE_USAGE(.BOTH.,#4917);
#4917 = SURFACE_SIDE_STYLE('',(#4918));
#4918 = SURFACE_STYLE_FILL_AREA(#4919);
#4919 = FILL_AREA_STYLE('',(#4920));
#4920 = FILL_AREA_STYLE_COLOUR('',#4815);
#4921 = STYLED_ITEM('color',(#4922),#926);
#4922 = PRESENTATION_STYLE_ASSIGNMENT((#4923));
#4923 = SURFACE_STYLE_USAGE(.BOTH.,#4924);
#4924 = SURFACE_SIDE_STYLE('',(#4925));
#4925 = SURFACE_STYLE_FILL_AREA(#4926);
#4926 = FILL_AREA_STYLE('',(#4927));
#4927 = FILL_AREA_STYLE_COLOUR('',#4815);
#4928 = STYLED_ITEM('color',(#4929),#950);
#4929 = PRESENTATION_STYLE_ASSIGNMENT((#4930));
#4930 = SURFACE_STYLE_USAGE(.BOTH.,#4931);
#4931 = SURFACE_SIDE_STYLE('',(#4932));
#4932 = SURFACE_STYLE_FILL_AREA(#4933);
#4933 = FILL_AREA_STYLE('',(#4934));
#4934 = FILL_AREA_STYLE_COLOUR('',#4815);
#4935 = STYLED_ITEM('color',(#4936),#1045);
#4936 = PRESENTATION_STYLE_ASSIGNMENT((#4937));
#4937 = SURFACE_STYLE_USAGE(.BOTH.,#4938);
#4938 = SURFACE_SIDE_STYLE('',(#4939));
#4939 = SURFACE_STYLE_FILL_AREA(#4940);
#4940 = FILL_AREA_STYLE('',(#4941));
#4941 = FILL_AREA_STYLE_COLOUR('',#4800);
#4942 = STYLED_ITEM('color',(#4943),#1076);
#4943 = PRESENTATION_STYLE_ASSIGNMENT((#4944));
#4944 = SURFACE_STYLE_USAGE(.BOTH.,#4945);
#4945 = SURFACE_SIDE_STYLE('',(#4946));
#4946 = SURFACE_STYLE_FILL_AREA(#4947);
#4947 = FILL_AREA_STYLE('',(#4948));
#4948 = FILL_AREA_STYLE_COLOUR('',#4800);
#4949 = STYLED_ITEM('color',(#4950),#1118);
#4950 = PRESENTATION_STYLE_ASSIGNMENT((#4951));
#4951 = SURFACE_STYLE_USAGE(.BOTH.,#4952);
#4952 = SURFACE_SIDE_STYLE('',(#4953));
#4953 = SURFACE_STYLE_FILL_AREA(#4954);
#4954 = FILL_AREA_STYLE('',(#4955));
#4955 = FILL_AREA_STYLE_COLOUR('',#4800);
#4956 = STYLED_ITEM('color',(#4957),#1142);
#4957 = PRESENTATION_STYLE_ASSIGNMENT((#4958));
#4958 = SURFACE_STYLE_USAGE(.BOTH.,#4959);
#4959 = SURFACE_SIDE_STYLE('',(#4960));
#4960 = SURFACE_STYLE_FILL_AREA(#4961);
#4961 = FILL_AREA_STYLE('',(#4962));
#4962 = FILL_AREA_STYLE_COLOUR('',#4800);
#4963 = STYLED_ITEM('color',(#4964),#1177);
#4964 = PRESENTATION_STYLE_ASSIGNMENT((#4965));
#4965 = SURFACE_STYLE_USAGE(.BOTH.,#4966);
#4966 = SURFACE_SIDE_STYLE('',(#4967));
#4967 = SURFACE_STYLE_FILL_AREA(#4968);
#4968 = FILL_AREA_STYLE('',(#4969));
#4969 = FILL_AREA_STYLE_COLOUR('',#4815);
#4970 = STYLED_ITEM('color',(#4971),#1208);
#4971 = PRESENTATION_STYLE_ASSIGNMENT((#4972));
#4972 = SURFACE_STYLE_USAGE(.BOTH.,#4973);
#4973 = SURFACE_SIDE_STYLE('',(#4974));
#4974 = SURFACE_STYLE_FILL_AREA(#4975);
#4975 = FILL_AREA_STYLE('',(#4976));
#4976 = FILL_AREA_STYLE_COLOUR('',#4815);
#4977 = STYLED_ITEM('color',(#4978),#1232);
#4978 = PRESENTATION_STYLE_ASSIGNMENT((#4979));
#4979 = SURFACE_STYLE_USAGE(.BOTH.,#4980);
#4980 = SURFACE_SIDE_STYLE('',(#4981));
#4981 = SURFACE_STYLE_FILL_AREA(#4982);
#4982 = FILL_AREA_STYLE('',(#4983));
#4983 = FILL_AREA_STYLE_COLOUR('',#4815);
#4984 = STYLED_ITEM('color',(#4985),#1256);
#4985 = PRESENTATION_STYLE_ASSIGNMENT((#4986));
#4986 = SURFACE_STYLE_USAGE(.BOTH.,#4987);
#4987 = SURFACE_SIDE_STYLE('',(#4988));
#4988 = SURFACE_STYLE_FILL_AREA(#4989);
#4989 = FILL_AREA_STYLE('',(#4990));
#4990 = FILL_AREA_STYLE_COLOUR('',#4815);
#4991 = STYLED_ITEM('color',(#4992),#1273);
#4992 = PRESENTATION_STYLE_ASSIGNMENT((#4993));
#4993 = SURFACE_STYLE_USAGE(.BOTH.,#4994);
#4994 = SURFACE_SIDE_STYLE('',(#4995));
#4995 = SURFACE_STYLE_FILL_AREA(#4996);
#4996 = FILL_AREA_STYLE('',(#4997));
#4997 = FILL_AREA_STYLE_COLOUR('',#4800);
#4998 = STYLED_ITEM('color',(#4999),#1304);
#4999 = PRESENTATION_STYLE_ASSIGNMENT((#5000));
#5000 = SURFACE_STYLE_USAGE(.BOTH.,#5001);
#5001 = SURFACE_SIDE_STYLE('',(#5002));
#5002 = SURFACE_STYLE_FILL_AREA(#5003);
#5003 = FILL_AREA_STYLE('',(#5004));
#5004 = FILL_AREA_STYLE_COLOUR('',#4800);
#5005 = STYLED_ITEM('color',(#5006),#1346);
#5006 = PRESENTATION_STYLE_ASSIGNMENT((#5007));
#5007 = SURFACE_STYLE_USAGE(.BOTH.,#5008);
#5008 = SURFACE_SIDE_STYLE('',(#5009));
#5009 = SURFACE_STYLE_FILL_AREA(#5010);
#5010 = FILL_AREA_STYLE('',(#5011));
#5011 = FILL_AREA_STYLE_COLOUR('',#4800);
#5012 = STYLED_ITEM('color',(#5013),#1370);
#5013 = PRESENTATION_STYLE_ASSIGNMENT((#5014));
#5014 = SURFACE_STYLE_USAGE(.BOTH.,#5015);
#5015 = SURFACE_SIDE_STYLE('',(#5016));
#5016 = SURFACE_STYLE_FILL_AREA(#5017);
#5017 = FILL_AREA_STYLE('',(#5018));
#5018 = FILL_AREA_STYLE_COLOUR('',#4800);
#5019 = STYLED_ITEM('color',(#5020),#1405);
#5020 = PRESENTATION_STYLE_ASSIGNMENT((#5021));
#5021 = SURFACE_STYLE_USAGE(.BOTH.,#5022);
#5022 = SURFACE_SIDE_STYLE('',(#5023));
#5023 = SURFACE_STYLE_FILL_AREA(#5024);
#5024 = FILL_AREA_STYLE('',(#5025));
#5025 = FILL_AREA_STYLE_COLOUR('',#4800);
#5026 = STYLED_ITEM('color',(#5027),#1436);
#5027 = PRESENTATION_STYLE_ASSIGNMENT((#5028));
#5028 = SURFACE_STYLE_USAGE(.BOTH.,#5029);
#5029 = SURFACE_SIDE_STYLE('',(#5030));
#5030 = SURFACE_STYLE_FILL_AREA(#5031);
#5031 = FILL_AREA_STYLE('',(#5032));
#5032 = FILL_AREA_STYLE_COLOUR('',#4800);
#5033 = STYLED_ITEM('color',(#5034),#1478);
#5034 = PRESENTATION_STYLE_ASSIGNMENT((#5035));
#5035 = SURFACE_STYLE_USAGE(.BOTH.,#5036);
#5036 = SURFACE_SIDE_STYLE('',(#5037));
#5037 = SURFACE_STYLE_FILL_AREA(#5038);
#5038 = FILL_AREA_STYLE('',(#5039));
#5039 = FILL_AREA_STYLE_COLOUR('',#4800);
#5040 = STYLED_ITEM('color',(#5041),#1502);
#5041 = PRESENTATION_STYLE_ASSIGNMENT((#5042));
#5042 = SURFACE_STYLE_USAGE(.BOTH.,#5043);
#5043 = SURFACE_SIDE_STYLE('',(#5044));
#5044 = SURFACE_STYLE_FILL_AREA(#5045);
#5045 = FILL_AREA_STYLE('',(#5046));
#5046 = FILL_AREA_STYLE_COLOUR('',#4800);
#5047 = STYLED_ITEM('color',(#5048),#1537);
#5048 = PRESENTATION_STYLE_ASSIGNMENT((#5049));
#5049 = SURFACE_STYLE_USAGE(.BOTH.,#5050);
#5050 = SURFACE_SIDE_STYLE('',(#5051));
#5051 = SURFACE_STYLE_FILL_AREA(#5052);
#5052 = FILL_AREA_STYLE('',(#5053));
#5053 = FILL_AREA_STYLE_COLOUR('',#4800);
#5054 = STYLED_ITEM('color',(#5055),#1568);
#5055 = PRESENTATION_STYLE_ASSIGNMENT((#5056));
#5056 = SURFACE_STYLE_USAGE(.BOTH.,#5057);
#5057 = SURFACE_SIDE_STYLE('',(#5058));
#5058 = SURFACE_STYLE_FILL_AREA(#5059);
#5059 = FILL_AREA_STYLE('',(#5060));
#5060 = FILL_AREA_STYLE_COLOUR('',#4800);
#5061 = STYLED_ITEM('color',(#5062),#1610);
#5062 = PRESENTATION_STYLE_ASSIGNMENT((#5063));
#5063 = SURFACE_STYLE_USAGE(.BOTH.,#5064);
#5064 = SURFACE_SIDE_STYLE('',(#5065));
#5065 = SURFACE_STYLE_FILL_AREA(#5066);
#5066 = FILL_AREA_STYLE('',(#5067));
#5067 = FILL_AREA_STYLE_COLOUR('',#4800);
#5068 = STYLED_ITEM('color',(#5069),#1634);
#5069 = PRESENTATION_STYLE_ASSIGNMENT((#5070));
#5070 = SURFACE_STYLE_USAGE(.BOTH.,#5071);
#5071 = SURFACE_SIDE_STYLE('',(#5072));
#5072 = SURFACE_STYLE_FILL_AREA(#5073);
#5073 = FILL_AREA_STYLE('',(#5074));
#5074 = FILL_AREA_STYLE_COLOUR('',#4800);
#5075 = STYLED_ITEM('color',(#5076),#1669);
#5076 = PRESENTATION_STYLE_ASSIGNMENT((#5077));
#5077 = SURFACE_STYLE_USAGE(.BOTH.,#5078);
#5078 = SURFACE_SIDE_STYLE('',(#5079));
#5079 = SURFACE_STYLE_FILL_AREA(#5080);
#5080 = FILL_AREA_STYLE('',(#5081));
#5081 = FILL_AREA_STYLE_COLOUR('',#4800);
#5082 = STYLED_ITEM('color',(#5083),#1700);
#5083 = PRESENTATION_STYLE_ASSIGNMENT((#5084));
#5084 = SURFACE_STYLE_USAGE(.BOTH.,#5085);
#5085 = SURFACE_SIDE_STYLE('',(#5086));
#5086 = SURFACE_STYLE_FILL_AREA(#5087);
#5087 = FILL_AREA_STYLE('',(#5088));
#5088 = FILL_AREA_STYLE_COLOUR('',#4800);
#5089 = STYLED_ITEM('color',(#5090),#1742);
#5090 = PRESENTATION_STYLE_ASSIGNMENT((#5091));
#5091 = SURFACE_STYLE_USAGE(.BOTH.,#5092);
#5092 = SURFACE_SIDE_STYLE('',(#5093));
#5093 = SURFACE_STYLE_FILL_AREA(#5094);
#5094 = FILL_AREA_STYLE('',(#5095));
#5095 = FILL_AREA_STYLE_COLOUR('',#4800);
#5096 = STYLED_ITEM('color',(#5097),#1766);
#5097 = PRESENTATION_STYLE_ASSIGNMENT((#5098));
#5098 = SURFACE_STYLE_USAGE(.BOTH.,#5099);
#5099 = SURFACE_SIDE_STYLE('',(#5100));
#5100 = SURFACE_STYLE_FILL_AREA(#5101);
#5101 = FILL_AREA_STYLE('',(#5102));
#5102 = FILL_AREA_STYLE_COLOUR('',#4800);
#5103 = STYLED_ITEM('color',(#5104),#1801);
#5104 = PRESENTATION_STYLE_ASSIGNMENT((#5105));
#5105 = SURFACE_STYLE_USAGE(.BOTH.,#5106);
#5106 = SURFACE_SIDE_STYLE('',(#5107));
#5107 = SURFACE_STYLE_FILL_AREA(#5108);
#5108 = FILL_AREA_STYLE('',(#5109));
#5109 = FILL_AREA_STYLE_COLOUR('',#4815);
#5110 = STYLED_ITEM('color',(#5111),#1813);
#5111 = PRESENTATION_STYLE_ASSIGNMENT((#5112));
#5112 = SURFACE_STYLE_USAGE(.BOTH.,#5113);
#5113 = SURFACE_SIDE_STYLE('',(#5114));
#5114 = SURFACE_STYLE_FILL_AREA(#5115);
#5115 = FILL_AREA_STYLE('',(#5116));
#5116 = FILL_AREA_STYLE_COLOUR('',#4815);
#5117 = STYLED_ITEM('color',(#5118),#1825);
#5118 = PRESENTATION_STYLE_ASSIGNMENT((#5119));
#5119 = SURFACE_STYLE_USAGE(.BOTH.,#5120);
#5120 = SURFACE_SIDE_STYLE('',(#5121));
#5121 = SURFACE_STYLE_FILL_AREA(#5122);
#5122 = FILL_AREA_STYLE('',(#5123));
#5123 = FILL_AREA_STYLE_COLOUR('',#4815);
#5124 = STYLED_ITEM('color',(#5125),#1891);
#5125 = PRESENTATION_STYLE_ASSIGNMENT((#5126));
#5126 = SURFACE_STYLE_USAGE(.BOTH.,#5127);
#5127 = SURFACE_SIDE_STYLE('',(#5128));
#5128 = SURFACE_STYLE_FILL_AREA(#5129);
#5129 = FILL_AREA_STYLE('',(#5130));
#5130 = FILL_AREA_STYLE_COLOUR('',#4815);
#5131 = STYLED_ITEM('color',(#5132),#1915);
#5132 = PRESENTATION_STYLE_ASSIGNMENT((#5133));
#5133 = SURFACE_STYLE_USAGE(.BOTH.,#5134);
#5134 = SURFACE_SIDE_STYLE('',(#5135));
#5135 = SURFACE_STYLE_FILL_AREA(#5136);
#5136 = FILL_AREA_STYLE('',(#5137));
#5137 = FILL_AREA_STYLE_COLOUR('',#4815);
#5138 = STYLED_ITEM('color',(#5139),#1939);
#5139 = PRESENTATION_STYLE_ASSIGNMENT((#5140));
#5140 = SURFACE_STYLE_USAGE(.BOTH.,#5141);
#5141 = SURFACE_SIDE_STYLE('',(#5142));
#5142 = SURFACE_STYLE_FILL_AREA(#5143);
#5143 = FILL_AREA_STYLE('',(#5144));
#5144 = FILL_AREA_STYLE_COLOUR('',#4815);
#5145 = STYLED_ITEM('color',(#5146),#1963);
#5146 = PRESENTATION_STYLE_ASSIGNMENT((#5147));
#5147 = SURFACE_STYLE_USAGE(.BOTH.,#5148);
#5148 = SURFACE_SIDE_STYLE('',(#5149));
#5149 = SURFACE_STYLE_FILL_AREA(#5150);
#5150 = FILL_AREA_STYLE('',(#5151));
#5151 = FILL_AREA_STYLE_COLOUR('',#4815);
#5152 = STYLED_ITEM('color',(#5153),#1987);
#5153 = PRESENTATION_STYLE_ASSIGNMENT((#5154));
#5154 = SURFACE_STYLE_USAGE(.BOTH.,#5155);
#5155 = SURFACE_SIDE_STYLE('',(#5156));
#5156 = SURFACE_STYLE_FILL_AREA(#5157);
#5157 = FILL_AREA_STYLE('',(#5158));
#5158 = FILL_AREA_STYLE_COLOUR('',#4815);
#5159 = STYLED_ITEM('color',(#5160),#2011);
#5160 = PRESENTATION_STYLE_ASSIGNMENT((#5161));
#5161 = SURFACE_STYLE_USAGE(.BOTH.,#5162);
#5162 = SURFACE_SIDE_STYLE('',(#5163));
#5163 = SURFACE_STYLE_FILL_AREA(#5164);
#5164 = FILL_AREA_STYLE('',(#5165));
#5165 = FILL_AREA_STYLE_COLOUR('',#4815);
#5166 = STYLED_ITEM('color',(#5167),#2035);
#5167 = PRESENTATION_STYLE_ASSIGNMENT((#5168));
#5168 = SURFACE_STYLE_USAGE(.BOTH.,#5169);
#5169 = SURFACE_SIDE_STYLE('',(#5170));
#5170 = SURFACE_STYLE_FILL_AREA(#5171);
#5171 = FILL_AREA_STYLE('',(#5172));
#5172 = FILL_AREA_STYLE_COLOUR('',#4815);
#5173 = STYLED_ITEM('color',(#5174),#2052);
#5174 = PRESENTATION_STYLE_ASSIGNMENT((#5175));
#5175 = SURFACE_STYLE_USAGE(.BOTH.,#5176);
#5176 = SURFACE_SIDE_STYLE('',(#5177));
#5177 = SURFACE_STYLE_FILL_AREA(#5178);
#5178 = FILL_AREA_STYLE('',(#5179));
#5179 = FILL_AREA_STYLE_COLOUR('',#4815);
#5180 = STYLED_ITEM('color',(#5181),#2064);
#5181 = PRESENTATION_STYLE_ASSIGNMENT((#5182));
#5182 = SURFACE_STYLE_USAGE(.BOTH.,#5183);
#5183 = SURFACE_SIDE_STYLE('',(#5184));
#5184 = SURFACE_STYLE_FILL_AREA(#5185);
#5185 = FILL_AREA_STYLE('',(#5186));
#5186 = FILL_AREA_STYLE_COLOUR('',#4815);
#5187 = STYLED_ITEM('color',(#5188),#2076);
#5188 = PRESENTATION_STYLE_ASSIGNMENT((#5189));
#5189 = SURFACE_STYLE_USAGE(.BOTH.,#5190);
#5190 = SURFACE_SIDE_STYLE('',(#5191));
#5191 = SURFACE_STYLE_FILL_AREA(#5192);
#5192 = FILL_AREA_STYLE('',(#5193));
#5193 = FILL_AREA_STYLE_COLOUR('',#4815);
#5194 = STYLED_ITEM('color',(#5195),#2100);
#5195 = PRESENTATION_STYLE_ASSIGNMENT((#5196));
#5196 = SURFACE_STYLE_USAGE(.BOTH.,#5197);
#5197 = SURFACE_SIDE_STYLE('',(#5198));
#5198 = SURFACE_STYLE_FILL_AREA(#5199);
#5199 = FILL_AREA_STYLE('',(#5200));
#5200 = FILL_AREA_STYLE_COLOUR('',#4815);
#5201 = STYLED_ITEM('color',(#5202),#2124);
#5202 = PRESENTATION_STYLE_ASSIGNMENT((#5203));
#5203 = SURFACE_STYLE_USAGE(.BOTH.,#5204);
#5204 = SURFACE_SIDE_STYLE('',(#5205));
#5205 = SURFACE_STYLE_FILL_AREA(#5206);
#5206 = FILL_AREA_STYLE('',(#5207));
#5207 = FILL_AREA_STYLE_COLOUR('',#4815);
#5208 = STYLED_ITEM('color',(#5209),#2148);
#5209 = PRESENTATION_STYLE_ASSIGNMENT((#5210));
#5210 = SURFACE_STYLE_USAGE(.BOTH.,#5211);
#5211 = SURFACE_SIDE_STYLE('',(#5212));
#5212 = SURFACE_STYLE_FILL_AREA(#5213);
#5213 = FILL_AREA_STYLE('',(#5214));
#5214 = FILL_AREA_STYLE_COLOUR('',#4815);
#5215 = STYLED_ITEM('color',(#5216),#2172);
#5216 = PRESENTATION_STYLE_ASSIGNMENT((#5217));
#5217 = SURFACE_STYLE_USAGE(.BOTH.,#5218);
#5218 = SURFACE_SIDE_STYLE('',(#5219));
#5219 = SURFACE_STYLE_FILL_AREA(#5220);
#5220 = FILL_AREA_STYLE('',(#5221));
#5221 = FILL_AREA_STYLE_COLOUR('',#4815);
#5222 = STYLED_ITEM('color',(#5223),#2196);
#5223 = PRESENTATION_STYLE_ASSIGNMENT((#5224));
#5224 = SURFACE_STYLE_USAGE(.BOTH.,#5225);
#5225 = SURFACE_SIDE_STYLE('',(#5226));
#5226 = SURFACE_STYLE_FILL_AREA(#5227);
#5227 = FILL_AREA_STYLE('',(#5228));
#5228 = FILL_AREA_STYLE_COLOUR('',#4815);
#5229 = STYLED_ITEM('color',(#5230),#2220);
#5230 = PRESENTATION_STYLE_ASSIGNMENT((#5231));
#5231 = SURFACE_STYLE_USAGE(.BOTH.,#5232);
#5232 = SURFACE_SIDE_STYLE('',(#5233));
#5233 = SURFACE_STYLE_FILL_AREA(#5234);
#5234 = FILL_AREA_STYLE('',(#5235));
#5235 = FILL_AREA_STYLE_COLOUR('',#4815);
#5236 = STYLED_ITEM('color',(#5237),#2237);
#5237 = PRESENTATION_STYLE_ASSIGNMENT((#5238));
#5238 = SURFACE_STYLE_USAGE(.BOTH.,#5239);
#5239 = SURFACE_SIDE_STYLE('',(#5240));
#5240 = SURFACE_STYLE_FILL_AREA(#5241);
#5241 = FILL_AREA_STYLE('',(#5242));
#5242 = FILL_AREA_STYLE_COLOUR('',#4800);
#5243 = STYLED_ITEM('color',(#5244),#2254);
#5244 = PRESENTATION_STYLE_ASSIGNMENT((#5245));
#5245 = SURFACE_STYLE_USAGE(.BOTH.,#5246);
#5246 = SURFACE_SIDE_STYLE('',(#5247));
#5247 = SURFACE_STYLE_FILL_AREA(#5248);
#5248 = FILL_AREA_STYLE('',(#5249));
#5249 = FILL_AREA_STYLE_COLOUR('',#4800);
#5250 = STYLED_ITEM('color',(#5251),#2271);
#5251 = PRESENTATION_STYLE_ASSIGNMENT((#5252));
#5252 = SURFACE_STYLE_USAGE(.BOTH.,#5253);
#5253 = SURFACE_SIDE_STYLE('',(#5254));
#5254 = SURFACE_STYLE_FILL_AREA(#5255);
#5255 = FILL_AREA_STYLE('',(#5256));
#5256 = FILL_AREA_STYLE_COLOUR('',#4800);
#5257 = STYLED_ITEM('color',(#5258),#2283);
#5258 = PRESENTATION_STYLE_ASSIGNMENT((#5259));
#5259 = SURFACE_STYLE_USAGE(.BOTH.,#5260);
#5260 = SURFACE_SIDE_STYLE('',(#5261));
#5261 = SURFACE_STYLE_FILL_AREA(#5262);
#5262 = FILL_AREA_STYLE('',(#5263));
#5263 = FILL_AREA_STYLE_COLOUR('',#4815);
#5264 = STYLED_ITEM('color',(#5265),#2295);
#5265 = PRESENTATION_STYLE_ASSIGNMENT((#5266));
#5266 = SURFACE_STYLE_USAGE(.BOTH.,#5267);
#5267 = SURFACE_SIDE_STYLE('',(#5268));
#5268 = SURFACE_STYLE_FILL_AREA(#5269);
#5269 = FILL_AREA_STYLE('',(#5270));
#5270 = FILL_AREA_STYLE_COLOUR('',#4800);
#5271 = STYLED_ITEM('color',(#5272),#2312);
#5272 = PRESENTATION_STYLE_ASSIGNMENT((#5273));
#5273 = SURFACE_STYLE_USAGE(.BOTH.,#5274);
#5274 = SURFACE_SIDE_STYLE('',(#5275));
#5275 = SURFACE_STYLE_FILL_AREA(#5276);
#5276 = FILL_AREA_STYLE('',(#5277));
#5277 = FILL_AREA_STYLE_COLOUR('',#4800);
#5278 = STYLED_ITEM('color',(#5279),#2329);
#5279 = PRESENTATION_STYLE_ASSIGNMENT((#5280));
#5280 = SURFACE_STYLE_USAGE(.BOTH.,#5281);
#5281 = SURFACE_SIDE_STYLE('',(#5282));
#5282 = SURFACE_STYLE_FILL_AREA(#5283);
#5283 = FILL_AREA_STYLE('',(#5284));
#5284 = FILL_AREA_STYLE_COLOUR('',#4800);
#5285 = STYLED_ITEM('color',(#5286),#2341);
#5286 = PRESENTATION_STYLE_ASSIGNMENT((#5287));
#5287 = SURFACE_STYLE_USAGE(.BOTH.,#5288);
#5288 = SURFACE_SIDE_STYLE('',(#5289));
#5289 = SURFACE_STYLE_FILL_AREA(#5290);
#5290 = FILL_AREA_STYLE('',(#5291));
#5291 = FILL_AREA_STYLE_COLOUR('',#4800);
#5292 = STYLED_ITEM('color',(#5293),#2358);
#5293 = PRESENTATION_STYLE_ASSIGNMENT((#5294));
#5294 = SURFACE_STYLE_USAGE(.BOTH.,#5295);
#5295 = SURFACE_SIDE_STYLE('',(#5296));
#5296 = SURFACE_STYLE_FILL_AREA(#5297);
#5297 = FILL_AREA_STYLE('',(#5298));
#5298 = FILL_AREA_STYLE_COLOUR('',#4800);
#5299 = STYLED_ITEM('color',(#5300),#2375);
#5300 = PRESENTATION_STYLE_ASSIGNMENT((#5301));
#5301 = SURFACE_STYLE_USAGE(.BOTH.,#5302);
#5302 = SURFACE_SIDE_STYLE('',(#5303));
#5303 = SURFACE_STYLE_FILL_AREA(#5304);
#5304 = FILL_AREA_STYLE('',(#5305));
#5305 = FILL_AREA_STYLE_COLOUR('',#4800);
#5306 = STYLED_ITEM('color',(#5307),#2387);
#5307 = PRESENTATION_STYLE_ASSIGNMENT((#5308));
#5308 = SURFACE_STYLE_USAGE(.BOTH.,#5309);
#5309 = SURFACE_SIDE_STYLE('',(#5310));
#5310 = SURFACE_STYLE_FILL_AREA(#5311);
#5311 = FILL_AREA_STYLE('',(#5312));
#5312 = FILL_AREA_STYLE_COLOUR('',#4800);
#5313 = STYLED_ITEM('color',(#5314),#2404);
#5314 = PRESENTATION_STYLE_ASSIGNMENT((#5315));
#5315 = SURFACE_STYLE_USAGE(.BOTH.,#5316);
#5316 = SURFACE_SIDE_STYLE('',(#5317));
#5317 = SURFACE_STYLE_FILL_AREA(#5318);
#5318 = FILL_AREA_STYLE('',(#5319));
#5319 = FILL_AREA_STYLE_COLOUR('',#4800);
#5320 = STYLED_ITEM('color',(#5321),#2421);
#5321 = PRESENTATION_STYLE_ASSIGNMENT((#5322));
#5322 = SURFACE_STYLE_USAGE(.BOTH.,#5323);
#5323 = SURFACE_SIDE_STYLE('',(#5324));
#5324 = SURFACE_STYLE_FILL_AREA(#5325);
#5325 = FILL_AREA_STYLE('',(#5326));
#5326 = FILL_AREA_STYLE_COLOUR('',#4800);
#5327 = STYLED_ITEM('color',(#5328),#2433);
#5328 = PRESENTATION_STYLE_ASSIGNMENT((#5329));
#5329 = SURFACE_STYLE_USAGE(.BOTH.,#5330);
#5330 = SURFACE_SIDE_STYLE('',(#5331));
#5331 = SURFACE_STYLE_FILL_AREA(#5332);
#5332 = FILL_AREA_STYLE('',(#5333));
#5333 = FILL_AREA_STYLE_COLOUR('',#4800);
#5334 = STYLED_ITEM('color',(#5335),#2450);
#5335 = PRESENTATION_STYLE_ASSIGNMENT((#5336));
#5336 = SURFACE_STYLE_USAGE(.BOTH.,#5337);
#5337 = SURFACE_SIDE_STYLE('',(#5338));
#5338 = SURFACE_STYLE_FILL_AREA(#5339);
#5339 = FILL_AREA_STYLE('',(#5340));
#5340 = FILL_AREA_STYLE_COLOUR('',#4800);
#5341 = STYLED_ITEM('color',(#5342),#2467);
#5342 = PRESENTATION_STYLE_ASSIGNMENT((#5343));
#5343 = SURFACE_STYLE_USAGE(.BOTH.,#5344);
#5344 = SURFACE_SIDE_STYLE('',(#5345));
#5345 = SURFACE_STYLE_FILL_AREA(#5346);
#5346 = FILL_AREA_STYLE('',(#5347));
#5347 = FILL_AREA_STYLE_COLOUR('',#4800);
#5348 = STYLED_ITEM('color',(#5349),#2479);
#5349 = PRESENTATION_STYLE_ASSIGNMENT((#5350));
#5350 = SURFACE_STYLE_USAGE(.BOTH.,#5351);
#5351 = SURFACE_SIDE_STYLE('',(#5352));
#5352 = SURFACE_STYLE_FILL_AREA(#5353);
#5353 = FILL_AREA_STYLE('',(#5354));
#5354 = FILL_AREA_STYLE_COLOUR('',#4815);
#5355 = STYLED_ITEM('color',(#5356),#2496);
#5356 = PRESENTATION_STYLE_ASSIGNMENT((#5357));
#5357 = SURFACE_STYLE_USAGE(.BOTH.,#5358);
#5358 = SURFACE_SIDE_STYLE('',(#5359));
#5359 = SURFACE_STYLE_FILL_AREA(#5360);
#5360 = FILL_AREA_STYLE('',(#5361));
#5361 = FILL_AREA_STYLE_COLOUR('',#4815);
#5362 = STYLED_ITEM('color',(#5363),#2514);
#5363 = PRESENTATION_STYLE_ASSIGNMENT((#5364));
#5364 = SURFACE_STYLE_USAGE(.BOTH.,#5365);
#5365 = SURFACE_SIDE_STYLE('',(#5366));
#5366 = SURFACE_STYLE_FILL_AREA(#5367);
#5367 = FILL_AREA_STYLE('',(#5368));
#5368 = FILL_AREA_STYLE_COLOUR('',#4800);
#5369 = STYLED_ITEM('color',(#5370),#2658);
#5370 = PRESENTATION_STYLE_ASSIGNMENT((#5371));
#5371 = SURFACE_STYLE_USAGE(.BOTH.,#5372);
#5372 = SURFACE_SIDE_STYLE('',(#5373));
#5373 = SURFACE_STYLE_FILL_AREA(#5374);
#5374 = FILL_AREA_STYLE('',(#5375));
#5375 = FILL_AREA_STYLE_COLOUR('',#4800);
#5376 = STYLED_ITEM('color',(#5377),#2673);
#5377 = PRESENTATION_STYLE_ASSIGNMENT((#5378));
#5378 = SURFACE_STYLE_USAGE(.BOTH.,#5379);
#5379 = SURFACE_SIDE_STYLE('',(#5380));
#5380 = SURFACE_STYLE_FILL_AREA(#5381);
#5381 = FILL_AREA_STYLE('',(#5382));
#5382 = FILL_AREA_STYLE_COLOUR('',#4800);
#5383 = STYLED_ITEM('color',(#5384),#2722);
#5384 = PRESENTATION_STYLE_ASSIGNMENT((#5385));
#5385 = SURFACE_STYLE_USAGE(.BOTH.,#5386);
#5386 = SURFACE_SIDE_STYLE('',(#5387));
#5387 = SURFACE_STYLE_FILL_AREA(#5388);
#5388 = FILL_AREA_STYLE('',(#5389));
#5389 = FILL_AREA_STYLE_COLOUR('',#4800);
#5390 = STYLED_ITEM('color',(#5391),#2756);
#5391 = PRESENTATION_STYLE_ASSIGNMENT((#5392));
#5392 = SURFACE_STYLE_USAGE(.BOTH.,#5393);
#5393 = SURFACE_SIDE_STYLE('',(#5394));
#5394 = SURFACE_STYLE_FILL_AREA(#5395);
#5395 = FILL_AREA_STYLE('',(#5396));
#5396 = FILL_AREA_STYLE_COLOUR('',#4800);
#5397 = STYLED_ITEM('color',(#5398),#2772);
#5398 = PRESENTATION_STYLE_ASSIGNMENT((#5399));
#5399 = SURFACE_STYLE_USAGE(.BOTH.,#5400);
#5400 = SURFACE_SIDE_STYLE('',(#5401));
#5401 = SURFACE_STYLE_FILL_AREA(#5402);
#5402 = FILL_AREA_STYLE('',(#5403));
#5403 = FILL_AREA_STYLE_COLOUR('',#4800);
#5404 = STYLED_ITEM('color',(#5405),#2853);
#5405 = PRESENTATION_STYLE_ASSIGNMENT((#5406));
#5406 = SURFACE_STYLE_USAGE(.BOTH.,#5407);
#5407 = SURFACE_SIDE_STYLE('',(#5408));
#5408 = SURFACE_STYLE_FILL_AREA(#5409);
#5409 = FILL_AREA_STYLE('',(#5410));
#5410 = FILL_AREA_STYLE_COLOUR('',#4800);
#5411 = STYLED_ITEM('color',(#5412),#2877);
#5412 = PRESENTATION_STYLE_ASSIGNMENT((#5413));
#5413 = SURFACE_STYLE_USAGE(.BOTH.,#5414);
#5414 = SURFACE_SIDE_STYLE('',(#5415));
#5415 = SURFACE_STYLE_FILL_AREA(#5416);
#5416 = FILL_AREA_STYLE('',(#5417));
#5417 = FILL_AREA_STYLE_COLOUR('',#4800);
#5418 = STYLED_ITEM('color',(#5419),#2956);
#5419 = PRESENTATION_STYLE_ASSIGNMENT((#5420));
#5420 = SURFACE_STYLE_USAGE(.BOTH.,#5421);
#5421 = SURFACE_SIDE_STYLE('',(#5422));
#5422 = SURFACE_STYLE_FILL_AREA(#5423);
#5423 = FILL_AREA_STYLE('',(#5424));
#5424 = FILL_AREA_STYLE_COLOUR('',#4800);
#5425 = STYLED_ITEM('color',(#5426),#2966);
#5426 = PRESENTATION_STYLE_ASSIGNMENT((#5427));
#5427 = SURFACE_STYLE_USAGE(.BOTH.,#5428);
#5428 = SURFACE_SIDE_STYLE('',(#5429));
#5429 = SURFACE_STYLE_FILL_AREA(#5430);
#5430 = FILL_AREA_STYLE('',(#5431));
#5431 = FILL_AREA_STYLE_COLOUR('',#4800);
#5432 = STYLED_ITEM('color',(#5433),#2983);
#5433 = PRESENTATION_STYLE_ASSIGNMENT((#5434));
#5434 = SURFACE_STYLE_USAGE(.BOTH.,#5435);
#5435 = SURFACE_SIDE_STYLE('',(#5436));
#5436 = SURFACE_STYLE_FILL_AREA(#5437);
#5437 = FILL_AREA_STYLE('',(#5438));
#5438 = FILL_AREA_STYLE_COLOUR('',#4800);
#5439 = STYLED_ITEM('color',(#5440),#3144);
#5440 = PRESENTATION_STYLE_ASSIGNMENT((#5441));
#5441 = SURFACE_STYLE_USAGE(.BOTH.,#5442);
#5442 = SURFACE_SIDE_STYLE('',(#5443));
#5443 = SURFACE_STYLE_FILL_AREA(#5444);
#5444 = FILL_AREA_STYLE('',(#5445));
#5445 = FILL_AREA_STYLE_COLOUR('',#4800);
#5446 = STYLED_ITEM('color',(#5447),#3161);
#5447 = PRESENTATION_STYLE_ASSIGNMENT((#5448));
#5448 = SURFACE_STYLE_USAGE(.BOTH.,#5449);
#5449 = SURFACE_SIDE_STYLE('',(#5450));
#5450 = SURFACE_STYLE_FILL_AREA(#5451);
#5451 = FILL_AREA_STYLE('',(#5452));
#5452 = FILL_AREA_STYLE_COLOUR('',#4800);
#5453 = STYLED_ITEM('color',(#5454),#3178);
#5454 = PRESENTATION_STYLE_ASSIGNMENT((#5455));
#5455 = SURFACE_STYLE_USAGE(.BOTH.,#5456);
#5456 = SURFACE_SIDE_STYLE('',(#5457));
#5457 = SURFACE_STYLE_FILL_AREA(#5458);
#5458 = FILL_AREA_STYLE('',(#5459));
#5459 = FILL_AREA_STYLE_COLOUR('',#4800);
#5460 = STYLED_ITEM('color',(#5461),#3190);
#5461 = PRESENTATION_STYLE_ASSIGNMENT((#5462));
#5462 = SURFACE_STYLE_USAGE(.BOTH.,#5463);
#5463 = SURFACE_SIDE_STYLE('',(#5464));
#5464 = SURFACE_STYLE_FILL_AREA(#5465);
#5465 = FILL_AREA_STYLE('',(#5466));
#5466 = FILL_AREA_STYLE_COLOUR('',#4800);
#5467 = STYLED_ITEM('color',(#5468),#3212);
#5468 = PRESENTATION_STYLE_ASSIGNMENT((#5469));
#5469 = SURFACE_STYLE_USAGE(.BOTH.,#5470);
#5470 = SURFACE_SIDE_STYLE('',(#5471));
#5471 = SURFACE_STYLE_FILL_AREA(#5472);
#5472 = FILL_AREA_STYLE('',(#5473));
#5473 = FILL_AREA_STYLE_COLOUR('',#4800);
#5474 = STYLED_ITEM('color',(#5475),#3224);
#5475 = PRESENTATION_STYLE_ASSIGNMENT((#5476));
#5476 = SURFACE_STYLE_USAGE(.BOTH.,#5477);
#5477 = SURFACE_SIDE_STYLE('',(#5478));
#5478 = SURFACE_STYLE_FILL_AREA(#5479);
#5479 = FILL_AREA_STYLE('',(#5480));
#5480 = FILL_AREA_STYLE_COLOUR('',#4800);
#5481 = STYLED_ITEM('color',(#5482),#3241);
#5482 = PRESENTATION_STYLE_ASSIGNMENT((#5483));
#5483 = SURFACE_STYLE_USAGE(.BOTH.,#5484);
#5484 = SURFACE_SIDE_STYLE('',(#5485));
#5485 = SURFACE_STYLE_FILL_AREA(#5486);
#5486 = FILL_AREA_STYLE('',(#5487));
#5487 = FILL_AREA_STYLE_COLOUR('',#4800);
#5488 = STYLED_ITEM('color',(#5489),#3258);
#5489 = PRESENTATION_STYLE_ASSIGNMENT((#5490));
#5490 = SURFACE_STYLE_USAGE(.BOTH.,#5491);
#5491 = SURFACE_SIDE_STYLE('',(#5492));
#5492 = SURFACE_STYLE_FILL_AREA(#5493);
#5493 = FILL_AREA_STYLE('',(#5494));
#5494 = FILL_AREA_STYLE_COLOUR('',#4800);
#5495 = STYLED_ITEM('color',(#5496),#3275);
#5496 = PRESENTATION_STYLE_ASSIGNMENT((#5497));
#5497 = SURFACE_STYLE_USAGE(.BOTH.,#5498);
#5498 = SURFACE_SIDE_STYLE('',(#5499));
#5499 = SURFACE_STYLE_FILL_AREA(#5500);
#5500 = FILL_AREA_STYLE('',(#5501));
#5501 = FILL_AREA_STYLE_COLOUR('',#4800);
#5502 = STYLED_ITEM('color',(#5503),#3292);
#5503 = PRESENTATION_STYLE_ASSIGNMENT((#5504));
#5504 = SURFACE_STYLE_USAGE(.BOTH.,#5505);
#5505 = SURFACE_SIDE_STYLE('',(#5506));
#5506 = SURFACE_STYLE_FILL_AREA(#5507);
#5507 = FILL_AREA_STYLE('',(#5508));
#5508 = FILL_AREA_STYLE_COLOUR('',#4800);
#5509 = STYLED_ITEM('color',(#5510),#3304);
#5510 = PRESENTATION_STYLE_ASSIGNMENT((#5511));
#5511 = SURFACE_STYLE_USAGE(.BOTH.,#5512);
#5512 = SURFACE_SIDE_STYLE('',(#5513));
#5513 = SURFACE_STYLE_FILL_AREA(#5514);
#5514 = FILL_AREA_STYLE('',(#5515));
#5515 = FILL_AREA_STYLE_COLOUR('',#5516);
#5516 = DRAUGHTING_PRE_DEFINED_COLOUR('white');
#5517 = STYLED_ITEM('color',(#5518),#3335);
#5518 = PRESENTATION_STYLE_ASSIGNMENT((#5519));
#5519 = SURFACE_STYLE_USAGE(.BOTH.,#5520);
#5520 = SURFACE_SIDE_STYLE('',(#5521));
#5521 = SURFACE_STYLE_FILL_AREA(#5522);
#5522 = FILL_AREA_STYLE('',(#5523));
#5523 = FILL_AREA_STYLE_COLOUR('',#5516);
#5524 = STYLED_ITEM('color',(#5525),#3359);
#5525 = PRESENTATION_STYLE_ASSIGNMENT((#5526));
#5526 = SURFACE_STYLE_USAGE(.BOTH.,#5527);
#5527 = SURFACE_SIDE_STYLE('',(#5528));
#5528 = SURFACE_STYLE_FILL_AREA(#5529);
#5529 = FILL_AREA_STYLE('',(#5530));
#5530 = FILL_AREA_STYLE_COLOUR('',#5516);
#5531 = STYLED_ITEM('color',(#5532),#3383);
#5532 = PRESENTATION_STYLE_ASSIGNMENT((#5533));
#5533 = SURFACE_STYLE_USAGE(.BOTH.,#5534);
#5534 = SURFACE_SIDE_STYLE('',(#5535));
#5535 = SURFACE_STYLE_FILL_AREA(#5536);
#5536 = FILL_AREA_STYLE('',(#5537));
#5537 = FILL_AREA_STYLE_COLOUR('',#5516);
#5538 = STYLED_ITEM('color',(#5539),#3423);
#5539 = PRESENTATION_STYLE_ASSIGNMENT((#5540));
#5540 = SURFACE_STYLE_USAGE(.BOTH.,#5541);
#5541 = SURFACE_SIDE_STYLE('',(#5542));
#5542 = SURFACE_STYLE_FILL_AREA(#5543);
#5543 = FILL_AREA_STYLE('',(#5544));
#5544 = FILL_AREA_STYLE_COLOUR('',#5516);
#5545 = STYLED_ITEM('color',(#5546),#3447);
#5546 = PRESENTATION_STYLE_ASSIGNMENT((#5547));
#5547 = SURFACE_STYLE_USAGE(.BOTH.,#5548);
#5548 = SURFACE_SIDE_STYLE('',(#5549));
#5549 = SURFACE_STYLE_FILL_AREA(#5550);
#5550 = FILL_AREA_STYLE('',(#5551));
#5551 = FILL_AREA_STYLE_COLOUR('',#5516);
#5552 = STYLED_ITEM('color',(#5553),#3487);
#5553 = PRESENTATION_STYLE_ASSIGNMENT((#5554));
#5554 = SURFACE_STYLE_USAGE(.BOTH.,#5555);
#5555 = SURFACE_SIDE_STYLE('',(#5556));
#5556 = SURFACE_STYLE_FILL_AREA(#5557);
#5557 = FILL_AREA_STYLE('',(#5558));
#5558 = FILL_AREA_STYLE_COLOUR('',#5516);
#5559 = STYLED_ITEM('color',(#5560),#3511);
#5560 = PRESENTATION_STYLE_ASSIGNMENT((#5561));
#5561 = SURFACE_STYLE_USAGE(.BOTH.,#5562);
#5562 = SURFACE_SIDE_STYLE('',(#5563));
#5563 = SURFACE_STYLE_FILL_AREA(#5564);
#5564 = FILL_AREA_STYLE('',(#5565));
#5565 = FILL_AREA_STYLE_COLOUR('',#5516);
#5566 = STYLED_ITEM('color',(#5567),#3535);
#5567 = PRESENTATION_STYLE_ASSIGNMENT((#5568));
#5568 = SURFACE_STYLE_USAGE(.BOTH.,#5569);
#5569 = SURFACE_SIDE_STYLE('',(#5570));
#5570 = SURFACE_STYLE_FILL_AREA(#5571);
#5571 = FILL_AREA_STYLE('',(#5572));
#5572 = FILL_AREA_STYLE_COLOUR('',#5516);
#5573 = STYLED_ITEM('color',(#5574),#3559);
#5574 = PRESENTATION_STYLE_ASSIGNMENT((#5575));
#5575 = SURFACE_STYLE_USAGE(.BOTH.,#5576);
#5576 = SURFACE_SIDE_STYLE('',(#5577));
#5577 = SURFACE_STYLE_FILL_AREA(#5578);
#5578 = FILL_AREA_STYLE('',(#5579));
#5579 = FILL_AREA_STYLE_COLOUR('',#5516);
#5580 = STYLED_ITEM('color',(#5581),#3607);
#5581 = PRESENTATION_STYLE_ASSIGNMENT((#5582));
#5582 = SURFACE_STYLE_USAGE(.BOTH.,#5583);
#5583 = SURFACE_SIDE_STYLE('',(#5584));
#5584 = SURFACE_STYLE_FILL_AREA(#5585);
#5585 = FILL_AREA_STYLE('',(#5586));
#5586 = FILL_AREA_STYLE_COLOUR('',#5516);
#5587 = STYLED_ITEM('color',(#5588),#3631);
#5588 = PRESENTATION_STYLE_ASSIGNMENT((#5589));
#5589 = SURFACE_STYLE_USAGE(.BOTH.,#5590);
#5590 = SURFACE_SIDE_STYLE('',(#5591));
#5591 = SURFACE_STYLE_FILL_AREA(#5592);
#5592 = FILL_AREA_STYLE('',(#5593));
#5593 = FILL_AREA_STYLE_COLOUR('',#5516);
#5594 = STYLED_ITEM('color',(#5595),#3655);
#5595 = PRESENTATION_STYLE_ASSIGNMENT((#5596));
#5596 = SURFACE_STYLE_USAGE(.BOTH.,#5597);
#5597 = SURFACE_SIDE_STYLE('',(#5598));
#5598 = SURFACE_STYLE_FILL_AREA(#5599);
#5599 = FILL_AREA_STYLE('',(#5600));
#5600 = FILL_AREA_STYLE_COLOUR('',#5516);
#5601 = STYLED_ITEM('color',(#5602),#3679);
#5602 = PRESENTATION_STYLE_ASSIGNMENT((#5603));
#5603 = SURFACE_STYLE_USAGE(.BOTH.,#5604);
#5604 = SURFACE_SIDE_STYLE('',(#5605));
#5605 = SURFACE_STYLE_FILL_AREA(#5606);
#5606 = FILL_AREA_STYLE('',(#5607));
#5607 = FILL_AREA_STYLE_COLOUR('',#5516);
#5608 = STYLED_ITEM('color',(#5609),#3703);
#5609 = PRESENTATION_STYLE_ASSIGNMENT((#5610));
#5610 = SURFACE_STYLE_USAGE(.BOTH.,#5611);
#5611 = SURFACE_SIDE_STYLE('',(#5612));
#5612 = SURFACE_STYLE_FILL_AREA(#5613);
#5613 = FILL_AREA_STYLE('',(#5614));
#5614 = FILL_AREA_STYLE_COLOUR('',#5516);
#5615 = STYLED_ITEM('color',(#5616),#3727);
#5616 = PRESENTATION_STYLE_ASSIGNMENT((#5617));
#5617 = SURFACE_STYLE_USAGE(.BOTH.,#5618);
#5618 = SURFACE_SIDE_STYLE('',(#5619));
#5619 = SURFACE_STYLE_FILL_AREA(#5620);
#5620 = FILL_AREA_STYLE('',(#5621));
#5621 = FILL_AREA_STYLE_COLOUR('',#5516);
#5622 = STYLED_ITEM('color',(#5623),#3768);
#5623 = PRESENTATION_STYLE_ASSIGNMENT((#5624));
#5624 = SURFACE_STYLE_USAGE(.BOTH.,#5625);
#5625 = SURFACE_SIDE_STYLE('',(#5626));
#5626 = SURFACE_STYLE_FILL_AREA(#5627);
#5627 = FILL_AREA_STYLE('',(#5628));
#5628 = FILL_AREA_STYLE_COLOUR('',#5516);
#5629 = STYLED_ITEM('color',(#5630),#3796);
#5630 = PRESENTATION_STYLE_ASSIGNMENT((#5631));
#5631 = SURFACE_STYLE_USAGE(.BOTH.,#5632);
#5632 = SURFACE_SIDE_STYLE('',(#5633));
#5633 = SURFACE_STYLE_FILL_AREA(#5634);
#5634 = FILL_AREA_STYLE('',(#5635));
#5635 = FILL_AREA_STYLE_COLOUR('',#5516);
#5636 = STYLED_ITEM('color',(#5637),#3813);
#5637 = PRESENTATION_STYLE_ASSIGNMENT((#5638));
#5638 = SURFACE_STYLE_USAGE(.BOTH.,#5639);
#5639 = SURFACE_SIDE_STYLE('',(#5640));
#5640 = SURFACE_STYLE_FILL_AREA(#5641);
#5641 = FILL_AREA_STYLE('',(#5642));
#5642 = FILL_AREA_STYLE_COLOUR('',#5516);
#5643 = STYLED_ITEM('color',(#5644),#3825);
#5644 = PRESENTATION_STYLE_ASSIGNMENT((#5645));
#5645 = SURFACE_STYLE_USAGE(.BOTH.,#5646);
#5646 = SURFACE_SIDE_STYLE('',(#5647));
#5647 = SURFACE_STYLE_FILL_AREA(#5648);
#5648 = FILL_AREA_STYLE('',(#5649));
#5649 = FILL_AREA_STYLE_COLOUR('',#5516);
#5650 = STYLED_ITEM('color',(#5651),#3842);
#5651 = PRESENTATION_STYLE_ASSIGNMENT((#5652));
#5652 = SURFACE_STYLE_USAGE(.BOTH.,#5653);
#5653 = SURFACE_SIDE_STYLE('',(#5654));
#5654 = SURFACE_STYLE_FILL_AREA(#5655);
#5655 = FILL_AREA_STYLE('',(#5656));
#5656 = FILL_AREA_STYLE_COLOUR('',#5516);
#5657 = STYLED_ITEM('color',(#5658),#3859);
#5658 = PRESENTATION_STYLE_ASSIGNMENT((#5659));
#5659 = SURFACE_STYLE_USAGE(.BOTH.,#5660);
#5660 = SURFACE_SIDE_STYLE('',(#5661));
#5661 = SURFACE_STYLE_FILL_AREA(#5662);
#5662 = FILL_AREA_STYLE('',(#5663));
#5663 = FILL_AREA_STYLE_COLOUR('',#5516);
#5664 = STYLED_ITEM('color',(#5665),#3876);
#5665 = PRESENTATION_STYLE_ASSIGNMENT((#5666));
#5666 = SURFACE_STYLE_USAGE(.BOTH.,#5667);
#5667 = SURFACE_SIDE_STYLE('',(#5668));
#5668 = SURFACE_STYLE_FILL_AREA(#5669);
#5669 = FILL_AREA_STYLE('',(#5670));
#5670 = FILL_AREA_STYLE_COLOUR('',#5516);
#5671 = STYLED_ITEM('color',(#5672),#3894);
#5672 = PRESENTATION_STYLE_ASSIGNMENT((#5673));
#5673 = SURFACE_STYLE_USAGE(.BOTH.,#5674);
#5674 = SURFACE_SIDE_STYLE('',(#5675));
#5675 = SURFACE_STYLE_FILL_AREA(#5676);
#5676 = FILL_AREA_STYLE('',(#5677));
#5677 = FILL_AREA_STYLE_COLOUR('',#5516);
#5678 = STYLED_ITEM('color',(#5679),#3934);
#5679 = PRESENTATION_STYLE_ASSIGNMENT((#5680));
#5680 = SURFACE_STYLE_USAGE(.BOTH.,#5681);
#5681 = SURFACE_SIDE_STYLE('',(#5682));
#5682 = SURFACE_STYLE_FILL_AREA(#5683);
#5683 = FILL_AREA_STYLE('',(#5684));
#5684 = FILL_AREA_STYLE_COLOUR('',#4800);
#5685 = STYLED_ITEM('color',(#5686),#3981);
#5686 = PRESENTATION_STYLE_ASSIGNMENT((#5687));
#5687 = SURFACE_STYLE_USAGE(.BOTH.,#5688);
#5688 = SURFACE_SIDE_STYLE('',(#5689));
#5689 = SURFACE_STYLE_FILL_AREA(#5690);
#5690 = FILL_AREA_STYLE('',(#5691));
#5691 = FILL_AREA_STYLE_COLOUR('',#4800);
#5692 = STYLED_ITEM('color',(#5693),#4005);
#5693 = PRESENTATION_STYLE_ASSIGNMENT((#5694));
#5694 = SURFACE_STYLE_USAGE(.BOTH.,#5695);
#5695 = SURFACE_SIDE_STYLE('',(#5696));
#5696 = SURFACE_STYLE_FILL_AREA(#5697);
#5697 = FILL_AREA_STYLE('',(#5698));
#5698 = FILL_AREA_STYLE_COLOUR('',#5516);
#5699 = STYLED_ITEM('color',(#5700),#4029);
#5700 = PRESENTATION_STYLE_ASSIGNMENT((#5701));
#5701 = SURFACE_STYLE_USAGE(.BOTH.,#5702);
#5702 = SURFACE_SIDE_STYLE('',(#5703));
#5703 = SURFACE_STYLE_FILL_AREA(#5704);
#5704 = FILL_AREA_STYLE('',(#5705));
#5705 = FILL_AREA_STYLE_COLOUR('',#5516);
#5706 = STYLED_ITEM('color',(#5707),#4142);
#5707 = PRESENTATION_STYLE_ASSIGNMENT((#5708));
#5708 = SURFACE_STYLE_USAGE(.BOTH.,#5709);
#5709 = SURFACE_SIDE_STYLE('',(#5710));
#5710 = SURFACE_STYLE_FILL_AREA(#5711);
#5711 = FILL_AREA_STYLE('',(#5712));
#5712 = FILL_AREA_STYLE_COLOUR('',#4800);
#5713 = STYLED_ITEM('color',(#5714),#4189);
#5714 = PRESENTATION_STYLE_ASSIGNMENT((#5715));
#5715 = SURFACE_STYLE_USAGE(.BOTH.,#5716);
#5716 = SURFACE_SIDE_STYLE('',(#5717));
#5717 = SURFACE_STYLE_FILL_AREA(#5718);
#5718 = FILL_AREA_STYLE('',(#5719));
#5719 = FILL_AREA_STYLE_COLOUR('',#4800);
#5720 = STYLED_ITEM('color',(#5721),#4254);
#5721 = PRESENTATION_STYLE_ASSIGNMENT((#5722));
#5722 = SURFACE_STYLE_USAGE(.BOTH.,#5723);
#5723 = SURFACE_SIDE_STYLE('',(#5724));
#5724 = SURFACE_STYLE_FILL_AREA(#5725);
#5725 = FILL_AREA_STYLE('',(#5726));
#5726 = FILL_AREA_STYLE_COLOUR('',#4800);
#5727 = STYLED_ITEM('color',(#5728),#4271);
#5728 = PRESENTATION_STYLE_ASSIGNMENT((#5729));
#5729 = SURFACE_STYLE_USAGE(.BOTH.,#5730);
#5730 = SURFACE_SIDE_STYLE('',(#5731));
#5731 = SURFACE_STYLE_FILL_AREA(#5732);
#5732 = FILL_AREA_STYLE('',(#5733));
#5733 = FILL_AREA_STYLE_COLOUR('',#5516);
#5734 = STYLED_ITEM('color',(#5735),#4295);
#5735 = PRESENTATION_STYLE_ASSIGNMENT((#5736));
#5736 = SURFACE_STYLE_USAGE(.BOTH.,#5737);
#5737 = SURFACE_SIDE_STYLE('',(#5738));
#5738 = SURFACE_STYLE_FILL_AREA(#5739);
#5739 = FILL_AREA_STYLE('',(#5740));
#5740 = FILL_AREA_STYLE_COLOUR('',#5516);
#5741 = STYLED_ITEM('color',(#5742),#4319);
#5742 = PRESENTATION_STYLE_ASSIGNMENT((#5743));
#5743 = SURFACE_STYLE_USAGE(.BOTH.,#5744);
#5744 = SURFACE_SIDE_STYLE('',(#5745));
#5745 = SURFACE_STYLE_FILL_AREA(#5746);
#5746 = FILL_AREA_STYLE('',(#5747));
#5747 = FILL_AREA_STYLE_COLOUR('',#5516);
#5748 = STYLED_ITEM('color',(#5749),#4336);
#5749 = PRESENTATION_STYLE_ASSIGNMENT((#5750));
#5750 = SURFACE_STYLE_USAGE(.BOTH.,#5751);
#5751 = SURFACE_SIDE_STYLE('',(#5752));
#5752 = SURFACE_STYLE_FILL_AREA(#5753);
#5753 = FILL_AREA_STYLE('',(#5754));
#5754 = FILL_AREA_STYLE_COLOUR('',#5516);
#5755 = STYLED_ITEM('color',(#5756),#4360);
#5756 = PRESENTATION_STYLE_ASSIGNMENT((#5757));
#5757 = SURFACE_STYLE_USAGE(.BOTH.,#5758);
#5758 = SURFACE_SIDE_STYLE('',(#5759));
#5759 = SURFACE_STYLE_FILL_AREA(#5760);
#5760 = FILL_AREA_STYLE('',(#5761));
#5761 = FILL_AREA_STYLE_COLOUR('',#5516);
#5762 = STYLED_ITEM('color',(#5763),#4384);
#5763 = PRESENTATION_STYLE_ASSIGNMENT((#5764));
#5764 = SURFACE_STYLE_USAGE(.BOTH.,#5765);
#5765 = SURFACE_SIDE_STYLE('',(#5766));
#5766 = SURFACE_STYLE_FILL_AREA(#5767);
#5767 = FILL_AREA_STYLE('',(#5768));
#5768 = FILL_AREA_STYLE_COLOUR('',#4800);
#5769 = STYLED_ITEM('color',(#5770),#4403);
#5770 = PRESENTATION_STYLE_ASSIGNMENT((#5771));
#5771 = SURFACE_STYLE_USAGE(.BOTH.,#5772);
#5772 = SURFACE_SIDE_STYLE('',(#5773));
#5773 = SURFACE_STYLE_FILL_AREA(#5774);
#5774 = FILL_AREA_STYLE('',(#5775));
#5775 = FILL_AREA_STYLE_COLOUR('',#5516);
#5776 = STYLED_ITEM('color',(#5777),#4427);
#5777 = PRESENTATION_STYLE_ASSIGNMENT((#5778));
#5778 = SURFACE_STYLE_USAGE(.BOTH.,#5779);
#5779 = SURFACE_SIDE_STYLE('',(#5780));
#5780 = SURFACE_STYLE_FILL_AREA(#5781);
#5781 = FILL_AREA_STYLE('',(#5782));
#5782 = FILL_AREA_STYLE_COLOUR('',#5516);
#5783 = STYLED_ITEM('color',(#5784),#4451);
#5784 = PRESENTATION_STYLE_ASSIGNMENT((#5785));
#5785 = SURFACE_STYLE_USAGE(.BOTH.,#5786);
#5786 = SURFACE_SIDE_STYLE('',(#5787));
#5787 = SURFACE_STYLE_FILL_AREA(#5788);
#5788 = FILL_AREA_STYLE('',(#5789));
#5789 = FILL_AREA_STYLE_COLOUR('',#5516);
#5790 = STYLED_ITEM('color',(#5791),#4468);
#5791 = PRESENTATION_STYLE_ASSIGNMENT((#5792));
#5792 = SURFACE_STYLE_USAGE(.BOTH.,#5793);
#5793 = SURFACE_SIDE_STYLE('',(#5794));
#5794 = SURFACE_STYLE_FILL_AREA(#5795);
#5795 = FILL_AREA_STYLE('',(#5796));
#5796 = FILL_AREA_STYLE_COLOUR('',#4800);
#5797 = STYLED_ITEM('color',(#5798),#4480);
#5798 = PRESENTATION_STYLE_ASSIGNMENT((#5799));
#5799 = SURFACE_STYLE_USAGE(.BOTH.,#5800);
#5800 = SURFACE_SIDE_STYLE('',(#5801));
#5801 = SURFACE_STYLE_FILL_AREA(#5802);
#5802 = FILL_AREA_STYLE('',(#5803));
#5803 = FILL_AREA_STYLE_COLOUR('',#4800);
#5804 = STYLED_ITEM('color',(#5805),#4492);
#5805 = PRESENTATION_STYLE_ASSIGNMENT((#5806));
#5806 = SURFACE_STYLE_USAGE(.BOTH.,#5807);
#5807 = SURFACE_SIDE_STYLE('',(#5808));
#5808 = SURFACE_STYLE_FILL_AREA(#5809);
#5809 = FILL_AREA_STYLE('',(#5810));
#5810 = FILL_AREA_STYLE_COLOUR('',#4800);
#5811 = STYLED_ITEM('color',(#5812),#4506);
#5812 = PRESENTATION_STYLE_ASSIGNMENT((#5813));
#5813 = SURFACE_STYLE_USAGE(.BOTH.,#5814);
#5814 = SURFACE_SIDE_STYLE('',(#5815));
#5815 = SURFACE_STYLE_FILL_AREA(#5816);
#5816 = FILL_AREA_STYLE('',(#5817));
#5817 = FILL_AREA_STYLE_COLOUR('',#4800);
#5818 = STYLED_ITEM('color',(#5819),#4546);
#5819 = PRESENTATION_STYLE_ASSIGNMENT((#5820));
#5820 = SURFACE_STYLE_USAGE(.BOTH.,#5821);
#5821 = SURFACE_SIDE_STYLE('',(#5822));
#5822 = SURFACE_STYLE_FILL_AREA(#5823);
#5823 = FILL_AREA_STYLE('',(#5824));
#5824 = FILL_AREA_STYLE_COLOUR('',#4800);
#5825 = STYLED_ITEM('color',(#5826),#4577);
#5826 = PRESENTATION_STYLE_ASSIGNMENT((#5827));
#5827 = SURFACE_STYLE_USAGE(.BOTH.,#5828);
#5828 = SURFACE_SIDE_STYLE('',(#5829));
#5829 = SURFACE_STYLE_FILL_AREA(#5830);
#5830 = FILL_AREA_STYLE('',(#5831));
#5831 = FILL_AREA_STYLE_COLOUR('',#4800);
#5832 = STYLED_ITEM('color',(#5833),#4608);
#5833 = PRESENTATION_STYLE_ASSIGNMENT((#5834));
#5834 = SURFACE_STYLE_USAGE(.BOTH.,#5835);
#5835 = SURFACE_SIDE_STYLE('',(#5836));
#5836 = SURFACE_STYLE_FILL_AREA(#5837);
#5837 = FILL_AREA_STYLE('',(#5838));
#5838 = FILL_AREA_STYLE_COLOUR('',#4800);
#5839 = STYLED_ITEM('color',(#5840),#4639);
#5840 = PRESENTATION_STYLE_ASSIGNMENT((#5841));
#5841 = SURFACE_STYLE_USAGE(.BOTH.,#5842);
#5842 = SURFACE_SIDE_STYLE('',(#5843));
#5843 = SURFACE_STYLE_FILL_AREA(#5844);
#5844 = FILL_AREA_STYLE('',(#5845));
#5845 = FILL_AREA_STYLE_COLOUR('',#4800);
#5846 = STYLED_ITEM('color',(#5847),#4670);
#5847 = PRESENTATION_STYLE_ASSIGNMENT((#5848));
#5848 = SURFACE_STYLE_USAGE(.BOTH.,#5849);
#5849 = SURFACE_SIDE_STYLE('',(#5850));
#5850 = SURFACE_STYLE_FILL_AREA(#5851);
#5851 = FILL_AREA_STYLE('',(#5852));
#5852 = FILL_AREA_STYLE_COLOUR('',#4800);
#5853 = STYLED_ITEM('color',(#5854),#4701);
#5854 = PRESENTATION_STYLE_ASSIGNMENT((#5855));
#5855 = SURFACE_STYLE_USAGE(.BOTH.,#5856);
#5856 = SURFACE_SIDE_STYLE('',(#5857));
#5857 = SURFACE_STYLE_FILL_AREA(#5858);
#5858 = FILL_AREA_STYLE('',(#5859));
#5859 = FILL_AREA_STYLE_COLOUR('',#4800);
#5860 = STYLED_ITEM('color',(#5861),#4732);
#5861 = PRESENTATION_STYLE_ASSIGNMENT((#5862));
#5862 = SURFACE_STYLE_USAGE(.BOTH.,#5863);
#5863 = SURFACE_SIDE_STYLE('',(#5864));
#5864 = SURFACE_STYLE_FILL_AREA(#5865);
#5865 = FILL_AREA_STYLE('',(#5866));
#5866 = FILL_AREA_STYLE_COLOUR('',#4800);
#5867 = STYLED_ITEM('color',(#5868),#4754);
#5868 = PRESENTATION_STYLE_ASSIGNMENT((#5869));
#5869 = SURFACE_STYLE_USAGE(.BOTH.,#5870);
#5870 = SURFACE_SIDE_STYLE('',(#5871));
#5871 = SURFACE_STYLE_FILL_AREA(#5872);
#5872 = FILL_AREA_STYLE('',(#5873));
#5873 = FILL_AREA_STYLE_COLOUR('',#4800);
#5874 = STYLED_ITEM('color',(#5875),#4770);
#5875 = PRESENTATION_STYLE_ASSIGNMENT((#5876));
#5876 = SURFACE_STYLE_USAGE(.BOTH.,#5877);
#5877 = SURFACE_SIDE_STYLE('',(#5878));
#5878 = SURFACE_STYLE_FILL_AREA(#5879);
#5879 = FILL_AREA_STYLE('',(#5880));
#5880 = FILL_AREA_STYLE_COLOUR('',#4800);
ENDSEC;
END-ISO-10303-21;
