ISO-10303-21;
HEADER;
FILE_DESCRIPTION(('FreeCAD Model'),'2;1');
FILE_NAME('/home/dan/kicad/3dModels/RFB12-RF_Receiver_Module.step',
  '2019-02-28T22:40:36',('kicad StepUp'),('ksu MCAD'),
  'Open CASCADE STEP processor 7.3','FreeCAD','Unknown');
FILE_SCHEMA(('AUTOMOTIVE_DESIGN { 1 0 10303 214 1 1 1 1 }'));
ENDSEC;
DATA;
#1 = APPLICATION_PROTOCOL_DEFINITION('international standard',
  'automotive_design',2000,#2);
#2 = APPLICATION_CONTEXT(
  'core data for automotive mechanical design processes');
#3 = SHAPE_DEFINITION_REPRESENTATION(#4,#10);
#4 = PRODUCT_DEFINITION_SHAPE('','',#5);
#5 = PRODUCT_DEFINITION('design','',#6,#9);
#6 = PRODUCT_DEFINITION_FORMATION('','',#7);
#7 = PRODUCT('RFB12-RF_Receiver_Module','RFB12-RF_Receiver_Module','',(
    #8));
#8 = PRODUCT_CONTEXT('',#2,'mechanical');
#9 = PRODUCT_DEFINITION_CONTEXT('part definition',#2,'design');
#10 = ADVANCED_BREP_SHAPE_REPRESENTATION('',(#11,#15),#7383);
#11 = AXIS2_PLACEMENT_3D('',#12,#13,#14);
#12 = CARTESIAN_POINT('',(0.,0.,0.));
#13 = DIRECTION('',(0.,0.,1.));
#14 = DIRECTION('',(1.,0.,-0.));
#15 = MANIFOLD_SOLID_BREP('',#16);
#16 = CLOSED_SHELL('',(#17,#57,#965,#1173,#1197,#1214,#1287,#1351,#1415,
    #1479,#1543,#1607,#1671,#1735,#1799,#1863,#1927,#1991,#2055,#2079,
    #2103,#2120,#2151,#2175,#2199,#2216,#2258,#2282,#2307,#2324,#2348,
    #2372,#2389,#2413,#2437,#2454,#2478,#2502,#2519,#2543,#2567,#2584,
    #2608,#2632,#2649,#2673,#2697,#2714,#2738,#2762,#2779,#2803,#3011,
    #3035,#3059,#3076,#3100,#3124,#3141,#3165,#3189,#3206,#3230,#3254,
    #3271,#3295,#3319,#3336,#3360,#3384,#3401,#3425,#3449,#3466,#3490,
    #3514,#3531,#3548,#3560,#3572,#3584,#3596,#3608,#3620,#3632,#3644,
    #3656,#3673,#3690,#3707,#3724,#3741,#3758,#3870,#3892,#3909,#3926,
    #3957,#3984,#4015,#4037,#4054,#4071,#4102,#4129,#4160,#4182,#4199,
    #4216,#4247,#4274,#4305,#4327,#4344,#4361,#4392,#4419,#4450,#4472,
    #4489,#4506,#4537,#4564,#4595,#4617,#4634,#4651,#4682,#4709,#4740,
    #4752,#4786,#4812,#4837,#4863,#4880,#4892,#4904,#4916,#4928,#4940,
    #4952,#4964,#4976,#4993,#5010,#5027,#5044,#5061,#5078,#5103,#5128,
    #5153,#5178,#5209,#5233,#5257,#5274,#5299,#5324,#5341,#5353,#5370,
    #5382,#5399,#5411,#5428,#5440,#5457,#5469,#5486,#5498,#5556,#5599,
    #5642,#5685,#5728,#5740,#5783,#5826,#5868,#5892,#5917,#5934,#5965,
    #5989,#6013,#6030,#6061,#6085,#6109,#6126,#6157,#6181,#6205,#6222,
    #6253,#6277,#6301,#6318,#6349,#6373,#6397,#6414,#6445,#6469,#6493,
    #6510,#6544,#6570,#6595,#6621,#6638,#6669,#6693,#6717,#6734,#6765,
    #6789,#6813,#6830,#6861,#6885,#6909,#6926,#6957,#6981,#7005,#7022,
    #7053,#7077,#7101,#7118,#7149,#7173,#7197,#7214,#7227,#7239,#7251,
    #7263,#7275,#7287,#7299,#7313,#7327,#7341,#7355,#7369));
#17 = ADVANCED_FACE('',(#18),#52,.F.);
#18 = FACE_BOUND('',#19,.F.);
#19 = EDGE_LOOP('',(#20,#30,#38,#46));
#20 = ORIENTED_EDGE('',*,*,#21,.F.);
#21 = EDGE_CURVE('',#22,#24,#26,.T.);
#22 = VERTEX_POINT('',#23);
#23 = CARTESIAN_POINT('',(21.54,-0.35,1.5));
#24 = VERTEX_POINT('',#25);
#25 = CARTESIAN_POINT('',(21.54,-0.35,2.5));
#26 = LINE('',#27,#28);
#27 = CARTESIAN_POINT('',(21.54,-0.35,1.5));
#28 = VECTOR('',#29,1.);
#29 = DIRECTION('',(0.,0.,1.));
#30 = ORIENTED_EDGE('',*,*,#31,.T.);
#31 = EDGE_CURVE('',#22,#32,#34,.T.);
#32 = VERTEX_POINT('',#33);
#33 = CARTESIAN_POINT('',(21.54,-5.E-02,1.5));
#34 = LINE('',#35,#36);
#35 = CARTESIAN_POINT('',(21.54,-0.35,1.5));
#36 = VECTOR('',#37,1.);
#37 = DIRECTION('',(0.,1.,0.));
#38 = ORIENTED_EDGE('',*,*,#39,.T.);
#39 = EDGE_CURVE('',#32,#40,#42,.T.);
#40 = VERTEX_POINT('',#41);
#41 = CARTESIAN_POINT('',(21.54,-5.E-02,2.5));
#42 = LINE('',#43,#44);
#43 = CARTESIAN_POINT('',(21.54,-5.E-02,1.5));
#44 = VECTOR('',#45,1.);
#45 = DIRECTION('',(0.,0.,1.));
#46 = ORIENTED_EDGE('',*,*,#47,.T.);
#47 = EDGE_CURVE('',#40,#24,#48,.T.);
#48 = LINE('',#49,#50);
#49 = CARTESIAN_POINT('',(21.54,-0.35,2.5));
#50 = VECTOR('',#51,1.);
#51 = DIRECTION('',(0.,-1.,0.));
#52 = PLANE('',#53);
#53 = AXIS2_PLACEMENT_3D('',#54,#55,#56);
#54 = CARTESIAN_POINT('',(21.54,-0.35,1.5));
#55 = DIRECTION('',(1.,0.,0.));
#56 = DIRECTION('',(0.,0.,1.));
#57 = ADVANCED_FACE('',(#58,#344,#378,#423),#960,.T.);
#58 = FACE_BOUND('',#59,.T.);
#59 = EDGE_LOOP('',(#60,#70,#78,#86,#94,#102,#110,#119,#128,#136,#144,
    #152,#161,#170,#178,#186,#194,#203,#212,#220,#228,#236,#245,#254,
    #262,#270,#278,#287,#296,#304,#312,#320,#329,#338));
#60 = ORIENTED_EDGE('',*,*,#61,.F.);
#61 = EDGE_CURVE('',#62,#64,#66,.T.);
#62 = VERTEX_POINT('',#63);
#63 = CARTESIAN_POINT('',(-1.57,-0.35,0.));
#64 = VERTEX_POINT('',#65);
#65 = CARTESIAN_POINT('',(-0.35,-0.35,0.));
#66 = LINE('',#67,#68);
#67 = CARTESIAN_POINT('',(-1.57,-0.35,0.));
#68 = VECTOR('',#69,1.);
#69 = DIRECTION('',(1.,0.,0.));
#70 = ORIENTED_EDGE('',*,*,#71,.T.);
#71 = EDGE_CURVE('',#62,#72,#74,.T.);
#72 = VERTEX_POINT('',#73);
#73 = CARTESIAN_POINT('',(-1.57,-0.35,8.7));
#74 = LINE('',#75,#76);
#75 = CARTESIAN_POINT('',(-1.57,-0.35,0.));
#76 = VECTOR('',#77,1.);
#77 = DIRECTION('',(0.,0.,1.));
#78 = ORIENTED_EDGE('',*,*,#79,.T.);
#79 = EDGE_CURVE('',#72,#80,#82,.T.);
#80 = VERTEX_POINT('',#81);
#81 = CARTESIAN_POINT('',(28.43,-0.35,8.7));
#82 = LINE('',#83,#84);
#83 = CARTESIAN_POINT('',(-1.57,-0.35,8.7));
#84 = VECTOR('',#85,1.);
#85 = DIRECTION('',(1.,0.,0.));
#86 = ORIENTED_EDGE('',*,*,#87,.F.);
#87 = EDGE_CURVE('',#88,#80,#90,.T.);
#88 = VERTEX_POINT('',#89);
#89 = CARTESIAN_POINT('',(28.43,-0.35,0.));
#90 = LINE('',#91,#92);
#91 = CARTESIAN_POINT('',(28.43,-0.35,0.));
#92 = VECTOR('',#93,1.);
#93 = DIRECTION('',(0.,0.,1.));
#94 = ORIENTED_EDGE('',*,*,#95,.F.);
#95 = EDGE_CURVE('',#96,#88,#98,.T.);
#96 = VERTEX_POINT('',#97);
#97 = CARTESIAN_POINT('',(27.22,-0.35,0.));
#98 = LINE('',#99,#100);
#99 = CARTESIAN_POINT('',(-1.57,-0.35,0.));
#100 = VECTOR('',#101,1.);
#101 = DIRECTION('',(1.,0.,0.));
#102 = ORIENTED_EDGE('',*,*,#103,.T.);
#103 = EDGE_CURVE('',#96,#104,#106,.T.);
#104 = VERTEX_POINT('',#105);
#105 = CARTESIAN_POINT('',(27.22,-0.35,0.66266028276));
#106 = LINE('',#107,#108);
#107 = CARTESIAN_POINT('',(27.22,-0.35,-6.));
#108 = VECTOR('',#109,1.);
#109 = DIRECTION('',(0.,0.,1.));
#110 = ORIENTED_EDGE('',*,*,#111,.F.);
#111 = EDGE_CURVE('',#112,#104,#114,.T.);
#112 = VERTEX_POINT('',#113);
#113 = CARTESIAN_POINT('',(27.47,-0.35,1.15));
#114 = CIRCLE('',#115,0.6);
#115 = AXIS2_PLACEMENT_3D('',#116,#117,#118);
#116 = CARTESIAN_POINT('',(26.87,-0.35,1.15));
#117 = DIRECTION('',(-0.,1.,2.22044604925E-16));
#118 = DIRECTION('',(1.,0.,0.));
#119 = ORIENTED_EDGE('',*,*,#120,.F.);
#120 = EDGE_CURVE('',#121,#112,#123,.T.);
#121 = VERTEX_POINT('',#122);
#122 = CARTESIAN_POINT('',(26.52,-0.35,0.66266028276));
#123 = CIRCLE('',#124,0.6);
#124 = AXIS2_PLACEMENT_3D('',#125,#126,#127);
#125 = CARTESIAN_POINT('',(26.87,-0.35,1.15));
#126 = DIRECTION('',(-0.,1.,2.22044604925E-16));
#127 = DIRECTION('',(1.,0.,0.));
#128 = ORIENTED_EDGE('',*,*,#129,.F.);
#129 = EDGE_CURVE('',#130,#121,#132,.T.);
#130 = VERTEX_POINT('',#131);
#131 = CARTESIAN_POINT('',(26.52,-0.35,0.));
#132 = LINE('',#133,#134);
#133 = CARTESIAN_POINT('',(26.52,-0.35,-6.));
#134 = VECTOR('',#135,1.);
#135 = DIRECTION('',(0.,0.,1.));
#136 = ORIENTED_EDGE('',*,*,#137,.F.);
#137 = EDGE_CURVE('',#138,#130,#140,.T.);
#138 = VERTEX_POINT('',#139);
#139 = CARTESIAN_POINT('',(24.68,-0.35,0.));
#140 = LINE('',#141,#142);
#141 = CARTESIAN_POINT('',(-1.57,-0.35,0.));
#142 = VECTOR('',#143,1.);
#143 = DIRECTION('',(1.,0.,0.));
#144 = ORIENTED_EDGE('',*,*,#145,.T.);
#145 = EDGE_CURVE('',#138,#146,#148,.T.);
#146 = VERTEX_POINT('',#147);
#147 = CARTESIAN_POINT('',(24.68,-0.35,0.66266028276));
#148 = LINE('',#149,#150);
#149 = CARTESIAN_POINT('',(24.68,-0.35,-6.));
#150 = VECTOR('',#151,1.);
#151 = DIRECTION('',(0.,0.,1.));
#152 = ORIENTED_EDGE('',*,*,#153,.F.);
#153 = EDGE_CURVE('',#154,#146,#156,.T.);
#154 = VERTEX_POINT('',#155);
#155 = CARTESIAN_POINT('',(24.93,-0.35,1.15));
#156 = CIRCLE('',#157,0.6);
#157 = AXIS2_PLACEMENT_3D('',#158,#159,#160);
#158 = CARTESIAN_POINT('',(24.33,-0.35,1.15));
#159 = DIRECTION('',(-0.,1.,2.22044604925E-16));
#160 = DIRECTION('',(1.,0.,0.));
#161 = ORIENTED_EDGE('',*,*,#162,.F.);
#162 = EDGE_CURVE('',#163,#154,#165,.T.);
#163 = VERTEX_POINT('',#164);
#164 = CARTESIAN_POINT('',(23.98,-0.35,0.66266028276));
#165 = CIRCLE('',#166,0.6);
#166 = AXIS2_PLACEMENT_3D('',#167,#168,#169);
#167 = CARTESIAN_POINT('',(24.33,-0.35,1.15));
#168 = DIRECTION('',(-0.,1.,2.22044604925E-16));
#169 = DIRECTION('',(1.,0.,0.));
#170 = ORIENTED_EDGE('',*,*,#171,.F.);
#171 = EDGE_CURVE('',#172,#163,#174,.T.);
#172 = VERTEX_POINT('',#173);
#173 = CARTESIAN_POINT('',(23.98,-0.35,0.));
#174 = LINE('',#175,#176);
#175 = CARTESIAN_POINT('',(23.98,-0.35,-6.));
#176 = VECTOR('',#177,1.);
#177 = DIRECTION('',(0.,0.,1.));
#178 = ORIENTED_EDGE('',*,*,#179,.F.);
#179 = EDGE_CURVE('',#180,#172,#182,.T.);
#180 = VERTEX_POINT('',#181);
#181 = CARTESIAN_POINT('',(7.97,-0.35,0.));
#182 = LINE('',#183,#184);
#183 = CARTESIAN_POINT('',(-1.57,-0.35,0.));
#184 = VECTOR('',#185,1.);
#185 = DIRECTION('',(1.,0.,0.));
#186 = ORIENTED_EDGE('',*,*,#187,.T.);
#187 = EDGE_CURVE('',#180,#188,#190,.T.);
#188 = VERTEX_POINT('',#189);
#189 = CARTESIAN_POINT('',(7.97,-0.35,0.66266028276));
#190 = LINE('',#191,#192);
#191 = CARTESIAN_POINT('',(7.97,-0.35,-6.));
#192 = VECTOR('',#193,1.);
#193 = DIRECTION('',(0.,0.,1.));
#194 = ORIENTED_EDGE('',*,*,#195,.F.);
#195 = EDGE_CURVE('',#196,#188,#198,.T.);
#196 = VERTEX_POINT('',#197);
#197 = CARTESIAN_POINT('',(8.22,-0.35,1.15));
#198 = CIRCLE('',#199,0.6);
#199 = AXIS2_PLACEMENT_3D('',#200,#201,#202);
#200 = CARTESIAN_POINT('',(7.62,-0.35,1.15));
#201 = DIRECTION('',(-0.,1.,2.22044604925E-16));
#202 = DIRECTION('',(1.,0.,0.));
#203 = ORIENTED_EDGE('',*,*,#204,.F.);
#204 = EDGE_CURVE('',#205,#196,#207,.T.);
#205 = VERTEX_POINT('',#206);
#206 = CARTESIAN_POINT('',(7.27,-0.35,0.66266028276));
#207 = CIRCLE('',#208,0.6);
#208 = AXIS2_PLACEMENT_3D('',#209,#210,#211);
#209 = CARTESIAN_POINT('',(7.62,-0.35,1.15));
#210 = DIRECTION('',(-0.,1.,2.22044604925E-16));
#211 = DIRECTION('',(1.,0.,0.));
#212 = ORIENTED_EDGE('',*,*,#213,.F.);
#213 = EDGE_CURVE('',#214,#205,#216,.T.);
#214 = VERTEX_POINT('',#215);
#215 = CARTESIAN_POINT('',(7.27,-0.35,0.));
#216 = LINE('',#217,#218);
#217 = CARTESIAN_POINT('',(7.27,-0.35,-6.));
#218 = VECTOR('',#219,1.);
#219 = DIRECTION('',(0.,0.,1.));
#220 = ORIENTED_EDGE('',*,*,#221,.F.);
#221 = EDGE_CURVE('',#222,#214,#224,.T.);
#222 = VERTEX_POINT('',#223);
#223 = CARTESIAN_POINT('',(5.43,-0.35,0.));
#224 = LINE('',#225,#226);
#225 = CARTESIAN_POINT('',(-1.57,-0.35,0.));
#226 = VECTOR('',#227,1.);
#227 = DIRECTION('',(1.,0.,0.));
#228 = ORIENTED_EDGE('',*,*,#229,.T.);
#229 = EDGE_CURVE('',#222,#230,#232,.T.);
#230 = VERTEX_POINT('',#231);
#231 = CARTESIAN_POINT('',(5.43,-0.35,0.66266028276));
#232 = LINE('',#233,#234);
#233 = CARTESIAN_POINT('',(5.43,-0.35,-6.));
#234 = VECTOR('',#235,1.);
#235 = DIRECTION('',(0.,0.,1.));
#236 = ORIENTED_EDGE('',*,*,#237,.F.);
#237 = EDGE_CURVE('',#238,#230,#240,.T.);
#238 = VERTEX_POINT('',#239);
#239 = CARTESIAN_POINT('',(5.68,-0.35,1.15));
#240 = CIRCLE('',#241,0.6);
#241 = AXIS2_PLACEMENT_3D('',#242,#243,#244);
#242 = CARTESIAN_POINT('',(5.08,-0.35,1.15));
#243 = DIRECTION('',(-0.,1.,2.22044604925E-16));
#244 = DIRECTION('',(1.,0.,0.));
#245 = ORIENTED_EDGE('',*,*,#246,.F.);
#246 = EDGE_CURVE('',#247,#238,#249,.T.);
#247 = VERTEX_POINT('',#248);
#248 = CARTESIAN_POINT('',(4.73,-0.35,0.66266028276));
#249 = CIRCLE('',#250,0.6);
#250 = AXIS2_PLACEMENT_3D('',#251,#252,#253);
#251 = CARTESIAN_POINT('',(5.08,-0.35,1.15));
#252 = DIRECTION('',(-0.,1.,2.22044604925E-16));
#253 = DIRECTION('',(1.,0.,0.));
#254 = ORIENTED_EDGE('',*,*,#255,.F.);
#255 = EDGE_CURVE('',#256,#247,#258,.T.);
#256 = VERTEX_POINT('',#257);
#257 = CARTESIAN_POINT('',(4.73,-0.35,0.));
#258 = LINE('',#259,#260);
#259 = CARTESIAN_POINT('',(4.73,-0.35,-6.));
#260 = VECTOR('',#261,1.);
#261 = DIRECTION('',(0.,0.,1.));
#262 = ORIENTED_EDGE('',*,*,#263,.F.);
#263 = EDGE_CURVE('',#264,#256,#266,.T.);
#264 = VERTEX_POINT('',#265);
#265 = CARTESIAN_POINT('',(2.89,-0.35,0.));
#266 = LINE('',#267,#268);
#267 = CARTESIAN_POINT('',(-1.57,-0.35,0.));
#268 = VECTOR('',#269,1.);
#269 = DIRECTION('',(1.,0.,0.));
#270 = ORIENTED_EDGE('',*,*,#271,.T.);
#271 = EDGE_CURVE('',#264,#272,#274,.T.);
#272 = VERTEX_POINT('',#273);
#273 = CARTESIAN_POINT('',(2.89,-0.35,0.66266028276));
#274 = LINE('',#275,#276);
#275 = CARTESIAN_POINT('',(2.89,-0.35,-6.));
#276 = VECTOR('',#277,1.);
#277 = DIRECTION('',(0.,0.,1.));
#278 = ORIENTED_EDGE('',*,*,#279,.F.);
#279 = EDGE_CURVE('',#280,#272,#282,.T.);
#280 = VERTEX_POINT('',#281);
#281 = CARTESIAN_POINT('',(3.14,-0.35,1.15));
#282 = CIRCLE('',#283,0.6);
#283 = AXIS2_PLACEMENT_3D('',#284,#285,#286);
#284 = CARTESIAN_POINT('',(2.54,-0.35,1.15));
#285 = DIRECTION('',(-0.,1.,2.22044604925E-16));
#286 = DIRECTION('',(1.,0.,0.));
#287 = ORIENTED_EDGE('',*,*,#288,.F.);
#288 = EDGE_CURVE('',#289,#280,#291,.T.);
#289 = VERTEX_POINT('',#290);
#290 = CARTESIAN_POINT('',(2.19,-0.35,0.66266028276));
#291 = CIRCLE('',#292,0.6);
#292 = AXIS2_PLACEMENT_3D('',#293,#294,#295);
#293 = CARTESIAN_POINT('',(2.54,-0.35,1.15));
#294 = DIRECTION('',(-0.,1.,2.22044604925E-16));
#295 = DIRECTION('',(1.,0.,0.));
#296 = ORIENTED_EDGE('',*,*,#297,.F.);
#297 = EDGE_CURVE('',#298,#289,#300,.T.);
#298 = VERTEX_POINT('',#299);
#299 = CARTESIAN_POINT('',(2.19,-0.35,0.));
#300 = LINE('',#301,#302);
#301 = CARTESIAN_POINT('',(2.19,-0.35,-6.));
#302 = VECTOR('',#303,1.);
#303 = DIRECTION('',(0.,0.,1.));
#304 = ORIENTED_EDGE('',*,*,#305,.F.);
#305 = EDGE_CURVE('',#306,#298,#308,.T.);
#306 = VERTEX_POINT('',#307);
#307 = CARTESIAN_POINT('',(0.35,-0.35,0.));
#308 = LINE('',#309,#310);
#309 = CARTESIAN_POINT('',(-1.57,-0.35,0.));
#310 = VECTOR('',#311,1.);
#311 = DIRECTION('',(1.,0.,0.));
#312 = ORIENTED_EDGE('',*,*,#313,.T.);
#313 = EDGE_CURVE('',#306,#314,#316,.T.);
#314 = VERTEX_POINT('',#315);
#315 = CARTESIAN_POINT('',(0.35,-0.35,0.66266028276));
#316 = LINE('',#317,#318);
#317 = CARTESIAN_POINT('',(0.35,-0.35,-6.));
#318 = VECTOR('',#319,1.);
#319 = DIRECTION('',(0.,0.,1.));
#320 = ORIENTED_EDGE('',*,*,#321,.F.);
#321 = EDGE_CURVE('',#322,#314,#324,.T.);
#322 = VERTEX_POINT('',#323);
#323 = CARTESIAN_POINT('',(0.6,-0.35,1.15));
#324 = CIRCLE('',#325,0.6);
#325 = AXIS2_PLACEMENT_3D('',#326,#327,#328);
#326 = CARTESIAN_POINT('',(0.,-0.35,1.15));
#327 = DIRECTION('',(-0.,1.,2.22044604925E-16));
#328 = DIRECTION('',(1.,0.,0.));
#329 = ORIENTED_EDGE('',*,*,#330,.F.);
#330 = EDGE_CURVE('',#331,#322,#333,.T.);
#331 = VERTEX_POINT('',#332);
#332 = CARTESIAN_POINT('',(-0.35,-0.35,0.66266028276));
#333 = CIRCLE('',#334,0.6);
#334 = AXIS2_PLACEMENT_3D('',#335,#336,#337);
#335 = CARTESIAN_POINT('',(0.,-0.35,1.15));
#336 = DIRECTION('',(-0.,1.,2.22044604925E-16));
#337 = DIRECTION('',(1.,0.,0.));
#338 = ORIENTED_EDGE('',*,*,#339,.F.);
#339 = EDGE_CURVE('',#64,#331,#340,.T.);
#340 = LINE('',#341,#342);
#341 = CARTESIAN_POINT('',(-0.35,-0.35,-6.));
#342 = VECTOR('',#343,1.);
#343 = DIRECTION('',(0.,0.,1.));
#344 = FACE_BOUND('',#345,.T.);
#345 = EDGE_LOOP('',(#346,#356,#364,#372));
#346 = ORIENTED_EDGE('',*,*,#347,.F.);
#347 = EDGE_CURVE('',#348,#350,#352,.T.);
#348 = VERTEX_POINT('',#349);
#349 = CARTESIAN_POINT('',(-5.E-02,-0.35,3.));
#350 = VERTEX_POINT('',#351);
#351 = CARTESIAN_POINT('',(0.15,-0.35,3.));
#352 = LINE('',#353,#354);
#353 = CARTESIAN_POINT('',(-0.81,-0.35,3.));
#354 = VECTOR('',#355,1.);
#355 = DIRECTION('',(1.,0.,0.));
#356 = ORIENTED_EDGE('',*,*,#357,.T.);
#357 = EDGE_CURVE('',#348,#358,#360,.T.);
#358 = VERTEX_POINT('',#359);
#359 = CARTESIAN_POINT('',(-5.E-02,-0.35,2.));
#360 = LINE('',#361,#362);
#361 = CARTESIAN_POINT('',(-5.E-02,-0.35,1.));
#362 = VECTOR('',#363,1.);
#363 = DIRECTION('',(0.,0.,-1.));
#364 = ORIENTED_EDGE('',*,*,#365,.T.);
#365 = EDGE_CURVE('',#358,#366,#368,.T.);
#366 = VERTEX_POINT('',#367);
#367 = CARTESIAN_POINT('',(0.15,-0.35,2.));
#368 = LINE('',#369,#370);
#369 = CARTESIAN_POINT('',(-0.81,-0.35,2.));
#370 = VECTOR('',#371,1.);
#371 = DIRECTION('',(1.,0.,0.));
#372 = ORIENTED_EDGE('',*,*,#373,.F.);
#373 = EDGE_CURVE('',#350,#366,#374,.T.);
#374 = LINE('',#375,#376);
#375 = CARTESIAN_POINT('',(0.15,-0.35,1.));
#376 = VECTOR('',#377,1.);
#377 = DIRECTION('',(0.,0.,-1.));
#378 = FACE_BOUND('',#379,.T.);
#379 = EDGE_LOOP('',(#380,#391,#399,#408,#416));
#380 = ORIENTED_EDGE('',*,*,#381,.F.);
#381 = EDGE_CURVE('',#382,#384,#386,.T.);
#382 = VERTEX_POINT('',#383);
#383 = CARTESIAN_POINT('',(7.2,-0.35,8.3));
#384 = VERTEX_POINT('',#385);
#385 = CARTESIAN_POINT('',(9.4,-0.35,6.1));
#386 = CIRCLE('',#387,2.2);
#387 = AXIS2_PLACEMENT_3D('',#388,#389,#390);
#388 = CARTESIAN_POINT('',(7.2,-0.35,6.1));
#389 = DIRECTION('',(-0.,1.,2.22044604925E-16));
#390 = DIRECTION('',(1.,0.,0.));
#391 = ORIENTED_EDGE('',*,*,#392,.F.);
#392 = EDGE_CURVE('',#393,#382,#395,.T.);
#393 = VERTEX_POINT('',#394);
#394 = CARTESIAN_POINT('',(0.8,-0.35,8.3));
#395 = LINE('',#396,#397);
#396 = CARTESIAN_POINT('',(0.8,-0.35,8.3));
#397 = VECTOR('',#398,1.);
#398 = DIRECTION('',(1.,0.,0.));
#399 = ORIENTED_EDGE('',*,*,#400,.F.);
#400 = EDGE_CURVE('',#401,#393,#403,.T.);
#401 = VERTEX_POINT('',#402);
#402 = CARTESIAN_POINT('',(0.8,-0.35,3.9));
#403 = CIRCLE('',#404,2.2);
#404 = AXIS2_PLACEMENT_3D('',#405,#406,#407);
#405 = CARTESIAN_POINT('',(0.8,-0.35,6.1));
#406 = DIRECTION('',(-0.,1.,2.22044604925E-16));
#407 = DIRECTION('',(1.,0.,0.));
#408 = ORIENTED_EDGE('',*,*,#409,.T.);
#409 = EDGE_CURVE('',#401,#410,#412,.T.);
#410 = VERTEX_POINT('',#411);
#411 = CARTESIAN_POINT('',(7.2,-0.35,3.9));
#412 = LINE('',#413,#414);
#413 = CARTESIAN_POINT('',(0.8,-0.35,3.9));
#414 = VECTOR('',#415,1.);
#415 = DIRECTION('',(1.,0.,0.));
#416 = ORIENTED_EDGE('',*,*,#417,.F.);
#417 = EDGE_CURVE('',#384,#410,#418,.T.);
#418 = CIRCLE('',#419,2.2);
#419 = AXIS2_PLACEMENT_3D('',#420,#421,#422);
#420 = CARTESIAN_POINT('',(7.2,-0.35,6.1));
#421 = DIRECTION('',(-0.,1.,2.22044604925E-16));
#422 = DIRECTION('',(1.,0.,0.));
#423 = FACE_BOUND('',#424,.T.);
#424 = EDGE_LOOP('',(#425,#426,#434,#442,#450,#458,#466,#474,#482,#490,
    #498,#506,#514,#522,#530,#538,#546,#554,#562,#570,#578,#586,#594,
    #602,#610,#618,#626,#634,#642,#650,#658,#666,#674,#682,#690,#698,
    #706,#714,#722,#730,#738,#746,#754,#762,#770,#778,#786,#794,#802,
    #810,#818,#826,#834,#842,#850,#858,#866,#874,#882,#890,#898,#906,
    #914,#922,#930,#938,#946,#954));
#425 = ORIENTED_EDGE('',*,*,#21,.F.);
#426 = ORIENTED_EDGE('',*,*,#427,.T.);
#427 = EDGE_CURVE('',#22,#428,#430,.T.);
#428 = VERTEX_POINT('',#429);
#429 = CARTESIAN_POINT('',(21.94,-0.35,1.5));
#430 = LINE('',#431,#432);
#431 = CARTESIAN_POINT('',(21.54,-0.35,1.5));
#432 = VECTOR('',#433,1.);
#433 = DIRECTION('',(1.,0.,0.));
#434 = ORIENTED_EDGE('',*,*,#435,.T.);
#435 = EDGE_CURVE('',#428,#436,#438,.T.);
#436 = VERTEX_POINT('',#437);
#437 = CARTESIAN_POINT('',(21.94,-0.35,2.5));
#438 = LINE('',#439,#440);
#439 = CARTESIAN_POINT('',(21.94,-0.35,1.5));
#440 = VECTOR('',#441,1.);
#441 = DIRECTION('',(0.,0.,1.));
#442 = ORIENTED_EDGE('',*,*,#443,.T.);
#443 = EDGE_CURVE('',#436,#444,#446,.T.);
#444 = VERTEX_POINT('',#445);
#445 = CARTESIAN_POINT('',(22.3,-0.35,2.5));
#446 = LINE('',#447,#448);
#447 = CARTESIAN_POINT('',(12.3,-0.35,2.5));
#448 = VECTOR('',#449,1.);
#449 = DIRECTION('',(1.,0.,0.));
#450 = ORIENTED_EDGE('',*,*,#451,.T.);
#451 = EDGE_CURVE('',#444,#452,#454,.T.);
#452 = VERTEX_POINT('',#453);
#453 = CARTESIAN_POINT('',(22.3,-0.35,6.3));
#454 = LINE('',#455,#456);
#455 = CARTESIAN_POINT('',(22.3,-0.35,2.5));
#456 = VECTOR('',#457,1.);
#457 = DIRECTION('',(0.,0.,1.));
#458 = ORIENTED_EDGE('',*,*,#459,.F.);
#459 = EDGE_CURVE('',#460,#452,#462,.T.);
#460 = VERTEX_POINT('',#461);
#461 = CARTESIAN_POINT('',(21.94,-0.35,6.3));
#462 = LINE('',#463,#464);
#463 = CARTESIAN_POINT('',(12.3,-0.35,6.3));
#464 = VECTOR('',#465,1.);
#465 = DIRECTION('',(1.,0.,0.));
#466 = ORIENTED_EDGE('',*,*,#467,.T.);
#467 = EDGE_CURVE('',#460,#468,#470,.T.);
#468 = VERTEX_POINT('',#469);
#469 = CARTESIAN_POINT('',(21.94,-0.35,7.3));
#470 = LINE('',#471,#472);
#471 = CARTESIAN_POINT('',(21.94,-0.35,1.5));
#472 = VECTOR('',#473,1.);
#473 = DIRECTION('',(0.,0.,1.));
#474 = ORIENTED_EDGE('',*,*,#475,.F.);
#475 = EDGE_CURVE('',#476,#468,#478,.T.);
#476 = VERTEX_POINT('',#477);
#477 = CARTESIAN_POINT('',(21.54,-0.35,7.3));
#478 = LINE('',#479,#480);
#479 = CARTESIAN_POINT('',(21.54,-0.35,7.3));
#480 = VECTOR('',#481,1.);
#481 = DIRECTION('',(1.,0.,0.));
#482 = ORIENTED_EDGE('',*,*,#483,.F.);
#483 = EDGE_CURVE('',#484,#476,#486,.T.);
#484 = VERTEX_POINT('',#485);
#485 = CARTESIAN_POINT('',(21.54,-0.35,6.3));
#486 = LINE('',#487,#488);
#487 = CARTESIAN_POINT('',(21.54,-0.35,1.5));
#488 = VECTOR('',#489,1.);
#489 = DIRECTION('',(0.,0.,1.));
#490 = ORIENTED_EDGE('',*,*,#491,.F.);
#491 = EDGE_CURVE('',#492,#484,#494,.T.);
#492 = VERTEX_POINT('',#493);
#493 = CARTESIAN_POINT('',(20.67,-0.35,6.3));
#494 = LINE('',#495,#496);
#495 = CARTESIAN_POINT('',(12.3,-0.35,6.3));
#496 = VECTOR('',#497,1.);
#497 = DIRECTION('',(1.,0.,0.));
#498 = ORIENTED_EDGE('',*,*,#499,.T.);
#499 = EDGE_CURVE('',#492,#500,#502,.T.);
#500 = VERTEX_POINT('',#501);
#501 = CARTESIAN_POINT('',(20.67,-0.35,7.3));
#502 = LINE('',#503,#504);
#503 = CARTESIAN_POINT('',(20.67,-0.35,1.5));
#504 = VECTOR('',#505,1.);
#505 = DIRECTION('',(0.,0.,1.));
#506 = ORIENTED_EDGE('',*,*,#507,.F.);
#507 = EDGE_CURVE('',#508,#500,#510,.T.);
#508 = VERTEX_POINT('',#509);
#509 = CARTESIAN_POINT('',(20.27,-0.35,7.3));
#510 = LINE('',#511,#512);
#511 = CARTESIAN_POINT('',(20.27,-0.35,7.3));
#512 = VECTOR('',#513,1.);
#513 = DIRECTION('',(1.,0.,0.));
#514 = ORIENTED_EDGE('',*,*,#515,.F.);
#515 = EDGE_CURVE('',#516,#508,#518,.T.);
#516 = VERTEX_POINT('',#517);
#517 = CARTESIAN_POINT('',(20.27,-0.35,6.3));
#518 = LINE('',#519,#520);
#519 = CARTESIAN_POINT('',(20.27,-0.35,1.5));
#520 = VECTOR('',#521,1.);
#521 = DIRECTION('',(0.,0.,1.));
#522 = ORIENTED_EDGE('',*,*,#523,.F.);
#523 = EDGE_CURVE('',#524,#516,#526,.T.);
#524 = VERTEX_POINT('',#525);
#525 = CARTESIAN_POINT('',(19.4,-0.35,6.3));
#526 = LINE('',#527,#528);
#527 = CARTESIAN_POINT('',(12.3,-0.35,6.3));
#528 = VECTOR('',#529,1.);
#529 = DIRECTION('',(1.,0.,0.));
#530 = ORIENTED_EDGE('',*,*,#531,.T.);
#531 = EDGE_CURVE('',#524,#532,#534,.T.);
#532 = VERTEX_POINT('',#533);
#533 = CARTESIAN_POINT('',(19.4,-0.35,7.3));
#534 = LINE('',#535,#536);
#535 = CARTESIAN_POINT('',(19.4,-0.35,1.5));
#536 = VECTOR('',#537,1.);
#537 = DIRECTION('',(0.,0.,1.));
#538 = ORIENTED_EDGE('',*,*,#539,.F.);
#539 = EDGE_CURVE('',#540,#532,#542,.T.);
#540 = VERTEX_POINT('',#541);
#541 = CARTESIAN_POINT('',(19.,-0.35,7.3));
#542 = LINE('',#543,#544);
#543 = CARTESIAN_POINT('',(19.,-0.35,7.3));
#544 = VECTOR('',#545,1.);
#545 = DIRECTION('',(1.,0.,0.));
#546 = ORIENTED_EDGE('',*,*,#547,.F.);
#547 = EDGE_CURVE('',#548,#540,#550,.T.);
#548 = VERTEX_POINT('',#549);
#549 = CARTESIAN_POINT('',(19.,-0.35,6.3));
#550 = LINE('',#551,#552);
#551 = CARTESIAN_POINT('',(19.,-0.35,1.5));
#552 = VECTOR('',#553,1.);
#553 = DIRECTION('',(0.,0.,1.));
#554 = ORIENTED_EDGE('',*,*,#555,.F.);
#555 = EDGE_CURVE('',#556,#548,#558,.T.);
#556 = VERTEX_POINT('',#557);
#557 = CARTESIAN_POINT('',(18.13,-0.35,6.3));
#558 = LINE('',#559,#560);
#559 = CARTESIAN_POINT('',(12.3,-0.35,6.3));
#560 = VECTOR('',#561,1.);
#561 = DIRECTION('',(1.,0.,0.));
#562 = ORIENTED_EDGE('',*,*,#563,.T.);
#563 = EDGE_CURVE('',#556,#564,#566,.T.);
#564 = VERTEX_POINT('',#565);
#565 = CARTESIAN_POINT('',(18.13,-0.35,7.3));
#566 = LINE('',#567,#568);
#567 = CARTESIAN_POINT('',(18.13,-0.35,1.5));
#568 = VECTOR('',#569,1.);
#569 = DIRECTION('',(0.,0.,1.));
#570 = ORIENTED_EDGE('',*,*,#571,.F.);
#571 = EDGE_CURVE('',#572,#564,#574,.T.);
#572 = VERTEX_POINT('',#573);
#573 = CARTESIAN_POINT('',(17.73,-0.35,7.3));
#574 = LINE('',#575,#576);
#575 = CARTESIAN_POINT('',(17.73,-0.35,7.3));
#576 = VECTOR('',#577,1.);
#577 = DIRECTION('',(1.,0.,0.));
#578 = ORIENTED_EDGE('',*,*,#579,.F.);
#579 = EDGE_CURVE('',#580,#572,#582,.T.);
#580 = VERTEX_POINT('',#581);
#581 = CARTESIAN_POINT('',(17.73,-0.35,6.3));
#582 = LINE('',#583,#584);
#583 = CARTESIAN_POINT('',(17.73,-0.35,1.5));
#584 = VECTOR('',#585,1.);
#585 = DIRECTION('',(0.,0.,1.));
#586 = ORIENTED_EDGE('',*,*,#587,.F.);
#587 = EDGE_CURVE('',#588,#580,#590,.T.);
#588 = VERTEX_POINT('',#589);
#589 = CARTESIAN_POINT('',(16.86,-0.35,6.3));
#590 = LINE('',#591,#592);
#591 = CARTESIAN_POINT('',(12.3,-0.35,6.3));
#592 = VECTOR('',#593,1.);
#593 = DIRECTION('',(1.,0.,0.));
#594 = ORIENTED_EDGE('',*,*,#595,.T.);
#595 = EDGE_CURVE('',#588,#596,#598,.T.);
#596 = VERTEX_POINT('',#597);
#597 = CARTESIAN_POINT('',(16.86,-0.35,7.3));
#598 = LINE('',#599,#600);
#599 = CARTESIAN_POINT('',(16.86,-0.35,1.5));
#600 = VECTOR('',#601,1.);
#601 = DIRECTION('',(0.,0.,1.));
#602 = ORIENTED_EDGE('',*,*,#603,.F.);
#603 = EDGE_CURVE('',#604,#596,#606,.T.);
#604 = VERTEX_POINT('',#605);
#605 = CARTESIAN_POINT('',(16.46,-0.35,7.3));
#606 = LINE('',#607,#608);
#607 = CARTESIAN_POINT('',(16.46,-0.35,7.3));
#608 = VECTOR('',#609,1.);
#609 = DIRECTION('',(1.,0.,0.));
#610 = ORIENTED_EDGE('',*,*,#611,.F.);
#611 = EDGE_CURVE('',#612,#604,#614,.T.);
#612 = VERTEX_POINT('',#613);
#613 = CARTESIAN_POINT('',(16.46,-0.35,6.3));
#614 = LINE('',#615,#616);
#615 = CARTESIAN_POINT('',(16.46,-0.35,1.5));
#616 = VECTOR('',#617,1.);
#617 = DIRECTION('',(0.,0.,1.));
#618 = ORIENTED_EDGE('',*,*,#619,.F.);
#619 = EDGE_CURVE('',#620,#612,#622,.T.);
#620 = VERTEX_POINT('',#621);
#621 = CARTESIAN_POINT('',(15.59,-0.35,6.3));
#622 = LINE('',#623,#624);
#623 = CARTESIAN_POINT('',(12.3,-0.35,6.3));
#624 = VECTOR('',#625,1.);
#625 = DIRECTION('',(1.,0.,0.));
#626 = ORIENTED_EDGE('',*,*,#627,.T.);
#627 = EDGE_CURVE('',#620,#628,#630,.T.);
#628 = VERTEX_POINT('',#629);
#629 = CARTESIAN_POINT('',(15.59,-0.35,7.3));
#630 = LINE('',#631,#632);
#631 = CARTESIAN_POINT('',(15.59,-0.35,1.5));
#632 = VECTOR('',#633,1.);
#633 = DIRECTION('',(0.,0.,1.));
#634 = ORIENTED_EDGE('',*,*,#635,.F.);
#635 = EDGE_CURVE('',#636,#628,#638,.T.);
#636 = VERTEX_POINT('',#637);
#637 = CARTESIAN_POINT('',(15.19,-0.35,7.3));
#638 = LINE('',#639,#640);
#639 = CARTESIAN_POINT('',(15.19,-0.35,7.3));
#640 = VECTOR('',#641,1.);
#641 = DIRECTION('',(1.,0.,0.));
#642 = ORIENTED_EDGE('',*,*,#643,.F.);
#643 = EDGE_CURVE('',#644,#636,#646,.T.);
#644 = VERTEX_POINT('',#645);
#645 = CARTESIAN_POINT('',(15.19,-0.35,6.3));
#646 = LINE('',#647,#648);
#647 = CARTESIAN_POINT('',(15.19,-0.35,1.5));
#648 = VECTOR('',#649,1.);
#649 = DIRECTION('',(0.,0.,1.));
#650 = ORIENTED_EDGE('',*,*,#651,.F.);
#651 = EDGE_CURVE('',#652,#644,#654,.T.);
#652 = VERTEX_POINT('',#653);
#653 = CARTESIAN_POINT('',(14.32,-0.35,6.3));
#654 = LINE('',#655,#656);
#655 = CARTESIAN_POINT('',(12.3,-0.35,6.3));
#656 = VECTOR('',#657,1.);
#657 = DIRECTION('',(1.,0.,0.));
#658 = ORIENTED_EDGE('',*,*,#659,.T.);
#659 = EDGE_CURVE('',#652,#660,#662,.T.);
#660 = VERTEX_POINT('',#661);
#661 = CARTESIAN_POINT('',(14.32,-0.35,7.3));
#662 = LINE('',#663,#664);
#663 = CARTESIAN_POINT('',(14.32,-0.35,1.5));
#664 = VECTOR('',#665,1.);
#665 = DIRECTION('',(0.,0.,1.));
#666 = ORIENTED_EDGE('',*,*,#667,.F.);
#667 = EDGE_CURVE('',#668,#660,#670,.T.);
#668 = VERTEX_POINT('',#669);
#669 = CARTESIAN_POINT('',(13.92,-0.35,7.3));
#670 = LINE('',#671,#672);
#671 = CARTESIAN_POINT('',(13.92,-0.35,7.3));
#672 = VECTOR('',#673,1.);
#673 = DIRECTION('',(1.,0.,0.));
#674 = ORIENTED_EDGE('',*,*,#675,.F.);
#675 = EDGE_CURVE('',#676,#668,#678,.T.);
#676 = VERTEX_POINT('',#677);
#677 = CARTESIAN_POINT('',(13.92,-0.35,6.3));
#678 = LINE('',#679,#680);
#679 = CARTESIAN_POINT('',(13.92,-0.35,1.5));
#680 = VECTOR('',#681,1.);
#681 = DIRECTION('',(0.,0.,1.));
#682 = ORIENTED_EDGE('',*,*,#683,.F.);
#683 = EDGE_CURVE('',#684,#676,#686,.T.);
#684 = VERTEX_POINT('',#685);
#685 = CARTESIAN_POINT('',(13.055,-0.35,6.3));
#686 = LINE('',#687,#688);
#687 = CARTESIAN_POINT('',(12.3,-0.35,6.3));
#688 = VECTOR('',#689,1.);
#689 = DIRECTION('',(1.,0.,0.));
#690 = ORIENTED_EDGE('',*,*,#691,.T.);
#691 = EDGE_CURVE('',#684,#692,#694,.T.);
#692 = VERTEX_POINT('',#693);
#693 = CARTESIAN_POINT('',(13.055,-0.35,7.3));
#694 = LINE('',#695,#696);
#695 = CARTESIAN_POINT('',(13.055,-0.35,1.5));
#696 = VECTOR('',#697,1.);
#697 = DIRECTION('',(0.,0.,1.));
#698 = ORIENTED_EDGE('',*,*,#699,.F.);
#699 = EDGE_CURVE('',#700,#692,#702,.T.);
#700 = VERTEX_POINT('',#701);
#701 = CARTESIAN_POINT('',(12.655,-0.35,7.3));
#702 = LINE('',#703,#704);
#703 = CARTESIAN_POINT('',(12.655,-0.35,7.3));
#704 = VECTOR('',#705,1.);
#705 = DIRECTION('',(1.,0.,0.));
#706 = ORIENTED_EDGE('',*,*,#707,.F.);
#707 = EDGE_CURVE('',#708,#700,#710,.T.);
#708 = VERTEX_POINT('',#709);
#709 = CARTESIAN_POINT('',(12.655,-0.35,6.3));
#710 = LINE('',#711,#712);
#711 = CARTESIAN_POINT('',(12.655,-0.35,1.5));
#712 = VECTOR('',#713,1.);
#713 = DIRECTION('',(0.,0.,1.));
#714 = ORIENTED_EDGE('',*,*,#715,.F.);
#715 = EDGE_CURVE('',#716,#708,#718,.T.);
#716 = VERTEX_POINT('',#717);
#717 = CARTESIAN_POINT('',(12.3,-0.35,6.3));
#718 = LINE('',#719,#720);
#719 = CARTESIAN_POINT('',(12.3,-0.35,6.3));
#720 = VECTOR('',#721,1.);
#721 = DIRECTION('',(1.,0.,0.));
#722 = ORIENTED_EDGE('',*,*,#723,.F.);
#723 = EDGE_CURVE('',#724,#716,#726,.T.);
#724 = VERTEX_POINT('',#725);
#725 = CARTESIAN_POINT('',(12.3,-0.35,2.5));
#726 = LINE('',#727,#728);
#727 = CARTESIAN_POINT('',(12.3,-0.35,2.5));
#728 = VECTOR('',#729,1.);
#729 = DIRECTION('',(0.,0.,1.));
#730 = ORIENTED_EDGE('',*,*,#731,.T.);
#731 = EDGE_CURVE('',#724,#732,#734,.T.);
#732 = VERTEX_POINT('',#733);
#733 = CARTESIAN_POINT('',(12.655,-0.35,2.5));
#734 = LINE('',#735,#736);
#735 = CARTESIAN_POINT('',(12.3,-0.35,2.5));
#736 = VECTOR('',#737,1.);
#737 = DIRECTION('',(1.,0.,0.));
#738 = ORIENTED_EDGE('',*,*,#739,.F.);
#739 = EDGE_CURVE('',#740,#732,#742,.T.);
#740 = VERTEX_POINT('',#741);
#741 = CARTESIAN_POINT('',(12.655,-0.35,1.5));
#742 = LINE('',#743,#744);
#743 = CARTESIAN_POINT('',(12.655,-0.35,1.5));
#744 = VECTOR('',#745,1.);
#745 = DIRECTION('',(0.,0.,1.));
#746 = ORIENTED_EDGE('',*,*,#747,.T.);
#747 = EDGE_CURVE('',#740,#748,#750,.T.);
#748 = VERTEX_POINT('',#749);
#749 = CARTESIAN_POINT('',(13.055,-0.35,1.5));
#750 = LINE('',#751,#752);
#751 = CARTESIAN_POINT('',(12.655,-0.35,1.5));
#752 = VECTOR('',#753,1.);
#753 = DIRECTION('',(1.,0.,0.));
#754 = ORIENTED_EDGE('',*,*,#755,.T.);
#755 = EDGE_CURVE('',#748,#756,#758,.T.);
#756 = VERTEX_POINT('',#757);
#757 = CARTESIAN_POINT('',(13.055,-0.35,2.5));
#758 = LINE('',#759,#760);
#759 = CARTESIAN_POINT('',(13.055,-0.35,1.5));
#760 = VECTOR('',#761,1.);
#761 = DIRECTION('',(0.,0.,1.));
#762 = ORIENTED_EDGE('',*,*,#763,.T.);
#763 = EDGE_CURVE('',#756,#764,#766,.T.);
#764 = VERTEX_POINT('',#765);
#765 = CARTESIAN_POINT('',(13.92,-0.35,2.5));
#766 = LINE('',#767,#768);
#767 = CARTESIAN_POINT('',(12.3,-0.35,2.5));
#768 = VECTOR('',#769,1.);
#769 = DIRECTION('',(1.,0.,0.));
#770 = ORIENTED_EDGE('',*,*,#771,.F.);
#771 = EDGE_CURVE('',#772,#764,#774,.T.);
#772 = VERTEX_POINT('',#773);
#773 = CARTESIAN_POINT('',(13.92,-0.35,1.5));
#774 = LINE('',#775,#776);
#775 = CARTESIAN_POINT('',(13.92,-0.35,1.5));
#776 = VECTOR('',#777,1.);
#777 = DIRECTION('',(0.,0.,1.));
#778 = ORIENTED_EDGE('',*,*,#779,.T.);
#779 = EDGE_CURVE('',#772,#780,#782,.T.);
#780 = VERTEX_POINT('',#781);
#781 = CARTESIAN_POINT('',(14.32,-0.35,1.5));
#782 = LINE('',#783,#784);
#783 = CARTESIAN_POINT('',(13.92,-0.35,1.5));
#784 = VECTOR('',#785,1.);
#785 = DIRECTION('',(1.,0.,0.));
#786 = ORIENTED_EDGE('',*,*,#787,.T.);
#787 = EDGE_CURVE('',#780,#788,#790,.T.);
#788 = VERTEX_POINT('',#789);
#789 = CARTESIAN_POINT('',(14.32,-0.35,2.5));
#790 = LINE('',#791,#792);
#791 = CARTESIAN_POINT('',(14.32,-0.35,1.5));
#792 = VECTOR('',#793,1.);
#793 = DIRECTION('',(0.,0.,1.));
#794 = ORIENTED_EDGE('',*,*,#795,.T.);
#795 = EDGE_CURVE('',#788,#796,#798,.T.);
#796 = VERTEX_POINT('',#797);
#797 = CARTESIAN_POINT('',(15.19,-0.35,2.5));
#798 = LINE('',#799,#800);
#799 = CARTESIAN_POINT('',(12.3,-0.35,2.5));
#800 = VECTOR('',#801,1.);
#801 = DIRECTION('',(1.,0.,0.));
#802 = ORIENTED_EDGE('',*,*,#803,.F.);
#803 = EDGE_CURVE('',#804,#796,#806,.T.);
#804 = VERTEX_POINT('',#805);
#805 = CARTESIAN_POINT('',(15.19,-0.35,1.5));
#806 = LINE('',#807,#808);
#807 = CARTESIAN_POINT('',(15.19,-0.35,1.5));
#808 = VECTOR('',#809,1.);
#809 = DIRECTION('',(0.,0.,1.));
#810 = ORIENTED_EDGE('',*,*,#811,.T.);
#811 = EDGE_CURVE('',#804,#812,#814,.T.);
#812 = VERTEX_POINT('',#813);
#813 = CARTESIAN_POINT('',(15.59,-0.35,1.5));
#814 = LINE('',#815,#816);
#815 = CARTESIAN_POINT('',(15.19,-0.35,1.5));
#816 = VECTOR('',#817,1.);
#817 = DIRECTION('',(1.,0.,0.));
#818 = ORIENTED_EDGE('',*,*,#819,.T.);
#819 = EDGE_CURVE('',#812,#820,#822,.T.);
#820 = VERTEX_POINT('',#821);
#821 = CARTESIAN_POINT('',(15.59,-0.35,2.5));
#822 = LINE('',#823,#824);
#823 = CARTESIAN_POINT('',(15.59,-0.35,1.5));
#824 = VECTOR('',#825,1.);
#825 = DIRECTION('',(0.,0.,1.));
#826 = ORIENTED_EDGE('',*,*,#827,.T.);
#827 = EDGE_CURVE('',#820,#828,#830,.T.);
#828 = VERTEX_POINT('',#829);
#829 = CARTESIAN_POINT('',(16.46,-0.35,2.5));
#830 = LINE('',#831,#832);
#831 = CARTESIAN_POINT('',(12.3,-0.35,2.5));
#832 = VECTOR('',#833,1.);
#833 = DIRECTION('',(1.,0.,0.));
#834 = ORIENTED_EDGE('',*,*,#835,.F.);
#835 = EDGE_CURVE('',#836,#828,#838,.T.);
#836 = VERTEX_POINT('',#837);
#837 = CARTESIAN_POINT('',(16.46,-0.35,1.5));
#838 = LINE('',#839,#840);
#839 = CARTESIAN_POINT('',(16.46,-0.35,1.5));
#840 = VECTOR('',#841,1.);
#841 = DIRECTION('',(0.,0.,1.));
#842 = ORIENTED_EDGE('',*,*,#843,.T.);
#843 = EDGE_CURVE('',#836,#844,#846,.T.);
#844 = VERTEX_POINT('',#845);
#845 = CARTESIAN_POINT('',(16.86,-0.35,1.5));
#846 = LINE('',#847,#848);
#847 = CARTESIAN_POINT('',(16.46,-0.35,1.5));
#848 = VECTOR('',#849,1.);
#849 = DIRECTION('',(1.,0.,0.));
#850 = ORIENTED_EDGE('',*,*,#851,.T.);
#851 = EDGE_CURVE('',#844,#852,#854,.T.);
#852 = VERTEX_POINT('',#853);
#853 = CARTESIAN_POINT('',(16.86,-0.35,2.5));
#854 = LINE('',#855,#856);
#855 = CARTESIAN_POINT('',(16.86,-0.35,1.5));
#856 = VECTOR('',#857,1.);
#857 = DIRECTION('',(0.,0.,1.));
#858 = ORIENTED_EDGE('',*,*,#859,.T.);
#859 = EDGE_CURVE('',#852,#860,#862,.T.);
#860 = VERTEX_POINT('',#861);
#861 = CARTESIAN_POINT('',(17.73,-0.35,2.5));
#862 = LINE('',#863,#864);
#863 = CARTESIAN_POINT('',(12.3,-0.35,2.5));
#864 = VECTOR('',#865,1.);
#865 = DIRECTION('',(1.,0.,0.));
#866 = ORIENTED_EDGE('',*,*,#867,.F.);
#867 = EDGE_CURVE('',#868,#860,#870,.T.);
#868 = VERTEX_POINT('',#869);
#869 = CARTESIAN_POINT('',(17.73,-0.35,1.5));
#870 = LINE('',#871,#872);
#871 = CARTESIAN_POINT('',(17.73,-0.35,1.5));
#872 = VECTOR('',#873,1.);
#873 = DIRECTION('',(0.,0.,1.));
#874 = ORIENTED_EDGE('',*,*,#875,.T.);
#875 = EDGE_CURVE('',#868,#876,#878,.T.);
#876 = VERTEX_POINT('',#877);
#877 = CARTESIAN_POINT('',(18.13,-0.35,1.5));
#878 = LINE('',#879,#880);
#879 = CARTESIAN_POINT('',(17.73,-0.35,1.5));
#880 = VECTOR('',#881,1.);
#881 = DIRECTION('',(1.,0.,0.));
#882 = ORIENTED_EDGE('',*,*,#883,.T.);
#883 = EDGE_CURVE('',#876,#884,#886,.T.);
#884 = VERTEX_POINT('',#885);
#885 = CARTESIAN_POINT('',(18.13,-0.35,2.5));
#886 = LINE('',#887,#888);
#887 = CARTESIAN_POINT('',(18.13,-0.35,1.5));
#888 = VECTOR('',#889,1.);
#889 = DIRECTION('',(0.,0.,1.));
#890 = ORIENTED_EDGE('',*,*,#891,.T.);
#891 = EDGE_CURVE('',#884,#892,#894,.T.);
#892 = VERTEX_POINT('',#893);
#893 = CARTESIAN_POINT('',(19.,-0.35,2.5));
#894 = LINE('',#895,#896);
#895 = CARTESIAN_POINT('',(12.3,-0.35,2.5));
#896 = VECTOR('',#897,1.);
#897 = DIRECTION('',(1.,0.,0.));
#898 = ORIENTED_EDGE('',*,*,#899,.F.);
#899 = EDGE_CURVE('',#900,#892,#902,.T.);
#900 = VERTEX_POINT('',#901);
#901 = CARTESIAN_POINT('',(19.,-0.35,1.5));
#902 = LINE('',#903,#904);
#903 = CARTESIAN_POINT('',(19.,-0.35,1.5));
#904 = VECTOR('',#905,1.);
#905 = DIRECTION('',(0.,0.,1.));
#906 = ORIENTED_EDGE('',*,*,#907,.T.);
#907 = EDGE_CURVE('',#900,#908,#910,.T.);
#908 = VERTEX_POINT('',#909);
#909 = CARTESIAN_POINT('',(19.4,-0.35,1.5));
#910 = LINE('',#911,#912);
#911 = CARTESIAN_POINT('',(19.,-0.35,1.5));
#912 = VECTOR('',#913,1.);
#913 = DIRECTION('',(1.,0.,0.));
#914 = ORIENTED_EDGE('',*,*,#915,.T.);
#915 = EDGE_CURVE('',#908,#916,#918,.T.);
#916 = VERTEX_POINT('',#917);
#917 = CARTESIAN_POINT('',(19.4,-0.35,2.5));
#918 = LINE('',#919,#920);
#919 = CARTESIAN_POINT('',(19.4,-0.35,1.5));
#920 = VECTOR('',#921,1.);
#921 = DIRECTION('',(0.,0.,1.));
#922 = ORIENTED_EDGE('',*,*,#923,.T.);
#923 = EDGE_CURVE('',#916,#924,#926,.T.);
#924 = VERTEX_POINT('',#925);
#925 = CARTESIAN_POINT('',(20.27,-0.35,2.5));
#926 = LINE('',#927,#928);
#927 = CARTESIAN_POINT('',(12.3,-0.35,2.5));
#928 = VECTOR('',#929,1.);
#929 = DIRECTION('',(1.,0.,0.));
#930 = ORIENTED_EDGE('',*,*,#931,.F.);
#931 = EDGE_CURVE('',#932,#924,#934,.T.);
#932 = VERTEX_POINT('',#933);
#933 = CARTESIAN_POINT('',(20.27,-0.35,1.5));
#934 = LINE('',#935,#936);
#935 = CARTESIAN_POINT('',(20.27,-0.35,1.5));
#936 = VECTOR('',#937,1.);
#937 = DIRECTION('',(0.,0.,1.));
#938 = ORIENTED_EDGE('',*,*,#939,.T.);
#939 = EDGE_CURVE('',#932,#940,#942,.T.);
#940 = VERTEX_POINT('',#941);
#941 = CARTESIAN_POINT('',(20.67,-0.35,1.5));
#942 = LINE('',#943,#944);
#943 = CARTESIAN_POINT('',(20.27,-0.35,1.5));
#944 = VECTOR('',#945,1.);
#945 = DIRECTION('',(1.,0.,0.));
#946 = ORIENTED_EDGE('',*,*,#947,.T.);
#947 = EDGE_CURVE('',#940,#948,#950,.T.);
#948 = VERTEX_POINT('',#949);
#949 = CARTESIAN_POINT('',(20.67,-0.35,2.5));
#950 = LINE('',#951,#952);
#951 = CARTESIAN_POINT('',(20.67,-0.35,1.5));
#952 = VECTOR('',#953,1.);
#953 = DIRECTION('',(0.,0.,1.));
#954 = ORIENTED_EDGE('',*,*,#955,.T.);
#955 = EDGE_CURVE('',#948,#24,#956,.T.);
#956 = LINE('',#957,#958);
#957 = CARTESIAN_POINT('',(12.3,-0.35,2.5));
#958 = VECTOR('',#959,1.);
#959 = DIRECTION('',(1.,0.,0.));
#960 = PLANE('',#961);
#961 = AXIS2_PLACEMENT_3D('',#962,#963,#964);
#962 = CARTESIAN_POINT('',(-1.57,-0.35,0.));
#963 = DIRECTION('',(0.,1.,0.));
#964 = DIRECTION('',(0.,0.,1.));
#965 = ADVANCED_FACE('',(#966),#1168,.F.);
#966 = FACE_BOUND('',#967,.F.);
#967 = EDGE_LOOP('',(#968,#978,#984,#985,#993,#1001,#1007,#1008,#1016,
    #1024,#1030,#1031,#1039,#1047,#1053,#1054,#1062,#1070,#1076,#1077,
    #1085,#1093,#1099,#1100,#1108,#1116,#1122,#1123,#1131,#1139,#1145,
    #1146,#1147,#1155,#1161,#1162));
#968 = ORIENTED_EDGE('',*,*,#969,.F.);
#969 = EDGE_CURVE('',#970,#972,#974,.T.);
#970 = VERTEX_POINT('',#971);
#971 = CARTESIAN_POINT('',(12.3,1.15,2.5));
#972 = VERTEX_POINT('',#973);
#973 = CARTESIAN_POINT('',(22.3,1.15,2.5));
#974 = LINE('',#975,#976);
#975 = CARTESIAN_POINT('',(12.3,1.15,2.5));
#976 = VECTOR('',#977,1.);
#977 = DIRECTION('',(1.,0.,0.));
#978 = ORIENTED_EDGE('',*,*,#979,.F.);
#979 = EDGE_CURVE('',#724,#970,#980,.T.);
#980 = LINE('',#981,#982);
#981 = CARTESIAN_POINT('',(12.3,-0.35,2.5));
#982 = VECTOR('',#983,1.);
#983 = DIRECTION('',(0.,1.,0.));
#984 = ORIENTED_EDGE('',*,*,#731,.T.);
#985 = ORIENTED_EDGE('',*,*,#986,.T.);
#986 = EDGE_CURVE('',#732,#987,#989,.T.);
#987 = VERTEX_POINT('',#988);
#988 = CARTESIAN_POINT('',(12.655,-5.E-02,2.5));
#989 = LINE('',#990,#991);
#990 = CARTESIAN_POINT('',(12.655,-0.35,2.5));
#991 = VECTOR('',#992,1.);
#992 = DIRECTION('',(0.,1.,0.));
#993 = ORIENTED_EDGE('',*,*,#994,.F.);
#994 = EDGE_CURVE('',#995,#987,#997,.T.);
#995 = VERTEX_POINT('',#996);
#996 = CARTESIAN_POINT('',(13.055,-5.E-02,2.5));
#997 = LINE('',#998,#999);
#998 = CARTESIAN_POINT('',(12.4775,-5.E-02,2.5));
#999 = VECTOR('',#1000,1.);
#1000 = DIRECTION('',(-1.,0.,0.));
#1001 = ORIENTED_EDGE('',*,*,#1002,.F.);
#1002 = EDGE_CURVE('',#756,#995,#1003,.T.);
#1003 = LINE('',#1004,#1005);
#1004 = CARTESIAN_POINT('',(13.055,-0.35,2.5));
#1005 = VECTOR('',#1006,1.);
#1006 = DIRECTION('',(0.,1.,0.));
#1007 = ORIENTED_EDGE('',*,*,#763,.T.);
#1008 = ORIENTED_EDGE('',*,*,#1009,.T.);
#1009 = EDGE_CURVE('',#764,#1010,#1012,.T.);
#1010 = VERTEX_POINT('',#1011);
#1011 = CARTESIAN_POINT('',(13.92,-5.E-02,2.5));
#1012 = LINE('',#1013,#1014);
#1013 = CARTESIAN_POINT('',(13.92,-0.35,2.5));
#1014 = VECTOR('',#1015,1.);
#1015 = DIRECTION('',(0.,1.,0.));
#1016 = ORIENTED_EDGE('',*,*,#1017,.F.);
#1017 = EDGE_CURVE('',#1018,#1010,#1020,.T.);
#1018 = VERTEX_POINT('',#1019);
#1019 = CARTESIAN_POINT('',(14.32,-5.E-02,2.5));
#1020 = LINE('',#1021,#1022);
#1021 = CARTESIAN_POINT('',(13.11,-5.E-02,2.5));
#1022 = VECTOR('',#1023,1.);
#1023 = DIRECTION('',(-1.,0.,0.));
#1024 = ORIENTED_EDGE('',*,*,#1025,.F.);
#1025 = EDGE_CURVE('',#788,#1018,#1026,.T.);
#1026 = LINE('',#1027,#1028);
#1027 = CARTESIAN_POINT('',(14.32,-0.35,2.5));
#1028 = VECTOR('',#1029,1.);
#1029 = DIRECTION('',(0.,1.,0.));
#1030 = ORIENTED_EDGE('',*,*,#795,.T.);
#1031 = ORIENTED_EDGE('',*,*,#1032,.T.);
#1032 = EDGE_CURVE('',#796,#1033,#1035,.T.);
#1033 = VERTEX_POINT('',#1034);
#1034 = CARTESIAN_POINT('',(15.19,-5.E-02,2.5));
#1035 = LINE('',#1036,#1037);
#1036 = CARTESIAN_POINT('',(15.19,-0.35,2.5));
#1037 = VECTOR('',#1038,1.);
#1038 = DIRECTION('',(0.,1.,0.));
#1039 = ORIENTED_EDGE('',*,*,#1040,.F.);
#1040 = EDGE_CURVE('',#1041,#1033,#1043,.T.);
#1041 = VERTEX_POINT('',#1042);
#1042 = CARTESIAN_POINT('',(15.59,-5.E-02,2.5));
#1043 = LINE('',#1044,#1045);
#1044 = CARTESIAN_POINT('',(13.745,-5.E-02,2.5));
#1045 = VECTOR('',#1046,1.);
#1046 = DIRECTION('',(-1.,0.,0.));
#1047 = ORIENTED_EDGE('',*,*,#1048,.F.);
#1048 = EDGE_CURVE('',#820,#1041,#1049,.T.);
#1049 = LINE('',#1050,#1051);
#1050 = CARTESIAN_POINT('',(15.59,-0.35,2.5));
#1051 = VECTOR('',#1052,1.);
#1052 = DIRECTION('',(0.,1.,0.));
#1053 = ORIENTED_EDGE('',*,*,#827,.T.);
#1054 = ORIENTED_EDGE('',*,*,#1055,.T.);
#1055 = EDGE_CURVE('',#828,#1056,#1058,.T.);
#1056 = VERTEX_POINT('',#1057);
#1057 = CARTESIAN_POINT('',(16.46,-5.E-02,2.5));
#1058 = LINE('',#1059,#1060);
#1059 = CARTESIAN_POINT('',(16.46,-0.35,2.5));
#1060 = VECTOR('',#1061,1.);
#1061 = DIRECTION('',(0.,1.,0.));
#1062 = ORIENTED_EDGE('',*,*,#1063,.F.);
#1063 = EDGE_CURVE('',#1064,#1056,#1066,.T.);
#1064 = VERTEX_POINT('',#1065);
#1065 = CARTESIAN_POINT('',(16.86,-5.E-02,2.5));
#1066 = LINE('',#1067,#1068);
#1067 = CARTESIAN_POINT('',(14.38,-5.E-02,2.5));
#1068 = VECTOR('',#1069,1.);
#1069 = DIRECTION('',(-1.,0.,0.));
#1070 = ORIENTED_EDGE('',*,*,#1071,.F.);
#1071 = EDGE_CURVE('',#852,#1064,#1072,.T.);
#1072 = LINE('',#1073,#1074);
#1073 = CARTESIAN_POINT('',(16.86,-0.35,2.5));
#1074 = VECTOR('',#1075,1.);
#1075 = DIRECTION('',(0.,1.,0.));
#1076 = ORIENTED_EDGE('',*,*,#859,.T.);
#1077 = ORIENTED_EDGE('',*,*,#1078,.T.);
#1078 = EDGE_CURVE('',#860,#1079,#1081,.T.);
#1079 = VERTEX_POINT('',#1080);
#1080 = CARTESIAN_POINT('',(17.73,-5.E-02,2.5));
#1081 = LINE('',#1082,#1083);
#1082 = CARTESIAN_POINT('',(17.73,-0.35,2.5));
#1083 = VECTOR('',#1084,1.);
#1084 = DIRECTION('',(0.,1.,0.));
#1085 = ORIENTED_EDGE('',*,*,#1086,.F.);
#1086 = EDGE_CURVE('',#1087,#1079,#1089,.T.);
#1087 = VERTEX_POINT('',#1088);
#1088 = CARTESIAN_POINT('',(18.13,-5.E-02,2.5));
#1089 = LINE('',#1090,#1091);
#1090 = CARTESIAN_POINT('',(15.015,-5.E-02,2.5));
#1091 = VECTOR('',#1092,1.);
#1092 = DIRECTION('',(-1.,0.,0.));
#1093 = ORIENTED_EDGE('',*,*,#1094,.F.);
#1094 = EDGE_CURVE('',#884,#1087,#1095,.T.);
#1095 = LINE('',#1096,#1097);
#1096 = CARTESIAN_POINT('',(18.13,-0.35,2.5));
#1097 = VECTOR('',#1098,1.);
#1098 = DIRECTION('',(0.,1.,0.));
#1099 = ORIENTED_EDGE('',*,*,#891,.T.);
#1100 = ORIENTED_EDGE('',*,*,#1101,.T.);
#1101 = EDGE_CURVE('',#892,#1102,#1104,.T.);
#1102 = VERTEX_POINT('',#1103);
#1103 = CARTESIAN_POINT('',(19.,-5.E-02,2.5));
#1104 = LINE('',#1105,#1106);
#1105 = CARTESIAN_POINT('',(19.,-0.35,2.5));
#1106 = VECTOR('',#1107,1.);
#1107 = DIRECTION('',(0.,1.,0.));
#1108 = ORIENTED_EDGE('',*,*,#1109,.F.);
#1109 = EDGE_CURVE('',#1110,#1102,#1112,.T.);
#1110 = VERTEX_POINT('',#1111);
#1111 = CARTESIAN_POINT('',(19.4,-5.E-02,2.5));
#1112 = LINE('',#1113,#1114);
#1113 = CARTESIAN_POINT('',(15.65,-5.E-02,2.5));
#1114 = VECTOR('',#1115,1.);
#1115 = DIRECTION('',(-1.,0.,0.));
#1116 = ORIENTED_EDGE('',*,*,#1117,.F.);
#1117 = EDGE_CURVE('',#916,#1110,#1118,.T.);
#1118 = LINE('',#1119,#1120);
#1119 = CARTESIAN_POINT('',(19.4,-0.35,2.5));
#1120 = VECTOR('',#1121,1.);
#1121 = DIRECTION('',(0.,1.,0.));
#1122 = ORIENTED_EDGE('',*,*,#923,.T.);
#1123 = ORIENTED_EDGE('',*,*,#1124,.T.);
#1124 = EDGE_CURVE('',#924,#1125,#1127,.T.);
#1125 = VERTEX_POINT('',#1126);
#1126 = CARTESIAN_POINT('',(20.27,-5.E-02,2.5));
#1127 = LINE('',#1128,#1129);
#1128 = CARTESIAN_POINT('',(20.27,-0.35,2.5));
#1129 = VECTOR('',#1130,1.);
#1130 = DIRECTION('',(0.,1.,0.));
#1131 = ORIENTED_EDGE('',*,*,#1132,.F.);
#1132 = EDGE_CURVE('',#1133,#1125,#1135,.T.);
#1133 = VERTEX_POINT('',#1134);
#1134 = CARTESIAN_POINT('',(20.67,-5.E-02,2.5));
#1135 = LINE('',#1136,#1137);
#1136 = CARTESIAN_POINT('',(16.285,-5.E-02,2.5));
#1137 = VECTOR('',#1138,1.);
#1138 = DIRECTION('',(-1.,0.,0.));
#1139 = ORIENTED_EDGE('',*,*,#1140,.F.);
#1140 = EDGE_CURVE('',#948,#1133,#1141,.T.);
#1141 = LINE('',#1142,#1143);
#1142 = CARTESIAN_POINT('',(20.67,-0.35,2.5));
#1143 = VECTOR('',#1144,1.);
#1144 = DIRECTION('',(0.,1.,0.));
#1145 = ORIENTED_EDGE('',*,*,#955,.T.);
#1146 = ORIENTED_EDGE('',*,*,#47,.F.);
#1147 = ORIENTED_EDGE('',*,*,#1148,.T.);
#1148 = EDGE_CURVE('',#40,#1149,#1151,.T.);
#1149 = VERTEX_POINT('',#1150);
#1150 = CARTESIAN_POINT('',(21.94,-5.E-02,2.5));
#1151 = LINE('',#1152,#1153);
#1152 = CARTESIAN_POINT('',(16.92,-5.E-02,2.5));
#1153 = VECTOR('',#1154,1.);
#1154 = DIRECTION('',(1.,0.,0.));
#1155 = ORIENTED_EDGE('',*,*,#1156,.T.);
#1156 = EDGE_CURVE('',#1149,#436,#1157,.T.);
#1157 = LINE('',#1158,#1159);
#1158 = CARTESIAN_POINT('',(21.94,-0.35,2.5));
#1159 = VECTOR('',#1160,1.);
#1160 = DIRECTION('',(0.,-1.,0.));
#1161 = ORIENTED_EDGE('',*,*,#443,.T.);
#1162 = ORIENTED_EDGE('',*,*,#1163,.T.);
#1163 = EDGE_CURVE('',#444,#972,#1164,.T.);
#1164 = LINE('',#1165,#1166);
#1165 = CARTESIAN_POINT('',(22.3,-0.35,2.5));
#1166 = VECTOR('',#1167,1.);
#1167 = DIRECTION('',(0.,1.,0.));
#1168 = PLANE('',#1169);
#1169 = AXIS2_PLACEMENT_3D('',#1170,#1171,#1172);
#1170 = CARTESIAN_POINT('',(12.3,-0.35,2.5));
#1171 = DIRECTION('',(0.,0.,1.));
#1172 = DIRECTION('',(1.,0.,0.));
#1173 = ADVANCED_FACE('',(#1174),#1192,.T.);
#1174 = FACE_BOUND('',#1175,.T.);
#1175 = EDGE_LOOP('',(#1176,#1184,#1190,#1191));
#1176 = ORIENTED_EDGE('',*,*,#1177,.F.);
#1177 = EDGE_CURVE('',#1178,#1149,#1180,.T.);
#1178 = VERTEX_POINT('',#1179);
#1179 = CARTESIAN_POINT('',(21.94,-5.E-02,1.5));
#1180 = LINE('',#1181,#1182);
#1181 = CARTESIAN_POINT('',(21.94,-5.E-02,1.5));
#1182 = VECTOR('',#1183,1.);
#1183 = DIRECTION('',(0.,0.,1.));
#1184 = ORIENTED_EDGE('',*,*,#1185,.F.);
#1185 = EDGE_CURVE('',#32,#1178,#1186,.T.);
#1186 = LINE('',#1187,#1188);
#1187 = CARTESIAN_POINT('',(21.54,-5.E-02,1.5));
#1188 = VECTOR('',#1189,1.);
#1189 = DIRECTION('',(1.,0.,0.));
#1190 = ORIENTED_EDGE('',*,*,#39,.T.);
#1191 = ORIENTED_EDGE('',*,*,#1148,.T.);
#1192 = PLANE('',#1193);
#1193 = AXIS2_PLACEMENT_3D('',#1194,#1195,#1196);
#1194 = CARTESIAN_POINT('',(21.54,-5.E-02,1.5));
#1195 = DIRECTION('',(0.,1.,0.));
#1196 = DIRECTION('',(0.,0.,1.));
#1197 = ADVANCED_FACE('',(#1198),#1209,.F.);
#1198 = FACE_BOUND('',#1199,.F.);
#1199 = EDGE_LOOP('',(#1200,#1201,#1202,#1208));
#1200 = ORIENTED_EDGE('',*,*,#31,.F.);
#1201 = ORIENTED_EDGE('',*,*,#427,.T.);
#1202 = ORIENTED_EDGE('',*,*,#1203,.T.);
#1203 = EDGE_CURVE('',#428,#1178,#1204,.T.);
#1204 = LINE('',#1205,#1206);
#1205 = CARTESIAN_POINT('',(21.94,-0.35,1.5));
#1206 = VECTOR('',#1207,1.);
#1207 = DIRECTION('',(0.,1.,0.));
#1208 = ORIENTED_EDGE('',*,*,#1185,.F.);
#1209 = PLANE('',#1210);
#1210 = AXIS2_PLACEMENT_3D('',#1211,#1212,#1213);
#1211 = CARTESIAN_POINT('',(21.54,-0.35,1.5));
#1212 = DIRECTION('',(0.,0.,1.));
#1213 = DIRECTION('',(1.,0.,0.));
#1214 = ADVANCED_FACE('',(#1215),#1282,.F.);
#1215 = FACE_BOUND('',#1216,.F.);
#1216 = EDGE_LOOP('',(#1217,#1225,#1233,#1239,#1240,#1246,#1247,#1253,
    #1254,#1260,#1261,#1267,#1268,#1274,#1275,#1281));
#1217 = ORIENTED_EDGE('',*,*,#1218,.F.);
#1218 = EDGE_CURVE('',#1219,#62,#1221,.T.);
#1219 = VERTEX_POINT('',#1220);
#1220 = CARTESIAN_POINT('',(-1.57,-1.55,0.));
#1221 = LINE('',#1222,#1223);
#1222 = CARTESIAN_POINT('',(-1.57,-1.55,0.));
#1223 = VECTOR('',#1224,1.);
#1224 = DIRECTION('',(0.,1.,0.));
#1225 = ORIENTED_EDGE('',*,*,#1226,.T.);
#1226 = EDGE_CURVE('',#1219,#1227,#1229,.T.);
#1227 = VERTEX_POINT('',#1228);
#1228 = CARTESIAN_POINT('',(28.43,-1.55,0.));
#1229 = LINE('',#1230,#1231);
#1230 = CARTESIAN_POINT('',(-1.57,-1.55,0.));
#1231 = VECTOR('',#1232,1.);
#1232 = DIRECTION('',(1.,0.,0.));
#1233 = ORIENTED_EDGE('',*,*,#1234,.T.);
#1234 = EDGE_CURVE('',#1227,#88,#1235,.T.);
#1235 = LINE('',#1236,#1237);
#1236 = CARTESIAN_POINT('',(28.43,-1.55,0.));
#1237 = VECTOR('',#1238,1.);
#1238 = DIRECTION('',(0.,1.,0.));
#1239 = ORIENTED_EDGE('',*,*,#95,.F.);
#1240 = ORIENTED_EDGE('',*,*,#1241,.F.);
#1241 = EDGE_CURVE('',#130,#96,#1242,.T.);
#1242 = LINE('',#1243,#1244);
#1243 = CARTESIAN_POINT('',(-1.57,-0.35,0.));
#1244 = VECTOR('',#1245,1.);
#1245 = DIRECTION('',(1.,0.,0.));
#1246 = ORIENTED_EDGE('',*,*,#137,.F.);
#1247 = ORIENTED_EDGE('',*,*,#1248,.F.);
#1248 = EDGE_CURVE('',#172,#138,#1249,.T.);
#1249 = LINE('',#1250,#1251);
#1250 = CARTESIAN_POINT('',(-1.57,-0.35,0.));
#1251 = VECTOR('',#1252,1.);
#1252 = DIRECTION('',(1.,0.,0.));
#1253 = ORIENTED_EDGE('',*,*,#179,.F.);
#1254 = ORIENTED_EDGE('',*,*,#1255,.F.);
#1255 = EDGE_CURVE('',#214,#180,#1256,.T.);
#1256 = LINE('',#1257,#1258);
#1257 = CARTESIAN_POINT('',(-1.57,-0.35,0.));
#1258 = VECTOR('',#1259,1.);
#1259 = DIRECTION('',(1.,0.,0.));
#1260 = ORIENTED_EDGE('',*,*,#221,.F.);
#1261 = ORIENTED_EDGE('',*,*,#1262,.F.);
#1262 = EDGE_CURVE('',#256,#222,#1263,.T.);
#1263 = LINE('',#1264,#1265);
#1264 = CARTESIAN_POINT('',(-1.57,-0.35,0.));
#1265 = VECTOR('',#1266,1.);
#1266 = DIRECTION('',(1.,0.,0.));
#1267 = ORIENTED_EDGE('',*,*,#263,.F.);
#1268 = ORIENTED_EDGE('',*,*,#1269,.F.);
#1269 = EDGE_CURVE('',#298,#264,#1270,.T.);
#1270 = LINE('',#1271,#1272);
#1271 = CARTESIAN_POINT('',(-1.57,-0.35,0.));
#1272 = VECTOR('',#1273,1.);
#1273 = DIRECTION('',(1.,0.,0.));
#1274 = ORIENTED_EDGE('',*,*,#305,.F.);
#1275 = ORIENTED_EDGE('',*,*,#1276,.F.);
#1276 = EDGE_CURVE('',#64,#306,#1277,.T.);
#1277 = LINE('',#1278,#1279);
#1278 = CARTESIAN_POINT('',(-1.57,-0.35,0.));
#1279 = VECTOR('',#1280,1.);
#1280 = DIRECTION('',(1.,0.,0.));
#1281 = ORIENTED_EDGE('',*,*,#61,.F.);
#1282 = PLANE('',#1283);
#1283 = AXIS2_PLACEMENT_3D('',#1284,#1285,#1286);
#1284 = CARTESIAN_POINT('',(-1.57,-1.55,0.));
#1285 = DIRECTION('',(0.,0.,1.));
#1286 = DIRECTION('',(1.,0.,0.));
#1287 = ADVANCED_FACE('',(#1288),#1346,.F.);
#1288 = FACE_BOUND('',#1289,.F.);
#1289 = EDGE_LOOP('',(#1290,#1300,#1308,#1314,#1315,#1323,#1331,#1339));
#1290 = ORIENTED_EDGE('',*,*,#1291,.F.);
#1291 = EDGE_CURVE('',#1292,#1294,#1296,.T.);
#1292 = VERTEX_POINT('',#1293);
#1293 = CARTESIAN_POINT('',(-0.35,-0.34,1.5));
#1294 = VERTEX_POINT('',#1295);
#1295 = CARTESIAN_POINT('',(-0.35,-0.25,1.5));
#1296 = LINE('',#1297,#1298);
#1297 = CARTESIAN_POINT('',(-0.35,-0.35,1.5));
#1298 = VECTOR('',#1299,1.);
#1299 = DIRECTION('',(0.,1.,0.));
#1300 = ORIENTED_EDGE('',*,*,#1301,.T.);
#1301 = EDGE_CURVE('',#1292,#1302,#1304,.T.);
#1302 = VERTEX_POINT('',#1303);
#1303 = CARTESIAN_POINT('',(-0.35,-0.34,0.66266028276));
#1304 = LINE('',#1305,#1306);
#1305 = CARTESIAN_POINT('',(-0.35,-0.34,-2.425));
#1306 = VECTOR('',#1307,1.);
#1307 = DIRECTION('',(0.,2.22044604925E-16,-1.));
#1308 = ORIENTED_EDGE('',*,*,#1309,.F.);
#1309 = EDGE_CURVE('',#331,#1302,#1310,.T.);
#1310 = LINE('',#1311,#1312);
#1311 = CARTESIAN_POINT('',(-0.35,-1.56,0.66266028276));
#1312 = VECTOR('',#1313,1.);
#1313 = DIRECTION('',(0.,1.,2.22044604925E-16));
#1314 = ORIENTED_EDGE('',*,*,#339,.F.);
#1315 = ORIENTED_EDGE('',*,*,#1316,.F.);
#1316 = EDGE_CURVE('',#1317,#64,#1319,.T.);
#1317 = VERTEX_POINT('',#1318);
#1318 = CARTESIAN_POINT('',(-0.35,-0.35,-5.8));
#1319 = LINE('',#1320,#1321);
#1320 = CARTESIAN_POINT('',(-0.35,-0.35,-6.));
#1321 = VECTOR('',#1322,1.);
#1322 = DIRECTION('',(0.,0.,1.));
#1323 = ORIENTED_EDGE('',*,*,#1324,.T.);
#1324 = EDGE_CURVE('',#1317,#1325,#1327,.T.);
#1325 = VERTEX_POINT('',#1326);
#1326 = CARTESIAN_POINT('',(-0.35,0.35,-5.8));
#1327 = LINE('',#1328,#1329);
#1328 = CARTESIAN_POINT('',(-0.35,-0.35,-5.8));
#1329 = VECTOR('',#1330,1.);
#1330 = DIRECTION('',(0.,1.,0.));
#1331 = ORIENTED_EDGE('',*,*,#1332,.T.);
#1332 = EDGE_CURVE('',#1325,#1333,#1335,.T.);
#1333 = VERTEX_POINT('',#1334);
#1334 = CARTESIAN_POINT('',(-0.35,0.35,0.9));
#1335 = LINE('',#1336,#1337);
#1336 = CARTESIAN_POINT('',(-0.35,0.35,-6.));
#1337 = VECTOR('',#1338,1.);
#1338 = DIRECTION('',(0.,0.,1.));
#1339 = ORIENTED_EDGE('',*,*,#1340,.F.);
#1340 = EDGE_CURVE('',#1294,#1333,#1341,.T.);
#1341 = CIRCLE('',#1342,0.6);
#1342 = AXIS2_PLACEMENT_3D('',#1343,#1344,#1345);
#1343 = CARTESIAN_POINT('',(-0.35,-0.25,0.9));
#1344 = DIRECTION('',(-1.,0.,0.));
#1345 = DIRECTION('',(0.,0.,1.));
#1346 = PLANE('',#1347);
#1347 = AXIS2_PLACEMENT_3D('',#1348,#1349,#1350);
#1348 = CARTESIAN_POINT('',(-0.35,-0.35,-6.));
#1349 = DIRECTION('',(1.,0.,0.));
#1350 = DIRECTION('',(0.,0.,1.));
#1351 = ADVANCED_FACE('',(#1352),#1410,.T.);
#1352 = FACE_BOUND('',#1353,.T.);
#1353 = EDGE_LOOP('',(#1354,#1364,#1372,#1378,#1379,#1387,#1395,#1403));
#1354 = ORIENTED_EDGE('',*,*,#1355,.F.);
#1355 = EDGE_CURVE('',#1356,#1358,#1360,.T.);
#1356 = VERTEX_POINT('',#1357);
#1357 = CARTESIAN_POINT('',(0.35,-0.34,1.5));
#1358 = VERTEX_POINT('',#1359);
#1359 = CARTESIAN_POINT('',(0.35,-0.25,1.5));
#1360 = LINE('',#1361,#1362);
#1361 = CARTESIAN_POINT('',(0.35,-0.35,1.5));
#1362 = VECTOR('',#1363,1.);
#1363 = DIRECTION('',(0.,1.,0.));
#1364 = ORIENTED_EDGE('',*,*,#1365,.T.);
#1365 = EDGE_CURVE('',#1356,#1366,#1368,.T.);
#1366 = VERTEX_POINT('',#1367);
#1367 = CARTESIAN_POINT('',(0.35,-0.34,0.66266028276));
#1368 = LINE('',#1369,#1370);
#1369 = CARTESIAN_POINT('',(0.35,-0.34,-2.425));
#1370 = VECTOR('',#1371,1.);
#1371 = DIRECTION('',(0.,2.22044604925E-16,-1.));
#1372 = ORIENTED_EDGE('',*,*,#1373,.F.);
#1373 = EDGE_CURVE('',#314,#1366,#1374,.T.);
#1374 = LINE('',#1375,#1376);
#1375 = CARTESIAN_POINT('',(0.35,-1.56,0.66266028276));
#1376 = VECTOR('',#1377,1.);
#1377 = DIRECTION('',(0.,1.,2.22044604925E-16));
#1378 = ORIENTED_EDGE('',*,*,#313,.F.);
#1379 = ORIENTED_EDGE('',*,*,#1380,.F.);
#1380 = EDGE_CURVE('',#1381,#306,#1383,.T.);
#1381 = VERTEX_POINT('',#1382);
#1382 = CARTESIAN_POINT('',(0.35,-0.35,-5.8));
#1383 = LINE('',#1384,#1385);
#1384 = CARTESIAN_POINT('',(0.35,-0.35,-6.));
#1385 = VECTOR('',#1386,1.);
#1386 = DIRECTION('',(0.,0.,1.));
#1387 = ORIENTED_EDGE('',*,*,#1388,.T.);
#1388 = EDGE_CURVE('',#1381,#1389,#1391,.T.);
#1389 = VERTEX_POINT('',#1390);
#1390 = CARTESIAN_POINT('',(0.35,0.35,-5.8));
#1391 = LINE('',#1392,#1393);
#1392 = CARTESIAN_POINT('',(0.35,-0.35,-5.8));
#1393 = VECTOR('',#1394,1.);
#1394 = DIRECTION('',(0.,1.,0.));
#1395 = ORIENTED_EDGE('',*,*,#1396,.T.);
#1396 = EDGE_CURVE('',#1389,#1397,#1399,.T.);
#1397 = VERTEX_POINT('',#1398);
#1398 = CARTESIAN_POINT('',(0.35,0.35,0.9));
#1399 = LINE('',#1400,#1401);
#1400 = CARTESIAN_POINT('',(0.35,0.35,-6.));
#1401 = VECTOR('',#1402,1.);
#1402 = DIRECTION('',(0.,0.,1.));
#1403 = ORIENTED_EDGE('',*,*,#1404,.F.);
#1404 = EDGE_CURVE('',#1358,#1397,#1405,.T.);
#1405 = CIRCLE('',#1406,0.6);
#1406 = AXIS2_PLACEMENT_3D('',#1407,#1408,#1409);
#1407 = CARTESIAN_POINT('',(0.35,-0.25,0.9));
#1408 = DIRECTION('',(-1.,0.,0.));
#1409 = DIRECTION('',(0.,0.,1.));
#1410 = PLANE('',#1411);
#1411 = AXIS2_PLACEMENT_3D('',#1412,#1413,#1414);
#1412 = CARTESIAN_POINT('',(0.35,-0.35,-6.));
#1413 = DIRECTION('',(1.,0.,0.));
#1414 = DIRECTION('',(0.,0.,1.));
#1415 = ADVANCED_FACE('',(#1416),#1474,.F.);
#1416 = FACE_BOUND('',#1417,.F.);
#1417 = EDGE_LOOP('',(#1418,#1428,#1436,#1442,#1443,#1451,#1459,#1467));
#1418 = ORIENTED_EDGE('',*,*,#1419,.F.);
#1419 = EDGE_CURVE('',#1420,#1422,#1424,.T.);
#1420 = VERTEX_POINT('',#1421);
#1421 = CARTESIAN_POINT('',(2.19,-0.34,1.5));
#1422 = VERTEX_POINT('',#1423);
#1423 = CARTESIAN_POINT('',(2.19,-0.25,1.5));
#1424 = LINE('',#1425,#1426);
#1425 = CARTESIAN_POINT('',(2.19,-0.35,1.5));
#1426 = VECTOR('',#1427,1.);
#1427 = DIRECTION('',(0.,1.,0.));
#1428 = ORIENTED_EDGE('',*,*,#1429,.T.);
#1429 = EDGE_CURVE('',#1420,#1430,#1432,.T.);
#1430 = VERTEX_POINT('',#1431);
#1431 = CARTESIAN_POINT('',(2.19,-0.34,0.66266028276));
#1432 = LINE('',#1433,#1434);
#1433 = CARTESIAN_POINT('',(2.19,-0.34,-2.425));
#1434 = VECTOR('',#1435,1.);
#1435 = DIRECTION('',(0.,2.22044604925E-16,-1.));
#1436 = ORIENTED_EDGE('',*,*,#1437,.F.);
#1437 = EDGE_CURVE('',#289,#1430,#1438,.T.);
#1438 = LINE('',#1439,#1440);
#1439 = CARTESIAN_POINT('',(2.19,-1.56,0.66266028276));
#1440 = VECTOR('',#1441,1.);
#1441 = DIRECTION('',(0.,1.,2.22044604925E-16));
#1442 = ORIENTED_EDGE('',*,*,#297,.F.);
#1443 = ORIENTED_EDGE('',*,*,#1444,.F.);
#1444 = EDGE_CURVE('',#1445,#298,#1447,.T.);
#1445 = VERTEX_POINT('',#1446);
#1446 = CARTESIAN_POINT('',(2.19,-0.35,-5.8));
#1447 = LINE('',#1448,#1449);
#1448 = CARTESIAN_POINT('',(2.19,-0.35,-6.));
#1449 = VECTOR('',#1450,1.);
#1450 = DIRECTION('',(0.,0.,1.));
#1451 = ORIENTED_EDGE('',*,*,#1452,.T.);
#1452 = EDGE_CURVE('',#1445,#1453,#1455,.T.);
#1453 = VERTEX_POINT('',#1454);
#1454 = CARTESIAN_POINT('',(2.19,0.35,-5.8));
#1455 = LINE('',#1456,#1457);
#1456 = CARTESIAN_POINT('',(2.19,-0.35,-5.8));
#1457 = VECTOR('',#1458,1.);
#1458 = DIRECTION('',(0.,1.,0.));
#1459 = ORIENTED_EDGE('',*,*,#1460,.T.);
#1460 = EDGE_CURVE('',#1453,#1461,#1463,.T.);
#1461 = VERTEX_POINT('',#1462);
#1462 = CARTESIAN_POINT('',(2.19,0.35,0.9));
#1463 = LINE('',#1464,#1465);
#1464 = CARTESIAN_POINT('',(2.19,0.35,-6.));
#1465 = VECTOR('',#1466,1.);
#1466 = DIRECTION('',(0.,0.,1.));
#1467 = ORIENTED_EDGE('',*,*,#1468,.F.);
#1468 = EDGE_CURVE('',#1422,#1461,#1469,.T.);
#1469 = CIRCLE('',#1470,0.6);
#1470 = AXIS2_PLACEMENT_3D('',#1471,#1472,#1473);
#1471 = CARTESIAN_POINT('',(2.19,-0.25,0.9));
#1472 = DIRECTION('',(-1.,0.,0.));
#1473 = DIRECTION('',(0.,0.,1.));
#1474 = PLANE('',#1475);
#1475 = AXIS2_PLACEMENT_3D('',#1476,#1477,#1478);
#1476 = CARTESIAN_POINT('',(2.19,-0.35,-6.));
#1477 = DIRECTION('',(1.,0.,0.));
#1478 = DIRECTION('',(0.,0.,1.));
#1479 = ADVANCED_FACE('',(#1480),#1538,.T.);
#1480 = FACE_BOUND('',#1481,.T.);
#1481 = EDGE_LOOP('',(#1482,#1492,#1500,#1506,#1507,#1515,#1523,#1531));
#1482 = ORIENTED_EDGE('',*,*,#1483,.F.);
#1483 = EDGE_CURVE('',#1484,#1486,#1488,.T.);
#1484 = VERTEX_POINT('',#1485);
#1485 = CARTESIAN_POINT('',(2.89,-0.34,1.5));
#1486 = VERTEX_POINT('',#1487);
#1487 = CARTESIAN_POINT('',(2.89,-0.25,1.5));
#1488 = LINE('',#1489,#1490);
#1489 = CARTESIAN_POINT('',(2.89,-0.35,1.5));
#1490 = VECTOR('',#1491,1.);
#1491 = DIRECTION('',(0.,1.,0.));
#1492 = ORIENTED_EDGE('',*,*,#1493,.T.);
#1493 = EDGE_CURVE('',#1484,#1494,#1496,.T.);
#1494 = VERTEX_POINT('',#1495);
#1495 = CARTESIAN_POINT('',(2.89,-0.34,0.66266028276));
#1496 = LINE('',#1497,#1498);
#1497 = CARTESIAN_POINT('',(2.89,-0.34,-2.425));
#1498 = VECTOR('',#1499,1.);
#1499 = DIRECTION('',(0.,2.22044604925E-16,-1.));
#1500 = ORIENTED_EDGE('',*,*,#1501,.F.);
#1501 = EDGE_CURVE('',#272,#1494,#1502,.T.);
#1502 = LINE('',#1503,#1504);
#1503 = CARTESIAN_POINT('',(2.89,-1.56,0.66266028276));
#1504 = VECTOR('',#1505,1.);
#1505 = DIRECTION('',(0.,1.,2.22044604925E-16));
#1506 = ORIENTED_EDGE('',*,*,#271,.F.);
#1507 = ORIENTED_EDGE('',*,*,#1508,.F.);
#1508 = EDGE_CURVE('',#1509,#264,#1511,.T.);
#1509 = VERTEX_POINT('',#1510);
#1510 = CARTESIAN_POINT('',(2.89,-0.35,-5.8));
#1511 = LINE('',#1512,#1513);
#1512 = CARTESIAN_POINT('',(2.89,-0.35,-6.));
#1513 = VECTOR('',#1514,1.);
#1514 = DIRECTION('',(0.,0.,1.));
#1515 = ORIENTED_EDGE('',*,*,#1516,.T.);
#1516 = EDGE_CURVE('',#1509,#1517,#1519,.T.);
#1517 = VERTEX_POINT('',#1518);
#1518 = CARTESIAN_POINT('',(2.89,0.35,-5.8));
#1519 = LINE('',#1520,#1521);
#1520 = CARTESIAN_POINT('',(2.89,-0.35,-5.8));
#1521 = VECTOR('',#1522,1.);
#1522 = DIRECTION('',(0.,1.,0.));
#1523 = ORIENTED_EDGE('',*,*,#1524,.T.);
#1524 = EDGE_CURVE('',#1517,#1525,#1527,.T.);
#1525 = VERTEX_POINT('',#1526);
#1526 = CARTESIAN_POINT('',(2.89,0.35,0.9));
#1527 = LINE('',#1528,#1529);
#1528 = CARTESIAN_POINT('',(2.89,0.35,-6.));
#1529 = VECTOR('',#1530,1.);
#1530 = DIRECTION('',(0.,0.,1.));
#1531 = ORIENTED_EDGE('',*,*,#1532,.F.);
#1532 = EDGE_CURVE('',#1486,#1525,#1533,.T.);
#1533 = CIRCLE('',#1534,0.6);
#1534 = AXIS2_PLACEMENT_3D('',#1535,#1536,#1537);
#1535 = CARTESIAN_POINT('',(2.89,-0.25,0.9));
#1536 = DIRECTION('',(-1.,0.,0.));
#1537 = DIRECTION('',(0.,0.,1.));
#1538 = PLANE('',#1539);
#1539 = AXIS2_PLACEMENT_3D('',#1540,#1541,#1542);
#1540 = CARTESIAN_POINT('',(2.89,-0.35,-6.));
#1541 = DIRECTION('',(1.,0.,0.));
#1542 = DIRECTION('',(0.,0.,1.));
#1543 = ADVANCED_FACE('',(#1544),#1602,.F.);
#1544 = FACE_BOUND('',#1545,.F.);
#1545 = EDGE_LOOP('',(#1546,#1556,#1564,#1570,#1571,#1579,#1587,#1595));
#1546 = ORIENTED_EDGE('',*,*,#1547,.F.);
#1547 = EDGE_CURVE('',#1548,#1550,#1552,.T.);
#1548 = VERTEX_POINT('',#1549);
#1549 = CARTESIAN_POINT('',(4.73,-0.34,1.5));
#1550 = VERTEX_POINT('',#1551);
#1551 = CARTESIAN_POINT('',(4.73,-0.25,1.5));
#1552 = LINE('',#1553,#1554);
#1553 = CARTESIAN_POINT('',(4.73,-0.35,1.5));
#1554 = VECTOR('',#1555,1.);
#1555 = DIRECTION('',(0.,1.,0.));
#1556 = ORIENTED_EDGE('',*,*,#1557,.T.);
#1557 = EDGE_CURVE('',#1548,#1558,#1560,.T.);
#1558 = VERTEX_POINT('',#1559);
#1559 = CARTESIAN_POINT('',(4.73,-0.34,0.66266028276));
#1560 = LINE('',#1561,#1562);
#1561 = CARTESIAN_POINT('',(4.73,-0.34,-2.425));
#1562 = VECTOR('',#1563,1.);
#1563 = DIRECTION('',(0.,2.22044604925E-16,-1.));
#1564 = ORIENTED_EDGE('',*,*,#1565,.F.);
#1565 = EDGE_CURVE('',#247,#1558,#1566,.T.);
#1566 = LINE('',#1567,#1568);
#1567 = CARTESIAN_POINT('',(4.73,-1.56,0.66266028276));
#1568 = VECTOR('',#1569,1.);
#1569 = DIRECTION('',(0.,1.,2.22044604925E-16));
#1570 = ORIENTED_EDGE('',*,*,#255,.F.);
#1571 = ORIENTED_EDGE('',*,*,#1572,.F.);
#1572 = EDGE_CURVE('',#1573,#256,#1575,.T.);
#1573 = VERTEX_POINT('',#1574);
#1574 = CARTESIAN_POINT('',(4.73,-0.35,-5.8));
#1575 = LINE('',#1576,#1577);
#1576 = CARTESIAN_POINT('',(4.73,-0.35,-6.));
#1577 = VECTOR('',#1578,1.);
#1578 = DIRECTION('',(0.,0.,1.));
#1579 = ORIENTED_EDGE('',*,*,#1580,.T.);
#1580 = EDGE_CURVE('',#1573,#1581,#1583,.T.);
#1581 = VERTEX_POINT('',#1582);
#1582 = CARTESIAN_POINT('',(4.73,0.35,-5.8));
#1583 = LINE('',#1584,#1585);
#1584 = CARTESIAN_POINT('',(4.73,-0.35,-5.8));
#1585 = VECTOR('',#1586,1.);
#1586 = DIRECTION('',(0.,1.,0.));
#1587 = ORIENTED_EDGE('',*,*,#1588,.T.);
#1588 = EDGE_CURVE('',#1581,#1589,#1591,.T.);
#1589 = VERTEX_POINT('',#1590);
#1590 = CARTESIAN_POINT('',(4.73,0.35,0.9));
#1591 = LINE('',#1592,#1593);
#1592 = CARTESIAN_POINT('',(4.73,0.35,-6.));
#1593 = VECTOR('',#1594,1.);
#1594 = DIRECTION('',(0.,0.,1.));
#1595 = ORIENTED_EDGE('',*,*,#1596,.F.);
#1596 = EDGE_CURVE('',#1550,#1589,#1597,.T.);
#1597 = CIRCLE('',#1598,0.6);
#1598 = AXIS2_PLACEMENT_3D('',#1599,#1600,#1601);
#1599 = CARTESIAN_POINT('',(4.73,-0.25,0.9));
#1600 = DIRECTION('',(-1.,0.,0.));
#1601 = DIRECTION('',(0.,0.,1.));
#1602 = PLANE('',#1603);
#1603 = AXIS2_PLACEMENT_3D('',#1604,#1605,#1606);
#1604 = CARTESIAN_POINT('',(4.73,-0.35,-6.));
#1605 = DIRECTION('',(1.,0.,0.));
#1606 = DIRECTION('',(0.,0.,1.));
#1607 = ADVANCED_FACE('',(#1608),#1666,.T.);
#1608 = FACE_BOUND('',#1609,.T.);
#1609 = EDGE_LOOP('',(#1610,#1620,#1628,#1634,#1635,#1643,#1651,#1659));
#1610 = ORIENTED_EDGE('',*,*,#1611,.F.);
#1611 = EDGE_CURVE('',#1612,#1614,#1616,.T.);
#1612 = VERTEX_POINT('',#1613);
#1613 = CARTESIAN_POINT('',(5.43,-0.34,1.5));
#1614 = VERTEX_POINT('',#1615);
#1615 = CARTESIAN_POINT('',(5.43,-0.25,1.5));
#1616 = LINE('',#1617,#1618);
#1617 = CARTESIAN_POINT('',(5.43,-0.35,1.5));
#1618 = VECTOR('',#1619,1.);
#1619 = DIRECTION('',(0.,1.,0.));
#1620 = ORIENTED_EDGE('',*,*,#1621,.T.);
#1621 = EDGE_CURVE('',#1612,#1622,#1624,.T.);
#1622 = VERTEX_POINT('',#1623);
#1623 = CARTESIAN_POINT('',(5.43,-0.34,0.66266028276));
#1624 = LINE('',#1625,#1626);
#1625 = CARTESIAN_POINT('',(5.43,-0.34,-2.425));
#1626 = VECTOR('',#1627,1.);
#1627 = DIRECTION('',(0.,2.22044604925E-16,-1.));
#1628 = ORIENTED_EDGE('',*,*,#1629,.F.);
#1629 = EDGE_CURVE('',#230,#1622,#1630,.T.);
#1630 = LINE('',#1631,#1632);
#1631 = CARTESIAN_POINT('',(5.43,-1.56,0.66266028276));
#1632 = VECTOR('',#1633,1.);
#1633 = DIRECTION('',(0.,1.,2.22044604925E-16));
#1634 = ORIENTED_EDGE('',*,*,#229,.F.);
#1635 = ORIENTED_EDGE('',*,*,#1636,.F.);
#1636 = EDGE_CURVE('',#1637,#222,#1639,.T.);
#1637 = VERTEX_POINT('',#1638);
#1638 = CARTESIAN_POINT('',(5.43,-0.35,-5.8));
#1639 = LINE('',#1640,#1641);
#1640 = CARTESIAN_POINT('',(5.43,-0.35,-6.));
#1641 = VECTOR('',#1642,1.);
#1642 = DIRECTION('',(0.,0.,1.));
#1643 = ORIENTED_EDGE('',*,*,#1644,.T.);
#1644 = EDGE_CURVE('',#1637,#1645,#1647,.T.);
#1645 = VERTEX_POINT('',#1646);
#1646 = CARTESIAN_POINT('',(5.43,0.35,-5.8));
#1647 = LINE('',#1648,#1649);
#1648 = CARTESIAN_POINT('',(5.43,-0.35,-5.8));
#1649 = VECTOR('',#1650,1.);
#1650 = DIRECTION('',(0.,1.,0.));
#1651 = ORIENTED_EDGE('',*,*,#1652,.T.);
#1652 = EDGE_CURVE('',#1645,#1653,#1655,.T.);
#1653 = VERTEX_POINT('',#1654);
#1654 = CARTESIAN_POINT('',(5.43,0.35,0.9));
#1655 = LINE('',#1656,#1657);
#1656 = CARTESIAN_POINT('',(5.43,0.35,-6.));
#1657 = VECTOR('',#1658,1.);
#1658 = DIRECTION('',(0.,0.,1.));
#1659 = ORIENTED_EDGE('',*,*,#1660,.F.);
#1660 = EDGE_CURVE('',#1614,#1653,#1661,.T.);
#1661 = CIRCLE('',#1662,0.6);
#1662 = AXIS2_PLACEMENT_3D('',#1663,#1664,#1665);
#1663 = CARTESIAN_POINT('',(5.43,-0.25,0.9));
#1664 = DIRECTION('',(-1.,0.,0.));
#1665 = DIRECTION('',(0.,0.,1.));
#1666 = PLANE('',#1667);
#1667 = AXIS2_PLACEMENT_3D('',#1668,#1669,#1670);
#1668 = CARTESIAN_POINT('',(5.43,-0.35,-6.));
#1669 = DIRECTION('',(1.,0.,0.));
#1670 = DIRECTION('',(0.,0.,1.));
#1671 = ADVANCED_FACE('',(#1672),#1730,.F.);
#1672 = FACE_BOUND('',#1673,.F.);
#1673 = EDGE_LOOP('',(#1674,#1684,#1692,#1698,#1699,#1707,#1715,#1723));
#1674 = ORIENTED_EDGE('',*,*,#1675,.F.);
#1675 = EDGE_CURVE('',#1676,#1678,#1680,.T.);
#1676 = VERTEX_POINT('',#1677);
#1677 = CARTESIAN_POINT('',(7.27,-0.34,1.5));
#1678 = VERTEX_POINT('',#1679);
#1679 = CARTESIAN_POINT('',(7.27,-0.25,1.5));
#1680 = LINE('',#1681,#1682);
#1681 = CARTESIAN_POINT('',(7.27,-0.35,1.5));
#1682 = VECTOR('',#1683,1.);
#1683 = DIRECTION('',(0.,1.,0.));
#1684 = ORIENTED_EDGE('',*,*,#1685,.T.);
#1685 = EDGE_CURVE('',#1676,#1686,#1688,.T.);
#1686 = VERTEX_POINT('',#1687);
#1687 = CARTESIAN_POINT('',(7.27,-0.34,0.66266028276));
#1688 = LINE('',#1689,#1690);
#1689 = CARTESIAN_POINT('',(7.27,-0.34,-2.425));
#1690 = VECTOR('',#1691,1.);
#1691 = DIRECTION('',(0.,2.22044604925E-16,-1.));
#1692 = ORIENTED_EDGE('',*,*,#1693,.F.);
#1693 = EDGE_CURVE('',#205,#1686,#1694,.T.);
#1694 = LINE('',#1695,#1696);
#1695 = CARTESIAN_POINT('',(7.27,-1.56,0.66266028276));
#1696 = VECTOR('',#1697,1.);
#1697 = DIRECTION('',(0.,1.,2.22044604925E-16));
#1698 = ORIENTED_EDGE('',*,*,#213,.F.);
#1699 = ORIENTED_EDGE('',*,*,#1700,.F.);
#1700 = EDGE_CURVE('',#1701,#214,#1703,.T.);
#1701 = VERTEX_POINT('',#1702);
#1702 = CARTESIAN_POINT('',(7.27,-0.35,-5.8));
#1703 = LINE('',#1704,#1705);
#1704 = CARTESIAN_POINT('',(7.27,-0.35,-6.));
#1705 = VECTOR('',#1706,1.);
#1706 = DIRECTION('',(0.,0.,1.));
#1707 = ORIENTED_EDGE('',*,*,#1708,.T.);
#1708 = EDGE_CURVE('',#1701,#1709,#1711,.T.);
#1709 = VERTEX_POINT('',#1710);
#1710 = CARTESIAN_POINT('',(7.27,0.35,-5.8));
#1711 = LINE('',#1712,#1713);
#1712 = CARTESIAN_POINT('',(7.27,-0.35,-5.8));
#1713 = VECTOR('',#1714,1.);
#1714 = DIRECTION('',(0.,1.,0.));
#1715 = ORIENTED_EDGE('',*,*,#1716,.T.);
#1716 = EDGE_CURVE('',#1709,#1717,#1719,.T.);
#1717 = VERTEX_POINT('',#1718);
#1718 = CARTESIAN_POINT('',(7.27,0.35,0.9));
#1719 = LINE('',#1720,#1721);
#1720 = CARTESIAN_POINT('',(7.27,0.35,-6.));
#1721 = VECTOR('',#1722,1.);
#1722 = DIRECTION('',(0.,0.,1.));
#1723 = ORIENTED_EDGE('',*,*,#1724,.F.);
#1724 = EDGE_CURVE('',#1678,#1717,#1725,.T.);
#1725 = CIRCLE('',#1726,0.6);
#1726 = AXIS2_PLACEMENT_3D('',#1727,#1728,#1729);
#1727 = CARTESIAN_POINT('',(7.27,-0.25,0.9));
#1728 = DIRECTION('',(-1.,0.,0.));
#1729 = DIRECTION('',(0.,0.,1.));
#1730 = PLANE('',#1731);
#1731 = AXIS2_PLACEMENT_3D('',#1732,#1733,#1734);
#1732 = CARTESIAN_POINT('',(7.27,-0.35,-6.));
#1733 = DIRECTION('',(1.,0.,0.));
#1734 = DIRECTION('',(0.,0.,1.));
#1735 = ADVANCED_FACE('',(#1736),#1794,.T.);
#1736 = FACE_BOUND('',#1737,.T.);
#1737 = EDGE_LOOP('',(#1738,#1748,#1756,#1762,#1763,#1771,#1779,#1787));
#1738 = ORIENTED_EDGE('',*,*,#1739,.F.);
#1739 = EDGE_CURVE('',#1740,#1742,#1744,.T.);
#1740 = VERTEX_POINT('',#1741);
#1741 = CARTESIAN_POINT('',(7.97,-0.34,1.5));
#1742 = VERTEX_POINT('',#1743);
#1743 = CARTESIAN_POINT('',(7.97,-0.25,1.5));
#1744 = LINE('',#1745,#1746);
#1745 = CARTESIAN_POINT('',(7.97,-0.35,1.5));
#1746 = VECTOR('',#1747,1.);
#1747 = DIRECTION('',(0.,1.,0.));
#1748 = ORIENTED_EDGE('',*,*,#1749,.T.);
#1749 = EDGE_CURVE('',#1740,#1750,#1752,.T.);
#1750 = VERTEX_POINT('',#1751);
#1751 = CARTESIAN_POINT('',(7.97,-0.34,0.66266028276));
#1752 = LINE('',#1753,#1754);
#1753 = CARTESIAN_POINT('',(7.97,-0.34,-2.425));
#1754 = VECTOR('',#1755,1.);
#1755 = DIRECTION('',(0.,2.22044604925E-16,-1.));
#1756 = ORIENTED_EDGE('',*,*,#1757,.F.);
#1757 = EDGE_CURVE('',#188,#1750,#1758,.T.);
#1758 = LINE('',#1759,#1760);
#1759 = CARTESIAN_POINT('',(7.97,-1.56,0.66266028276));
#1760 = VECTOR('',#1761,1.);
#1761 = DIRECTION('',(0.,1.,2.22044604925E-16));
#1762 = ORIENTED_EDGE('',*,*,#187,.F.);
#1763 = ORIENTED_EDGE('',*,*,#1764,.F.);
#1764 = EDGE_CURVE('',#1765,#180,#1767,.T.);
#1765 = VERTEX_POINT('',#1766);
#1766 = CARTESIAN_POINT('',(7.97,-0.35,-5.8));
#1767 = LINE('',#1768,#1769);
#1768 = CARTESIAN_POINT('',(7.97,-0.35,-6.));
#1769 = VECTOR('',#1770,1.);
#1770 = DIRECTION('',(0.,0.,1.));
#1771 = ORIENTED_EDGE('',*,*,#1772,.T.);
#1772 = EDGE_CURVE('',#1765,#1773,#1775,.T.);
#1773 = VERTEX_POINT('',#1774);
#1774 = CARTESIAN_POINT('',(7.97,0.35,-5.8));
#1775 = LINE('',#1776,#1777);
#1776 = CARTESIAN_POINT('',(7.97,-0.35,-5.8));
#1777 = VECTOR('',#1778,1.);
#1778 = DIRECTION('',(0.,1.,0.));
#1779 = ORIENTED_EDGE('',*,*,#1780,.T.);
#1780 = EDGE_CURVE('',#1773,#1781,#1783,.T.);
#1781 = VERTEX_POINT('',#1782);
#1782 = CARTESIAN_POINT('',(7.97,0.35,0.9));
#1783 = LINE('',#1784,#1785);
#1784 = CARTESIAN_POINT('',(7.97,0.35,-6.));
#1785 = VECTOR('',#1786,1.);
#1786 = DIRECTION('',(0.,0.,1.));
#1787 = ORIENTED_EDGE('',*,*,#1788,.F.);
#1788 = EDGE_CURVE('',#1742,#1781,#1789,.T.);
#1789 = CIRCLE('',#1790,0.6);
#1790 = AXIS2_PLACEMENT_3D('',#1791,#1792,#1793);
#1791 = CARTESIAN_POINT('',(7.97,-0.25,0.9));
#1792 = DIRECTION('',(-1.,0.,0.));
#1793 = DIRECTION('',(0.,0.,1.));
#1794 = PLANE('',#1795);
#1795 = AXIS2_PLACEMENT_3D('',#1796,#1797,#1798);
#1796 = CARTESIAN_POINT('',(7.97,-0.35,-6.));
#1797 = DIRECTION('',(1.,0.,0.));
#1798 = DIRECTION('',(0.,0.,1.));
#1799 = ADVANCED_FACE('',(#1800),#1858,.F.);
#1800 = FACE_BOUND('',#1801,.F.);
#1801 = EDGE_LOOP('',(#1802,#1812,#1820,#1826,#1827,#1835,#1843,#1851));
#1802 = ORIENTED_EDGE('',*,*,#1803,.F.);
#1803 = EDGE_CURVE('',#1804,#1806,#1808,.T.);
#1804 = VERTEX_POINT('',#1805);
#1805 = CARTESIAN_POINT('',(23.98,-0.34,1.5));
#1806 = VERTEX_POINT('',#1807);
#1807 = CARTESIAN_POINT('',(23.98,-0.25,1.5));
#1808 = LINE('',#1809,#1810);
#1809 = CARTESIAN_POINT('',(23.98,-0.35,1.5));
#1810 = VECTOR('',#1811,1.);
#1811 = DIRECTION('',(0.,1.,0.));
#1812 = ORIENTED_EDGE('',*,*,#1813,.T.);
#1813 = EDGE_CURVE('',#1804,#1814,#1816,.T.);
#1814 = VERTEX_POINT('',#1815);
#1815 = CARTESIAN_POINT('',(23.98,-0.34,0.66266028276));
#1816 = LINE('',#1817,#1818);
#1817 = CARTESIAN_POINT('',(23.98,-0.34,-2.425));
#1818 = VECTOR('',#1819,1.);
#1819 = DIRECTION('',(0.,2.22044604925E-16,-1.));
#1820 = ORIENTED_EDGE('',*,*,#1821,.F.);
#1821 = EDGE_CURVE('',#163,#1814,#1822,.T.);
#1822 = LINE('',#1823,#1824);
#1823 = CARTESIAN_POINT('',(23.98,-1.56,0.66266028276));
#1824 = VECTOR('',#1825,1.);
#1825 = DIRECTION('',(0.,1.,2.22044604925E-16));
#1826 = ORIENTED_EDGE('',*,*,#171,.F.);
#1827 = ORIENTED_EDGE('',*,*,#1828,.F.);
#1828 = EDGE_CURVE('',#1829,#172,#1831,.T.);
#1829 = VERTEX_POINT('',#1830);
#1830 = CARTESIAN_POINT('',(23.98,-0.35,-5.8));
#1831 = LINE('',#1832,#1833);
#1832 = CARTESIAN_POINT('',(23.98,-0.35,-6.));
#1833 = VECTOR('',#1834,1.);
#1834 = DIRECTION('',(0.,0.,1.));
#1835 = ORIENTED_EDGE('',*,*,#1836,.T.);
#1836 = EDGE_CURVE('',#1829,#1837,#1839,.T.);
#1837 = VERTEX_POINT('',#1838);
#1838 = CARTESIAN_POINT('',(23.98,0.35,-5.8));
#1839 = LINE('',#1840,#1841);
#1840 = CARTESIAN_POINT('',(23.98,-0.35,-5.8));
#1841 = VECTOR('',#1842,1.);
#1842 = DIRECTION('',(0.,1.,0.));
#1843 = ORIENTED_EDGE('',*,*,#1844,.T.);
#1844 = EDGE_CURVE('',#1837,#1845,#1847,.T.);
#1845 = VERTEX_POINT('',#1846);
#1846 = CARTESIAN_POINT('',(23.98,0.35,0.9));
#1847 = LINE('',#1848,#1849);
#1848 = CARTESIAN_POINT('',(23.98,0.35,-6.));
#1849 = VECTOR('',#1850,1.);
#1850 = DIRECTION('',(0.,0.,1.));
#1851 = ORIENTED_EDGE('',*,*,#1852,.F.);
#1852 = EDGE_CURVE('',#1806,#1845,#1853,.T.);
#1853 = CIRCLE('',#1854,0.6);
#1854 = AXIS2_PLACEMENT_3D('',#1855,#1856,#1857);
#1855 = CARTESIAN_POINT('',(23.98,-0.25,0.9));
#1856 = DIRECTION('',(-1.,0.,0.));
#1857 = DIRECTION('',(0.,0.,1.));
#1858 = PLANE('',#1859);
#1859 = AXIS2_PLACEMENT_3D('',#1860,#1861,#1862);
#1860 = CARTESIAN_POINT('',(23.98,-0.35,-6.));
#1861 = DIRECTION('',(1.,0.,0.));
#1862 = DIRECTION('',(0.,0.,1.));
#1863 = ADVANCED_FACE('',(#1864),#1922,.T.);
#1864 = FACE_BOUND('',#1865,.T.);
#1865 = EDGE_LOOP('',(#1866,#1876,#1884,#1890,#1891,#1899,#1907,#1915));
#1866 = ORIENTED_EDGE('',*,*,#1867,.F.);
#1867 = EDGE_CURVE('',#1868,#1870,#1872,.T.);
#1868 = VERTEX_POINT('',#1869);
#1869 = CARTESIAN_POINT('',(24.68,-0.34,1.5));
#1870 = VERTEX_POINT('',#1871);
#1871 = CARTESIAN_POINT('',(24.68,-0.25,1.5));
#1872 = LINE('',#1873,#1874);
#1873 = CARTESIAN_POINT('',(24.68,-0.35,1.5));
#1874 = VECTOR('',#1875,1.);
#1875 = DIRECTION('',(0.,1.,0.));
#1876 = ORIENTED_EDGE('',*,*,#1877,.T.);
#1877 = EDGE_CURVE('',#1868,#1878,#1880,.T.);
#1878 = VERTEX_POINT('',#1879);
#1879 = CARTESIAN_POINT('',(24.68,-0.34,0.66266028276));
#1880 = LINE('',#1881,#1882);
#1881 = CARTESIAN_POINT('',(24.68,-0.34,-2.425));
#1882 = VECTOR('',#1883,1.);
#1883 = DIRECTION('',(0.,2.22044604925E-16,-1.));
#1884 = ORIENTED_EDGE('',*,*,#1885,.F.);
#1885 = EDGE_CURVE('',#146,#1878,#1886,.T.);
#1886 = LINE('',#1887,#1888);
#1887 = CARTESIAN_POINT('',(24.68,-1.56,0.66266028276));
#1888 = VECTOR('',#1889,1.);
#1889 = DIRECTION('',(0.,1.,2.22044604925E-16));
#1890 = ORIENTED_EDGE('',*,*,#145,.F.);
#1891 = ORIENTED_EDGE('',*,*,#1892,.F.);
#1892 = EDGE_CURVE('',#1893,#138,#1895,.T.);
#1893 = VERTEX_POINT('',#1894);
#1894 = CARTESIAN_POINT('',(24.68,-0.35,-5.8));
#1895 = LINE('',#1896,#1897);
#1896 = CARTESIAN_POINT('',(24.68,-0.35,-6.));
#1897 = VECTOR('',#1898,1.);
#1898 = DIRECTION('',(0.,0.,1.));
#1899 = ORIENTED_EDGE('',*,*,#1900,.T.);
#1900 = EDGE_CURVE('',#1893,#1901,#1903,.T.);
#1901 = VERTEX_POINT('',#1902);
#1902 = CARTESIAN_POINT('',(24.68,0.35,-5.8));
#1903 = LINE('',#1904,#1905);
#1904 = CARTESIAN_POINT('',(24.68,-0.35,-5.8));
#1905 = VECTOR('',#1906,1.);
#1906 = DIRECTION('',(0.,1.,0.));
#1907 = ORIENTED_EDGE('',*,*,#1908,.T.);
#1908 = EDGE_CURVE('',#1901,#1909,#1911,.T.);
#1909 = VERTEX_POINT('',#1910);
#1910 = CARTESIAN_POINT('',(24.68,0.35,0.9));
#1911 = LINE('',#1912,#1913);
#1912 = CARTESIAN_POINT('',(24.68,0.35,-6.));
#1913 = VECTOR('',#1914,1.);
#1914 = DIRECTION('',(0.,0.,1.));
#1915 = ORIENTED_EDGE('',*,*,#1916,.F.);
#1916 = EDGE_CURVE('',#1870,#1909,#1917,.T.);
#1917 = CIRCLE('',#1918,0.6);
#1918 = AXIS2_PLACEMENT_3D('',#1919,#1920,#1921);
#1919 = CARTESIAN_POINT('',(24.68,-0.25,0.9));
#1920 = DIRECTION('',(-1.,0.,0.));
#1921 = DIRECTION('',(0.,0.,1.));
#1922 = PLANE('',#1923);
#1923 = AXIS2_PLACEMENT_3D('',#1924,#1925,#1926);
#1924 = CARTESIAN_POINT('',(24.68,-0.35,-6.));
#1925 = DIRECTION('',(1.,0.,0.));
#1926 = DIRECTION('',(0.,0.,1.));
#1927 = ADVANCED_FACE('',(#1928),#1986,.F.);
#1928 = FACE_BOUND('',#1929,.F.);
#1929 = EDGE_LOOP('',(#1930,#1940,#1948,#1954,#1955,#1963,#1971,#1979));
#1930 = ORIENTED_EDGE('',*,*,#1931,.F.);
#1931 = EDGE_CURVE('',#1932,#1934,#1936,.T.);
#1932 = VERTEX_POINT('',#1933);
#1933 = CARTESIAN_POINT('',(26.52,-0.34,1.5));
#1934 = VERTEX_POINT('',#1935);
#1935 = CARTESIAN_POINT('',(26.52,-0.25,1.5));
#1936 = LINE('',#1937,#1938);
#1937 = CARTESIAN_POINT('',(26.52,-0.35,1.5));
#1938 = VECTOR('',#1939,1.);
#1939 = DIRECTION('',(0.,1.,0.));
#1940 = ORIENTED_EDGE('',*,*,#1941,.T.);
#1941 = EDGE_CURVE('',#1932,#1942,#1944,.T.);
#1942 = VERTEX_POINT('',#1943);
#1943 = CARTESIAN_POINT('',(26.52,-0.34,0.66266028276));
#1944 = LINE('',#1945,#1946);
#1945 = CARTESIAN_POINT('',(26.52,-0.34,-2.425));
#1946 = VECTOR('',#1947,1.);
#1947 = DIRECTION('',(0.,2.22044604925E-16,-1.));
#1948 = ORIENTED_EDGE('',*,*,#1949,.F.);
#1949 = EDGE_CURVE('',#121,#1942,#1950,.T.);
#1950 = LINE('',#1951,#1952);
#1951 = CARTESIAN_POINT('',(26.52,-1.56,0.66266028276));
#1952 = VECTOR('',#1953,1.);
#1953 = DIRECTION('',(0.,1.,2.22044604925E-16));
#1954 = ORIENTED_EDGE('',*,*,#129,.F.);
#1955 = ORIENTED_EDGE('',*,*,#1956,.F.);
#1956 = EDGE_CURVE('',#1957,#130,#1959,.T.);
#1957 = VERTEX_POINT('',#1958);
#1958 = CARTESIAN_POINT('',(26.52,-0.35,-5.8));
#1959 = LINE('',#1960,#1961);
#1960 = CARTESIAN_POINT('',(26.52,-0.35,-6.));
#1961 = VECTOR('',#1962,1.);
#1962 = DIRECTION('',(0.,0.,1.));
#1963 = ORIENTED_EDGE('',*,*,#1964,.T.);
#1964 = EDGE_CURVE('',#1957,#1965,#1967,.T.);
#1965 = VERTEX_POINT('',#1966);
#1966 = CARTESIAN_POINT('',(26.52,0.35,-5.8));
#1967 = LINE('',#1968,#1969);
#1968 = CARTESIAN_POINT('',(26.52,-0.35,-5.8));
#1969 = VECTOR('',#1970,1.);
#1970 = DIRECTION('',(0.,1.,0.));
#1971 = ORIENTED_EDGE('',*,*,#1972,.T.);
#1972 = EDGE_CURVE('',#1965,#1973,#1975,.T.);
#1973 = VERTEX_POINT('',#1974);
#1974 = CARTESIAN_POINT('',(26.52,0.35,0.9));
#1975 = LINE('',#1976,#1977);
#1976 = CARTESIAN_POINT('',(26.52,0.35,-6.));
#1977 = VECTOR('',#1978,1.);
#1978 = DIRECTION('',(0.,0.,1.));
#1979 = ORIENTED_EDGE('',*,*,#1980,.F.);
#1980 = EDGE_CURVE('',#1934,#1973,#1981,.T.);
#1981 = CIRCLE('',#1982,0.6);
#1982 = AXIS2_PLACEMENT_3D('',#1983,#1984,#1985);
#1983 = CARTESIAN_POINT('',(26.52,-0.25,0.9));
#1984 = DIRECTION('',(-1.,0.,0.));
#1985 = DIRECTION('',(0.,0.,1.));
#1986 = PLANE('',#1987);
#1987 = AXIS2_PLACEMENT_3D('',#1988,#1989,#1990);
#1988 = CARTESIAN_POINT('',(26.52,-0.35,-6.));
#1989 = DIRECTION('',(1.,0.,0.));
#1990 = DIRECTION('',(0.,0.,1.));
#1991 = ADVANCED_FACE('',(#1992),#2050,.T.);
#1992 = FACE_BOUND('',#1993,.T.);
#1993 = EDGE_LOOP('',(#1994,#2004,#2012,#2018,#2019,#2027,#2035,#2043));
#1994 = ORIENTED_EDGE('',*,*,#1995,.F.);
#1995 = EDGE_CURVE('',#1996,#1998,#2000,.T.);
#1996 = VERTEX_POINT('',#1997);
#1997 = CARTESIAN_POINT('',(27.22,-0.34,1.5));
#1998 = VERTEX_POINT('',#1999);
#1999 = CARTESIAN_POINT('',(27.22,-0.25,1.5));
#2000 = LINE('',#2001,#2002);
#2001 = CARTESIAN_POINT('',(27.22,-0.35,1.5));
#2002 = VECTOR('',#2003,1.);
#2003 = DIRECTION('',(0.,1.,0.));
#2004 = ORIENTED_EDGE('',*,*,#2005,.T.);
#2005 = EDGE_CURVE('',#1996,#2006,#2008,.T.);
#2006 = VERTEX_POINT('',#2007);
#2007 = CARTESIAN_POINT('',(27.22,-0.34,0.66266028276));
#2008 = LINE('',#2009,#2010);
#2009 = CARTESIAN_POINT('',(27.22,-0.34,-2.425));
#2010 = VECTOR('',#2011,1.);
#2011 = DIRECTION('',(0.,2.22044604925E-16,-1.));
#2012 = ORIENTED_EDGE('',*,*,#2013,.F.);
#2013 = EDGE_CURVE('',#104,#2006,#2014,.T.);
#2014 = LINE('',#2015,#2016);
#2015 = CARTESIAN_POINT('',(27.22,-1.56,0.66266028276));
#2016 = VECTOR('',#2017,1.);
#2017 = DIRECTION('',(0.,1.,2.22044604925E-16));
#2018 = ORIENTED_EDGE('',*,*,#103,.F.);
#2019 = ORIENTED_EDGE('',*,*,#2020,.F.);
#2020 = EDGE_CURVE('',#2021,#96,#2023,.T.);
#2021 = VERTEX_POINT('',#2022);
#2022 = CARTESIAN_POINT('',(27.22,-0.35,-5.8));
#2023 = LINE('',#2024,#2025);
#2024 = CARTESIAN_POINT('',(27.22,-0.35,-6.));
#2025 = VECTOR('',#2026,1.);
#2026 = DIRECTION('',(0.,0.,1.));
#2027 = ORIENTED_EDGE('',*,*,#2028,.T.);
#2028 = EDGE_CURVE('',#2021,#2029,#2031,.T.);
#2029 = VERTEX_POINT('',#2030);
#2030 = CARTESIAN_POINT('',(27.22,0.35,-5.8));
#2031 = LINE('',#2032,#2033);
#2032 = CARTESIAN_POINT('',(27.22,-0.35,-5.8));
#2033 = VECTOR('',#2034,1.);
#2034 = DIRECTION('',(0.,1.,0.));
#2035 = ORIENTED_EDGE('',*,*,#2036,.T.);
#2036 = EDGE_CURVE('',#2029,#2037,#2039,.T.);
#2037 = VERTEX_POINT('',#2038);
#2038 = CARTESIAN_POINT('',(27.22,0.35,0.9));
#2039 = LINE('',#2040,#2041);
#2040 = CARTESIAN_POINT('',(27.22,0.35,-6.));
#2041 = VECTOR('',#2042,1.);
#2042 = DIRECTION('',(0.,0.,1.));
#2043 = ORIENTED_EDGE('',*,*,#2044,.F.);
#2044 = EDGE_CURVE('',#1998,#2037,#2045,.T.);
#2045 = CIRCLE('',#2046,0.6);
#2046 = AXIS2_PLACEMENT_3D('',#2047,#2048,#2049);
#2047 = CARTESIAN_POINT('',(27.22,-0.25,0.9));
#2048 = DIRECTION('',(-1.,0.,0.));
#2049 = DIRECTION('',(0.,0.,1.));
#2050 = PLANE('',#2051);
#2051 = AXIS2_PLACEMENT_3D('',#2052,#2053,#2054);
#2052 = CARTESIAN_POINT('',(27.22,-0.35,-6.));
#2053 = DIRECTION('',(1.,0.,0.));
#2054 = DIRECTION('',(0.,0.,1.));
#2055 = ADVANCED_FACE('',(#2056),#2074,.T.);
#2056 = FACE_BOUND('',#2057,.T.);
#2057 = EDGE_LOOP('',(#2058,#2066,#2067,#2068));
#2058 = ORIENTED_EDGE('',*,*,#2059,.F.);
#2059 = EDGE_CURVE('',#1227,#2060,#2062,.T.);
#2060 = VERTEX_POINT('',#2061);
#2061 = CARTESIAN_POINT('',(28.43,-1.55,8.7));
#2062 = LINE('',#2063,#2064);
#2063 = CARTESIAN_POINT('',(28.43,-1.55,0.));
#2064 = VECTOR('',#2065,1.);
#2065 = DIRECTION('',(0.,0.,1.));
#2066 = ORIENTED_EDGE('',*,*,#1234,.T.);
#2067 = ORIENTED_EDGE('',*,*,#87,.T.);
#2068 = ORIENTED_EDGE('',*,*,#2069,.F.);
#2069 = EDGE_CURVE('',#2060,#80,#2070,.T.);
#2070 = LINE('',#2071,#2072);
#2071 = CARTESIAN_POINT('',(28.43,-1.55,8.7));
#2072 = VECTOR('',#2073,1.);
#2073 = DIRECTION('',(0.,1.,0.));
#2074 = PLANE('',#2075);
#2075 = AXIS2_PLACEMENT_3D('',#2076,#2077,#2078);
#2076 = CARTESIAN_POINT('',(28.43,-1.55,0.));
#2077 = DIRECTION('',(1.,0.,0.));
#2078 = DIRECTION('',(0.,0.,1.));
#2079 = ADVANCED_FACE('',(#2080),#2098,.T.);
#2080 = FACE_BOUND('',#2081,.T.);
#2081 = EDGE_LOOP('',(#2082,#2090,#2096,#2097));
#2082 = ORIENTED_EDGE('',*,*,#2083,.F.);
#2083 = EDGE_CURVE('',#2084,#72,#2086,.T.);
#2084 = VERTEX_POINT('',#2085);
#2085 = CARTESIAN_POINT('',(-1.57,-1.55,8.7));
#2086 = LINE('',#2087,#2088);
#2087 = CARTESIAN_POINT('',(-1.57,-1.55,8.7));
#2088 = VECTOR('',#2089,1.);
#2089 = DIRECTION('',(0.,1.,0.));
#2090 = ORIENTED_EDGE('',*,*,#2091,.T.);
#2091 = EDGE_CURVE('',#2084,#2060,#2092,.T.);
#2092 = LINE('',#2093,#2094);
#2093 = CARTESIAN_POINT('',(-1.57,-1.55,8.7));
#2094 = VECTOR('',#2095,1.);
#2095 = DIRECTION('',(1.,0.,0.));
#2096 = ORIENTED_EDGE('',*,*,#2069,.T.);
#2097 = ORIENTED_EDGE('',*,*,#79,.F.);
#2098 = PLANE('',#2099);
#2099 = AXIS2_PLACEMENT_3D('',#2100,#2101,#2102);
#2100 = CARTESIAN_POINT('',(-1.57,-1.55,8.7));
#2101 = DIRECTION('',(0.,0.,1.));
#2102 = DIRECTION('',(1.,0.,0.));
#2103 = ADVANCED_FACE('',(#2104),#2115,.F.);
#2104 = FACE_BOUND('',#2105,.F.);
#2105 = EDGE_LOOP('',(#2106,#2112,#2113,#2114));
#2106 = ORIENTED_EDGE('',*,*,#2107,.F.);
#2107 = EDGE_CURVE('',#1219,#2084,#2108,.T.);
#2108 = LINE('',#2109,#2110);
#2109 = CARTESIAN_POINT('',(-1.57,-1.55,0.));
#2110 = VECTOR('',#2111,1.);
#2111 = DIRECTION('',(0.,0.,1.));
#2112 = ORIENTED_EDGE('',*,*,#1218,.T.);
#2113 = ORIENTED_EDGE('',*,*,#71,.T.);
#2114 = ORIENTED_EDGE('',*,*,#2083,.F.);
#2115 = PLANE('',#2116);
#2116 = AXIS2_PLACEMENT_3D('',#2117,#2118,#2119);
#2117 = CARTESIAN_POINT('',(-1.57,-1.55,0.));
#2118 = DIRECTION('',(1.,0.,0.));
#2119 = DIRECTION('',(0.,0.,1.));
#2120 = ADVANCED_FACE('',(#2121),#2146,.T.);
#2121 = FACE_BOUND('',#2122,.T.);
#2122 = EDGE_LOOP('',(#2123,#2131,#2132,#2140));
#2123 = ORIENTED_EDGE('',*,*,#2124,.F.);
#2124 = EDGE_CURVE('',#348,#2125,#2127,.T.);
#2125 = VERTEX_POINT('',#2126);
#2126 = CARTESIAN_POINT('',(-5.E-02,-0.34,3.));
#2127 = LINE('',#2128,#2129);
#2128 = CARTESIAN_POINT('',(-5.E-02,-1.56,3.));
#2129 = VECTOR('',#2130,1.);
#2130 = DIRECTION('',(0.,1.,0.));
#2131 = ORIENTED_EDGE('',*,*,#347,.T.);
#2132 = ORIENTED_EDGE('',*,*,#2133,.T.);
#2133 = EDGE_CURVE('',#350,#2134,#2136,.T.);
#2134 = VERTEX_POINT('',#2135);
#2135 = CARTESIAN_POINT('',(0.15,-0.34,3.));
#2136 = LINE('',#2137,#2138);
#2137 = CARTESIAN_POINT('',(0.15,-1.56,3.));
#2138 = VECTOR('',#2139,1.);
#2139 = DIRECTION('',(0.,1.,0.));
#2140 = ORIENTED_EDGE('',*,*,#2141,.F.);
#2141 = EDGE_CURVE('',#2125,#2134,#2142,.T.);
#2142 = LINE('',#2143,#2144);
#2143 = CARTESIAN_POINT('',(-5.E-02,-0.34,3.));
#2144 = VECTOR('',#2145,1.);
#2145 = DIRECTION('',(1.,0.,0.));
#2146 = PLANE('',#2147);
#2147 = AXIS2_PLACEMENT_3D('',#2148,#2149,#2150);
#2148 = CARTESIAN_POINT('',(-5.E-02,-1.56,3.));
#2149 = DIRECTION('',(0.,0.,1.));
#2150 = DIRECTION('',(1.,0.,0.));
#2151 = ADVANCED_FACE('',(#2152),#2170,.T.);
#2152 = FACE_BOUND('',#2153,.T.);
#2153 = EDGE_LOOP('',(#2154,#2155,#2156,#2164));
#2154 = ORIENTED_EDGE('',*,*,#2133,.F.);
#2155 = ORIENTED_EDGE('',*,*,#373,.T.);
#2156 = ORIENTED_EDGE('',*,*,#2157,.T.);
#2157 = EDGE_CURVE('',#366,#2158,#2160,.T.);
#2158 = VERTEX_POINT('',#2159);
#2159 = CARTESIAN_POINT('',(0.15,-0.34,2.));
#2160 = LINE('',#2161,#2162);
#2161 = CARTESIAN_POINT('',(0.15,-1.56,2.));
#2162 = VECTOR('',#2163,1.);
#2163 = DIRECTION('',(0.,1.,0.));
#2164 = ORIENTED_EDGE('',*,*,#2165,.T.);
#2165 = EDGE_CURVE('',#2158,#2134,#2166,.T.);
#2166 = LINE('',#2167,#2168);
#2167 = CARTESIAN_POINT('',(0.15,-0.34,2.));
#2168 = VECTOR('',#2169,1.);
#2169 = DIRECTION('',(0.,0.,1.));
#2170 = PLANE('',#2171);
#2171 = AXIS2_PLACEMENT_3D('',#2172,#2173,#2174);
#2172 = CARTESIAN_POINT('',(0.15,-1.56,2.));
#2173 = DIRECTION('',(1.,0.,0.));
#2174 = DIRECTION('',(0.,0.,1.));
#2175 = ADVANCED_FACE('',(#2176),#2194,.F.);
#2176 = FACE_BOUND('',#2177,.F.);
#2177 = EDGE_LOOP('',(#2178,#2186,#2187,#2188));
#2178 = ORIENTED_EDGE('',*,*,#2179,.F.);
#2179 = EDGE_CURVE('',#358,#2180,#2182,.T.);
#2180 = VERTEX_POINT('',#2181);
#2181 = CARTESIAN_POINT('',(-5.E-02,-0.34,2.));
#2182 = LINE('',#2183,#2184);
#2183 = CARTESIAN_POINT('',(-5.E-02,-1.56,2.));
#2184 = VECTOR('',#2185,1.);
#2185 = DIRECTION('',(0.,1.,0.));
#2186 = ORIENTED_EDGE('',*,*,#365,.T.);
#2187 = ORIENTED_EDGE('',*,*,#2157,.T.);
#2188 = ORIENTED_EDGE('',*,*,#2189,.F.);
#2189 = EDGE_CURVE('',#2180,#2158,#2190,.T.);
#2190 = LINE('',#2191,#2192);
#2191 = CARTESIAN_POINT('',(-5.E-02,-0.34,2.));
#2192 = VECTOR('',#2193,1.);
#2193 = DIRECTION('',(1.,0.,0.));
#2194 = PLANE('',#2195);
#2195 = AXIS2_PLACEMENT_3D('',#2196,#2197,#2198);
#2196 = CARTESIAN_POINT('',(-5.E-02,-1.56,2.));
#2197 = DIRECTION('',(0.,0.,1.));
#2198 = DIRECTION('',(1.,0.,0.));
#2199 = ADVANCED_FACE('',(#2200),#2211,.F.);
#2200 = FACE_BOUND('',#2201,.F.);
#2201 = EDGE_LOOP('',(#2202,#2203,#2204,#2205));
#2202 = ORIENTED_EDGE('',*,*,#2124,.F.);
#2203 = ORIENTED_EDGE('',*,*,#357,.T.);
#2204 = ORIENTED_EDGE('',*,*,#2179,.T.);
#2205 = ORIENTED_EDGE('',*,*,#2206,.T.);
#2206 = EDGE_CURVE('',#2180,#2125,#2207,.T.);
#2207 = LINE('',#2208,#2209);
#2208 = CARTESIAN_POINT('',(-5.E-02,-0.34,2.));
#2209 = VECTOR('',#2210,1.);
#2210 = DIRECTION('',(0.,0.,1.));
#2211 = PLANE('',#2212);
#2212 = AXIS2_PLACEMENT_3D('',#2213,#2214,#2215);
#2213 = CARTESIAN_POINT('',(-5.E-02,-1.56,2.));
#2214 = DIRECTION('',(1.,0.,0.));
#2215 = DIRECTION('',(0.,0.,1.));
#2216 = ADVANCED_FACE('',(#2217),#2253,.T.);
#2217 = FACE_BOUND('',#2218,.T.);
#2218 = EDGE_LOOP('',(#2219,#2227,#2236,#2245,#2251,#2252));
#2219 = ORIENTED_EDGE('',*,*,#2220,.T.);
#2220 = EDGE_CURVE('',#410,#2221,#2223,.T.);
#2221 = VERTEX_POINT('',#2222);
#2222 = CARTESIAN_POINT('',(7.2,-5.E-02,3.9));
#2223 = LINE('',#2224,#2225);
#2224 = CARTESIAN_POINT('',(7.2,-0.35,3.9));
#2225 = VECTOR('',#2226,1.);
#2226 = DIRECTION('',(0.,1.,0.));
#2227 = ORIENTED_EDGE('',*,*,#2228,.F.);
#2228 = EDGE_CURVE('',#2229,#2221,#2231,.T.);
#2229 = VERTEX_POINT('',#2230);
#2230 = CARTESIAN_POINT('',(9.4,-5.E-02,6.1));
#2231 = CIRCLE('',#2232,2.2);
#2232 = AXIS2_PLACEMENT_3D('',#2233,#2234,#2235);
#2233 = CARTESIAN_POINT('',(7.2,-5.E-02,6.1));
#2234 = DIRECTION('',(-1.676747949414E-33,1.,7.220126256499E-17));
#2235 = DIRECTION('',(1.,2.387614628866E-33,-9.845626713408E-18));
#2236 = ORIENTED_EDGE('',*,*,#2237,.F.);
#2237 = EDGE_CURVE('',#2238,#2229,#2240,.T.);
#2238 = VERTEX_POINT('',#2239);
#2239 = CARTESIAN_POINT('',(7.2,-5.E-02,8.3));
#2240 = CIRCLE('',#2241,2.2);
#2241 = AXIS2_PLACEMENT_3D('',#2242,#2243,#2244);
#2242 = CARTESIAN_POINT('',(7.2,-5.E-02,6.1));
#2243 = DIRECTION('',(-1.676747949414E-33,1.,7.220126256499E-17));
#2244 = DIRECTION('',(2.286474476474E-34,-7.220126256499E-17,1.));
#2245 = ORIENTED_EDGE('',*,*,#2246,.F.);
#2246 = EDGE_CURVE('',#382,#2238,#2247,.T.);
#2247 = LINE('',#2248,#2249);
#2248 = CARTESIAN_POINT('',(7.2,-0.35,8.3));
#2249 = VECTOR('',#2250,1.);
#2250 = DIRECTION('',(0.,1.,0.));
#2251 = ORIENTED_EDGE('',*,*,#381,.T.);
#2252 = ORIENTED_EDGE('',*,*,#417,.T.);
#2253 = CYLINDRICAL_SURFACE('',#2254,2.2);
#2254 = AXIS2_PLACEMENT_3D('',#2255,#2256,#2257);
#2255 = CARTESIAN_POINT('',(7.2,-0.35,6.1));
#2256 = DIRECTION('',(0.,1.,2.22044604925E-16));
#2257 = DIRECTION('',(1.,0.,0.));
#2258 = ADVANCED_FACE('',(#2259),#2277,.F.);
#2259 = FACE_BOUND('',#2260,.F.);
#2260 = EDGE_LOOP('',(#2261,#2269,#2270,#2271));
#2261 = ORIENTED_EDGE('',*,*,#2262,.F.);
#2262 = EDGE_CURVE('',#401,#2263,#2265,.T.);
#2263 = VERTEX_POINT('',#2264);
#2264 = CARTESIAN_POINT('',(0.8,-5.E-02,3.9));
#2265 = LINE('',#2266,#2267);
#2266 = CARTESIAN_POINT('',(0.8,-0.35,3.9));
#2267 = VECTOR('',#2268,1.);
#2268 = DIRECTION('',(0.,1.,0.));
#2269 = ORIENTED_EDGE('',*,*,#409,.T.);
#2270 = ORIENTED_EDGE('',*,*,#2220,.T.);
#2271 = ORIENTED_EDGE('',*,*,#2272,.T.);
#2272 = EDGE_CURVE('',#2221,#2263,#2273,.T.);
#2273 = LINE('',#2274,#2275);
#2274 = CARTESIAN_POINT('',(7.2,-5.E-02,3.9));
#2275 = VECTOR('',#2276,1.);
#2276 = DIRECTION('',(-1.,-0.,-0.));
#2277 = PLANE('',#2278);
#2278 = AXIS2_PLACEMENT_3D('',#2279,#2280,#2281);
#2279 = CARTESIAN_POINT('',(0.8,-0.35,3.9));
#2280 = DIRECTION('',(0.,0.,1.));
#2281 = DIRECTION('',(1.,0.,0.));
#2282 = ADVANCED_FACE('',(#2283),#2302,.T.);
#2283 = FACE_BOUND('',#2284,.T.);
#2284 = EDGE_LOOP('',(#2285,#2293,#2300,#2301));
#2285 = ORIENTED_EDGE('',*,*,#2286,.T.);
#2286 = EDGE_CURVE('',#393,#2287,#2289,.T.);
#2287 = VERTEX_POINT('',#2288);
#2288 = CARTESIAN_POINT('',(0.8,-5.E-02,8.3));
#2289 = LINE('',#2290,#2291);
#2290 = CARTESIAN_POINT('',(0.8,-0.35,8.3));
#2291 = VECTOR('',#2292,1.);
#2292 = DIRECTION('',(0.,1.,0.));
#2293 = ORIENTED_EDGE('',*,*,#2294,.F.);
#2294 = EDGE_CURVE('',#2263,#2287,#2295,.T.);
#2295 = CIRCLE('',#2296,2.2);
#2296 = AXIS2_PLACEMENT_3D('',#2297,#2298,#2299);
#2297 = CARTESIAN_POINT('',(0.8,-5.E-02,6.1));
#2298 = DIRECTION('',(-1.676747949414E-33,1.,7.220126256499E-17));
#2299 = DIRECTION('',(1.513940488125E-16,7.220126256499E-17,-1.));
#2300 = ORIENTED_EDGE('',*,*,#2262,.F.);
#2301 = ORIENTED_EDGE('',*,*,#400,.T.);
#2302 = CYLINDRICAL_SURFACE('',#2303,2.2);
#2303 = AXIS2_PLACEMENT_3D('',#2304,#2305,#2306);
#2304 = CARTESIAN_POINT('',(0.8,-0.35,6.1));
#2305 = DIRECTION('',(0.,1.,2.22044604925E-16));
#2306 = DIRECTION('',(1.,0.,0.));
#2307 = ADVANCED_FACE('',(#2308),#2319,.T.);
#2308 = FACE_BOUND('',#2309,.T.);
#2309 = EDGE_LOOP('',(#2310,#2311,#2312,#2313));
#2310 = ORIENTED_EDGE('',*,*,#2286,.F.);
#2311 = ORIENTED_EDGE('',*,*,#392,.T.);
#2312 = ORIENTED_EDGE('',*,*,#2246,.T.);
#2313 = ORIENTED_EDGE('',*,*,#2314,.F.);
#2314 = EDGE_CURVE('',#2287,#2238,#2315,.T.);
#2315 = LINE('',#2316,#2317);
#2316 = CARTESIAN_POINT('',(0.8,-5.E-02,8.3));
#2317 = VECTOR('',#2318,1.);
#2318 = DIRECTION('',(1.,0.,0.));
#2319 = PLANE('',#2320);
#2320 = AXIS2_PLACEMENT_3D('',#2321,#2322,#2323);
#2321 = CARTESIAN_POINT('',(0.8,-0.35,8.3));
#2322 = DIRECTION('',(0.,0.,1.));
#2323 = DIRECTION('',(1.,0.,0.));
#2324 = ADVANCED_FACE('',(#2325),#2343,.T.);
#2325 = FACE_BOUND('',#2326,.T.);
#2326 = EDGE_LOOP('',(#2327,#2328,#2336,#2342));
#2327 = ORIENTED_EDGE('',*,*,#947,.F.);
#2328 = ORIENTED_EDGE('',*,*,#2329,.T.);
#2329 = EDGE_CURVE('',#940,#2330,#2332,.T.);
#2330 = VERTEX_POINT('',#2331);
#2331 = CARTESIAN_POINT('',(20.67,-5.E-02,1.5));
#2332 = LINE('',#2333,#2334);
#2333 = CARTESIAN_POINT('',(20.67,-0.35,1.5));
#2334 = VECTOR('',#2335,1.);
#2335 = DIRECTION('',(0.,1.,0.));
#2336 = ORIENTED_EDGE('',*,*,#2337,.T.);
#2337 = EDGE_CURVE('',#2330,#1133,#2338,.T.);
#2338 = LINE('',#2339,#2340);
#2339 = CARTESIAN_POINT('',(20.67,-5.E-02,1.5));
#2340 = VECTOR('',#2341,1.);
#2341 = DIRECTION('',(0.,0.,1.));
#2342 = ORIENTED_EDGE('',*,*,#1140,.F.);
#2343 = PLANE('',#2344);
#2344 = AXIS2_PLACEMENT_3D('',#2345,#2346,#2347);
#2345 = CARTESIAN_POINT('',(20.67,-0.35,1.5));
#2346 = DIRECTION('',(1.,0.,0.));
#2347 = DIRECTION('',(0.,0.,1.));
#2348 = ADVANCED_FACE('',(#2349),#2367,.F.);
#2349 = FACE_BOUND('',#2350,.F.);
#2350 = EDGE_LOOP('',(#2351,#2359,#2360,#2361));
#2351 = ORIENTED_EDGE('',*,*,#2352,.F.);
#2352 = EDGE_CURVE('',#932,#2353,#2355,.T.);
#2353 = VERTEX_POINT('',#2354);
#2354 = CARTESIAN_POINT('',(20.27,-5.E-02,1.5));
#2355 = LINE('',#2356,#2357);
#2356 = CARTESIAN_POINT('',(20.27,-0.35,1.5));
#2357 = VECTOR('',#2358,1.);
#2358 = DIRECTION('',(0.,1.,0.));
#2359 = ORIENTED_EDGE('',*,*,#939,.T.);
#2360 = ORIENTED_EDGE('',*,*,#2329,.T.);
#2361 = ORIENTED_EDGE('',*,*,#2362,.F.);
#2362 = EDGE_CURVE('',#2353,#2330,#2363,.T.);
#2363 = LINE('',#2364,#2365);
#2364 = CARTESIAN_POINT('',(20.27,-5.E-02,1.5));
#2365 = VECTOR('',#2366,1.);
#2366 = DIRECTION('',(1.,0.,0.));
#2367 = PLANE('',#2368);
#2368 = AXIS2_PLACEMENT_3D('',#2369,#2370,#2371);
#2369 = CARTESIAN_POINT('',(20.27,-0.35,1.5));
#2370 = DIRECTION('',(0.,0.,1.));
#2371 = DIRECTION('',(1.,0.,0.));
#2372 = ADVANCED_FACE('',(#2373),#2384,.F.);
#2373 = FACE_BOUND('',#2374,.F.);
#2374 = EDGE_LOOP('',(#2375,#2376,#2377,#2383));
#2375 = ORIENTED_EDGE('',*,*,#931,.F.);
#2376 = ORIENTED_EDGE('',*,*,#2352,.T.);
#2377 = ORIENTED_EDGE('',*,*,#2378,.T.);
#2378 = EDGE_CURVE('',#2353,#1125,#2379,.T.);
#2379 = LINE('',#2380,#2381);
#2380 = CARTESIAN_POINT('',(20.27,-5.E-02,1.5));
#2381 = VECTOR('',#2382,1.);
#2382 = DIRECTION('',(0.,0.,1.));
#2383 = ORIENTED_EDGE('',*,*,#1124,.F.);
#2384 = PLANE('',#2385);
#2385 = AXIS2_PLACEMENT_3D('',#2386,#2387,#2388);
#2386 = CARTESIAN_POINT('',(20.27,-0.35,1.5));
#2387 = DIRECTION('',(1.,0.,0.));
#2388 = DIRECTION('',(0.,0.,1.));
#2389 = ADVANCED_FACE('',(#2390),#2408,.T.);
#2390 = FACE_BOUND('',#2391,.T.);
#2391 = EDGE_LOOP('',(#2392,#2393,#2401,#2407));
#2392 = ORIENTED_EDGE('',*,*,#915,.F.);
#2393 = ORIENTED_EDGE('',*,*,#2394,.T.);
#2394 = EDGE_CURVE('',#908,#2395,#2397,.T.);
#2395 = VERTEX_POINT('',#2396);
#2396 = CARTESIAN_POINT('',(19.4,-5.E-02,1.5));
#2397 = LINE('',#2398,#2399);
#2398 = CARTESIAN_POINT('',(19.4,-0.35,1.5));
#2399 = VECTOR('',#2400,1.);
#2400 = DIRECTION('',(0.,1.,0.));
#2401 = ORIENTED_EDGE('',*,*,#2402,.T.);
#2402 = EDGE_CURVE('',#2395,#1110,#2403,.T.);
#2403 = LINE('',#2404,#2405);
#2404 = CARTESIAN_POINT('',(19.4,-5.E-02,1.5));
#2405 = VECTOR('',#2406,1.);
#2406 = DIRECTION('',(0.,0.,1.));
#2407 = ORIENTED_EDGE('',*,*,#1117,.F.);
#2408 = PLANE('',#2409);
#2409 = AXIS2_PLACEMENT_3D('',#2410,#2411,#2412);
#2410 = CARTESIAN_POINT('',(19.4,-0.35,1.5));
#2411 = DIRECTION('',(1.,0.,0.));
#2412 = DIRECTION('',(0.,0.,1.));
#2413 = ADVANCED_FACE('',(#2414),#2432,.F.);
#2414 = FACE_BOUND('',#2415,.F.);
#2415 = EDGE_LOOP('',(#2416,#2424,#2425,#2426));
#2416 = ORIENTED_EDGE('',*,*,#2417,.F.);
#2417 = EDGE_CURVE('',#900,#2418,#2420,.T.);
#2418 = VERTEX_POINT('',#2419);
#2419 = CARTESIAN_POINT('',(19.,-5.E-02,1.5));
#2420 = LINE('',#2421,#2422);
#2421 = CARTESIAN_POINT('',(19.,-0.35,1.5));
#2422 = VECTOR('',#2423,1.);
#2423 = DIRECTION('',(0.,1.,0.));
#2424 = ORIENTED_EDGE('',*,*,#907,.T.);
#2425 = ORIENTED_EDGE('',*,*,#2394,.T.);
#2426 = ORIENTED_EDGE('',*,*,#2427,.F.);
#2427 = EDGE_CURVE('',#2418,#2395,#2428,.T.);
#2428 = LINE('',#2429,#2430);
#2429 = CARTESIAN_POINT('',(19.,-5.E-02,1.5));
#2430 = VECTOR('',#2431,1.);
#2431 = DIRECTION('',(1.,0.,0.));
#2432 = PLANE('',#2433);
#2433 = AXIS2_PLACEMENT_3D('',#2434,#2435,#2436);
#2434 = CARTESIAN_POINT('',(19.,-0.35,1.5));
#2435 = DIRECTION('',(0.,0.,1.));
#2436 = DIRECTION('',(1.,0.,0.));
#2437 = ADVANCED_FACE('',(#2438),#2449,.F.);
#2438 = FACE_BOUND('',#2439,.F.);
#2439 = EDGE_LOOP('',(#2440,#2441,#2442,#2448));
#2440 = ORIENTED_EDGE('',*,*,#899,.F.);
#2441 = ORIENTED_EDGE('',*,*,#2417,.T.);
#2442 = ORIENTED_EDGE('',*,*,#2443,.T.);
#2443 = EDGE_CURVE('',#2418,#1102,#2444,.T.);
#2444 = LINE('',#2445,#2446);
#2445 = CARTESIAN_POINT('',(19.,-5.E-02,1.5));
#2446 = VECTOR('',#2447,1.);
#2447 = DIRECTION('',(0.,0.,1.));
#2448 = ORIENTED_EDGE('',*,*,#1101,.F.);
#2449 = PLANE('',#2450);
#2450 = AXIS2_PLACEMENT_3D('',#2451,#2452,#2453);
#2451 = CARTESIAN_POINT('',(19.,-0.35,1.5));
#2452 = DIRECTION('',(1.,0.,0.));
#2453 = DIRECTION('',(0.,0.,1.));
#2454 = ADVANCED_FACE('',(#2455),#2473,.T.);
#2455 = FACE_BOUND('',#2456,.T.);
#2456 = EDGE_LOOP('',(#2457,#2458,#2466,#2472));
#2457 = ORIENTED_EDGE('',*,*,#883,.F.);
#2458 = ORIENTED_EDGE('',*,*,#2459,.T.);
#2459 = EDGE_CURVE('',#876,#2460,#2462,.T.);
#2460 = VERTEX_POINT('',#2461);
#2461 = CARTESIAN_POINT('',(18.13,-5.E-02,1.5));
#2462 = LINE('',#2463,#2464);
#2463 = CARTESIAN_POINT('',(18.13,-0.35,1.5));
#2464 = VECTOR('',#2465,1.);
#2465 = DIRECTION('',(0.,1.,0.));
#2466 = ORIENTED_EDGE('',*,*,#2467,.T.);
#2467 = EDGE_CURVE('',#2460,#1087,#2468,.T.);
#2468 = LINE('',#2469,#2470);
#2469 = CARTESIAN_POINT('',(18.13,-5.E-02,1.5));
#2470 = VECTOR('',#2471,1.);
#2471 = DIRECTION('',(0.,0.,1.));
#2472 = ORIENTED_EDGE('',*,*,#1094,.F.);
#2473 = PLANE('',#2474);
#2474 = AXIS2_PLACEMENT_3D('',#2475,#2476,#2477);
#2475 = CARTESIAN_POINT('',(18.13,-0.35,1.5));
#2476 = DIRECTION('',(1.,0.,0.));
#2477 = DIRECTION('',(0.,0.,1.));
#2478 = ADVANCED_FACE('',(#2479),#2497,.F.);
#2479 = FACE_BOUND('',#2480,.F.);
#2480 = EDGE_LOOP('',(#2481,#2489,#2490,#2491));
#2481 = ORIENTED_EDGE('',*,*,#2482,.F.);
#2482 = EDGE_CURVE('',#868,#2483,#2485,.T.);
#2483 = VERTEX_POINT('',#2484);
#2484 = CARTESIAN_POINT('',(17.73,-5.E-02,1.5));
#2485 = LINE('',#2486,#2487);
#2486 = CARTESIAN_POINT('',(17.73,-0.35,1.5));
#2487 = VECTOR('',#2488,1.);
#2488 = DIRECTION('',(0.,1.,0.));
#2489 = ORIENTED_EDGE('',*,*,#875,.T.);
#2490 = ORIENTED_EDGE('',*,*,#2459,.T.);
#2491 = ORIENTED_EDGE('',*,*,#2492,.F.);
#2492 = EDGE_CURVE('',#2483,#2460,#2493,.T.);
#2493 = LINE('',#2494,#2495);
#2494 = CARTESIAN_POINT('',(17.73,-5.E-02,1.5));
#2495 = VECTOR('',#2496,1.);
#2496 = DIRECTION('',(1.,0.,0.));
#2497 = PLANE('',#2498);
#2498 = AXIS2_PLACEMENT_3D('',#2499,#2500,#2501);
#2499 = CARTESIAN_POINT('',(17.73,-0.35,1.5));
#2500 = DIRECTION('',(0.,0.,1.));
#2501 = DIRECTION('',(1.,0.,0.));
#2502 = ADVANCED_FACE('',(#2503),#2514,.F.);
#2503 = FACE_BOUND('',#2504,.F.);
#2504 = EDGE_LOOP('',(#2505,#2506,#2507,#2513));
#2505 = ORIENTED_EDGE('',*,*,#867,.F.);
#2506 = ORIENTED_EDGE('',*,*,#2482,.T.);
#2507 = ORIENTED_EDGE('',*,*,#2508,.T.);
#2508 = EDGE_CURVE('',#2483,#1079,#2509,.T.);
#2509 = LINE('',#2510,#2511);
#2510 = CARTESIAN_POINT('',(17.73,-5.E-02,1.5));
#2511 = VECTOR('',#2512,1.);
#2512 = DIRECTION('',(0.,0.,1.));
#2513 = ORIENTED_EDGE('',*,*,#1078,.F.);
#2514 = PLANE('',#2515);
#2515 = AXIS2_PLACEMENT_3D('',#2516,#2517,#2518);
#2516 = CARTESIAN_POINT('',(17.73,-0.35,1.5));
#2517 = DIRECTION('',(1.,0.,0.));
#2518 = DIRECTION('',(0.,0.,1.));
#2519 = ADVANCED_FACE('',(#2520),#2538,.T.);
#2520 = FACE_BOUND('',#2521,.T.);
#2521 = EDGE_LOOP('',(#2522,#2523,#2531,#2537));
#2522 = ORIENTED_EDGE('',*,*,#851,.F.);
#2523 = ORIENTED_EDGE('',*,*,#2524,.T.);
#2524 = EDGE_CURVE('',#844,#2525,#2527,.T.);
#2525 = VERTEX_POINT('',#2526);
#2526 = CARTESIAN_POINT('',(16.86,-5.E-02,1.5));
#2527 = LINE('',#2528,#2529);
#2528 = CARTESIAN_POINT('',(16.86,-0.35,1.5));
#2529 = VECTOR('',#2530,1.);
#2530 = DIRECTION('',(0.,1.,0.));
#2531 = ORIENTED_EDGE('',*,*,#2532,.T.);
#2532 = EDGE_CURVE('',#2525,#1064,#2533,.T.);
#2533 = LINE('',#2534,#2535);
#2534 = CARTESIAN_POINT('',(16.86,-5.E-02,1.5));
#2535 = VECTOR('',#2536,1.);
#2536 = DIRECTION('',(0.,0.,1.));
#2537 = ORIENTED_EDGE('',*,*,#1071,.F.);
#2538 = PLANE('',#2539);
#2539 = AXIS2_PLACEMENT_3D('',#2540,#2541,#2542);
#2540 = CARTESIAN_POINT('',(16.86,-0.35,1.5));
#2541 = DIRECTION('',(1.,0.,0.));
#2542 = DIRECTION('',(0.,0.,1.));
#2543 = ADVANCED_FACE('',(#2544),#2562,.F.);
#2544 = FACE_BOUND('',#2545,.F.);
#2545 = EDGE_LOOP('',(#2546,#2554,#2555,#2556));
#2546 = ORIENTED_EDGE('',*,*,#2547,.F.);
#2547 = EDGE_CURVE('',#836,#2548,#2550,.T.);
#2548 = VERTEX_POINT('',#2549);
#2549 = CARTESIAN_POINT('',(16.46,-5.E-02,1.5));
#2550 = LINE('',#2551,#2552);
#2551 = CARTESIAN_POINT('',(16.46,-0.35,1.5));
#2552 = VECTOR('',#2553,1.);
#2553 = DIRECTION('',(0.,1.,0.));
#2554 = ORIENTED_EDGE('',*,*,#843,.T.);
#2555 = ORIENTED_EDGE('',*,*,#2524,.T.);
#2556 = ORIENTED_EDGE('',*,*,#2557,.F.);
#2557 = EDGE_CURVE('',#2548,#2525,#2558,.T.);
#2558 = LINE('',#2559,#2560);
#2559 = CARTESIAN_POINT('',(16.46,-5.E-02,1.5));
#2560 = VECTOR('',#2561,1.);
#2561 = DIRECTION('',(1.,0.,0.));
#2562 = PLANE('',#2563);
#2563 = AXIS2_PLACEMENT_3D('',#2564,#2565,#2566);
#2564 = CARTESIAN_POINT('',(16.46,-0.35,1.5));
#2565 = DIRECTION('',(0.,0.,1.));
#2566 = DIRECTION('',(1.,0.,0.));
#2567 = ADVANCED_FACE('',(#2568),#2579,.F.);
#2568 = FACE_BOUND('',#2569,.F.);
#2569 = EDGE_LOOP('',(#2570,#2571,#2572,#2578));
#2570 = ORIENTED_EDGE('',*,*,#835,.F.);
#2571 = ORIENTED_EDGE('',*,*,#2547,.T.);
#2572 = ORIENTED_EDGE('',*,*,#2573,.T.);
#2573 = EDGE_CURVE('',#2548,#1056,#2574,.T.);
#2574 = LINE('',#2575,#2576);
#2575 = CARTESIAN_POINT('',(16.46,-5.E-02,1.5));
#2576 = VECTOR('',#2577,1.);
#2577 = DIRECTION('',(0.,0.,1.));
#2578 = ORIENTED_EDGE('',*,*,#1055,.F.);
#2579 = PLANE('',#2580);
#2580 = AXIS2_PLACEMENT_3D('',#2581,#2582,#2583);
#2581 = CARTESIAN_POINT('',(16.46,-0.35,1.5));
#2582 = DIRECTION('',(1.,0.,0.));
#2583 = DIRECTION('',(0.,0.,1.));
#2584 = ADVANCED_FACE('',(#2585),#2603,.T.);
#2585 = FACE_BOUND('',#2586,.T.);
#2586 = EDGE_LOOP('',(#2587,#2588,#2596,#2602));
#2587 = ORIENTED_EDGE('',*,*,#819,.F.);
#2588 = ORIENTED_EDGE('',*,*,#2589,.T.);
#2589 = EDGE_CURVE('',#812,#2590,#2592,.T.);
#2590 = VERTEX_POINT('',#2591);
#2591 = CARTESIAN_POINT('',(15.59,-5.E-02,1.5));
#2592 = LINE('',#2593,#2594);
#2593 = CARTESIAN_POINT('',(15.59,-0.35,1.5));
#2594 = VECTOR('',#2595,1.);
#2595 = DIRECTION('',(0.,1.,0.));
#2596 = ORIENTED_EDGE('',*,*,#2597,.T.);
#2597 = EDGE_CURVE('',#2590,#1041,#2598,.T.);
#2598 = LINE('',#2599,#2600);
#2599 = CARTESIAN_POINT('',(15.59,-5.E-02,1.5));
#2600 = VECTOR('',#2601,1.);
#2601 = DIRECTION('',(0.,0.,1.));
#2602 = ORIENTED_EDGE('',*,*,#1048,.F.);
#2603 = PLANE('',#2604);
#2604 = AXIS2_PLACEMENT_3D('',#2605,#2606,#2607);
#2605 = CARTESIAN_POINT('',(15.59,-0.35,1.5));
#2606 = DIRECTION('',(1.,0.,0.));
#2607 = DIRECTION('',(0.,0.,1.));
#2608 = ADVANCED_FACE('',(#2609),#2627,.F.);
#2609 = FACE_BOUND('',#2610,.F.);
#2610 = EDGE_LOOP('',(#2611,#2619,#2620,#2621));
#2611 = ORIENTED_EDGE('',*,*,#2612,.F.);
#2612 = EDGE_CURVE('',#804,#2613,#2615,.T.);
#2613 = VERTEX_POINT('',#2614);
#2614 = CARTESIAN_POINT('',(15.19,-5.E-02,1.5));
#2615 = LINE('',#2616,#2617);
#2616 = CARTESIAN_POINT('',(15.19,-0.35,1.5));
#2617 = VECTOR('',#2618,1.);
#2618 = DIRECTION('',(0.,1.,0.));
#2619 = ORIENTED_EDGE('',*,*,#811,.T.);
#2620 = ORIENTED_EDGE('',*,*,#2589,.T.);
#2621 = ORIENTED_EDGE('',*,*,#2622,.F.);
#2622 = EDGE_CURVE('',#2613,#2590,#2623,.T.);
#2623 = LINE('',#2624,#2625);
#2624 = CARTESIAN_POINT('',(15.19,-5.E-02,1.5));
#2625 = VECTOR('',#2626,1.);
#2626 = DIRECTION('',(1.,0.,0.));
#2627 = PLANE('',#2628);
#2628 = AXIS2_PLACEMENT_3D('',#2629,#2630,#2631);
#2629 = CARTESIAN_POINT('',(15.19,-0.35,1.5));
#2630 = DIRECTION('',(0.,0.,1.));
#2631 = DIRECTION('',(1.,0.,0.));
#2632 = ADVANCED_FACE('',(#2633),#2644,.F.);
#2633 = FACE_BOUND('',#2634,.F.);
#2634 = EDGE_LOOP('',(#2635,#2636,#2637,#2643));
#2635 = ORIENTED_EDGE('',*,*,#803,.F.);
#2636 = ORIENTED_EDGE('',*,*,#2612,.T.);
#2637 = ORIENTED_EDGE('',*,*,#2638,.T.);
#2638 = EDGE_CURVE('',#2613,#1033,#2639,.T.);
#2639 = LINE('',#2640,#2641);
#2640 = CARTESIAN_POINT('',(15.19,-5.E-02,1.5));
#2641 = VECTOR('',#2642,1.);
#2642 = DIRECTION('',(0.,0.,1.));
#2643 = ORIENTED_EDGE('',*,*,#1032,.F.);
#2644 = PLANE('',#2645);
#2645 = AXIS2_PLACEMENT_3D('',#2646,#2647,#2648);
#2646 = CARTESIAN_POINT('',(15.19,-0.35,1.5));
#2647 = DIRECTION('',(1.,0.,0.));
#2648 = DIRECTION('',(0.,0.,1.));
#2649 = ADVANCED_FACE('',(#2650),#2668,.T.);
#2650 = FACE_BOUND('',#2651,.T.);
#2651 = EDGE_LOOP('',(#2652,#2653,#2661,#2667));
#2652 = ORIENTED_EDGE('',*,*,#787,.F.);
#2653 = ORIENTED_EDGE('',*,*,#2654,.T.);
#2654 = EDGE_CURVE('',#780,#2655,#2657,.T.);
#2655 = VERTEX_POINT('',#2656);
#2656 = CARTESIAN_POINT('',(14.32,-5.E-02,1.5));
#2657 = LINE('',#2658,#2659);
#2658 = CARTESIAN_POINT('',(14.32,-0.35,1.5));
#2659 = VECTOR('',#2660,1.);
#2660 = DIRECTION('',(0.,1.,0.));
#2661 = ORIENTED_EDGE('',*,*,#2662,.T.);
#2662 = EDGE_CURVE('',#2655,#1018,#2663,.T.);
#2663 = LINE('',#2664,#2665);
#2664 = CARTESIAN_POINT('',(14.32,-5.E-02,1.5));
#2665 = VECTOR('',#2666,1.);
#2666 = DIRECTION('',(0.,0.,1.));
#2667 = ORIENTED_EDGE('',*,*,#1025,.F.);
#2668 = PLANE('',#2669);
#2669 = AXIS2_PLACEMENT_3D('',#2670,#2671,#2672);
#2670 = CARTESIAN_POINT('',(14.32,-0.35,1.5));
#2671 = DIRECTION('',(1.,0.,0.));
#2672 = DIRECTION('',(0.,0.,1.));
#2673 = ADVANCED_FACE('',(#2674),#2692,.F.);
#2674 = FACE_BOUND('',#2675,.F.);
#2675 = EDGE_LOOP('',(#2676,#2684,#2685,#2686));
#2676 = ORIENTED_EDGE('',*,*,#2677,.F.);
#2677 = EDGE_CURVE('',#772,#2678,#2680,.T.);
#2678 = VERTEX_POINT('',#2679);
#2679 = CARTESIAN_POINT('',(13.92,-5.E-02,1.5));
#2680 = LINE('',#2681,#2682);
#2681 = CARTESIAN_POINT('',(13.92,-0.35,1.5));
#2682 = VECTOR('',#2683,1.);
#2683 = DIRECTION('',(0.,1.,0.));
#2684 = ORIENTED_EDGE('',*,*,#779,.T.);
#2685 = ORIENTED_EDGE('',*,*,#2654,.T.);
#2686 = ORIENTED_EDGE('',*,*,#2687,.F.);
#2687 = EDGE_CURVE('',#2678,#2655,#2688,.T.);
#2688 = LINE('',#2689,#2690);
#2689 = CARTESIAN_POINT('',(13.92,-5.E-02,1.5));
#2690 = VECTOR('',#2691,1.);
#2691 = DIRECTION('',(1.,0.,0.));
#2692 = PLANE('',#2693);
#2693 = AXIS2_PLACEMENT_3D('',#2694,#2695,#2696);
#2694 = CARTESIAN_POINT('',(13.92,-0.35,1.5));
#2695 = DIRECTION('',(0.,0.,1.));
#2696 = DIRECTION('',(1.,0.,0.));
#2697 = ADVANCED_FACE('',(#2698),#2709,.F.);
#2698 = FACE_BOUND('',#2699,.F.);
#2699 = EDGE_LOOP('',(#2700,#2701,#2702,#2708));
#2700 = ORIENTED_EDGE('',*,*,#771,.F.);
#2701 = ORIENTED_EDGE('',*,*,#2677,.T.);
#2702 = ORIENTED_EDGE('',*,*,#2703,.T.);
#2703 = EDGE_CURVE('',#2678,#1010,#2704,.T.);
#2704 = LINE('',#2705,#2706);
#2705 = CARTESIAN_POINT('',(13.92,-5.E-02,1.5));
#2706 = VECTOR('',#2707,1.);
#2707 = DIRECTION('',(0.,0.,1.));
#2708 = ORIENTED_EDGE('',*,*,#1009,.F.);
#2709 = PLANE('',#2710);
#2710 = AXIS2_PLACEMENT_3D('',#2711,#2712,#2713);
#2711 = CARTESIAN_POINT('',(13.92,-0.35,1.5));
#2712 = DIRECTION('',(1.,0.,0.));
#2713 = DIRECTION('',(0.,0.,1.));
#2714 = ADVANCED_FACE('',(#2715),#2733,.T.);
#2715 = FACE_BOUND('',#2716,.T.);
#2716 = EDGE_LOOP('',(#2717,#2718,#2726,#2732));
#2717 = ORIENTED_EDGE('',*,*,#755,.F.);
#2718 = ORIENTED_EDGE('',*,*,#2719,.T.);
#2719 = EDGE_CURVE('',#748,#2720,#2722,.T.);
#2720 = VERTEX_POINT('',#2721);
#2721 = CARTESIAN_POINT('',(13.055,-5.E-02,1.5));
#2722 = LINE('',#2723,#2724);
#2723 = CARTESIAN_POINT('',(13.055,-0.35,1.5));
#2724 = VECTOR('',#2725,1.);
#2725 = DIRECTION('',(0.,1.,0.));
#2726 = ORIENTED_EDGE('',*,*,#2727,.T.);
#2727 = EDGE_CURVE('',#2720,#995,#2728,.T.);
#2728 = LINE('',#2729,#2730);
#2729 = CARTESIAN_POINT('',(13.055,-5.E-02,1.5));
#2730 = VECTOR('',#2731,1.);
#2731 = DIRECTION('',(0.,0.,1.));
#2732 = ORIENTED_EDGE('',*,*,#1002,.F.);
#2733 = PLANE('',#2734);
#2734 = AXIS2_PLACEMENT_3D('',#2735,#2736,#2737);
#2735 = CARTESIAN_POINT('',(13.055,-0.35,1.5));
#2736 = DIRECTION('',(1.,0.,0.));
#2737 = DIRECTION('',(0.,0.,1.));
#2738 = ADVANCED_FACE('',(#2739),#2757,.F.);
#2739 = FACE_BOUND('',#2740,.F.);
#2740 = EDGE_LOOP('',(#2741,#2749,#2750,#2751));
#2741 = ORIENTED_EDGE('',*,*,#2742,.F.);
#2742 = EDGE_CURVE('',#740,#2743,#2745,.T.);
#2743 = VERTEX_POINT('',#2744);
#2744 = CARTESIAN_POINT('',(12.655,-5.E-02,1.5));
#2745 = LINE('',#2746,#2747);
#2746 = CARTESIAN_POINT('',(12.655,-0.35,1.5));
#2747 = VECTOR('',#2748,1.);
#2748 = DIRECTION('',(0.,1.,0.));
#2749 = ORIENTED_EDGE('',*,*,#747,.T.);
#2750 = ORIENTED_EDGE('',*,*,#2719,.T.);
#2751 = ORIENTED_EDGE('',*,*,#2752,.F.);
#2752 = EDGE_CURVE('',#2743,#2720,#2753,.T.);
#2753 = LINE('',#2754,#2755);
#2754 = CARTESIAN_POINT('',(12.655,-5.E-02,1.5));
#2755 = VECTOR('',#2756,1.);
#2756 = DIRECTION('',(1.,0.,0.));
#2757 = PLANE('',#2758);
#2758 = AXIS2_PLACEMENT_3D('',#2759,#2760,#2761);
#2759 = CARTESIAN_POINT('',(12.655,-0.35,1.5));
#2760 = DIRECTION('',(0.,0.,1.));
#2761 = DIRECTION('',(1.,0.,0.));
#2762 = ADVANCED_FACE('',(#2763),#2774,.F.);
#2763 = FACE_BOUND('',#2764,.F.);
#2764 = EDGE_LOOP('',(#2765,#2766,#2767,#2773));
#2765 = ORIENTED_EDGE('',*,*,#739,.F.);
#2766 = ORIENTED_EDGE('',*,*,#2742,.T.);
#2767 = ORIENTED_EDGE('',*,*,#2768,.T.);
#2768 = EDGE_CURVE('',#2743,#987,#2769,.T.);
#2769 = LINE('',#2770,#2771);
#2770 = CARTESIAN_POINT('',(12.655,-5.E-02,1.5));
#2771 = VECTOR('',#2772,1.);
#2772 = DIRECTION('',(0.,0.,1.));
#2773 = ORIENTED_EDGE('',*,*,#986,.F.);
#2774 = PLANE('',#2775);
#2775 = AXIS2_PLACEMENT_3D('',#2776,#2777,#2778);
#2776 = CARTESIAN_POINT('',(12.655,-0.35,1.5));
#2777 = DIRECTION('',(1.,0.,0.));
#2778 = DIRECTION('',(0.,0.,1.));
#2779 = ADVANCED_FACE('',(#2780),#2798,.F.);
#2780 = FACE_BOUND('',#2781,.F.);
#2781 = EDGE_LOOP('',(#2782,#2783,#2784,#2792));
#2782 = ORIENTED_EDGE('',*,*,#723,.F.);
#2783 = ORIENTED_EDGE('',*,*,#979,.T.);
#2784 = ORIENTED_EDGE('',*,*,#2785,.T.);
#2785 = EDGE_CURVE('',#970,#2786,#2788,.T.);
#2786 = VERTEX_POINT('',#2787);
#2787 = CARTESIAN_POINT('',(12.3,1.15,6.3));
#2788 = LINE('',#2789,#2790);
#2789 = CARTESIAN_POINT('',(12.3,1.15,2.5));
#2790 = VECTOR('',#2791,1.);
#2791 = DIRECTION('',(0.,0.,1.));
#2792 = ORIENTED_EDGE('',*,*,#2793,.F.);
#2793 = EDGE_CURVE('',#716,#2786,#2794,.T.);
#2794 = LINE('',#2795,#2796);
#2795 = CARTESIAN_POINT('',(12.3,-0.35,6.3));
#2796 = VECTOR('',#2797,1.);
#2797 = DIRECTION('',(0.,1.,0.));
#2798 = PLANE('',#2799);
#2799 = AXIS2_PLACEMENT_3D('',#2800,#2801,#2802);
#2800 = CARTESIAN_POINT('',(12.3,-0.35,2.5));
#2801 = DIRECTION('',(1.,0.,0.));
#2802 = DIRECTION('',(0.,0.,1.));
#2803 = ADVANCED_FACE('',(#2804),#3006,.T.);
#2804 = FACE_BOUND('',#2805,.T.);
#2805 = EDGE_LOOP('',(#2806,#2814,#2815,#2816,#2824,#2832,#2838,#2839,
    #2847,#2855,#2861,#2862,#2870,#2878,#2884,#2885,#2893,#2901,#2907,
    #2908,#2916,#2924,#2930,#2931,#2939,#2947,#2953,#2954,#2962,#2970,
    #2976,#2977,#2985,#2993,#2999,#3000));
#2806 = ORIENTED_EDGE('',*,*,#2807,.F.);
#2807 = EDGE_CURVE('',#2786,#2808,#2810,.T.);
#2808 = VERTEX_POINT('',#2809);
#2809 = CARTESIAN_POINT('',(22.3,1.15,6.3));
#2810 = LINE('',#2811,#2812);
#2811 = CARTESIAN_POINT('',(12.3,1.15,6.3));
#2812 = VECTOR('',#2813,1.);
#2813 = DIRECTION('',(1.,0.,0.));
#2814 = ORIENTED_EDGE('',*,*,#2793,.F.);
#2815 = ORIENTED_EDGE('',*,*,#715,.T.);
#2816 = ORIENTED_EDGE('',*,*,#2817,.T.);
#2817 = EDGE_CURVE('',#708,#2818,#2820,.T.);
#2818 = VERTEX_POINT('',#2819);
#2819 = CARTESIAN_POINT('',(12.655,-5.E-02,6.3));
#2820 = LINE('',#2821,#2822);
#2821 = CARTESIAN_POINT('',(12.655,-0.35,6.3));
#2822 = VECTOR('',#2823,1.);
#2823 = DIRECTION('',(0.,1.,0.));
#2824 = ORIENTED_EDGE('',*,*,#2825,.F.);
#2825 = EDGE_CURVE('',#2826,#2818,#2828,.T.);
#2826 = VERTEX_POINT('',#2827);
#2827 = CARTESIAN_POINT('',(13.055,-5.E-02,6.3));
#2828 = LINE('',#2829,#2830);
#2829 = CARTESIAN_POINT('',(12.4775,-5.E-02,6.3));
#2830 = VECTOR('',#2831,1.);
#2831 = DIRECTION('',(-1.,0.,0.));
#2832 = ORIENTED_EDGE('',*,*,#2833,.F.);
#2833 = EDGE_CURVE('',#684,#2826,#2834,.T.);
#2834 = LINE('',#2835,#2836);
#2835 = CARTESIAN_POINT('',(13.055,-0.35,6.3));
#2836 = VECTOR('',#2837,1.);
#2837 = DIRECTION('',(0.,1.,0.));
#2838 = ORIENTED_EDGE('',*,*,#683,.T.);
#2839 = ORIENTED_EDGE('',*,*,#2840,.T.);
#2840 = EDGE_CURVE('',#676,#2841,#2843,.T.);
#2841 = VERTEX_POINT('',#2842);
#2842 = CARTESIAN_POINT('',(13.92,-5.E-02,6.3));
#2843 = LINE('',#2844,#2845);
#2844 = CARTESIAN_POINT('',(13.92,-0.35,6.3));
#2845 = VECTOR('',#2846,1.);
#2846 = DIRECTION('',(0.,1.,0.));
#2847 = ORIENTED_EDGE('',*,*,#2848,.F.);
#2848 = EDGE_CURVE('',#2849,#2841,#2851,.T.);
#2849 = VERTEX_POINT('',#2850);
#2850 = CARTESIAN_POINT('',(14.32,-5.E-02,6.3));
#2851 = LINE('',#2852,#2853);
#2852 = CARTESIAN_POINT('',(13.11,-5.E-02,6.3));
#2853 = VECTOR('',#2854,1.);
#2854 = DIRECTION('',(-1.,0.,0.));
#2855 = ORIENTED_EDGE('',*,*,#2856,.F.);
#2856 = EDGE_CURVE('',#652,#2849,#2857,.T.);
#2857 = LINE('',#2858,#2859);
#2858 = CARTESIAN_POINT('',(14.32,-0.35,6.3));
#2859 = VECTOR('',#2860,1.);
#2860 = DIRECTION('',(0.,1.,0.));
#2861 = ORIENTED_EDGE('',*,*,#651,.T.);
#2862 = ORIENTED_EDGE('',*,*,#2863,.T.);
#2863 = EDGE_CURVE('',#644,#2864,#2866,.T.);
#2864 = VERTEX_POINT('',#2865);
#2865 = CARTESIAN_POINT('',(15.19,-5.E-02,6.3));
#2866 = LINE('',#2867,#2868);
#2867 = CARTESIAN_POINT('',(15.19,-0.35,6.3));
#2868 = VECTOR('',#2869,1.);
#2869 = DIRECTION('',(0.,1.,0.));
#2870 = ORIENTED_EDGE('',*,*,#2871,.F.);
#2871 = EDGE_CURVE('',#2872,#2864,#2874,.T.);
#2872 = VERTEX_POINT('',#2873);
#2873 = CARTESIAN_POINT('',(15.59,-5.E-02,6.3));
#2874 = LINE('',#2875,#2876);
#2875 = CARTESIAN_POINT('',(13.745,-5.E-02,6.3));
#2876 = VECTOR('',#2877,1.);
#2877 = DIRECTION('',(-1.,0.,0.));
#2878 = ORIENTED_EDGE('',*,*,#2879,.F.);
#2879 = EDGE_CURVE('',#620,#2872,#2880,.T.);
#2880 = LINE('',#2881,#2882);
#2881 = CARTESIAN_POINT('',(15.59,-0.35,6.3));
#2882 = VECTOR('',#2883,1.);
#2883 = DIRECTION('',(0.,1.,0.));
#2884 = ORIENTED_EDGE('',*,*,#619,.T.);
#2885 = ORIENTED_EDGE('',*,*,#2886,.T.);
#2886 = EDGE_CURVE('',#612,#2887,#2889,.T.);
#2887 = VERTEX_POINT('',#2888);
#2888 = CARTESIAN_POINT('',(16.46,-5.E-02,6.3));
#2889 = LINE('',#2890,#2891);
#2890 = CARTESIAN_POINT('',(16.46,-0.35,6.3));
#2891 = VECTOR('',#2892,1.);
#2892 = DIRECTION('',(0.,1.,0.));
#2893 = ORIENTED_EDGE('',*,*,#2894,.F.);
#2894 = EDGE_CURVE('',#2895,#2887,#2897,.T.);
#2895 = VERTEX_POINT('',#2896);
#2896 = CARTESIAN_POINT('',(16.86,-5.E-02,6.3));
#2897 = LINE('',#2898,#2899);
#2898 = CARTESIAN_POINT('',(14.38,-5.E-02,6.3));
#2899 = VECTOR('',#2900,1.);
#2900 = DIRECTION('',(-1.,0.,0.));
#2901 = ORIENTED_EDGE('',*,*,#2902,.F.);
#2902 = EDGE_CURVE('',#588,#2895,#2903,.T.);
#2903 = LINE('',#2904,#2905);
#2904 = CARTESIAN_POINT('',(16.86,-0.35,6.3));
#2905 = VECTOR('',#2906,1.);
#2906 = DIRECTION('',(0.,1.,0.));
#2907 = ORIENTED_EDGE('',*,*,#587,.T.);
#2908 = ORIENTED_EDGE('',*,*,#2909,.T.);
#2909 = EDGE_CURVE('',#580,#2910,#2912,.T.);
#2910 = VERTEX_POINT('',#2911);
#2911 = CARTESIAN_POINT('',(17.73,-5.E-02,6.3));
#2912 = LINE('',#2913,#2914);
#2913 = CARTESIAN_POINT('',(17.73,-0.35,6.3));
#2914 = VECTOR('',#2915,1.);
#2915 = DIRECTION('',(0.,1.,0.));
#2916 = ORIENTED_EDGE('',*,*,#2917,.F.);
#2917 = EDGE_CURVE('',#2918,#2910,#2920,.T.);
#2918 = VERTEX_POINT('',#2919);
#2919 = CARTESIAN_POINT('',(18.13,-5.E-02,6.3));
#2920 = LINE('',#2921,#2922);
#2921 = CARTESIAN_POINT('',(15.015,-5.E-02,6.3));
#2922 = VECTOR('',#2923,1.);
#2923 = DIRECTION('',(-1.,0.,0.));
#2924 = ORIENTED_EDGE('',*,*,#2925,.F.);
#2925 = EDGE_CURVE('',#556,#2918,#2926,.T.);
#2926 = LINE('',#2927,#2928);
#2927 = CARTESIAN_POINT('',(18.13,-0.35,6.3));
#2928 = VECTOR('',#2929,1.);
#2929 = DIRECTION('',(0.,1.,0.));
#2930 = ORIENTED_EDGE('',*,*,#555,.T.);
#2931 = ORIENTED_EDGE('',*,*,#2932,.T.);
#2932 = EDGE_CURVE('',#548,#2933,#2935,.T.);
#2933 = VERTEX_POINT('',#2934);
#2934 = CARTESIAN_POINT('',(19.,-5.E-02,6.3));
#2935 = LINE('',#2936,#2937);
#2936 = CARTESIAN_POINT('',(19.,-0.35,6.3));
#2937 = VECTOR('',#2938,1.);
#2938 = DIRECTION('',(0.,1.,0.));
#2939 = ORIENTED_EDGE('',*,*,#2940,.F.);
#2940 = EDGE_CURVE('',#2941,#2933,#2943,.T.);
#2941 = VERTEX_POINT('',#2942);
#2942 = CARTESIAN_POINT('',(19.4,-5.E-02,6.3));
#2943 = LINE('',#2944,#2945);
#2944 = CARTESIAN_POINT('',(15.65,-5.E-02,6.3));
#2945 = VECTOR('',#2946,1.);
#2946 = DIRECTION('',(-1.,0.,0.));
#2947 = ORIENTED_EDGE('',*,*,#2948,.F.);
#2948 = EDGE_CURVE('',#524,#2941,#2949,.T.);
#2949 = LINE('',#2950,#2951);
#2950 = CARTESIAN_POINT('',(19.4,-0.35,6.3));
#2951 = VECTOR('',#2952,1.);
#2952 = DIRECTION('',(0.,1.,0.));
#2953 = ORIENTED_EDGE('',*,*,#523,.T.);
#2954 = ORIENTED_EDGE('',*,*,#2955,.T.);
#2955 = EDGE_CURVE('',#516,#2956,#2958,.T.);
#2956 = VERTEX_POINT('',#2957);
#2957 = CARTESIAN_POINT('',(20.27,-5.E-02,6.3));
#2958 = LINE('',#2959,#2960);
#2959 = CARTESIAN_POINT('',(20.27,-0.35,6.3));
#2960 = VECTOR('',#2961,1.);
#2961 = DIRECTION('',(0.,1.,0.));
#2962 = ORIENTED_EDGE('',*,*,#2963,.F.);
#2963 = EDGE_CURVE('',#2964,#2956,#2966,.T.);
#2964 = VERTEX_POINT('',#2965);
#2965 = CARTESIAN_POINT('',(20.67,-5.E-02,6.3));
#2966 = LINE('',#2967,#2968);
#2967 = CARTESIAN_POINT('',(16.285,-5.E-02,6.3));
#2968 = VECTOR('',#2969,1.);
#2969 = DIRECTION('',(-1.,0.,0.));
#2970 = ORIENTED_EDGE('',*,*,#2971,.F.);
#2971 = EDGE_CURVE('',#492,#2964,#2972,.T.);
#2972 = LINE('',#2973,#2974);
#2973 = CARTESIAN_POINT('',(20.67,-0.35,6.3));
#2974 = VECTOR('',#2975,1.);
#2975 = DIRECTION('',(0.,1.,0.));
#2976 = ORIENTED_EDGE('',*,*,#491,.T.);
#2977 = ORIENTED_EDGE('',*,*,#2978,.F.);
#2978 = EDGE_CURVE('',#2979,#484,#2981,.T.);
#2979 = VERTEX_POINT('',#2980);
#2980 = CARTESIAN_POINT('',(21.54,-5.E-02,6.3));
#2981 = LINE('',#2982,#2983);
#2982 = CARTESIAN_POINT('',(21.54,-0.35,6.3));
#2983 = VECTOR('',#2984,1.);
#2984 = DIRECTION('',(0.,-1.,0.));
#2985 = ORIENTED_EDGE('',*,*,#2986,.T.);
#2986 = EDGE_CURVE('',#2979,#2987,#2989,.T.);
#2987 = VERTEX_POINT('',#2988);
#2988 = CARTESIAN_POINT('',(21.94,-5.E-02,6.3));
#2989 = LINE('',#2990,#2991);
#2990 = CARTESIAN_POINT('',(16.92,-5.E-02,6.3));
#2991 = VECTOR('',#2992,1.);
#2992 = DIRECTION('',(1.,0.,0.));
#2993 = ORIENTED_EDGE('',*,*,#2994,.T.);
#2994 = EDGE_CURVE('',#2987,#460,#2995,.T.);
#2995 = LINE('',#2996,#2997);
#2996 = CARTESIAN_POINT('',(21.94,-0.35,6.3));
#2997 = VECTOR('',#2998,1.);
#2998 = DIRECTION('',(0.,-1.,0.));
#2999 = ORIENTED_EDGE('',*,*,#459,.T.);
#3000 = ORIENTED_EDGE('',*,*,#3001,.T.);
#3001 = EDGE_CURVE('',#452,#2808,#3002,.T.);
#3002 = LINE('',#3003,#3004);
#3003 = CARTESIAN_POINT('',(22.3,-0.35,6.3));
#3004 = VECTOR('',#3005,1.);
#3005 = DIRECTION('',(0.,1.,0.));
#3006 = PLANE('',#3007);
#3007 = AXIS2_PLACEMENT_3D('',#3008,#3009,#3010);
#3008 = CARTESIAN_POINT('',(12.3,-0.35,6.3));
#3009 = DIRECTION('',(0.,0.,1.));
#3010 = DIRECTION('',(1.,0.,0.));
#3011 = ADVANCED_FACE('',(#3012),#3030,.F.);
#3012 = FACE_BOUND('',#3013,.F.);
#3013 = EDGE_LOOP('',(#3014,#3015,#3016,#3024));
#3014 = ORIENTED_EDGE('',*,*,#707,.F.);
#3015 = ORIENTED_EDGE('',*,*,#2817,.T.);
#3016 = ORIENTED_EDGE('',*,*,#3017,.T.);
#3017 = EDGE_CURVE('',#2818,#3018,#3020,.T.);
#3018 = VERTEX_POINT('',#3019);
#3019 = CARTESIAN_POINT('',(12.655,-5.E-02,7.3));
#3020 = LINE('',#3021,#3022);
#3021 = CARTESIAN_POINT('',(12.655,-5.E-02,1.5));
#3022 = VECTOR('',#3023,1.);
#3023 = DIRECTION('',(0.,0.,1.));
#3024 = ORIENTED_EDGE('',*,*,#3025,.F.);
#3025 = EDGE_CURVE('',#700,#3018,#3026,.T.);
#3026 = LINE('',#3027,#3028);
#3027 = CARTESIAN_POINT('',(12.655,-0.35,7.3));
#3028 = VECTOR('',#3029,1.);
#3029 = DIRECTION('',(0.,1.,0.));
#3030 = PLANE('',#3031);
#3031 = AXIS2_PLACEMENT_3D('',#3032,#3033,#3034);
#3032 = CARTESIAN_POINT('',(12.655,-0.35,1.5));
#3033 = DIRECTION('',(1.,0.,0.));
#3034 = DIRECTION('',(0.,0.,1.));
#3035 = ADVANCED_FACE('',(#3036),#3054,.T.);
#3036 = FACE_BOUND('',#3037,.T.);
#3037 = EDGE_LOOP('',(#3038,#3039,#3040,#3048));
#3038 = ORIENTED_EDGE('',*,*,#3025,.F.);
#3039 = ORIENTED_EDGE('',*,*,#699,.T.);
#3040 = ORIENTED_EDGE('',*,*,#3041,.T.);
#3041 = EDGE_CURVE('',#692,#3042,#3044,.T.);
#3042 = VERTEX_POINT('',#3043);
#3043 = CARTESIAN_POINT('',(13.055,-5.E-02,7.3));
#3044 = LINE('',#3045,#3046);
#3045 = CARTESIAN_POINT('',(13.055,-0.35,7.3));
#3046 = VECTOR('',#3047,1.);
#3047 = DIRECTION('',(0.,1.,0.));
#3048 = ORIENTED_EDGE('',*,*,#3049,.F.);
#3049 = EDGE_CURVE('',#3018,#3042,#3050,.T.);
#3050 = LINE('',#3051,#3052);
#3051 = CARTESIAN_POINT('',(12.655,-5.E-02,7.3));
#3052 = VECTOR('',#3053,1.);
#3053 = DIRECTION('',(1.,0.,0.));
#3054 = PLANE('',#3055);
#3055 = AXIS2_PLACEMENT_3D('',#3056,#3057,#3058);
#3056 = CARTESIAN_POINT('',(12.655,-0.35,7.3));
#3057 = DIRECTION('',(0.,0.,1.));
#3058 = DIRECTION('',(1.,0.,0.));
#3059 = ADVANCED_FACE('',(#3060),#3071,.T.);
#3060 = FACE_BOUND('',#3061,.T.);
#3061 = EDGE_LOOP('',(#3062,#3063,#3064,#3070));
#3062 = ORIENTED_EDGE('',*,*,#691,.F.);
#3063 = ORIENTED_EDGE('',*,*,#2833,.T.);
#3064 = ORIENTED_EDGE('',*,*,#3065,.T.);
#3065 = EDGE_CURVE('',#2826,#3042,#3066,.T.);
#3066 = LINE('',#3067,#3068);
#3067 = CARTESIAN_POINT('',(13.055,-5.E-02,1.5));
#3068 = VECTOR('',#3069,1.);
#3069 = DIRECTION('',(0.,0.,1.));
#3070 = ORIENTED_EDGE('',*,*,#3041,.F.);
#3071 = PLANE('',#3072);
#3072 = AXIS2_PLACEMENT_3D('',#3073,#3074,#3075);
#3073 = CARTESIAN_POINT('',(13.055,-0.35,1.5));
#3074 = DIRECTION('',(1.,0.,0.));
#3075 = DIRECTION('',(0.,0.,1.));
#3076 = ADVANCED_FACE('',(#3077),#3095,.F.);
#3077 = FACE_BOUND('',#3078,.F.);
#3078 = EDGE_LOOP('',(#3079,#3080,#3081,#3089));
#3079 = ORIENTED_EDGE('',*,*,#675,.F.);
#3080 = ORIENTED_EDGE('',*,*,#2840,.T.);
#3081 = ORIENTED_EDGE('',*,*,#3082,.T.);
#3082 = EDGE_CURVE('',#2841,#3083,#3085,.T.);
#3083 = VERTEX_POINT('',#3084);
#3084 = CARTESIAN_POINT('',(13.92,-5.E-02,7.3));
#3085 = LINE('',#3086,#3087);
#3086 = CARTESIAN_POINT('',(13.92,-5.E-02,1.5));
#3087 = VECTOR('',#3088,1.);
#3088 = DIRECTION('',(0.,0.,1.));
#3089 = ORIENTED_EDGE('',*,*,#3090,.F.);
#3090 = EDGE_CURVE('',#668,#3083,#3091,.T.);
#3091 = LINE('',#3092,#3093);
#3092 = CARTESIAN_POINT('',(13.92,-0.35,7.3));
#3093 = VECTOR('',#3094,1.);
#3094 = DIRECTION('',(0.,1.,0.));
#3095 = PLANE('',#3096);
#3096 = AXIS2_PLACEMENT_3D('',#3097,#3098,#3099);
#3097 = CARTESIAN_POINT('',(13.92,-0.35,1.5));
#3098 = DIRECTION('',(1.,0.,0.));
#3099 = DIRECTION('',(0.,0.,1.));
#3100 = ADVANCED_FACE('',(#3101),#3119,.T.);
#3101 = FACE_BOUND('',#3102,.T.);
#3102 = EDGE_LOOP('',(#3103,#3104,#3105,#3113));
#3103 = ORIENTED_EDGE('',*,*,#3090,.F.);
#3104 = ORIENTED_EDGE('',*,*,#667,.T.);
#3105 = ORIENTED_EDGE('',*,*,#3106,.T.);
#3106 = EDGE_CURVE('',#660,#3107,#3109,.T.);
#3107 = VERTEX_POINT('',#3108);
#3108 = CARTESIAN_POINT('',(14.32,-5.E-02,7.3));
#3109 = LINE('',#3110,#3111);
#3110 = CARTESIAN_POINT('',(14.32,-0.35,7.3));
#3111 = VECTOR('',#3112,1.);
#3112 = DIRECTION('',(0.,1.,0.));
#3113 = ORIENTED_EDGE('',*,*,#3114,.F.);
#3114 = EDGE_CURVE('',#3083,#3107,#3115,.T.);
#3115 = LINE('',#3116,#3117);
#3116 = CARTESIAN_POINT('',(13.92,-5.E-02,7.3));
#3117 = VECTOR('',#3118,1.);
#3118 = DIRECTION('',(1.,0.,0.));
#3119 = PLANE('',#3120);
#3120 = AXIS2_PLACEMENT_3D('',#3121,#3122,#3123);
#3121 = CARTESIAN_POINT('',(13.92,-0.35,7.3));
#3122 = DIRECTION('',(0.,0.,1.));
#3123 = DIRECTION('',(1.,0.,0.));
#3124 = ADVANCED_FACE('',(#3125),#3136,.T.);
#3125 = FACE_BOUND('',#3126,.T.);
#3126 = EDGE_LOOP('',(#3127,#3128,#3129,#3135));
#3127 = ORIENTED_EDGE('',*,*,#659,.F.);
#3128 = ORIENTED_EDGE('',*,*,#2856,.T.);
#3129 = ORIENTED_EDGE('',*,*,#3130,.T.);
#3130 = EDGE_CURVE('',#2849,#3107,#3131,.T.);
#3131 = LINE('',#3132,#3133);
#3132 = CARTESIAN_POINT('',(14.32,-5.E-02,1.5));
#3133 = VECTOR('',#3134,1.);
#3134 = DIRECTION('',(0.,0.,1.));
#3135 = ORIENTED_EDGE('',*,*,#3106,.F.);
#3136 = PLANE('',#3137);
#3137 = AXIS2_PLACEMENT_3D('',#3138,#3139,#3140);
#3138 = CARTESIAN_POINT('',(14.32,-0.35,1.5));
#3139 = DIRECTION('',(1.,0.,0.));
#3140 = DIRECTION('',(0.,0.,1.));
#3141 = ADVANCED_FACE('',(#3142),#3160,.F.);
#3142 = FACE_BOUND('',#3143,.F.);
#3143 = EDGE_LOOP('',(#3144,#3145,#3146,#3154));
#3144 = ORIENTED_EDGE('',*,*,#643,.F.);
#3145 = ORIENTED_EDGE('',*,*,#2863,.T.);
#3146 = ORIENTED_EDGE('',*,*,#3147,.T.);
#3147 = EDGE_CURVE('',#2864,#3148,#3150,.T.);
#3148 = VERTEX_POINT('',#3149);
#3149 = CARTESIAN_POINT('',(15.19,-5.E-02,7.3));
#3150 = LINE('',#3151,#3152);
#3151 = CARTESIAN_POINT('',(15.19,-5.E-02,1.5));
#3152 = VECTOR('',#3153,1.);
#3153 = DIRECTION('',(0.,0.,1.));
#3154 = ORIENTED_EDGE('',*,*,#3155,.F.);
#3155 = EDGE_CURVE('',#636,#3148,#3156,.T.);
#3156 = LINE('',#3157,#3158);
#3157 = CARTESIAN_POINT('',(15.19,-0.35,7.3));
#3158 = VECTOR('',#3159,1.);
#3159 = DIRECTION('',(0.,1.,0.));
#3160 = PLANE('',#3161);
#3161 = AXIS2_PLACEMENT_3D('',#3162,#3163,#3164);
#3162 = CARTESIAN_POINT('',(15.19,-0.35,1.5));
#3163 = DIRECTION('',(1.,0.,0.));
#3164 = DIRECTION('',(0.,0.,1.));
#3165 = ADVANCED_FACE('',(#3166),#3184,.T.);
#3166 = FACE_BOUND('',#3167,.T.);
#3167 = EDGE_LOOP('',(#3168,#3169,#3170,#3178));
#3168 = ORIENTED_EDGE('',*,*,#3155,.F.);
#3169 = ORIENTED_EDGE('',*,*,#635,.T.);
#3170 = ORIENTED_EDGE('',*,*,#3171,.T.);
#3171 = EDGE_CURVE('',#628,#3172,#3174,.T.);
#3172 = VERTEX_POINT('',#3173);
#3173 = CARTESIAN_POINT('',(15.59,-5.E-02,7.3));
#3174 = LINE('',#3175,#3176);
#3175 = CARTESIAN_POINT('',(15.59,-0.35,7.3));
#3176 = VECTOR('',#3177,1.);
#3177 = DIRECTION('',(0.,1.,0.));
#3178 = ORIENTED_EDGE('',*,*,#3179,.F.);
#3179 = EDGE_CURVE('',#3148,#3172,#3180,.T.);
#3180 = LINE('',#3181,#3182);
#3181 = CARTESIAN_POINT('',(15.19,-5.E-02,7.3));
#3182 = VECTOR('',#3183,1.);
#3183 = DIRECTION('',(1.,0.,0.));
#3184 = PLANE('',#3185);
#3185 = AXIS2_PLACEMENT_3D('',#3186,#3187,#3188);
#3186 = CARTESIAN_POINT('',(15.19,-0.35,7.3));
#3187 = DIRECTION('',(0.,0.,1.));
#3188 = DIRECTION('',(1.,0.,0.));
#3189 = ADVANCED_FACE('',(#3190),#3201,.T.);
#3190 = FACE_BOUND('',#3191,.T.);
#3191 = EDGE_LOOP('',(#3192,#3193,#3194,#3200));
#3192 = ORIENTED_EDGE('',*,*,#627,.F.);
#3193 = ORIENTED_EDGE('',*,*,#2879,.T.);
#3194 = ORIENTED_EDGE('',*,*,#3195,.T.);
#3195 = EDGE_CURVE('',#2872,#3172,#3196,.T.);
#3196 = LINE('',#3197,#3198);
#3197 = CARTESIAN_POINT('',(15.59,-5.E-02,1.5));
#3198 = VECTOR('',#3199,1.);
#3199 = DIRECTION('',(0.,0.,1.));
#3200 = ORIENTED_EDGE('',*,*,#3171,.F.);
#3201 = PLANE('',#3202);
#3202 = AXIS2_PLACEMENT_3D('',#3203,#3204,#3205);
#3203 = CARTESIAN_POINT('',(15.59,-0.35,1.5));
#3204 = DIRECTION('',(1.,0.,0.));
#3205 = DIRECTION('',(0.,0.,1.));
#3206 = ADVANCED_FACE('',(#3207),#3225,.F.);
#3207 = FACE_BOUND('',#3208,.F.);
#3208 = EDGE_LOOP('',(#3209,#3210,#3211,#3219));
#3209 = ORIENTED_EDGE('',*,*,#611,.F.);
#3210 = ORIENTED_EDGE('',*,*,#2886,.T.);
#3211 = ORIENTED_EDGE('',*,*,#3212,.T.);
#3212 = EDGE_CURVE('',#2887,#3213,#3215,.T.);
#3213 = VERTEX_POINT('',#3214);
#3214 = CARTESIAN_POINT('',(16.46,-5.E-02,7.3));
#3215 = LINE('',#3216,#3217);
#3216 = CARTESIAN_POINT('',(16.46,-5.E-02,1.5));
#3217 = VECTOR('',#3218,1.);
#3218 = DIRECTION('',(0.,0.,1.));
#3219 = ORIENTED_EDGE('',*,*,#3220,.F.);
#3220 = EDGE_CURVE('',#604,#3213,#3221,.T.);
#3221 = LINE('',#3222,#3223);
#3222 = CARTESIAN_POINT('',(16.46,-0.35,7.3));
#3223 = VECTOR('',#3224,1.);
#3224 = DIRECTION('',(0.,1.,0.));
#3225 = PLANE('',#3226);
#3226 = AXIS2_PLACEMENT_3D('',#3227,#3228,#3229);
#3227 = CARTESIAN_POINT('',(16.46,-0.35,1.5));
#3228 = DIRECTION('',(1.,0.,0.));
#3229 = DIRECTION('',(0.,0.,1.));
#3230 = ADVANCED_FACE('',(#3231),#3249,.T.);
#3231 = FACE_BOUND('',#3232,.T.);
#3232 = EDGE_LOOP('',(#3233,#3234,#3235,#3243));
#3233 = ORIENTED_EDGE('',*,*,#3220,.F.);
#3234 = ORIENTED_EDGE('',*,*,#603,.T.);
#3235 = ORIENTED_EDGE('',*,*,#3236,.T.);
#3236 = EDGE_CURVE('',#596,#3237,#3239,.T.);
#3237 = VERTEX_POINT('',#3238);
#3238 = CARTESIAN_POINT('',(16.86,-5.E-02,7.3));
#3239 = LINE('',#3240,#3241);
#3240 = CARTESIAN_POINT('',(16.86,-0.35,7.3));
#3241 = VECTOR('',#3242,1.);
#3242 = DIRECTION('',(0.,1.,0.));
#3243 = ORIENTED_EDGE('',*,*,#3244,.F.);
#3244 = EDGE_CURVE('',#3213,#3237,#3245,.T.);
#3245 = LINE('',#3246,#3247);
#3246 = CARTESIAN_POINT('',(16.46,-5.E-02,7.3));
#3247 = VECTOR('',#3248,1.);
#3248 = DIRECTION('',(1.,0.,0.));
#3249 = PLANE('',#3250);
#3250 = AXIS2_PLACEMENT_3D('',#3251,#3252,#3253);
#3251 = CARTESIAN_POINT('',(16.46,-0.35,7.3));
#3252 = DIRECTION('',(0.,0.,1.));
#3253 = DIRECTION('',(1.,0.,0.));
#3254 = ADVANCED_FACE('',(#3255),#3266,.T.);
#3255 = FACE_BOUND('',#3256,.T.);
#3256 = EDGE_LOOP('',(#3257,#3258,#3259,#3265));
#3257 = ORIENTED_EDGE('',*,*,#595,.F.);
#3258 = ORIENTED_EDGE('',*,*,#2902,.T.);
#3259 = ORIENTED_EDGE('',*,*,#3260,.T.);
#3260 = EDGE_CURVE('',#2895,#3237,#3261,.T.);
#3261 = LINE('',#3262,#3263);
#3262 = CARTESIAN_POINT('',(16.86,-5.E-02,1.5));
#3263 = VECTOR('',#3264,1.);
#3264 = DIRECTION('',(0.,0.,1.));
#3265 = ORIENTED_EDGE('',*,*,#3236,.F.);
#3266 = PLANE('',#3267);
#3267 = AXIS2_PLACEMENT_3D('',#3268,#3269,#3270);
#3268 = CARTESIAN_POINT('',(16.86,-0.35,1.5));
#3269 = DIRECTION('',(1.,0.,0.));
#3270 = DIRECTION('',(0.,0.,1.));
#3271 = ADVANCED_FACE('',(#3272),#3290,.F.);
#3272 = FACE_BOUND('',#3273,.F.);
#3273 = EDGE_LOOP('',(#3274,#3275,#3276,#3284));
#3274 = ORIENTED_EDGE('',*,*,#579,.F.);
#3275 = ORIENTED_EDGE('',*,*,#2909,.T.);
#3276 = ORIENTED_EDGE('',*,*,#3277,.T.);
#3277 = EDGE_CURVE('',#2910,#3278,#3280,.T.);
#3278 = VERTEX_POINT('',#3279);
#3279 = CARTESIAN_POINT('',(17.73,-5.E-02,7.3));
#3280 = LINE('',#3281,#3282);
#3281 = CARTESIAN_POINT('',(17.73,-5.E-02,1.5));
#3282 = VECTOR('',#3283,1.);
#3283 = DIRECTION('',(0.,0.,1.));
#3284 = ORIENTED_EDGE('',*,*,#3285,.F.);
#3285 = EDGE_CURVE('',#572,#3278,#3286,.T.);
#3286 = LINE('',#3287,#3288);
#3287 = CARTESIAN_POINT('',(17.73,-0.35,7.3));
#3288 = VECTOR('',#3289,1.);
#3289 = DIRECTION('',(0.,1.,0.));
#3290 = PLANE('',#3291);
#3291 = AXIS2_PLACEMENT_3D('',#3292,#3293,#3294);
#3292 = CARTESIAN_POINT('',(17.73,-0.35,1.5));
#3293 = DIRECTION('',(1.,0.,0.));
#3294 = DIRECTION('',(0.,0.,1.));
#3295 = ADVANCED_FACE('',(#3296),#3314,.T.);
#3296 = FACE_BOUND('',#3297,.T.);
#3297 = EDGE_LOOP('',(#3298,#3299,#3300,#3308));
#3298 = ORIENTED_EDGE('',*,*,#3285,.F.);
#3299 = ORIENTED_EDGE('',*,*,#571,.T.);
#3300 = ORIENTED_EDGE('',*,*,#3301,.T.);
#3301 = EDGE_CURVE('',#564,#3302,#3304,.T.);
#3302 = VERTEX_POINT('',#3303);
#3303 = CARTESIAN_POINT('',(18.13,-5.E-02,7.3));
#3304 = LINE('',#3305,#3306);
#3305 = CARTESIAN_POINT('',(18.13,-0.35,7.3));
#3306 = VECTOR('',#3307,1.);
#3307 = DIRECTION('',(0.,1.,0.));
#3308 = ORIENTED_EDGE('',*,*,#3309,.F.);
#3309 = EDGE_CURVE('',#3278,#3302,#3310,.T.);
#3310 = LINE('',#3311,#3312);
#3311 = CARTESIAN_POINT('',(17.73,-5.E-02,7.3));
#3312 = VECTOR('',#3313,1.);
#3313 = DIRECTION('',(1.,0.,0.));
#3314 = PLANE('',#3315);
#3315 = AXIS2_PLACEMENT_3D('',#3316,#3317,#3318);
#3316 = CARTESIAN_POINT('',(17.73,-0.35,7.3));
#3317 = DIRECTION('',(0.,0.,1.));
#3318 = DIRECTION('',(1.,0.,0.));
#3319 = ADVANCED_FACE('',(#3320),#3331,.T.);
#3320 = FACE_BOUND('',#3321,.T.);
#3321 = EDGE_LOOP('',(#3322,#3323,#3324,#3330));
#3322 = ORIENTED_EDGE('',*,*,#563,.F.);
#3323 = ORIENTED_EDGE('',*,*,#2925,.T.);
#3324 = ORIENTED_EDGE('',*,*,#3325,.T.);
#3325 = EDGE_CURVE('',#2918,#3302,#3326,.T.);
#3326 = LINE('',#3327,#3328);
#3327 = CARTESIAN_POINT('',(18.13,-5.E-02,1.5));
#3328 = VECTOR('',#3329,1.);
#3329 = DIRECTION('',(0.,0.,1.));
#3330 = ORIENTED_EDGE('',*,*,#3301,.F.);
#3331 = PLANE('',#3332);
#3332 = AXIS2_PLACEMENT_3D('',#3333,#3334,#3335);
#3333 = CARTESIAN_POINT('',(18.13,-0.35,1.5));
#3334 = DIRECTION('',(1.,0.,0.));
#3335 = DIRECTION('',(0.,0.,1.));
#3336 = ADVANCED_FACE('',(#3337),#3355,.F.);
#3337 = FACE_BOUND('',#3338,.F.);
#3338 = EDGE_LOOP('',(#3339,#3340,#3341,#3349));
#3339 = ORIENTED_EDGE('',*,*,#547,.F.);
#3340 = ORIENTED_EDGE('',*,*,#2932,.T.);
#3341 = ORIENTED_EDGE('',*,*,#3342,.T.);
#3342 = EDGE_CURVE('',#2933,#3343,#3345,.T.);
#3343 = VERTEX_POINT('',#3344);
#3344 = CARTESIAN_POINT('',(19.,-5.E-02,7.3));
#3345 = LINE('',#3346,#3347);
#3346 = CARTESIAN_POINT('',(19.,-5.E-02,1.5));
#3347 = VECTOR('',#3348,1.);
#3348 = DIRECTION('',(0.,0.,1.));
#3349 = ORIENTED_EDGE('',*,*,#3350,.F.);
#3350 = EDGE_CURVE('',#540,#3343,#3351,.T.);
#3351 = LINE('',#3352,#3353);
#3352 = CARTESIAN_POINT('',(19.,-0.35,7.3));
#3353 = VECTOR('',#3354,1.);
#3354 = DIRECTION('',(0.,1.,0.));
#3355 = PLANE('',#3356);
#3356 = AXIS2_PLACEMENT_3D('',#3357,#3358,#3359);
#3357 = CARTESIAN_POINT('',(19.,-0.35,1.5));
#3358 = DIRECTION('',(1.,0.,0.));
#3359 = DIRECTION('',(0.,0.,1.));
#3360 = ADVANCED_FACE('',(#3361),#3379,.T.);
#3361 = FACE_BOUND('',#3362,.T.);
#3362 = EDGE_LOOP('',(#3363,#3364,#3365,#3373));
#3363 = ORIENTED_EDGE('',*,*,#3350,.F.);
#3364 = ORIENTED_EDGE('',*,*,#539,.T.);
#3365 = ORIENTED_EDGE('',*,*,#3366,.T.);
#3366 = EDGE_CURVE('',#532,#3367,#3369,.T.);
#3367 = VERTEX_POINT('',#3368);
#3368 = CARTESIAN_POINT('',(19.4,-5.E-02,7.3));
#3369 = LINE('',#3370,#3371);
#3370 = CARTESIAN_POINT('',(19.4,-0.35,7.3));
#3371 = VECTOR('',#3372,1.);
#3372 = DIRECTION('',(0.,1.,0.));
#3373 = ORIENTED_EDGE('',*,*,#3374,.F.);
#3374 = EDGE_CURVE('',#3343,#3367,#3375,.T.);
#3375 = LINE('',#3376,#3377);
#3376 = CARTESIAN_POINT('',(19.,-5.E-02,7.3));
#3377 = VECTOR('',#3378,1.);
#3378 = DIRECTION('',(1.,0.,0.));
#3379 = PLANE('',#3380);
#3380 = AXIS2_PLACEMENT_3D('',#3381,#3382,#3383);
#3381 = CARTESIAN_POINT('',(19.,-0.35,7.3));
#3382 = DIRECTION('',(0.,0.,1.));
#3383 = DIRECTION('',(1.,0.,0.));
#3384 = ADVANCED_FACE('',(#3385),#3396,.T.);
#3385 = FACE_BOUND('',#3386,.T.);
#3386 = EDGE_LOOP('',(#3387,#3388,#3389,#3395));
#3387 = ORIENTED_EDGE('',*,*,#531,.F.);
#3388 = ORIENTED_EDGE('',*,*,#2948,.T.);
#3389 = ORIENTED_EDGE('',*,*,#3390,.T.);
#3390 = EDGE_CURVE('',#2941,#3367,#3391,.T.);
#3391 = LINE('',#3392,#3393);
#3392 = CARTESIAN_POINT('',(19.4,-5.E-02,1.5));
#3393 = VECTOR('',#3394,1.);
#3394 = DIRECTION('',(0.,0.,1.));
#3395 = ORIENTED_EDGE('',*,*,#3366,.F.);
#3396 = PLANE('',#3397);
#3397 = AXIS2_PLACEMENT_3D('',#3398,#3399,#3400);
#3398 = CARTESIAN_POINT('',(19.4,-0.35,1.5));
#3399 = DIRECTION('',(1.,0.,0.));
#3400 = DIRECTION('',(0.,0.,1.));
#3401 = ADVANCED_FACE('',(#3402),#3420,.F.);
#3402 = FACE_BOUND('',#3403,.F.);
#3403 = EDGE_LOOP('',(#3404,#3405,#3406,#3414));
#3404 = ORIENTED_EDGE('',*,*,#515,.F.);
#3405 = ORIENTED_EDGE('',*,*,#2955,.T.);
#3406 = ORIENTED_EDGE('',*,*,#3407,.T.);
#3407 = EDGE_CURVE('',#2956,#3408,#3410,.T.);
#3408 = VERTEX_POINT('',#3409);
#3409 = CARTESIAN_POINT('',(20.27,-5.E-02,7.3));
#3410 = LINE('',#3411,#3412);
#3411 = CARTESIAN_POINT('',(20.27,-5.E-02,1.5));
#3412 = VECTOR('',#3413,1.);
#3413 = DIRECTION('',(0.,0.,1.));
#3414 = ORIENTED_EDGE('',*,*,#3415,.F.);
#3415 = EDGE_CURVE('',#508,#3408,#3416,.T.);
#3416 = LINE('',#3417,#3418);
#3417 = CARTESIAN_POINT('',(20.27,-0.35,7.3));
#3418 = VECTOR('',#3419,1.);
#3419 = DIRECTION('',(0.,1.,0.));
#3420 = PLANE('',#3421);
#3421 = AXIS2_PLACEMENT_3D('',#3422,#3423,#3424);
#3422 = CARTESIAN_POINT('',(20.27,-0.35,1.5));
#3423 = DIRECTION('',(1.,0.,0.));
#3424 = DIRECTION('',(0.,0.,1.));
#3425 = ADVANCED_FACE('',(#3426),#3444,.T.);
#3426 = FACE_BOUND('',#3427,.T.);
#3427 = EDGE_LOOP('',(#3428,#3429,#3430,#3438));
#3428 = ORIENTED_EDGE('',*,*,#3415,.F.);
#3429 = ORIENTED_EDGE('',*,*,#507,.T.);
#3430 = ORIENTED_EDGE('',*,*,#3431,.T.);
#3431 = EDGE_CURVE('',#500,#3432,#3434,.T.);
#3432 = VERTEX_POINT('',#3433);
#3433 = CARTESIAN_POINT('',(20.67,-5.E-02,7.3));
#3434 = LINE('',#3435,#3436);
#3435 = CARTESIAN_POINT('',(20.67,-0.35,7.3));
#3436 = VECTOR('',#3437,1.);
#3437 = DIRECTION('',(0.,1.,0.));
#3438 = ORIENTED_EDGE('',*,*,#3439,.F.);
#3439 = EDGE_CURVE('',#3408,#3432,#3440,.T.);
#3440 = LINE('',#3441,#3442);
#3441 = CARTESIAN_POINT('',(20.27,-5.E-02,7.3));
#3442 = VECTOR('',#3443,1.);
#3443 = DIRECTION('',(1.,0.,0.));
#3444 = PLANE('',#3445);
#3445 = AXIS2_PLACEMENT_3D('',#3446,#3447,#3448);
#3446 = CARTESIAN_POINT('',(20.27,-0.35,7.3));
#3447 = DIRECTION('',(0.,0.,1.));
#3448 = DIRECTION('',(1.,0.,0.));
#3449 = ADVANCED_FACE('',(#3450),#3461,.T.);
#3450 = FACE_BOUND('',#3451,.T.);
#3451 = EDGE_LOOP('',(#3452,#3453,#3454,#3460));
#3452 = ORIENTED_EDGE('',*,*,#499,.F.);
#3453 = ORIENTED_EDGE('',*,*,#2971,.T.);
#3454 = ORIENTED_EDGE('',*,*,#3455,.T.);
#3455 = EDGE_CURVE('',#2964,#3432,#3456,.T.);
#3456 = LINE('',#3457,#3458);
#3457 = CARTESIAN_POINT('',(20.67,-5.E-02,1.5));
#3458 = VECTOR('',#3459,1.);
#3459 = DIRECTION('',(0.,0.,1.));
#3460 = ORIENTED_EDGE('',*,*,#3431,.F.);
#3461 = PLANE('',#3462);
#3462 = AXIS2_PLACEMENT_3D('',#3463,#3464,#3465);
#3463 = CARTESIAN_POINT('',(20.67,-0.35,1.5));
#3464 = DIRECTION('',(1.,0.,0.));
#3465 = DIRECTION('',(0.,0.,1.));
#3466 = ADVANCED_FACE('',(#3467),#3485,.F.);
#3467 = FACE_BOUND('',#3468,.F.);
#3468 = EDGE_LOOP('',(#3469,#3470,#3471,#3479));
#3469 = ORIENTED_EDGE('',*,*,#483,.F.);
#3470 = ORIENTED_EDGE('',*,*,#2978,.F.);
#3471 = ORIENTED_EDGE('',*,*,#3472,.T.);
#3472 = EDGE_CURVE('',#2979,#3473,#3475,.T.);
#3473 = VERTEX_POINT('',#3474);
#3474 = CARTESIAN_POINT('',(21.54,-5.E-02,7.3));
#3475 = LINE('',#3476,#3477);
#3476 = CARTESIAN_POINT('',(21.54,-5.E-02,1.5));
#3477 = VECTOR('',#3478,1.);
#3478 = DIRECTION('',(0.,0.,1.));
#3479 = ORIENTED_EDGE('',*,*,#3480,.F.);
#3480 = EDGE_CURVE('',#476,#3473,#3481,.T.);
#3481 = LINE('',#3482,#3483);
#3482 = CARTESIAN_POINT('',(21.54,-0.35,7.3));
#3483 = VECTOR('',#3484,1.);
#3484 = DIRECTION('',(0.,1.,0.));
#3485 = PLANE('',#3486);
#3486 = AXIS2_PLACEMENT_3D('',#3487,#3488,#3489);
#3487 = CARTESIAN_POINT('',(21.54,-0.35,1.5));
#3488 = DIRECTION('',(1.,0.,0.));
#3489 = DIRECTION('',(0.,0.,1.));
#3490 = ADVANCED_FACE('',(#3491),#3509,.T.);
#3491 = FACE_BOUND('',#3492,.T.);
#3492 = EDGE_LOOP('',(#3493,#3494,#3495,#3503));
#3493 = ORIENTED_EDGE('',*,*,#3480,.F.);
#3494 = ORIENTED_EDGE('',*,*,#475,.T.);
#3495 = ORIENTED_EDGE('',*,*,#3496,.T.);
#3496 = EDGE_CURVE('',#468,#3497,#3499,.T.);
#3497 = VERTEX_POINT('',#3498);
#3498 = CARTESIAN_POINT('',(21.94,-5.E-02,7.3));
#3499 = LINE('',#3500,#3501);
#3500 = CARTESIAN_POINT('',(21.94,-0.35,7.3));
#3501 = VECTOR('',#3502,1.);
#3502 = DIRECTION('',(0.,1.,0.));
#3503 = ORIENTED_EDGE('',*,*,#3504,.F.);
#3504 = EDGE_CURVE('',#3473,#3497,#3505,.T.);
#3505 = LINE('',#3506,#3507);
#3506 = CARTESIAN_POINT('',(21.54,-5.E-02,7.3));
#3507 = VECTOR('',#3508,1.);
#3508 = DIRECTION('',(1.,0.,0.));
#3509 = PLANE('',#3510);
#3510 = AXIS2_PLACEMENT_3D('',#3511,#3512,#3513);
#3511 = CARTESIAN_POINT('',(21.54,-0.35,7.3));
#3512 = DIRECTION('',(0.,0.,1.));
#3513 = DIRECTION('',(1.,0.,0.));
#3514 = ADVANCED_FACE('',(#3515),#3526,.T.);
#3515 = FACE_BOUND('',#3516,.T.);
#3516 = EDGE_LOOP('',(#3517,#3518,#3519,#3525));
#3517 = ORIENTED_EDGE('',*,*,#467,.F.);
#3518 = ORIENTED_EDGE('',*,*,#2994,.F.);
#3519 = ORIENTED_EDGE('',*,*,#3520,.T.);
#3520 = EDGE_CURVE('',#2987,#3497,#3521,.T.);
#3521 = LINE('',#3522,#3523);
#3522 = CARTESIAN_POINT('',(21.94,-5.E-02,1.5));
#3523 = VECTOR('',#3524,1.);
#3524 = DIRECTION('',(0.,0.,1.));
#3525 = ORIENTED_EDGE('',*,*,#3496,.F.);
#3526 = PLANE('',#3527);
#3527 = AXIS2_PLACEMENT_3D('',#3528,#3529,#3530);
#3528 = CARTESIAN_POINT('',(21.94,-0.35,1.5));
#3529 = DIRECTION('',(1.,0.,0.));
#3530 = DIRECTION('',(0.,0.,1.));
#3531 = ADVANCED_FACE('',(#3532),#3543,.T.);
#3532 = FACE_BOUND('',#3533,.T.);
#3533 = EDGE_LOOP('',(#3534,#3535,#3536,#3542));
#3534 = ORIENTED_EDGE('',*,*,#451,.F.);
#3535 = ORIENTED_EDGE('',*,*,#1163,.T.);
#3536 = ORIENTED_EDGE('',*,*,#3537,.T.);
#3537 = EDGE_CURVE('',#972,#2808,#3538,.T.);
#3538 = LINE('',#3539,#3540);
#3539 = CARTESIAN_POINT('',(22.3,1.15,2.5));
#3540 = VECTOR('',#3541,1.);
#3541 = DIRECTION('',(0.,0.,1.));
#3542 = ORIENTED_EDGE('',*,*,#3001,.F.);
#3543 = PLANE('',#3544);
#3544 = AXIS2_PLACEMENT_3D('',#3545,#3546,#3547);
#3545 = CARTESIAN_POINT('',(22.3,-0.35,2.5));
#3546 = DIRECTION('',(1.,0.,0.));
#3547 = DIRECTION('',(0.,0.,1.));
#3548 = ADVANCED_FACE('',(#3549),#3555,.T.);
#3549 = FACE_BOUND('',#3550,.T.);
#3550 = EDGE_LOOP('',(#3551,#3552,#3553,#3554));
#3551 = ORIENTED_EDGE('',*,*,#435,.F.);
#3552 = ORIENTED_EDGE('',*,*,#1203,.T.);
#3553 = ORIENTED_EDGE('',*,*,#1177,.T.);
#3554 = ORIENTED_EDGE('',*,*,#1156,.T.);
#3555 = PLANE('',#3556);
#3556 = AXIS2_PLACEMENT_3D('',#3557,#3558,#3559);
#3557 = CARTESIAN_POINT('',(21.94,-0.35,1.5));
#3558 = DIRECTION('',(1.,0.,0.));
#3559 = DIRECTION('',(0.,0.,1.));
#3560 = ADVANCED_FACE('',(#3561),#3567,.T.);
#3561 = FACE_BOUND('',#3562,.T.);
#3562 = EDGE_LOOP('',(#3563,#3564,#3565,#3566));
#3563 = ORIENTED_EDGE('',*,*,#969,.F.);
#3564 = ORIENTED_EDGE('',*,*,#2785,.T.);
#3565 = ORIENTED_EDGE('',*,*,#2807,.T.);
#3566 = ORIENTED_EDGE('',*,*,#3537,.F.);
#3567 = PLANE('',#3568);
#3568 = AXIS2_PLACEMENT_3D('',#3569,#3570,#3571);
#3569 = CARTESIAN_POINT('',(12.3,1.15,2.5));
#3570 = DIRECTION('',(0.,1.,0.));
#3571 = DIRECTION('',(0.,0.,1.));
#3572 = ADVANCED_FACE('',(#3573),#3579,.T.);
#3573 = FACE_BOUND('',#3574,.T.);
#3574 = EDGE_LOOP('',(#3575,#3576,#3577,#3578));
#3575 = ORIENTED_EDGE('',*,*,#2337,.F.);
#3576 = ORIENTED_EDGE('',*,*,#2362,.F.);
#3577 = ORIENTED_EDGE('',*,*,#2378,.T.);
#3578 = ORIENTED_EDGE('',*,*,#1132,.F.);
#3579 = PLANE('',#3580);
#3580 = AXIS2_PLACEMENT_3D('',#3581,#3582,#3583);
#3581 = CARTESIAN_POINT('',(20.27,-5.E-02,1.5));
#3582 = DIRECTION('',(0.,1.,0.));
#3583 = DIRECTION('',(0.,0.,1.));
#3584 = ADVANCED_FACE('',(#3585),#3591,.T.);
#3585 = FACE_BOUND('',#3586,.T.);
#3586 = EDGE_LOOP('',(#3587,#3588,#3589,#3590));
#3587 = ORIENTED_EDGE('',*,*,#2402,.F.);
#3588 = ORIENTED_EDGE('',*,*,#2427,.F.);
#3589 = ORIENTED_EDGE('',*,*,#2443,.T.);
#3590 = ORIENTED_EDGE('',*,*,#1109,.F.);
#3591 = PLANE('',#3592);
#3592 = AXIS2_PLACEMENT_3D('',#3593,#3594,#3595);
#3593 = CARTESIAN_POINT('',(19.,-5.E-02,1.5));
#3594 = DIRECTION('',(0.,1.,0.));
#3595 = DIRECTION('',(0.,0.,1.));
#3596 = ADVANCED_FACE('',(#3597),#3603,.T.);
#3597 = FACE_BOUND('',#3598,.T.);
#3598 = EDGE_LOOP('',(#3599,#3600,#3601,#3602));
#3599 = ORIENTED_EDGE('',*,*,#2467,.F.);
#3600 = ORIENTED_EDGE('',*,*,#2492,.F.);
#3601 = ORIENTED_EDGE('',*,*,#2508,.T.);
#3602 = ORIENTED_EDGE('',*,*,#1086,.F.);
#3603 = PLANE('',#3604);
#3604 = AXIS2_PLACEMENT_3D('',#3605,#3606,#3607);
#3605 = CARTESIAN_POINT('',(17.73,-5.E-02,1.5));
#3606 = DIRECTION('',(0.,1.,0.));
#3607 = DIRECTION('',(0.,0.,1.));
#3608 = ADVANCED_FACE('',(#3609),#3615,.T.);
#3609 = FACE_BOUND('',#3610,.T.);
#3610 = EDGE_LOOP('',(#3611,#3612,#3613,#3614));
#3611 = ORIENTED_EDGE('',*,*,#2532,.F.);
#3612 = ORIENTED_EDGE('',*,*,#2557,.F.);
#3613 = ORIENTED_EDGE('',*,*,#2573,.T.);
#3614 = ORIENTED_EDGE('',*,*,#1063,.F.);
#3615 = PLANE('',#3616);
#3616 = AXIS2_PLACEMENT_3D('',#3617,#3618,#3619);
#3617 = CARTESIAN_POINT('',(16.46,-5.E-02,1.5));
#3618 = DIRECTION('',(0.,1.,0.));
#3619 = DIRECTION('',(0.,0.,1.));
#3620 = ADVANCED_FACE('',(#3621),#3627,.T.);
#3621 = FACE_BOUND('',#3622,.T.);
#3622 = EDGE_LOOP('',(#3623,#3624,#3625,#3626));
#3623 = ORIENTED_EDGE('',*,*,#2597,.F.);
#3624 = ORIENTED_EDGE('',*,*,#2622,.F.);
#3625 = ORIENTED_EDGE('',*,*,#2638,.T.);
#3626 = ORIENTED_EDGE('',*,*,#1040,.F.);
#3627 = PLANE('',#3628);
#3628 = AXIS2_PLACEMENT_3D('',#3629,#3630,#3631);
#3629 = CARTESIAN_POINT('',(15.19,-5.E-02,1.5));
#3630 = DIRECTION('',(0.,1.,0.));
#3631 = DIRECTION('',(0.,0.,1.));
#3632 = ADVANCED_FACE('',(#3633),#3639,.T.);
#3633 = FACE_BOUND('',#3634,.T.);
#3634 = EDGE_LOOP('',(#3635,#3636,#3637,#3638));
#3635 = ORIENTED_EDGE('',*,*,#2662,.F.);
#3636 = ORIENTED_EDGE('',*,*,#2687,.F.);
#3637 = ORIENTED_EDGE('',*,*,#2703,.T.);
#3638 = ORIENTED_EDGE('',*,*,#1017,.F.);
#3639 = PLANE('',#3640);
#3640 = AXIS2_PLACEMENT_3D('',#3641,#3642,#3643);
#3641 = CARTESIAN_POINT('',(13.92,-5.E-02,1.5));
#3642 = DIRECTION('',(0.,1.,0.));
#3643 = DIRECTION('',(0.,0.,1.));
#3644 = ADVANCED_FACE('',(#3645),#3651,.T.);
#3645 = FACE_BOUND('',#3646,.T.);
#3646 = EDGE_LOOP('',(#3647,#3648,#3649,#3650));
#3647 = ORIENTED_EDGE('',*,*,#2727,.F.);
#3648 = ORIENTED_EDGE('',*,*,#2752,.F.);
#3649 = ORIENTED_EDGE('',*,*,#2768,.T.);
#3650 = ORIENTED_EDGE('',*,*,#994,.F.);
#3651 = PLANE('',#3652);
#3652 = AXIS2_PLACEMENT_3D('',#3653,#3654,#3655);
#3653 = CARTESIAN_POINT('',(12.655,-5.E-02,1.5));
#3654 = DIRECTION('',(0.,1.,0.));
#3655 = DIRECTION('',(0.,0.,1.));
#3656 = ADVANCED_FACE('',(#3657),#3668,.F.);
#3657 = FACE_BOUND('',#3658,.F.);
#3658 = EDGE_LOOP('',(#3659,#3660,#3661,#3667));
#3659 = ORIENTED_EDGE('',*,*,#1276,.T.);
#3660 = ORIENTED_EDGE('',*,*,#1380,.F.);
#3661 = ORIENTED_EDGE('',*,*,#3662,.F.);
#3662 = EDGE_CURVE('',#1317,#1381,#3663,.T.);
#3663 = LINE('',#3664,#3665);
#3664 = CARTESIAN_POINT('',(-0.35,-0.35,-5.8));
#3665 = VECTOR('',#3666,1.);
#3666 = DIRECTION('',(1.,0.,0.));
#3667 = ORIENTED_EDGE('',*,*,#1316,.T.);
#3668 = PLANE('',#3669);
#3669 = AXIS2_PLACEMENT_3D('',#3670,#3671,#3672);
#3670 = CARTESIAN_POINT('',(-0.35,-0.35,-6.));
#3671 = DIRECTION('',(0.,1.,0.));
#3672 = DIRECTION('',(0.,0.,1.));
#3673 = ADVANCED_FACE('',(#3674),#3685,.F.);
#3674 = FACE_BOUND('',#3675,.F.);
#3675 = EDGE_LOOP('',(#3676,#3677,#3678,#3684));
#3676 = ORIENTED_EDGE('',*,*,#1269,.T.);
#3677 = ORIENTED_EDGE('',*,*,#1508,.F.);
#3678 = ORIENTED_EDGE('',*,*,#3679,.F.);
#3679 = EDGE_CURVE('',#1445,#1509,#3680,.T.);
#3680 = LINE('',#3681,#3682);
#3681 = CARTESIAN_POINT('',(2.19,-0.35,-5.8));
#3682 = VECTOR('',#3683,1.);
#3683 = DIRECTION('',(1.,0.,0.));
#3684 = ORIENTED_EDGE('',*,*,#1444,.T.);
#3685 = PLANE('',#3686);
#3686 = AXIS2_PLACEMENT_3D('',#3687,#3688,#3689);
#3687 = CARTESIAN_POINT('',(2.19,-0.35,-6.));
#3688 = DIRECTION('',(0.,1.,0.));
#3689 = DIRECTION('',(0.,0.,1.));
#3690 = ADVANCED_FACE('',(#3691),#3702,.F.);
#3691 = FACE_BOUND('',#3692,.F.);
#3692 = EDGE_LOOP('',(#3693,#3694,#3695,#3701));
#3693 = ORIENTED_EDGE('',*,*,#1262,.T.);
#3694 = ORIENTED_EDGE('',*,*,#1636,.F.);
#3695 = ORIENTED_EDGE('',*,*,#3696,.F.);
#3696 = EDGE_CURVE('',#1573,#1637,#3697,.T.);
#3697 = LINE('',#3698,#3699);
#3698 = CARTESIAN_POINT('',(4.73,-0.35,-5.8));
#3699 = VECTOR('',#3700,1.);
#3700 = DIRECTION('',(1.,0.,0.));
#3701 = ORIENTED_EDGE('',*,*,#1572,.T.);
#3702 = PLANE('',#3703);
#3703 = AXIS2_PLACEMENT_3D('',#3704,#3705,#3706);
#3704 = CARTESIAN_POINT('',(4.73,-0.35,-6.));
#3705 = DIRECTION('',(0.,1.,0.));
#3706 = DIRECTION('',(0.,0.,1.));
#3707 = ADVANCED_FACE('',(#3708),#3719,.F.);
#3708 = FACE_BOUND('',#3709,.F.);
#3709 = EDGE_LOOP('',(#3710,#3711,#3712,#3718));
#3710 = ORIENTED_EDGE('',*,*,#1255,.T.);
#3711 = ORIENTED_EDGE('',*,*,#1764,.F.);
#3712 = ORIENTED_EDGE('',*,*,#3713,.F.);
#3713 = EDGE_CURVE('',#1701,#1765,#3714,.T.);
#3714 = LINE('',#3715,#3716);
#3715 = CARTESIAN_POINT('',(7.27,-0.35,-5.8));
#3716 = VECTOR('',#3717,1.);
#3717 = DIRECTION('',(1.,0.,0.));
#3718 = ORIENTED_EDGE('',*,*,#1700,.T.);
#3719 = PLANE('',#3720);
#3720 = AXIS2_PLACEMENT_3D('',#3721,#3722,#3723);
#3721 = CARTESIAN_POINT('',(7.27,-0.35,-6.));
#3722 = DIRECTION('',(0.,1.,0.));
#3723 = DIRECTION('',(0.,0.,1.));
#3724 = ADVANCED_FACE('',(#3725),#3736,.F.);
#3725 = FACE_BOUND('',#3726,.F.);
#3726 = EDGE_LOOP('',(#3727,#3728,#3729,#3735));
#3727 = ORIENTED_EDGE('',*,*,#1248,.T.);
#3728 = ORIENTED_EDGE('',*,*,#1892,.F.);
#3729 = ORIENTED_EDGE('',*,*,#3730,.F.);
#3730 = EDGE_CURVE('',#1829,#1893,#3731,.T.);
#3731 = LINE('',#3732,#3733);
#3732 = CARTESIAN_POINT('',(23.98,-0.35,-5.8));
#3733 = VECTOR('',#3734,1.);
#3734 = DIRECTION('',(1.,0.,0.));
#3735 = ORIENTED_EDGE('',*,*,#1828,.T.);
#3736 = PLANE('',#3737);
#3737 = AXIS2_PLACEMENT_3D('',#3738,#3739,#3740);
#3738 = CARTESIAN_POINT('',(23.98,-0.35,-6.));
#3739 = DIRECTION('',(0.,1.,0.));
#3740 = DIRECTION('',(0.,0.,1.));
#3741 = ADVANCED_FACE('',(#3742),#3753,.F.);
#3742 = FACE_BOUND('',#3743,.F.);
#3743 = EDGE_LOOP('',(#3744,#3745,#3746,#3752));
#3744 = ORIENTED_EDGE('',*,*,#1241,.T.);
#3745 = ORIENTED_EDGE('',*,*,#2020,.F.);
#3746 = ORIENTED_EDGE('',*,*,#3747,.F.);
#3747 = EDGE_CURVE('',#1957,#2021,#3748,.T.);
#3748 = LINE('',#3749,#3750);
#3749 = CARTESIAN_POINT('',(26.52,-0.35,-5.8));
#3750 = VECTOR('',#3751,1.);
#3751 = DIRECTION('',(1.,0.,0.));
#3752 = ORIENTED_EDGE('',*,*,#1956,.T.);
#3753 = PLANE('',#3754);
#3754 = AXIS2_PLACEMENT_3D('',#3755,#3756,#3757);
#3755 = CARTESIAN_POINT('',(26.52,-0.35,-6.));
#3756 = DIRECTION('',(0.,1.,0.));
#3757 = DIRECTION('',(0.,0.,1.));
#3758 = ADVANCED_FACE('',(#3759,#3765,#3776,#3787,#3798,#3809,#3843,
    #3854),#3865,.F.);
#3759 = FACE_BOUND('',#3760,.F.);
#3760 = EDGE_LOOP('',(#3761,#3762,#3763,#3764));
#3761 = ORIENTED_EDGE('',*,*,#1226,.F.);
#3762 = ORIENTED_EDGE('',*,*,#2107,.T.);
#3763 = ORIENTED_EDGE('',*,*,#2091,.T.);
#3764 = ORIENTED_EDGE('',*,*,#2059,.F.);
#3765 = FACE_BOUND('',#3766,.F.);
#3766 = EDGE_LOOP('',(#3767));
#3767 = ORIENTED_EDGE('',*,*,#3768,.F.);
#3768 = EDGE_CURVE('',#3769,#3769,#3771,.T.);
#3769 = VERTEX_POINT('',#3770);
#3770 = CARTESIAN_POINT('',(0.6,-1.55,1.15));
#3771 = CIRCLE('',#3772,0.6);
#3772 = AXIS2_PLACEMENT_3D('',#3773,#3774,#3775);
#3773 = CARTESIAN_POINT('',(0.,-1.55,1.15));
#3774 = DIRECTION('',(-0.,1.,2.22044604925E-16));
#3775 = DIRECTION('',(1.,0.,0.));
#3776 = FACE_BOUND('',#3777,.F.);
#3777 = EDGE_LOOP('',(#3778));
#3778 = ORIENTED_EDGE('',*,*,#3779,.F.);
#3779 = EDGE_CURVE('',#3780,#3780,#3782,.T.);
#3780 = VERTEX_POINT('',#3781);
#3781 = CARTESIAN_POINT('',(3.14,-1.55,1.15));
#3782 = CIRCLE('',#3783,0.6);
#3783 = AXIS2_PLACEMENT_3D('',#3784,#3785,#3786);
#3784 = CARTESIAN_POINT('',(2.54,-1.55,1.15));
#3785 = DIRECTION('',(-0.,1.,2.22044604925E-16));
#3786 = DIRECTION('',(1.,0.,0.));
#3787 = FACE_BOUND('',#3788,.F.);
#3788 = EDGE_LOOP('',(#3789));
#3789 = ORIENTED_EDGE('',*,*,#3790,.F.);
#3790 = EDGE_CURVE('',#3791,#3791,#3793,.T.);
#3791 = VERTEX_POINT('',#3792);
#3792 = CARTESIAN_POINT('',(5.68,-1.55,1.15));
#3793 = CIRCLE('',#3794,0.6);
#3794 = AXIS2_PLACEMENT_3D('',#3795,#3796,#3797);
#3795 = CARTESIAN_POINT('',(5.08,-1.55,1.15));
#3796 = DIRECTION('',(-0.,1.,2.22044604925E-16));
#3797 = DIRECTION('',(1.,0.,0.));
#3798 = FACE_BOUND('',#3799,.F.);
#3799 = EDGE_LOOP('',(#3800));
#3800 = ORIENTED_EDGE('',*,*,#3801,.F.);
#3801 = EDGE_CURVE('',#3802,#3802,#3804,.T.);
#3802 = VERTEX_POINT('',#3803);
#3803 = CARTESIAN_POINT('',(8.22,-1.55,1.15));
#3804 = CIRCLE('',#3805,0.6);
#3805 = AXIS2_PLACEMENT_3D('',#3806,#3807,#3808);
#3806 = CARTESIAN_POINT('',(7.62,-1.55,1.15));
#3807 = DIRECTION('',(-0.,1.,2.22044604925E-16));
#3808 = DIRECTION('',(1.,0.,0.));
#3809 = FACE_BOUND('',#3810,.F.);
#3810 = EDGE_LOOP('',(#3811,#3821,#3829,#3837));
#3811 = ORIENTED_EDGE('',*,*,#3812,.F.);
#3812 = EDGE_CURVE('',#3813,#3815,#3817,.T.);
#3813 = VERTEX_POINT('',#3814);
#3814 = CARTESIAN_POINT('',(-5.E-02,-1.55,3.));
#3815 = VERTEX_POINT('',#3816);
#3816 = CARTESIAN_POINT('',(0.15,-1.55,3.));
#3817 = LINE('',#3818,#3819);
#3818 = CARTESIAN_POINT('',(-0.81,-1.55,3.));
#3819 = VECTOR('',#3820,1.);
#3820 = DIRECTION('',(1.,0.,0.));
#3821 = ORIENTED_EDGE('',*,*,#3822,.T.);
#3822 = EDGE_CURVE('',#3813,#3823,#3825,.T.);
#3823 = VERTEX_POINT('',#3824);
#3824 = CARTESIAN_POINT('',(-5.E-02,-1.55,2.));
#3825 = LINE('',#3826,#3827);
#3826 = CARTESIAN_POINT('',(-5.E-02,-1.55,1.));
#3827 = VECTOR('',#3828,1.);
#3828 = DIRECTION('',(0.,0.,-1.));
#3829 = ORIENTED_EDGE('',*,*,#3830,.T.);
#3830 = EDGE_CURVE('',#3823,#3831,#3833,.T.);
#3831 = VERTEX_POINT('',#3832);
#3832 = CARTESIAN_POINT('',(0.15,-1.55,2.));
#3833 = LINE('',#3834,#3835);
#3834 = CARTESIAN_POINT('',(-0.81,-1.55,2.));
#3835 = VECTOR('',#3836,1.);
#3836 = DIRECTION('',(1.,0.,0.));
#3837 = ORIENTED_EDGE('',*,*,#3838,.F.);
#3838 = EDGE_CURVE('',#3815,#3831,#3839,.T.);
#3839 = LINE('',#3840,#3841);
#3840 = CARTESIAN_POINT('',(0.15,-1.55,1.));
#3841 = VECTOR('',#3842,1.);
#3842 = DIRECTION('',(0.,0.,-1.));
#3843 = FACE_BOUND('',#3844,.F.);
#3844 = EDGE_LOOP('',(#3845));
#3845 = ORIENTED_EDGE('',*,*,#3846,.F.);
#3846 = EDGE_CURVE('',#3847,#3847,#3849,.T.);
#3847 = VERTEX_POINT('',#3848);
#3848 = CARTESIAN_POINT('',(27.47,-1.55,1.15));
#3849 = CIRCLE('',#3850,0.6);
#3850 = AXIS2_PLACEMENT_3D('',#3851,#3852,#3853);
#3851 = CARTESIAN_POINT('',(26.87,-1.55,1.15));
#3852 = DIRECTION('',(-0.,1.,2.22044604925E-16));
#3853 = DIRECTION('',(1.,0.,0.));
#3854 = FACE_BOUND('',#3855,.F.);
#3855 = EDGE_LOOP('',(#3856));
#3856 = ORIENTED_EDGE('',*,*,#3857,.F.);
#3857 = EDGE_CURVE('',#3858,#3858,#3860,.T.);
#3858 = VERTEX_POINT('',#3859);
#3859 = CARTESIAN_POINT('',(24.93,-1.55,1.15));
#3860 = CIRCLE('',#3861,0.6);
#3861 = AXIS2_PLACEMENT_3D('',#3862,#3863,#3864);
#3862 = CARTESIAN_POINT('',(24.33,-1.55,1.15));
#3863 = DIRECTION('',(-0.,1.,2.22044604925E-16));
#3864 = DIRECTION('',(1.,0.,0.));
#3865 = PLANE('',#3866);
#3866 = AXIS2_PLACEMENT_3D('',#3867,#3868,#3869);
#3867 = CARTESIAN_POINT('',(-1.57,-1.55,0.));
#3868 = DIRECTION('',(0.,1.,0.));
#3869 = DIRECTION('',(0.,0.,1.));
#3870 = ADVANCED_FACE('',(#3871),#3887,.T.);
#3871 = FACE_BOUND('',#3872,.T.);
#3872 = EDGE_LOOP('',(#3873,#3874,#3880,#3881));
#3873 = ORIENTED_EDGE('',*,*,#1291,.F.);
#3874 = ORIENTED_EDGE('',*,*,#3875,.T.);
#3875 = EDGE_CURVE('',#1292,#1356,#3876,.T.);
#3876 = LINE('',#3877,#3878);
#3877 = CARTESIAN_POINT('',(-0.175,-0.34,1.5));
#3878 = VECTOR('',#3879,1.);
#3879 = DIRECTION('',(1.,0.,0.));
#3880 = ORIENTED_EDGE('',*,*,#1355,.T.);
#3881 = ORIENTED_EDGE('',*,*,#3882,.F.);
#3882 = EDGE_CURVE('',#1294,#1358,#3883,.T.);
#3883 = LINE('',#3884,#3885);
#3884 = CARTESIAN_POINT('',(-0.35,-0.25,1.5));
#3885 = VECTOR('',#3886,1.);
#3886 = DIRECTION('',(1.,0.,0.));
#3887 = PLANE('',#3888);
#3888 = AXIS2_PLACEMENT_3D('',#3889,#3890,#3891);
#3889 = CARTESIAN_POINT('',(-0.35,-0.35,1.5));
#3890 = DIRECTION('',(0.,0.,1.));
#3891 = DIRECTION('',(1.,0.,0.));
#3892 = ADVANCED_FACE('',(#3893),#3904,.T.);
#3893 = FACE_BOUND('',#3894,.F.);
#3894 = EDGE_LOOP('',(#3895,#3896,#3902,#3903));
#3895 = ORIENTED_EDGE('',*,*,#1340,.T.);
#3896 = ORIENTED_EDGE('',*,*,#3897,.T.);
#3897 = EDGE_CURVE('',#1333,#1397,#3898,.T.);
#3898 = LINE('',#3899,#3900);
#3899 = CARTESIAN_POINT('',(-0.35,0.35,0.9));
#3900 = VECTOR('',#3901,1.);
#3901 = DIRECTION('',(1.,0.,0.));
#3902 = ORIENTED_EDGE('',*,*,#1404,.F.);
#3903 = ORIENTED_EDGE('',*,*,#3882,.F.);
#3904 = CYLINDRICAL_SURFACE('',#3905,0.6);
#3905 = AXIS2_PLACEMENT_3D('',#3906,#3907,#3908);
#3906 = CARTESIAN_POINT('',(-0.35,-0.25,0.9));
#3907 = DIRECTION('',(1.,0.,0.));
#3908 = DIRECTION('',(0.,0.,1.));
#3909 = ADVANCED_FACE('',(#3910),#3921,.T.);
#3910 = FACE_BOUND('',#3911,.T.);
#3911 = EDGE_LOOP('',(#3912,#3913,#3919,#3920));
#3912 = ORIENTED_EDGE('',*,*,#1396,.F.);
#3913 = ORIENTED_EDGE('',*,*,#3914,.F.);
#3914 = EDGE_CURVE('',#1325,#1389,#3915,.T.);
#3915 = LINE('',#3916,#3917);
#3916 = CARTESIAN_POINT('',(-0.35,0.35,-5.8));
#3917 = VECTOR('',#3918,1.);
#3918 = DIRECTION('',(1.,0.,0.));
#3919 = ORIENTED_EDGE('',*,*,#1332,.T.);
#3920 = ORIENTED_EDGE('',*,*,#3897,.T.);
#3921 = PLANE('',#3922);
#3922 = AXIS2_PLACEMENT_3D('',#3923,#3924,#3925);
#3923 = CARTESIAN_POINT('',(-0.35,0.35,-6.));
#3924 = DIRECTION('',(0.,1.,0.));
#3925 = DIRECTION('',(0.,0.,1.));
#3926 = ADVANCED_FACE('',(#3927),#3952,.T.);
#3927 = FACE_BOUND('',#3928,.T.);
#3928 = EDGE_LOOP('',(#3929,#3937,#3938,#3946));
#3929 = ORIENTED_EDGE('',*,*,#3930,.F.);
#3930 = EDGE_CURVE('',#1317,#3931,#3933,.T.);
#3931 = VERTEX_POINT('',#3932);
#3932 = CARTESIAN_POINT('',(-0.15,-0.15,-6.));
#3933 = LINE('',#3934,#3935);
#3934 = CARTESIAN_POINT('',(-0.283333333333,-0.283333333333,
    -5.866666666667));
#3935 = VECTOR('',#3936,1.);
#3936 = DIRECTION('',(0.57735026919,0.57735026919,-0.57735026919));
#3937 = ORIENTED_EDGE('',*,*,#1324,.T.);
#3938 = ORIENTED_EDGE('',*,*,#3939,.T.);
#3939 = EDGE_CURVE('',#1325,#3940,#3942,.T.);
#3940 = VERTEX_POINT('',#3941);
#3941 = CARTESIAN_POINT('',(-0.15,0.15,-6.));
#3942 = LINE('',#3943,#3944);
#3943 = CARTESIAN_POINT('',(-0.166666666667,0.166666666667,
    -5.983333333333));
#3944 = VECTOR('',#3945,1.);
#3945 = DIRECTION('',(0.57735026919,-0.57735026919,-0.57735026919));
#3946 = ORIENTED_EDGE('',*,*,#3947,.F.);
#3947 = EDGE_CURVE('',#3931,#3940,#3948,.T.);
#3948 = LINE('',#3949,#3950);
#3949 = CARTESIAN_POINT('',(-0.15,-0.35,-6.));
#3950 = VECTOR('',#3951,1.);
#3951 = DIRECTION('',(0.,1.,0.));
#3952 = PLANE('',#3953);
#3953 = AXIS2_PLACEMENT_3D('',#3954,#3955,#3956);
#3954 = CARTESIAN_POINT('',(-0.25,-0.35,-5.9));
#3955 = DIRECTION('',(-0.707106781187,-1.735417226645E-18,
    -0.707106781187));
#3956 = DIRECTION('',(-1.227125289148E-18,1.,-1.227125289148E-18));
#3957 = ADVANCED_FACE('',(#3958),#3979,.T.);
#3958 = FACE_BOUND('',#3959,.T.);
#3959 = EDGE_LOOP('',(#3960,#3969,#3976,#3977,#3978));
#3960 = ORIENTED_EDGE('',*,*,#3961,.T.);
#3961 = EDGE_CURVE('',#1302,#3962,#3964,.T.);
#3962 = VERTEX_POINT('',#3963);
#3963 = CARTESIAN_POINT('',(0.6,-0.34,1.15));
#3964 = CIRCLE('',#3965,0.6);
#3965 = AXIS2_PLACEMENT_3D('',#3966,#3967,#3968);
#3966 = CARTESIAN_POINT('',(0.,-0.34,1.15));
#3967 = DIRECTION('',(-0.,1.,2.22044604925E-16));
#3968 = DIRECTION('',(1.,0.,0.));
#3969 = ORIENTED_EDGE('',*,*,#3970,.T.);
#3970 = EDGE_CURVE('',#3962,#1366,#3971,.T.);
#3971 = CIRCLE('',#3972,0.6);
#3972 = AXIS2_PLACEMENT_3D('',#3973,#3974,#3975);
#3973 = CARTESIAN_POINT('',(0.,-0.34,1.15));
#3974 = DIRECTION('',(-0.,1.,2.22044604925E-16));
#3975 = DIRECTION('',(1.,0.,0.));
#3976 = ORIENTED_EDGE('',*,*,#1365,.F.);
#3977 = ORIENTED_EDGE('',*,*,#3875,.F.);
#3978 = ORIENTED_EDGE('',*,*,#1301,.T.);
#3979 = PLANE('',#3980);
#3980 = AXIS2_PLACEMENT_3D('',#3981,#3982,#3983);
#3981 = CARTESIAN_POINT('',(0.,-0.34,1.15));
#3982 = DIRECTION('',(0.,1.,2.22044604925E-16));
#3983 = DIRECTION('',(1.,0.,0.));
#3984 = ADVANCED_FACE('',(#3985),#4010,.F.);
#3985 = FACE_BOUND('',#3986,.F.);
#3986 = EDGE_LOOP('',(#3987,#3995,#3996,#4004));
#3987 = ORIENTED_EDGE('',*,*,#3988,.F.);
#3988 = EDGE_CURVE('',#1381,#3989,#3991,.T.);
#3989 = VERTEX_POINT('',#3990);
#3990 = CARTESIAN_POINT('',(0.15,-0.15,-6.));
#3991 = LINE('',#3992,#3993);
#3992 = CARTESIAN_POINT('',(0.166666666667,-0.166666666667,
    -5.983333333333));
#3993 = VECTOR('',#3994,1.);
#3994 = DIRECTION('',(-0.57735026919,0.57735026919,-0.57735026919));
#3995 = ORIENTED_EDGE('',*,*,#1388,.T.);
#3996 = ORIENTED_EDGE('',*,*,#3997,.T.);
#3997 = EDGE_CURVE('',#1389,#3998,#4000,.T.);
#3998 = VERTEX_POINT('',#3999);
#3999 = CARTESIAN_POINT('',(0.15,0.15,-6.));
#4000 = LINE('',#4001,#4002);
#4001 = CARTESIAN_POINT('',(5.E-02,5.E-02,-6.1));
#4002 = VECTOR('',#4003,1.);
#4003 = DIRECTION('',(-0.57735026919,-0.57735026919,-0.57735026919));
#4004 = ORIENTED_EDGE('',*,*,#4005,.F.);
#4005 = EDGE_CURVE('',#3989,#3998,#4006,.T.);
#4006 = LINE('',#4007,#4008);
#4007 = CARTESIAN_POINT('',(0.15,-0.35,-6.));
#4008 = VECTOR('',#4009,1.);
#4009 = DIRECTION('',(0.,1.,0.));
#4010 = PLANE('',#4011);
#4011 = AXIS2_PLACEMENT_3D('',#4012,#4013,#4014);
#4012 = CARTESIAN_POINT('',(0.25,-0.35,-5.9));
#4013 = DIRECTION('',(-0.707106781187,1.735417226645E-18,0.707106781187)
  );
#4014 = DIRECTION('',(1.227125289148E-18,1.,-1.227125289148E-18));
#4015 = ADVANCED_FACE('',(#4016),#4032,.T.);
#4016 = FACE_BOUND('',#4017,.T.);
#4017 = EDGE_LOOP('',(#4018,#4019,#4025,#4026));
#4018 = ORIENTED_EDGE('',*,*,#1419,.F.);
#4019 = ORIENTED_EDGE('',*,*,#4020,.T.);
#4020 = EDGE_CURVE('',#1420,#1484,#4021,.T.);
#4021 = LINE('',#4022,#4023);
#4022 = CARTESIAN_POINT('',(2.365,-0.34,1.5));
#4023 = VECTOR('',#4024,1.);
#4024 = DIRECTION('',(1.,0.,0.));
#4025 = ORIENTED_EDGE('',*,*,#1483,.T.);
#4026 = ORIENTED_EDGE('',*,*,#4027,.F.);
#4027 = EDGE_CURVE('',#1422,#1486,#4028,.T.);
#4028 = LINE('',#4029,#4030);
#4029 = CARTESIAN_POINT('',(2.19,-0.25,1.5));
#4030 = VECTOR('',#4031,1.);
#4031 = DIRECTION('',(1.,0.,0.));
#4032 = PLANE('',#4033);
#4033 = AXIS2_PLACEMENT_3D('',#4034,#4035,#4036);
#4034 = CARTESIAN_POINT('',(2.19,-0.35,1.5));
#4035 = DIRECTION('',(0.,0.,1.));
#4036 = DIRECTION('',(1.,0.,0.));
#4037 = ADVANCED_FACE('',(#4038),#4049,.T.);
#4038 = FACE_BOUND('',#4039,.F.);
#4039 = EDGE_LOOP('',(#4040,#4041,#4047,#4048));
#4040 = ORIENTED_EDGE('',*,*,#1468,.T.);
#4041 = ORIENTED_EDGE('',*,*,#4042,.T.);
#4042 = EDGE_CURVE('',#1461,#1525,#4043,.T.);
#4043 = LINE('',#4044,#4045);
#4044 = CARTESIAN_POINT('',(2.19,0.35,0.9));
#4045 = VECTOR('',#4046,1.);
#4046 = DIRECTION('',(1.,0.,0.));
#4047 = ORIENTED_EDGE('',*,*,#1532,.F.);
#4048 = ORIENTED_EDGE('',*,*,#4027,.F.);
#4049 = CYLINDRICAL_SURFACE('',#4050,0.6);
#4050 = AXIS2_PLACEMENT_3D('',#4051,#4052,#4053);
#4051 = CARTESIAN_POINT('',(2.19,-0.25,0.9));
#4052 = DIRECTION('',(1.,0.,0.));
#4053 = DIRECTION('',(0.,0.,1.));
#4054 = ADVANCED_FACE('',(#4055),#4066,.T.);
#4055 = FACE_BOUND('',#4056,.T.);
#4056 = EDGE_LOOP('',(#4057,#4058,#4064,#4065));
#4057 = ORIENTED_EDGE('',*,*,#1524,.F.);
#4058 = ORIENTED_EDGE('',*,*,#4059,.F.);
#4059 = EDGE_CURVE('',#1453,#1517,#4060,.T.);
#4060 = LINE('',#4061,#4062);
#4061 = CARTESIAN_POINT('',(2.19,0.35,-5.8));
#4062 = VECTOR('',#4063,1.);
#4063 = DIRECTION('',(1.,0.,0.));
#4064 = ORIENTED_EDGE('',*,*,#1460,.T.);
#4065 = ORIENTED_EDGE('',*,*,#4042,.T.);
#4066 = PLANE('',#4067);
#4067 = AXIS2_PLACEMENT_3D('',#4068,#4069,#4070);
#4068 = CARTESIAN_POINT('',(2.19,0.35,-6.));
#4069 = DIRECTION('',(0.,1.,0.));
#4070 = DIRECTION('',(0.,0.,1.));
#4071 = ADVANCED_FACE('',(#4072),#4097,.T.);
#4072 = FACE_BOUND('',#4073,.T.);
#4073 = EDGE_LOOP('',(#4074,#4082,#4083,#4091));
#4074 = ORIENTED_EDGE('',*,*,#4075,.F.);
#4075 = EDGE_CURVE('',#1445,#4076,#4078,.T.);
#4076 = VERTEX_POINT('',#4077);
#4077 = CARTESIAN_POINT('',(2.39,-0.15,-6.));
#4078 = LINE('',#4079,#4080);
#4079 = CARTESIAN_POINT('',(2.256666666667,-0.283333333333,
    -5.866666666667));
#4080 = VECTOR('',#4081,1.);
#4081 = DIRECTION('',(0.57735026919,0.57735026919,-0.57735026919));
#4082 = ORIENTED_EDGE('',*,*,#1452,.T.);
#4083 = ORIENTED_EDGE('',*,*,#4084,.T.);
#4084 = EDGE_CURVE('',#1453,#4085,#4087,.T.);
#4085 = VERTEX_POINT('',#4086);
#4086 = CARTESIAN_POINT('',(2.39,0.15,-6.));
#4087 = LINE('',#4088,#4089);
#4088 = CARTESIAN_POINT('',(2.373333333333,0.166666666667,
    -5.983333333333));
#4089 = VECTOR('',#4090,1.);
#4090 = DIRECTION('',(0.57735026919,-0.57735026919,-0.57735026919));
#4091 = ORIENTED_EDGE('',*,*,#4092,.F.);
#4092 = EDGE_CURVE('',#4076,#4085,#4093,.T.);
#4093 = LINE('',#4094,#4095);
#4094 = CARTESIAN_POINT('',(2.39,-0.35,-6.));
#4095 = VECTOR('',#4096,1.);
#4096 = DIRECTION('',(0.,1.,0.));
#4097 = PLANE('',#4098);
#4098 = AXIS2_PLACEMENT_3D('',#4099,#4100,#4101);
#4099 = CARTESIAN_POINT('',(2.29,-0.35,-5.9));
#4100 = DIRECTION('',(-0.707106781187,-1.735417226645E-18,
    -0.707106781187));
#4101 = DIRECTION('',(-1.227125289148E-18,1.,-1.227125289148E-18));
#4102 = ADVANCED_FACE('',(#4103),#4124,.T.);
#4103 = FACE_BOUND('',#4104,.T.);
#4104 = EDGE_LOOP('',(#4105,#4114,#4121,#4122,#4123));
#4105 = ORIENTED_EDGE('',*,*,#4106,.T.);
#4106 = EDGE_CURVE('',#1430,#4107,#4109,.T.);
#4107 = VERTEX_POINT('',#4108);
#4108 = CARTESIAN_POINT('',(3.14,-0.34,1.15));
#4109 = CIRCLE('',#4110,0.6);
#4110 = AXIS2_PLACEMENT_3D('',#4111,#4112,#4113);
#4111 = CARTESIAN_POINT('',(2.54,-0.34,1.15));
#4112 = DIRECTION('',(-0.,1.,2.22044604925E-16));
#4113 = DIRECTION('',(1.,0.,0.));
#4114 = ORIENTED_EDGE('',*,*,#4115,.T.);
#4115 = EDGE_CURVE('',#4107,#1494,#4116,.T.);
#4116 = CIRCLE('',#4117,0.6);
#4117 = AXIS2_PLACEMENT_3D('',#4118,#4119,#4120);
#4118 = CARTESIAN_POINT('',(2.54,-0.34,1.15));
#4119 = DIRECTION('',(-0.,1.,2.22044604925E-16));
#4120 = DIRECTION('',(1.,0.,0.));
#4121 = ORIENTED_EDGE('',*,*,#1493,.F.);
#4122 = ORIENTED_EDGE('',*,*,#4020,.F.);
#4123 = ORIENTED_EDGE('',*,*,#1429,.T.);
#4124 = PLANE('',#4125);
#4125 = AXIS2_PLACEMENT_3D('',#4126,#4127,#4128);
#4126 = CARTESIAN_POINT('',(2.54,-0.34,1.15));
#4127 = DIRECTION('',(0.,1.,2.22044604925E-16));
#4128 = DIRECTION('',(1.,0.,0.));
#4129 = ADVANCED_FACE('',(#4130),#4155,.F.);
#4130 = FACE_BOUND('',#4131,.F.);
#4131 = EDGE_LOOP('',(#4132,#4140,#4141,#4149));
#4132 = ORIENTED_EDGE('',*,*,#4133,.F.);
#4133 = EDGE_CURVE('',#1509,#4134,#4136,.T.);
#4134 = VERTEX_POINT('',#4135);
#4135 = CARTESIAN_POINT('',(2.69,-0.15,-6.));
#4136 = LINE('',#4137,#4138);
#4137 = CARTESIAN_POINT('',(2.706666666667,-0.166666666667,
    -5.983333333333));
#4138 = VECTOR('',#4139,1.);
#4139 = DIRECTION('',(-0.57735026919,0.57735026919,-0.57735026919));
#4140 = ORIENTED_EDGE('',*,*,#1516,.T.);
#4141 = ORIENTED_EDGE('',*,*,#4142,.T.);
#4142 = EDGE_CURVE('',#1517,#4143,#4145,.T.);
#4143 = VERTEX_POINT('',#4144);
#4144 = CARTESIAN_POINT('',(2.69,0.15,-6.));
#4145 = LINE('',#4146,#4147);
#4146 = CARTESIAN_POINT('',(2.59,5.E-02,-6.1));
#4147 = VECTOR('',#4148,1.);
#4148 = DIRECTION('',(-0.57735026919,-0.57735026919,-0.57735026919));
#4149 = ORIENTED_EDGE('',*,*,#4150,.F.);
#4150 = EDGE_CURVE('',#4134,#4143,#4151,.T.);
#4151 = LINE('',#4152,#4153);
#4152 = CARTESIAN_POINT('',(2.69,-0.35,-6.));
#4153 = VECTOR('',#4154,1.);
#4154 = DIRECTION('',(0.,1.,0.));
#4155 = PLANE('',#4156);
#4156 = AXIS2_PLACEMENT_3D('',#4157,#4158,#4159);
#4157 = CARTESIAN_POINT('',(2.79,-0.35,-5.9));
#4158 = DIRECTION('',(-0.707106781187,1.735417226645E-18,0.707106781187)
  );
#4159 = DIRECTION('',(1.227125289148E-18,1.,-1.227125289148E-18));
#4160 = ADVANCED_FACE('',(#4161),#4177,.T.);
#4161 = FACE_BOUND('',#4162,.T.);
#4162 = EDGE_LOOP('',(#4163,#4164,#4170,#4171));
#4163 = ORIENTED_EDGE('',*,*,#1547,.F.);
#4164 = ORIENTED_EDGE('',*,*,#4165,.T.);
#4165 = EDGE_CURVE('',#1548,#1612,#4166,.T.);
#4166 = LINE('',#4167,#4168);
#4167 = CARTESIAN_POINT('',(4.905,-0.34,1.5));
#4168 = VECTOR('',#4169,1.);
#4169 = DIRECTION('',(1.,0.,0.));
#4170 = ORIENTED_EDGE('',*,*,#1611,.T.);
#4171 = ORIENTED_EDGE('',*,*,#4172,.F.);
#4172 = EDGE_CURVE('',#1550,#1614,#4173,.T.);
#4173 = LINE('',#4174,#4175);
#4174 = CARTESIAN_POINT('',(4.73,-0.25,1.5));
#4175 = VECTOR('',#4176,1.);
#4176 = DIRECTION('',(1.,0.,0.));
#4177 = PLANE('',#4178);
#4178 = AXIS2_PLACEMENT_3D('',#4179,#4180,#4181);
#4179 = CARTESIAN_POINT('',(4.73,-0.35,1.5));
#4180 = DIRECTION('',(0.,0.,1.));
#4181 = DIRECTION('',(1.,0.,0.));
#4182 = ADVANCED_FACE('',(#4183),#4194,.T.);
#4183 = FACE_BOUND('',#4184,.F.);
#4184 = EDGE_LOOP('',(#4185,#4186,#4192,#4193));
#4185 = ORIENTED_EDGE('',*,*,#1596,.T.);
#4186 = ORIENTED_EDGE('',*,*,#4187,.T.);
#4187 = EDGE_CURVE('',#1589,#1653,#4188,.T.);
#4188 = LINE('',#4189,#4190);
#4189 = CARTESIAN_POINT('',(4.73,0.35,0.9));
#4190 = VECTOR('',#4191,1.);
#4191 = DIRECTION('',(1.,0.,0.));
#4192 = ORIENTED_EDGE('',*,*,#1660,.F.);
#4193 = ORIENTED_EDGE('',*,*,#4172,.F.);
#4194 = CYLINDRICAL_SURFACE('',#4195,0.6);
#4195 = AXIS2_PLACEMENT_3D('',#4196,#4197,#4198);
#4196 = CARTESIAN_POINT('',(4.73,-0.25,0.9));
#4197 = DIRECTION('',(1.,0.,0.));
#4198 = DIRECTION('',(0.,0.,1.));
#4199 = ADVANCED_FACE('',(#4200),#4211,.T.);
#4200 = FACE_BOUND('',#4201,.T.);
#4201 = EDGE_LOOP('',(#4202,#4203,#4209,#4210));
#4202 = ORIENTED_EDGE('',*,*,#1652,.F.);
#4203 = ORIENTED_EDGE('',*,*,#4204,.F.);
#4204 = EDGE_CURVE('',#1581,#1645,#4205,.T.);
#4205 = LINE('',#4206,#4207);
#4206 = CARTESIAN_POINT('',(4.73,0.35,-5.8));
#4207 = VECTOR('',#4208,1.);
#4208 = DIRECTION('',(1.,0.,0.));
#4209 = ORIENTED_EDGE('',*,*,#1588,.T.);
#4210 = ORIENTED_EDGE('',*,*,#4187,.T.);
#4211 = PLANE('',#4212);
#4212 = AXIS2_PLACEMENT_3D('',#4213,#4214,#4215);
#4213 = CARTESIAN_POINT('',(4.73,0.35,-6.));
#4214 = DIRECTION('',(0.,1.,0.));
#4215 = DIRECTION('',(0.,0.,1.));
#4216 = ADVANCED_FACE('',(#4217),#4242,.T.);
#4217 = FACE_BOUND('',#4218,.T.);
#4218 = EDGE_LOOP('',(#4219,#4227,#4228,#4236));
#4219 = ORIENTED_EDGE('',*,*,#4220,.F.);
#4220 = EDGE_CURVE('',#1573,#4221,#4223,.T.);
#4221 = VERTEX_POINT('',#4222);
#4222 = CARTESIAN_POINT('',(4.93,-0.15,-6.));
#4223 = LINE('',#4224,#4225);
#4224 = CARTESIAN_POINT('',(4.796666666667,-0.283333333333,
    -5.866666666667));
#4225 = VECTOR('',#4226,1.);
#4226 = DIRECTION('',(0.57735026919,0.57735026919,-0.57735026919));
#4227 = ORIENTED_EDGE('',*,*,#1580,.T.);
#4228 = ORIENTED_EDGE('',*,*,#4229,.T.);
#4229 = EDGE_CURVE('',#1581,#4230,#4232,.T.);
#4230 = VERTEX_POINT('',#4231);
#4231 = CARTESIAN_POINT('',(4.93,0.15,-6.));
#4232 = LINE('',#4233,#4234);
#4233 = CARTESIAN_POINT('',(4.913333333333,0.166666666667,
    -5.983333333333));
#4234 = VECTOR('',#4235,1.);
#4235 = DIRECTION('',(0.57735026919,-0.57735026919,-0.57735026919));
#4236 = ORIENTED_EDGE('',*,*,#4237,.F.);
#4237 = EDGE_CURVE('',#4221,#4230,#4238,.T.);
#4238 = LINE('',#4239,#4240);
#4239 = CARTESIAN_POINT('',(4.93,-0.35,-6.));
#4240 = VECTOR('',#4241,1.);
#4241 = DIRECTION('',(0.,1.,0.));
#4242 = PLANE('',#4243);
#4243 = AXIS2_PLACEMENT_3D('',#4244,#4245,#4246);
#4244 = CARTESIAN_POINT('',(4.83,-0.35,-5.9));
#4245 = DIRECTION('',(-0.707106781187,-1.735417226645E-18,
    -0.707106781187));
#4246 = DIRECTION('',(-1.227125289148E-18,1.,-1.227125289148E-18));
#4247 = ADVANCED_FACE('',(#4248),#4269,.T.);
#4248 = FACE_BOUND('',#4249,.T.);
#4249 = EDGE_LOOP('',(#4250,#4259,#4266,#4267,#4268));
#4250 = ORIENTED_EDGE('',*,*,#4251,.T.);
#4251 = EDGE_CURVE('',#1558,#4252,#4254,.T.);
#4252 = VERTEX_POINT('',#4253);
#4253 = CARTESIAN_POINT('',(5.68,-0.34,1.15));
#4254 = CIRCLE('',#4255,0.6);
#4255 = AXIS2_PLACEMENT_3D('',#4256,#4257,#4258);
#4256 = CARTESIAN_POINT('',(5.08,-0.34,1.15));
#4257 = DIRECTION('',(-0.,1.,2.22044604925E-16));
#4258 = DIRECTION('',(1.,0.,0.));
#4259 = ORIENTED_EDGE('',*,*,#4260,.T.);
#4260 = EDGE_CURVE('',#4252,#1622,#4261,.T.);
#4261 = CIRCLE('',#4262,0.6);
#4262 = AXIS2_PLACEMENT_3D('',#4263,#4264,#4265);
#4263 = CARTESIAN_POINT('',(5.08,-0.34,1.15));
#4264 = DIRECTION('',(-0.,1.,2.22044604925E-16));
#4265 = DIRECTION('',(1.,0.,0.));
#4266 = ORIENTED_EDGE('',*,*,#1621,.F.);
#4267 = ORIENTED_EDGE('',*,*,#4165,.F.);
#4268 = ORIENTED_EDGE('',*,*,#1557,.T.);
#4269 = PLANE('',#4270);
#4270 = AXIS2_PLACEMENT_3D('',#4271,#4272,#4273);
#4271 = CARTESIAN_POINT('',(5.08,-0.34,1.15));
#4272 = DIRECTION('',(0.,1.,2.22044604925E-16));
#4273 = DIRECTION('',(1.,0.,0.));
#4274 = ADVANCED_FACE('',(#4275),#4300,.F.);
#4275 = FACE_BOUND('',#4276,.F.);
#4276 = EDGE_LOOP('',(#4277,#4285,#4286,#4294));
#4277 = ORIENTED_EDGE('',*,*,#4278,.F.);
#4278 = EDGE_CURVE('',#1637,#4279,#4281,.T.);
#4279 = VERTEX_POINT('',#4280);
#4280 = CARTESIAN_POINT('',(5.23,-0.15,-6.));
#4281 = LINE('',#4282,#4283);
#4282 = CARTESIAN_POINT('',(5.246666666667,-0.166666666667,
    -5.983333333333));
#4283 = VECTOR('',#4284,1.);
#4284 = DIRECTION('',(-0.57735026919,0.57735026919,-0.57735026919));
#4285 = ORIENTED_EDGE('',*,*,#1644,.T.);
#4286 = ORIENTED_EDGE('',*,*,#4287,.T.);
#4287 = EDGE_CURVE('',#1645,#4288,#4290,.T.);
#4288 = VERTEX_POINT('',#4289);
#4289 = CARTESIAN_POINT('',(5.23,0.15,-6.));
#4290 = LINE('',#4291,#4292);
#4291 = CARTESIAN_POINT('',(5.13,5.E-02,-6.1));
#4292 = VECTOR('',#4293,1.);
#4293 = DIRECTION('',(-0.57735026919,-0.57735026919,-0.57735026919));
#4294 = ORIENTED_EDGE('',*,*,#4295,.F.);
#4295 = EDGE_CURVE('',#4279,#4288,#4296,.T.);
#4296 = LINE('',#4297,#4298);
#4297 = CARTESIAN_POINT('',(5.23,-0.35,-6.));
#4298 = VECTOR('',#4299,1.);
#4299 = DIRECTION('',(0.,1.,0.));
#4300 = PLANE('',#4301);
#4301 = AXIS2_PLACEMENT_3D('',#4302,#4303,#4304);
#4302 = CARTESIAN_POINT('',(5.33,-0.35,-5.9));
#4303 = DIRECTION('',(-0.707106781187,1.735417226645E-18,0.707106781187)
  );
#4304 = DIRECTION('',(1.227125289148E-18,1.,-1.227125289148E-18));
#4305 = ADVANCED_FACE('',(#4306),#4322,.T.);
#4306 = FACE_BOUND('',#4307,.T.);
#4307 = EDGE_LOOP('',(#4308,#4309,#4315,#4316));
#4308 = ORIENTED_EDGE('',*,*,#1675,.F.);
#4309 = ORIENTED_EDGE('',*,*,#4310,.T.);
#4310 = EDGE_CURVE('',#1676,#1740,#4311,.T.);
#4311 = LINE('',#4312,#4313);
#4312 = CARTESIAN_POINT('',(7.445,-0.34,1.5));
#4313 = VECTOR('',#4314,1.);
#4314 = DIRECTION('',(1.,0.,0.));
#4315 = ORIENTED_EDGE('',*,*,#1739,.T.);
#4316 = ORIENTED_EDGE('',*,*,#4317,.F.);
#4317 = EDGE_CURVE('',#1678,#1742,#4318,.T.);
#4318 = LINE('',#4319,#4320);
#4319 = CARTESIAN_POINT('',(7.27,-0.25,1.5));
#4320 = VECTOR('',#4321,1.);
#4321 = DIRECTION('',(1.,0.,0.));
#4322 = PLANE('',#4323);
#4323 = AXIS2_PLACEMENT_3D('',#4324,#4325,#4326);
#4324 = CARTESIAN_POINT('',(7.27,-0.35,1.5));
#4325 = DIRECTION('',(0.,0.,1.));
#4326 = DIRECTION('',(1.,0.,0.));
#4327 = ADVANCED_FACE('',(#4328),#4339,.T.);
#4328 = FACE_BOUND('',#4329,.F.);
#4329 = EDGE_LOOP('',(#4330,#4331,#4337,#4338));
#4330 = ORIENTED_EDGE('',*,*,#1724,.T.);
#4331 = ORIENTED_EDGE('',*,*,#4332,.T.);
#4332 = EDGE_CURVE('',#1717,#1781,#4333,.T.);
#4333 = LINE('',#4334,#4335);
#4334 = CARTESIAN_POINT('',(7.27,0.35,0.9));
#4335 = VECTOR('',#4336,1.);
#4336 = DIRECTION('',(1.,0.,0.));
#4337 = ORIENTED_EDGE('',*,*,#1788,.F.);
#4338 = ORIENTED_EDGE('',*,*,#4317,.F.);
#4339 = CYLINDRICAL_SURFACE('',#4340,0.6);
#4340 = AXIS2_PLACEMENT_3D('',#4341,#4342,#4343);
#4341 = CARTESIAN_POINT('',(7.27,-0.25,0.9));
#4342 = DIRECTION('',(1.,0.,0.));
#4343 = DIRECTION('',(0.,0.,1.));
#4344 = ADVANCED_FACE('',(#4345),#4356,.T.);
#4345 = FACE_BOUND('',#4346,.T.);
#4346 = EDGE_LOOP('',(#4347,#4348,#4354,#4355));
#4347 = ORIENTED_EDGE('',*,*,#1780,.F.);
#4348 = ORIENTED_EDGE('',*,*,#4349,.F.);
#4349 = EDGE_CURVE('',#1709,#1773,#4350,.T.);
#4350 = LINE('',#4351,#4352);
#4351 = CARTESIAN_POINT('',(7.27,0.35,-5.8));
#4352 = VECTOR('',#4353,1.);
#4353 = DIRECTION('',(1.,0.,0.));
#4354 = ORIENTED_EDGE('',*,*,#1716,.T.);
#4355 = ORIENTED_EDGE('',*,*,#4332,.T.);
#4356 = PLANE('',#4357);
#4357 = AXIS2_PLACEMENT_3D('',#4358,#4359,#4360);
#4358 = CARTESIAN_POINT('',(7.27,0.35,-6.));
#4359 = DIRECTION('',(0.,1.,0.));
#4360 = DIRECTION('',(0.,0.,1.));
#4361 = ADVANCED_FACE('',(#4362),#4387,.T.);
#4362 = FACE_BOUND('',#4363,.T.);
#4363 = EDGE_LOOP('',(#4364,#4372,#4373,#4381));
#4364 = ORIENTED_EDGE('',*,*,#4365,.F.);
#4365 = EDGE_CURVE('',#1701,#4366,#4368,.T.);
#4366 = VERTEX_POINT('',#4367);
#4367 = CARTESIAN_POINT('',(7.47,-0.15,-6.));
#4368 = LINE('',#4369,#4370);
#4369 = CARTESIAN_POINT('',(7.336666666667,-0.283333333333,
    -5.866666666667));
#4370 = VECTOR('',#4371,1.);
#4371 = DIRECTION('',(0.57735026919,0.57735026919,-0.57735026919));
#4372 = ORIENTED_EDGE('',*,*,#1708,.T.);
#4373 = ORIENTED_EDGE('',*,*,#4374,.T.);
#4374 = EDGE_CURVE('',#1709,#4375,#4377,.T.);
#4375 = VERTEX_POINT('',#4376);
#4376 = CARTESIAN_POINT('',(7.47,0.15,-6.));
#4377 = LINE('',#4378,#4379);
#4378 = CARTESIAN_POINT('',(7.453333333333,0.166666666667,
    -5.983333333333));
#4379 = VECTOR('',#4380,1.);
#4380 = DIRECTION('',(0.57735026919,-0.57735026919,-0.57735026919));
#4381 = ORIENTED_EDGE('',*,*,#4382,.F.);
#4382 = EDGE_CURVE('',#4366,#4375,#4383,.T.);
#4383 = LINE('',#4384,#4385);
#4384 = CARTESIAN_POINT('',(7.47,-0.35,-6.));
#4385 = VECTOR('',#4386,1.);
#4386 = DIRECTION('',(0.,1.,0.));
#4387 = PLANE('',#4388);
#4388 = AXIS2_PLACEMENT_3D('',#4389,#4390,#4391);
#4389 = CARTESIAN_POINT('',(7.37,-0.35,-5.9));
#4390 = DIRECTION('',(-0.707106781187,-1.735417226645E-18,
    -0.707106781187));
#4391 = DIRECTION('',(-1.227125289148E-18,1.,-1.227125289148E-18));
#4392 = ADVANCED_FACE('',(#4393),#4414,.T.);
#4393 = FACE_BOUND('',#4394,.T.);
#4394 = EDGE_LOOP('',(#4395,#4404,#4411,#4412,#4413));
#4395 = ORIENTED_EDGE('',*,*,#4396,.T.);
#4396 = EDGE_CURVE('',#1686,#4397,#4399,.T.);
#4397 = VERTEX_POINT('',#4398);
#4398 = CARTESIAN_POINT('',(8.22,-0.34,1.15));
#4399 = CIRCLE('',#4400,0.6);
#4400 = AXIS2_PLACEMENT_3D('',#4401,#4402,#4403);
#4401 = CARTESIAN_POINT('',(7.62,-0.34,1.15));
#4402 = DIRECTION('',(-0.,1.,2.22044604925E-16));
#4403 = DIRECTION('',(1.,0.,0.));
#4404 = ORIENTED_EDGE('',*,*,#4405,.T.);
#4405 = EDGE_CURVE('',#4397,#1750,#4406,.T.);
#4406 = CIRCLE('',#4407,0.6);
#4407 = AXIS2_PLACEMENT_3D('',#4408,#4409,#4410);
#4408 = CARTESIAN_POINT('',(7.62,-0.34,1.15));
#4409 = DIRECTION('',(-0.,1.,2.22044604925E-16));
#4410 = DIRECTION('',(1.,0.,0.));
#4411 = ORIENTED_EDGE('',*,*,#1749,.F.);
#4412 = ORIENTED_EDGE('',*,*,#4310,.F.);
#4413 = ORIENTED_EDGE('',*,*,#1685,.T.);
#4414 = PLANE('',#4415);
#4415 = AXIS2_PLACEMENT_3D('',#4416,#4417,#4418);
#4416 = CARTESIAN_POINT('',(7.62,-0.34,1.15));
#4417 = DIRECTION('',(0.,1.,2.22044604925E-16));
#4418 = DIRECTION('',(1.,0.,0.));
#4419 = ADVANCED_FACE('',(#4420),#4445,.F.);
#4420 = FACE_BOUND('',#4421,.F.);
#4421 = EDGE_LOOP('',(#4422,#4430,#4431,#4439));
#4422 = ORIENTED_EDGE('',*,*,#4423,.F.);
#4423 = EDGE_CURVE('',#1765,#4424,#4426,.T.);
#4424 = VERTEX_POINT('',#4425);
#4425 = CARTESIAN_POINT('',(7.77,-0.15,-6.));
#4426 = LINE('',#4427,#4428);
#4427 = CARTESIAN_POINT('',(7.786666666667,-0.166666666667,
    -5.983333333333));
#4428 = VECTOR('',#4429,1.);
#4429 = DIRECTION('',(-0.57735026919,0.57735026919,-0.57735026919));
#4430 = ORIENTED_EDGE('',*,*,#1772,.T.);
#4431 = ORIENTED_EDGE('',*,*,#4432,.T.);
#4432 = EDGE_CURVE('',#1773,#4433,#4435,.T.);
#4433 = VERTEX_POINT('',#4434);
#4434 = CARTESIAN_POINT('',(7.77,0.15,-6.));
#4435 = LINE('',#4436,#4437);
#4436 = CARTESIAN_POINT('',(7.67,5.E-02,-6.1));
#4437 = VECTOR('',#4438,1.);
#4438 = DIRECTION('',(-0.57735026919,-0.57735026919,-0.57735026919));
#4439 = ORIENTED_EDGE('',*,*,#4440,.F.);
#4440 = EDGE_CURVE('',#4424,#4433,#4441,.T.);
#4441 = LINE('',#4442,#4443);
#4442 = CARTESIAN_POINT('',(7.77,-0.35,-6.));
#4443 = VECTOR('',#4444,1.);
#4444 = DIRECTION('',(0.,1.,0.));
#4445 = PLANE('',#4446);
#4446 = AXIS2_PLACEMENT_3D('',#4447,#4448,#4449);
#4447 = CARTESIAN_POINT('',(7.87,-0.35,-5.9));
#4448 = DIRECTION('',(-0.707106781187,1.735417226645E-18,0.707106781187)
  );
#4449 = DIRECTION('',(1.227125289148E-18,1.,-1.227125289148E-18));
#4450 = ADVANCED_FACE('',(#4451),#4467,.T.);
#4451 = FACE_BOUND('',#4452,.T.);
#4452 = EDGE_LOOP('',(#4453,#4454,#4460,#4461));
#4453 = ORIENTED_EDGE('',*,*,#1803,.F.);
#4454 = ORIENTED_EDGE('',*,*,#4455,.T.);
#4455 = EDGE_CURVE('',#1804,#1868,#4456,.T.);
#4456 = LINE('',#4457,#4458);
#4457 = CARTESIAN_POINT('',(24.155,-0.34,1.5));
#4458 = VECTOR('',#4459,1.);
#4459 = DIRECTION('',(1.,0.,0.));
#4460 = ORIENTED_EDGE('',*,*,#1867,.T.);
#4461 = ORIENTED_EDGE('',*,*,#4462,.F.);
#4462 = EDGE_CURVE('',#1806,#1870,#4463,.T.);
#4463 = LINE('',#4464,#4465);
#4464 = CARTESIAN_POINT('',(23.98,-0.25,1.5));
#4465 = VECTOR('',#4466,1.);
#4466 = DIRECTION('',(1.,0.,0.));
#4467 = PLANE('',#4468);
#4468 = AXIS2_PLACEMENT_3D('',#4469,#4470,#4471);
#4469 = CARTESIAN_POINT('',(23.98,-0.35,1.5));
#4470 = DIRECTION('',(0.,0.,1.));
#4471 = DIRECTION('',(1.,0.,0.));
#4472 = ADVANCED_FACE('',(#4473),#4484,.T.);
#4473 = FACE_BOUND('',#4474,.F.);
#4474 = EDGE_LOOP('',(#4475,#4476,#4482,#4483));
#4475 = ORIENTED_EDGE('',*,*,#1852,.T.);
#4476 = ORIENTED_EDGE('',*,*,#4477,.T.);
#4477 = EDGE_CURVE('',#1845,#1909,#4478,.T.);
#4478 = LINE('',#4479,#4480);
#4479 = CARTESIAN_POINT('',(23.98,0.35,0.9));
#4480 = VECTOR('',#4481,1.);
#4481 = DIRECTION('',(1.,0.,0.));
#4482 = ORIENTED_EDGE('',*,*,#1916,.F.);
#4483 = ORIENTED_EDGE('',*,*,#4462,.F.);
#4484 = CYLINDRICAL_SURFACE('',#4485,0.6);
#4485 = AXIS2_PLACEMENT_3D('',#4486,#4487,#4488);
#4486 = CARTESIAN_POINT('',(23.98,-0.25,0.9));
#4487 = DIRECTION('',(1.,0.,0.));
#4488 = DIRECTION('',(0.,0.,1.));
#4489 = ADVANCED_FACE('',(#4490),#4501,.T.);
#4490 = FACE_BOUND('',#4491,.T.);
#4491 = EDGE_LOOP('',(#4492,#4493,#4499,#4500));
#4492 = ORIENTED_EDGE('',*,*,#1908,.F.);
#4493 = ORIENTED_EDGE('',*,*,#4494,.F.);
#4494 = EDGE_CURVE('',#1837,#1901,#4495,.T.);
#4495 = LINE('',#4496,#4497);
#4496 = CARTESIAN_POINT('',(23.98,0.35,-5.8));
#4497 = VECTOR('',#4498,1.);
#4498 = DIRECTION('',(1.,0.,0.));
#4499 = ORIENTED_EDGE('',*,*,#1844,.T.);
#4500 = ORIENTED_EDGE('',*,*,#4477,.T.);
#4501 = PLANE('',#4502);
#4502 = AXIS2_PLACEMENT_3D('',#4503,#4504,#4505);
#4503 = CARTESIAN_POINT('',(23.98,0.35,-6.));
#4504 = DIRECTION('',(0.,1.,0.));
#4505 = DIRECTION('',(0.,0.,1.));
#4506 = ADVANCED_FACE('',(#4507),#4532,.T.);
#4507 = FACE_BOUND('',#4508,.T.);
#4508 = EDGE_LOOP('',(#4509,#4517,#4518,#4526));
#4509 = ORIENTED_EDGE('',*,*,#4510,.F.);
#4510 = EDGE_CURVE('',#1829,#4511,#4513,.T.);
#4511 = VERTEX_POINT('',#4512);
#4512 = CARTESIAN_POINT('',(24.18,-0.15,-6.));
#4513 = LINE('',#4514,#4515);
#4514 = CARTESIAN_POINT('',(24.046666666667,-0.283333333333,
    -5.866666666667));
#4515 = VECTOR('',#4516,1.);
#4516 = DIRECTION('',(0.57735026919,0.57735026919,-0.57735026919));
#4517 = ORIENTED_EDGE('',*,*,#1836,.T.);
#4518 = ORIENTED_EDGE('',*,*,#4519,.T.);
#4519 = EDGE_CURVE('',#1837,#4520,#4522,.T.);
#4520 = VERTEX_POINT('',#4521);
#4521 = CARTESIAN_POINT('',(24.18,0.15,-6.));
#4522 = LINE('',#4523,#4524);
#4523 = CARTESIAN_POINT('',(24.163333333333,0.166666666667,
    -5.983333333333));
#4524 = VECTOR('',#4525,1.);
#4525 = DIRECTION('',(0.57735026919,-0.57735026919,-0.57735026919));
#4526 = ORIENTED_EDGE('',*,*,#4527,.F.);
#4527 = EDGE_CURVE('',#4511,#4520,#4528,.T.);
#4528 = LINE('',#4529,#4530);
#4529 = CARTESIAN_POINT('',(24.18,-0.35,-6.));
#4530 = VECTOR('',#4531,1.);
#4531 = DIRECTION('',(0.,1.,0.));
#4532 = PLANE('',#4533);
#4533 = AXIS2_PLACEMENT_3D('',#4534,#4535,#4536);
#4534 = CARTESIAN_POINT('',(24.08,-0.35,-5.9));
#4535 = DIRECTION('',(-0.707106781187,-1.735417226645E-18,
    -0.707106781187));
#4536 = DIRECTION('',(-1.227125289148E-18,1.,-1.227125289148E-18));
#4537 = ADVANCED_FACE('',(#4538),#4559,.T.);
#4538 = FACE_BOUND('',#4539,.T.);
#4539 = EDGE_LOOP('',(#4540,#4549,#4556,#4557,#4558));
#4540 = ORIENTED_EDGE('',*,*,#4541,.T.);
#4541 = EDGE_CURVE('',#1814,#4542,#4544,.T.);
#4542 = VERTEX_POINT('',#4543);
#4543 = CARTESIAN_POINT('',(24.93,-0.34,1.15));
#4544 = CIRCLE('',#4545,0.6);
#4545 = AXIS2_PLACEMENT_3D('',#4546,#4547,#4548);
#4546 = CARTESIAN_POINT('',(24.33,-0.34,1.15));
#4547 = DIRECTION('',(-0.,1.,2.22044604925E-16));
#4548 = DIRECTION('',(1.,0.,0.));
#4549 = ORIENTED_EDGE('',*,*,#4550,.T.);
#4550 = EDGE_CURVE('',#4542,#1878,#4551,.T.);
#4551 = CIRCLE('',#4552,0.6);
#4552 = AXIS2_PLACEMENT_3D('',#4553,#4554,#4555);
#4553 = CARTESIAN_POINT('',(24.33,-0.34,1.15));
#4554 = DIRECTION('',(-0.,1.,2.22044604925E-16));
#4555 = DIRECTION('',(1.,0.,0.));
#4556 = ORIENTED_EDGE('',*,*,#1877,.F.);
#4557 = ORIENTED_EDGE('',*,*,#4455,.F.);
#4558 = ORIENTED_EDGE('',*,*,#1813,.T.);
#4559 = PLANE('',#4560);
#4560 = AXIS2_PLACEMENT_3D('',#4561,#4562,#4563);
#4561 = CARTESIAN_POINT('',(24.33,-0.34,1.15));
#4562 = DIRECTION('',(0.,1.,2.22044604925E-16));
#4563 = DIRECTION('',(1.,0.,0.));
#4564 = ADVANCED_FACE('',(#4565),#4590,.F.);
#4565 = FACE_BOUND('',#4566,.F.);
#4566 = EDGE_LOOP('',(#4567,#4575,#4576,#4584));
#4567 = ORIENTED_EDGE('',*,*,#4568,.F.);
#4568 = EDGE_CURVE('',#1893,#4569,#4571,.T.);
#4569 = VERTEX_POINT('',#4570);
#4570 = CARTESIAN_POINT('',(24.48,-0.15,-6.));
#4571 = LINE('',#4572,#4573);
#4572 = CARTESIAN_POINT('',(24.496666666667,-0.166666666667,
    -5.983333333333));
#4573 = VECTOR('',#4574,1.);
#4574 = DIRECTION('',(-0.57735026919,0.57735026919,-0.57735026919));
#4575 = ORIENTED_EDGE('',*,*,#1900,.T.);
#4576 = ORIENTED_EDGE('',*,*,#4577,.T.);
#4577 = EDGE_CURVE('',#1901,#4578,#4580,.T.);
#4578 = VERTEX_POINT('',#4579);
#4579 = CARTESIAN_POINT('',(24.48,0.15,-6.));
#4580 = LINE('',#4581,#4582);
#4581 = CARTESIAN_POINT('',(24.38,5.E-02,-6.1));
#4582 = VECTOR('',#4583,1.);
#4583 = DIRECTION('',(-0.57735026919,-0.57735026919,-0.57735026919));
#4584 = ORIENTED_EDGE('',*,*,#4585,.F.);
#4585 = EDGE_CURVE('',#4569,#4578,#4586,.T.);
#4586 = LINE('',#4587,#4588);
#4587 = CARTESIAN_POINT('',(24.48,-0.35,-6.));
#4588 = VECTOR('',#4589,1.);
#4589 = DIRECTION('',(0.,1.,0.));
#4590 = PLANE('',#4591);
#4591 = AXIS2_PLACEMENT_3D('',#4592,#4593,#4594);
#4592 = CARTESIAN_POINT('',(24.58,-0.35,-5.9));
#4593 = DIRECTION('',(-0.707106781187,1.735417226645E-18,0.707106781187)
  );
#4594 = DIRECTION('',(1.227125289148E-18,1.,-1.227125289148E-18));
#4595 = ADVANCED_FACE('',(#4596),#4612,.T.);
#4596 = FACE_BOUND('',#4597,.T.);
#4597 = EDGE_LOOP('',(#4598,#4599,#4605,#4606));
#4598 = ORIENTED_EDGE('',*,*,#1931,.F.);
#4599 = ORIENTED_EDGE('',*,*,#4600,.T.);
#4600 = EDGE_CURVE('',#1932,#1996,#4601,.T.);
#4601 = LINE('',#4602,#4603);
#4602 = CARTESIAN_POINT('',(26.695,-0.34,1.5));
#4603 = VECTOR('',#4604,1.);
#4604 = DIRECTION('',(1.,0.,0.));
#4605 = ORIENTED_EDGE('',*,*,#1995,.T.);
#4606 = ORIENTED_EDGE('',*,*,#4607,.F.);
#4607 = EDGE_CURVE('',#1934,#1998,#4608,.T.);
#4608 = LINE('',#4609,#4610);
#4609 = CARTESIAN_POINT('',(26.52,-0.25,1.5));
#4610 = VECTOR('',#4611,1.);
#4611 = DIRECTION('',(1.,0.,0.));
#4612 = PLANE('',#4613);
#4613 = AXIS2_PLACEMENT_3D('',#4614,#4615,#4616);
#4614 = CARTESIAN_POINT('',(26.52,-0.35,1.5));
#4615 = DIRECTION('',(0.,0.,1.));
#4616 = DIRECTION('',(1.,0.,0.));
#4617 = ADVANCED_FACE('',(#4618),#4629,.T.);
#4618 = FACE_BOUND('',#4619,.F.);
#4619 = EDGE_LOOP('',(#4620,#4621,#4627,#4628));
#4620 = ORIENTED_EDGE('',*,*,#1980,.T.);
#4621 = ORIENTED_EDGE('',*,*,#4622,.T.);
#4622 = EDGE_CURVE('',#1973,#2037,#4623,.T.);
#4623 = LINE('',#4624,#4625);
#4624 = CARTESIAN_POINT('',(26.52,0.35,0.9));
#4625 = VECTOR('',#4626,1.);
#4626 = DIRECTION('',(1.,0.,0.));
#4627 = ORIENTED_EDGE('',*,*,#2044,.F.);
#4628 = ORIENTED_EDGE('',*,*,#4607,.F.);
#4629 = CYLINDRICAL_SURFACE('',#4630,0.6);
#4630 = AXIS2_PLACEMENT_3D('',#4631,#4632,#4633);
#4631 = CARTESIAN_POINT('',(26.52,-0.25,0.9));
#4632 = DIRECTION('',(1.,0.,0.));
#4633 = DIRECTION('',(0.,0.,1.));
#4634 = ADVANCED_FACE('',(#4635),#4646,.T.);
#4635 = FACE_BOUND('',#4636,.T.);
#4636 = EDGE_LOOP('',(#4637,#4638,#4644,#4645));
#4637 = ORIENTED_EDGE('',*,*,#2036,.F.);
#4638 = ORIENTED_EDGE('',*,*,#4639,.F.);
#4639 = EDGE_CURVE('',#1965,#2029,#4640,.T.);
#4640 = LINE('',#4641,#4642);
#4641 = CARTESIAN_POINT('',(26.52,0.35,-5.8));
#4642 = VECTOR('',#4643,1.);
#4643 = DIRECTION('',(1.,0.,0.));
#4644 = ORIENTED_EDGE('',*,*,#1972,.T.);
#4645 = ORIENTED_EDGE('',*,*,#4622,.T.);
#4646 = PLANE('',#4647);
#4647 = AXIS2_PLACEMENT_3D('',#4648,#4649,#4650);
#4648 = CARTESIAN_POINT('',(26.52,0.35,-6.));
#4649 = DIRECTION('',(0.,1.,0.));
#4650 = DIRECTION('',(0.,0.,1.));
#4651 = ADVANCED_FACE('',(#4652),#4677,.T.);
#4652 = FACE_BOUND('',#4653,.T.);
#4653 = EDGE_LOOP('',(#4654,#4662,#4663,#4671));
#4654 = ORIENTED_EDGE('',*,*,#4655,.F.);
#4655 = EDGE_CURVE('',#1957,#4656,#4658,.T.);
#4656 = VERTEX_POINT('',#4657);
#4657 = CARTESIAN_POINT('',(26.72,-0.15,-6.));
#4658 = LINE('',#4659,#4660);
#4659 = CARTESIAN_POINT('',(26.586666666667,-0.283333333333,
    -5.866666666667));
#4660 = VECTOR('',#4661,1.);
#4661 = DIRECTION('',(0.57735026919,0.57735026919,-0.57735026919));
#4662 = ORIENTED_EDGE('',*,*,#1964,.T.);
#4663 = ORIENTED_EDGE('',*,*,#4664,.T.);
#4664 = EDGE_CURVE('',#1965,#4665,#4667,.T.);
#4665 = VERTEX_POINT('',#4666);
#4666 = CARTESIAN_POINT('',(26.72,0.15,-6.));
#4667 = LINE('',#4668,#4669);
#4668 = CARTESIAN_POINT('',(26.703333333333,0.166666666667,
    -5.983333333333));
#4669 = VECTOR('',#4670,1.);
#4670 = DIRECTION('',(0.57735026919,-0.57735026919,-0.57735026919));
#4671 = ORIENTED_EDGE('',*,*,#4672,.F.);
#4672 = EDGE_CURVE('',#4656,#4665,#4673,.T.);
#4673 = LINE('',#4674,#4675);
#4674 = CARTESIAN_POINT('',(26.72,-0.35,-6.));
#4675 = VECTOR('',#4676,1.);
#4676 = DIRECTION('',(0.,1.,0.));
#4677 = PLANE('',#4678);
#4678 = AXIS2_PLACEMENT_3D('',#4679,#4680,#4681);
#4679 = CARTESIAN_POINT('',(26.62,-0.35,-5.9));
#4680 = DIRECTION('',(-0.707106781187,-1.735417226645E-18,
    -0.707106781187));
#4681 = DIRECTION('',(-1.227125289148E-18,1.,-1.227125289148E-18));
#4682 = ADVANCED_FACE('',(#4683),#4704,.T.);
#4683 = FACE_BOUND('',#4684,.T.);
#4684 = EDGE_LOOP('',(#4685,#4694,#4701,#4702,#4703));
#4685 = ORIENTED_EDGE('',*,*,#4686,.T.);
#4686 = EDGE_CURVE('',#1942,#4687,#4689,.T.);
#4687 = VERTEX_POINT('',#4688);
#4688 = CARTESIAN_POINT('',(27.47,-0.34,1.15));
#4689 = CIRCLE('',#4690,0.6);
#4690 = AXIS2_PLACEMENT_3D('',#4691,#4692,#4693);
#4691 = CARTESIAN_POINT('',(26.87,-0.34,1.15));
#4692 = DIRECTION('',(-0.,1.,2.22044604925E-16));
#4693 = DIRECTION('',(1.,0.,0.));
#4694 = ORIENTED_EDGE('',*,*,#4695,.T.);
#4695 = EDGE_CURVE('',#4687,#2006,#4696,.T.);
#4696 = CIRCLE('',#4697,0.6);
#4697 = AXIS2_PLACEMENT_3D('',#4698,#4699,#4700);
#4698 = CARTESIAN_POINT('',(26.87,-0.34,1.15));
#4699 = DIRECTION('',(-0.,1.,2.22044604925E-16));
#4700 = DIRECTION('',(1.,0.,0.));
#4701 = ORIENTED_EDGE('',*,*,#2005,.F.);
#4702 = ORIENTED_EDGE('',*,*,#4600,.F.);
#4703 = ORIENTED_EDGE('',*,*,#1941,.T.);
#4704 = PLANE('',#4705);
#4705 = AXIS2_PLACEMENT_3D('',#4706,#4707,#4708);
#4706 = CARTESIAN_POINT('',(26.87,-0.34,1.15));
#4707 = DIRECTION('',(0.,1.,2.22044604925E-16));
#4708 = DIRECTION('',(1.,0.,0.));
#4709 = ADVANCED_FACE('',(#4710),#4735,.F.);
#4710 = FACE_BOUND('',#4711,.F.);
#4711 = EDGE_LOOP('',(#4712,#4720,#4721,#4729));
#4712 = ORIENTED_EDGE('',*,*,#4713,.F.);
#4713 = EDGE_CURVE('',#2021,#4714,#4716,.T.);
#4714 = VERTEX_POINT('',#4715);
#4715 = CARTESIAN_POINT('',(27.02,-0.15,-6.));
#4716 = LINE('',#4717,#4718);
#4717 = CARTESIAN_POINT('',(27.036666666667,-0.166666666667,
    -5.983333333333));
#4718 = VECTOR('',#4719,1.);
#4719 = DIRECTION('',(-0.57735026919,0.57735026919,-0.57735026919));
#4720 = ORIENTED_EDGE('',*,*,#2028,.T.);
#4721 = ORIENTED_EDGE('',*,*,#4722,.T.);
#4722 = EDGE_CURVE('',#2029,#4723,#4725,.T.);
#4723 = VERTEX_POINT('',#4724);
#4724 = CARTESIAN_POINT('',(27.02,0.15,-6.));
#4725 = LINE('',#4726,#4727);
#4726 = CARTESIAN_POINT('',(26.92,5.E-02,-6.1));
#4727 = VECTOR('',#4728,1.);
#4728 = DIRECTION('',(-0.57735026919,-0.57735026919,-0.57735026919));
#4729 = ORIENTED_EDGE('',*,*,#4730,.F.);
#4730 = EDGE_CURVE('',#4714,#4723,#4731,.T.);
#4731 = LINE('',#4732,#4733);
#4732 = CARTESIAN_POINT('',(27.02,-0.35,-6.));
#4733 = VECTOR('',#4734,1.);
#4734 = DIRECTION('',(0.,1.,0.));
#4735 = PLANE('',#4736);
#4736 = AXIS2_PLACEMENT_3D('',#4737,#4738,#4739);
#4737 = CARTESIAN_POINT('',(27.12,-0.35,-5.9));
#4738 = DIRECTION('',(-0.707106781187,1.735417226645E-18,0.707106781187)
  );
#4739 = DIRECTION('',(1.227125289148E-18,1.,-1.227125289148E-18));
#4740 = ADVANCED_FACE('',(#4741),#4747,.T.);
#4741 = FACE_BOUND('',#4742,.T.);
#4742 = EDGE_LOOP('',(#4743,#4744,#4745,#4746));
#4743 = ORIENTED_EDGE('',*,*,#2189,.F.);
#4744 = ORIENTED_EDGE('',*,*,#2206,.T.);
#4745 = ORIENTED_EDGE('',*,*,#2141,.T.);
#4746 = ORIENTED_EDGE('',*,*,#2165,.F.);
#4747 = PLANE('',#4748);
#4748 = AXIS2_PLACEMENT_3D('',#4749,#4750,#4751);
#4749 = CARTESIAN_POINT('',(-5.E-02,-0.34,2.));
#4750 = DIRECTION('',(0.,1.,0.));
#4751 = DIRECTION('',(0.,0.,1.));
#4752 = ADVANCED_FACE('',(#4753),#4781,.T.);
#4753 = FACE_BOUND('',#4754,.T.);
#4754 = EDGE_LOOP('',(#4755,#4764,#4765,#4774));
#4755 = ORIENTED_EDGE('',*,*,#4756,.F.);
#4756 = EDGE_CURVE('',#2229,#4757,#4759,.T.);
#4757 = VERTEX_POINT('',#4758);
#4758 = CARTESIAN_POINT('',(9.1,0.25,6.1));
#4759 = CIRCLE('',#4760,0.3);
#4760 = AXIS2_PLACEMENT_3D('',#4761,#4762,#4763);
#4761 = CARTESIAN_POINT('',(9.1,-5.E-02,6.1));
#4762 = DIRECTION('',(-6.123233995737E-17,-7.220126256499E-17,1.));
#4763 = DIRECTION('',(1.,-2.744304305317E-33,6.123233995737E-17));
#4764 = ORIENTED_EDGE('',*,*,#2228,.T.);
#4765 = ORIENTED_EDGE('',*,*,#4766,.T.);
#4766 = EDGE_CURVE('',#2221,#4767,#4769,.T.);
#4767 = VERTEX_POINT('',#4768);
#4768 = CARTESIAN_POINT('',(7.2,0.25,4.2));
#4769 = CIRCLE('',#4770,0.3);
#4770 = AXIS2_PLACEMENT_3D('',#4771,#4772,#4773);
#4771 = CARTESIAN_POINT('',(7.2,-5.E-02,4.2));
#4772 = DIRECTION('',(1.,-2.033437625865E-33,5.138671324396E-17));
#4773 = DIRECTION('',(5.138671324396E-17,7.220126256499E-17,-1.));
#4774 = ORIENTED_EDGE('',*,*,#4775,.F.);
#4775 = EDGE_CURVE('',#4757,#4767,#4776,.T.);
#4776 = CIRCLE('',#4777,1.9);
#4777 = AXIS2_PLACEMENT_3D('',#4778,#4779,#4780);
#4778 = CARTESIAN_POINT('',(7.2,0.25,6.1));
#4779 = DIRECTION('',(-1.676747949414E-33,1.,7.220126256499E-17));
#4780 = DIRECTION('',(1.,2.387614628866E-33,-9.845626713408E-18));
#4781 = TOROIDAL_SURFACE('',#4782,1.9,0.3);
#4782 = AXIS2_PLACEMENT_3D('',#4783,#4784,#4785);
#4783 = CARTESIAN_POINT('',(7.2,-5.E-02,6.1));
#4784 = DIRECTION('',(-1.676747949414E-33,1.,7.220126256499E-17));
#4785 = DIRECTION('',(1.,2.387614628866E-33,-9.845626713408E-18));
#4786 = ADVANCED_FACE('',(#4787),#4807,.T.);
#4787 = FACE_BOUND('',#4788,.T.);
#4788 = EDGE_LOOP('',(#4789,#4798,#4799,#4800));
#4789 = ORIENTED_EDGE('',*,*,#4790,.F.);
#4790 = EDGE_CURVE('',#2238,#4791,#4793,.T.);
#4791 = VERTEX_POINT('',#4792);
#4792 = CARTESIAN_POINT('',(7.2,0.25,8.));
#4793 = CIRCLE('',#4794,0.3);
#4794 = AXIS2_PLACEMENT_3D('',#4795,#4796,#4797);
#4795 = CARTESIAN_POINT('',(7.2,-5.E-02,8.));
#4796 = DIRECTION('',(-1.,0.,0.));
#4797 = DIRECTION('',(0.,0.,1.));
#4798 = ORIENTED_EDGE('',*,*,#2237,.T.);
#4799 = ORIENTED_EDGE('',*,*,#4756,.T.);
#4800 = ORIENTED_EDGE('',*,*,#4801,.F.);
#4801 = EDGE_CURVE('',#4791,#4757,#4802,.T.);
#4802 = CIRCLE('',#4803,1.9);
#4803 = AXIS2_PLACEMENT_3D('',#4804,#4805,#4806);
#4804 = CARTESIAN_POINT('',(7.2,0.25,6.1));
#4805 = DIRECTION('',(-1.676747949414E-33,1.,7.220126256499E-17));
#4806 = DIRECTION('',(2.286474476474E-34,-7.220126256499E-17,1.));
#4807 = TOROIDAL_SURFACE('',#4808,1.9,0.3);
#4808 = AXIS2_PLACEMENT_3D('',#4809,#4810,#4811);
#4809 = CARTESIAN_POINT('',(7.2,-5.E-02,6.1));
#4810 = DIRECTION('',(-1.676747949414E-33,1.,7.220126256499E-17));
#4811 = DIRECTION('',(2.286474476474E-34,-7.220126256499E-17,1.));
#4812 = ADVANCED_FACE('',(#4813),#4832,.T.);
#4813 = FACE_BOUND('',#4814,.F.);
#4814 = EDGE_LOOP('',(#4815,#4816,#4824,#4831));
#4815 = ORIENTED_EDGE('',*,*,#4766,.T.);
#4816 = ORIENTED_EDGE('',*,*,#4817,.T.);
#4817 = EDGE_CURVE('',#4767,#4818,#4820,.T.);
#4818 = VERTEX_POINT('',#4819);
#4819 = CARTESIAN_POINT('',(0.8,0.25,4.2));
#4820 = LINE('',#4821,#4822);
#4821 = CARTESIAN_POINT('',(7.2,0.25,4.2));
#4822 = VECTOR('',#4823,1.);
#4823 = DIRECTION('',(-1.,-0.,-0.));
#4824 = ORIENTED_EDGE('',*,*,#4825,.F.);
#4825 = EDGE_CURVE('',#2263,#4818,#4826,.T.);
#4826 = CIRCLE('',#4827,0.3);
#4827 = AXIS2_PLACEMENT_3D('',#4828,#4829,#4830);
#4828 = CARTESIAN_POINT('',(0.8,-5.E-02,4.2));
#4829 = DIRECTION('',(1.,-0.,0.));
#4830 = DIRECTION('',(0.,0.,-1.));
#4831 = ORIENTED_EDGE('',*,*,#2272,.F.);
#4832 = CYLINDRICAL_SURFACE('',#4833,0.3);
#4833 = AXIS2_PLACEMENT_3D('',#4834,#4835,#4836);
#4834 = CARTESIAN_POINT('',(7.2,-5.E-02,4.2));
#4835 = DIRECTION('',(-1.,-0.,-0.));
#4836 = DIRECTION('',(0.,0.,-1.));
#4837 = ADVANCED_FACE('',(#4838),#4858,.T.);
#4838 = FACE_BOUND('',#4839,.T.);
#4839 = EDGE_LOOP('',(#4840,#4841,#4842,#4851));
#4840 = ORIENTED_EDGE('',*,*,#4825,.F.);
#4841 = ORIENTED_EDGE('',*,*,#2294,.T.);
#4842 = ORIENTED_EDGE('',*,*,#4843,.T.);
#4843 = EDGE_CURVE('',#2287,#4844,#4846,.T.);
#4844 = VERTEX_POINT('',#4845);
#4845 = CARTESIAN_POINT('',(0.8,0.25,8.));
#4846 = CIRCLE('',#4847,0.3);
#4847 = AXIS2_PLACEMENT_3D('',#4848,#4849,#4850);
#4848 = CARTESIAN_POINT('',(0.8,-5.E-02,8.));
#4849 = DIRECTION('',(-1.,0.,0.));
#4850 = DIRECTION('',(0.,0.,1.));
#4851 = ORIENTED_EDGE('',*,*,#4852,.F.);
#4852 = EDGE_CURVE('',#4818,#4844,#4853,.T.);
#4853 = CIRCLE('',#4854,1.9);
#4854 = AXIS2_PLACEMENT_3D('',#4855,#4856,#4857);
#4855 = CARTESIAN_POINT('',(0.8,0.25,6.1));
#4856 = DIRECTION('',(-1.676747949414E-33,1.,7.220126256499E-17));
#4857 = DIRECTION('',(1.513940488125E-16,7.220126256499E-17,-1.));
#4858 = TOROIDAL_SURFACE('',#4859,1.9,0.3);
#4859 = AXIS2_PLACEMENT_3D('',#4860,#4861,#4862);
#4860 = CARTESIAN_POINT('',(0.8,-5.E-02,6.1));
#4861 = DIRECTION('',(-1.676747949414E-33,1.,7.220126256499E-17));
#4862 = DIRECTION('',(1.513940488125E-16,7.220126256499E-17,-1.));
#4863 = ADVANCED_FACE('',(#4864),#4875,.T.);
#4864 = FACE_BOUND('',#4865,.F.);
#4865 = EDGE_LOOP('',(#4866,#4867,#4873,#4874));
#4866 = ORIENTED_EDGE('',*,*,#4843,.T.);
#4867 = ORIENTED_EDGE('',*,*,#4868,.T.);
#4868 = EDGE_CURVE('',#4844,#4791,#4869,.T.);
#4869 = LINE('',#4870,#4871);
#4870 = CARTESIAN_POINT('',(0.8,0.25,8.));
#4871 = VECTOR('',#4872,1.);
#4872 = DIRECTION('',(1.,0.,0.));
#4873 = ORIENTED_EDGE('',*,*,#4790,.F.);
#4874 = ORIENTED_EDGE('',*,*,#2314,.F.);
#4875 = CYLINDRICAL_SURFACE('',#4876,0.3);
#4876 = AXIS2_PLACEMENT_3D('',#4877,#4878,#4879);
#4877 = CARTESIAN_POINT('',(0.8,-5.E-02,8.));
#4878 = DIRECTION('',(1.,0.,0.));
#4879 = DIRECTION('',(0.,0.,1.));
#4880 = ADVANCED_FACE('',(#4881),#4887,.T.);
#4881 = FACE_BOUND('',#4882,.T.);
#4882 = EDGE_LOOP('',(#4883,#4884,#4885,#4886));
#4883 = ORIENTED_EDGE('',*,*,#3520,.F.);
#4884 = ORIENTED_EDGE('',*,*,#2986,.F.);
#4885 = ORIENTED_EDGE('',*,*,#3472,.T.);
#4886 = ORIENTED_EDGE('',*,*,#3504,.T.);
#4887 = PLANE('',#4888);
#4888 = AXIS2_PLACEMENT_3D('',#4889,#4890,#4891);
#4889 = CARTESIAN_POINT('',(21.54,-5.E-02,1.5));
#4890 = DIRECTION('',(0.,1.,0.));
#4891 = DIRECTION('',(0.,0.,1.));
#4892 = ADVANCED_FACE('',(#4893),#4899,.T.);
#4893 = FACE_BOUND('',#4894,.T.);
#4894 = EDGE_LOOP('',(#4895,#4896,#4897,#4898));
#4895 = ORIENTED_EDGE('',*,*,#3455,.F.);
#4896 = ORIENTED_EDGE('',*,*,#2963,.T.);
#4897 = ORIENTED_EDGE('',*,*,#3407,.T.);
#4898 = ORIENTED_EDGE('',*,*,#3439,.T.);
#4899 = PLANE('',#4900);
#4900 = AXIS2_PLACEMENT_3D('',#4901,#4902,#4903);
#4901 = CARTESIAN_POINT('',(20.27,-5.E-02,1.5));
#4902 = DIRECTION('',(0.,1.,0.));
#4903 = DIRECTION('',(0.,0.,1.));
#4904 = ADVANCED_FACE('',(#4905),#4911,.T.);
#4905 = FACE_BOUND('',#4906,.T.);
#4906 = EDGE_LOOP('',(#4907,#4908,#4909,#4910));
#4907 = ORIENTED_EDGE('',*,*,#3390,.F.);
#4908 = ORIENTED_EDGE('',*,*,#2940,.T.);
#4909 = ORIENTED_EDGE('',*,*,#3342,.T.);
#4910 = ORIENTED_EDGE('',*,*,#3374,.T.);
#4911 = PLANE('',#4912);
#4912 = AXIS2_PLACEMENT_3D('',#4913,#4914,#4915);
#4913 = CARTESIAN_POINT('',(19.,-5.E-02,1.5));
#4914 = DIRECTION('',(0.,1.,0.));
#4915 = DIRECTION('',(0.,0.,1.));
#4916 = ADVANCED_FACE('',(#4917),#4923,.T.);
#4917 = FACE_BOUND('',#4918,.T.);
#4918 = EDGE_LOOP('',(#4919,#4920,#4921,#4922));
#4919 = ORIENTED_EDGE('',*,*,#3325,.F.);
#4920 = ORIENTED_EDGE('',*,*,#2917,.T.);
#4921 = ORIENTED_EDGE('',*,*,#3277,.T.);
#4922 = ORIENTED_EDGE('',*,*,#3309,.T.);
#4923 = PLANE('',#4924);
#4924 = AXIS2_PLACEMENT_3D('',#4925,#4926,#4927);
#4925 = CARTESIAN_POINT('',(17.73,-5.E-02,1.5));
#4926 = DIRECTION('',(0.,1.,0.));
#4927 = DIRECTION('',(0.,0.,1.));
#4928 = ADVANCED_FACE('',(#4929),#4935,.T.);
#4929 = FACE_BOUND('',#4930,.T.);
#4930 = EDGE_LOOP('',(#4931,#4932,#4933,#4934));
#4931 = ORIENTED_EDGE('',*,*,#3260,.F.);
#4932 = ORIENTED_EDGE('',*,*,#2894,.T.);
#4933 = ORIENTED_EDGE('',*,*,#3212,.T.);
#4934 = ORIENTED_EDGE('',*,*,#3244,.T.);
#4935 = PLANE('',#4936);
#4936 = AXIS2_PLACEMENT_3D('',#4937,#4938,#4939);
#4937 = CARTESIAN_POINT('',(16.46,-5.E-02,1.5));
#4938 = DIRECTION('',(0.,1.,0.));
#4939 = DIRECTION('',(0.,0.,1.));
#4940 = ADVANCED_FACE('',(#4941),#4947,.T.);
#4941 = FACE_BOUND('',#4942,.T.);
#4942 = EDGE_LOOP('',(#4943,#4944,#4945,#4946));
#4943 = ORIENTED_EDGE('',*,*,#3195,.F.);
#4944 = ORIENTED_EDGE('',*,*,#2871,.T.);
#4945 = ORIENTED_EDGE('',*,*,#3147,.T.);
#4946 = ORIENTED_EDGE('',*,*,#3179,.T.);
#4947 = PLANE('',#4948);
#4948 = AXIS2_PLACEMENT_3D('',#4949,#4950,#4951);
#4949 = CARTESIAN_POINT('',(15.19,-5.E-02,1.5));
#4950 = DIRECTION('',(0.,1.,0.));
#4951 = DIRECTION('',(0.,0.,1.));
#4952 = ADVANCED_FACE('',(#4953),#4959,.T.);
#4953 = FACE_BOUND('',#4954,.T.);
#4954 = EDGE_LOOP('',(#4955,#4956,#4957,#4958));
#4955 = ORIENTED_EDGE('',*,*,#3130,.F.);
#4956 = ORIENTED_EDGE('',*,*,#2848,.T.);
#4957 = ORIENTED_EDGE('',*,*,#3082,.T.);
#4958 = ORIENTED_EDGE('',*,*,#3114,.T.);
#4959 = PLANE('',#4960);
#4960 = AXIS2_PLACEMENT_3D('',#4961,#4962,#4963);
#4961 = CARTESIAN_POINT('',(13.92,-5.E-02,1.5));
#4962 = DIRECTION('',(0.,1.,0.));
#4963 = DIRECTION('',(0.,0.,1.));
#4964 = ADVANCED_FACE('',(#4965),#4971,.T.);
#4965 = FACE_BOUND('',#4966,.T.);
#4966 = EDGE_LOOP('',(#4967,#4968,#4969,#4970));
#4967 = ORIENTED_EDGE('',*,*,#3065,.F.);
#4968 = ORIENTED_EDGE('',*,*,#2825,.T.);
#4969 = ORIENTED_EDGE('',*,*,#3017,.T.);
#4970 = ORIENTED_EDGE('',*,*,#3049,.T.);
#4971 = PLANE('',#4972);
#4972 = AXIS2_PLACEMENT_3D('',#4973,#4974,#4975);
#4973 = CARTESIAN_POINT('',(12.655,-5.E-02,1.5));
#4974 = DIRECTION('',(0.,1.,0.));
#4975 = DIRECTION('',(0.,0.,1.));
#4976 = ADVANCED_FACE('',(#4977),#4988,.T.);
#4977 = FACE_BOUND('',#4978,.F.);
#4978 = EDGE_LOOP('',(#4979,#4980,#4981,#4982));
#4979 = ORIENTED_EDGE('',*,*,#3930,.F.);
#4980 = ORIENTED_EDGE('',*,*,#3662,.T.);
#4981 = ORIENTED_EDGE('',*,*,#3988,.T.);
#4982 = ORIENTED_EDGE('',*,*,#4983,.F.);
#4983 = EDGE_CURVE('',#3931,#3989,#4984,.T.);
#4984 = LINE('',#4985,#4986);
#4985 = CARTESIAN_POINT('',(-0.35,-0.15,-6.));
#4986 = VECTOR('',#4987,1.);
#4987 = DIRECTION('',(1.,0.,0.));
#4988 = PLANE('',#4989);
#4989 = AXIS2_PLACEMENT_3D('',#4990,#4991,#4992);
#4990 = CARTESIAN_POINT('',(-0.35,-0.25,-5.9));
#4991 = DIRECTION('',(1.735417226645E-18,-0.707106781187,-0.707106781187
    ));
#4992 = DIRECTION('',(-1.,-1.227125289148E-18,-1.227125289148E-18));
#4993 = ADVANCED_FACE('',(#4994),#5005,.T.);
#4994 = FACE_BOUND('',#4995,.F.);
#4995 = EDGE_LOOP('',(#4996,#4997,#4998,#4999));
#4996 = ORIENTED_EDGE('',*,*,#4075,.F.);
#4997 = ORIENTED_EDGE('',*,*,#3679,.T.);
#4998 = ORIENTED_EDGE('',*,*,#4133,.T.);
#4999 = ORIENTED_EDGE('',*,*,#5000,.F.);
#5000 = EDGE_CURVE('',#4076,#4134,#5001,.T.);
#5001 = LINE('',#5002,#5003);
#5002 = CARTESIAN_POINT('',(2.19,-0.15,-6.));
#5003 = VECTOR('',#5004,1.);
#5004 = DIRECTION('',(1.,0.,0.));
#5005 = PLANE('',#5006);
#5006 = AXIS2_PLACEMENT_3D('',#5007,#5008,#5009);
#5007 = CARTESIAN_POINT('',(2.19,-0.25,-5.9));
#5008 = DIRECTION('',(1.735417226645E-18,-0.707106781187,-0.707106781187
    ));
#5009 = DIRECTION('',(-1.,-1.227125289148E-18,-1.227125289148E-18));
#5010 = ADVANCED_FACE('',(#5011),#5022,.T.);
#5011 = FACE_BOUND('',#5012,.F.);
#5012 = EDGE_LOOP('',(#5013,#5014,#5015,#5016));
#5013 = ORIENTED_EDGE('',*,*,#4220,.F.);
#5014 = ORIENTED_EDGE('',*,*,#3696,.T.);
#5015 = ORIENTED_EDGE('',*,*,#4278,.T.);
#5016 = ORIENTED_EDGE('',*,*,#5017,.F.);
#5017 = EDGE_CURVE('',#4221,#4279,#5018,.T.);
#5018 = LINE('',#5019,#5020);
#5019 = CARTESIAN_POINT('',(4.73,-0.15,-6.));
#5020 = VECTOR('',#5021,1.);
#5021 = DIRECTION('',(1.,0.,0.));
#5022 = PLANE('',#5023);
#5023 = AXIS2_PLACEMENT_3D('',#5024,#5025,#5026);
#5024 = CARTESIAN_POINT('',(4.73,-0.25,-5.9));
#5025 = DIRECTION('',(1.735417226645E-18,-0.707106781187,-0.707106781187
    ));
#5026 = DIRECTION('',(-1.,-1.227125289148E-18,-1.227125289148E-18));
#5027 = ADVANCED_FACE('',(#5028),#5039,.T.);
#5028 = FACE_BOUND('',#5029,.F.);
#5029 = EDGE_LOOP('',(#5030,#5031,#5032,#5033));
#5030 = ORIENTED_EDGE('',*,*,#4365,.F.);
#5031 = ORIENTED_EDGE('',*,*,#3713,.T.);
#5032 = ORIENTED_EDGE('',*,*,#4423,.T.);
#5033 = ORIENTED_EDGE('',*,*,#5034,.F.);
#5034 = EDGE_CURVE('',#4366,#4424,#5035,.T.);
#5035 = LINE('',#5036,#5037);
#5036 = CARTESIAN_POINT('',(7.27,-0.15,-6.));
#5037 = VECTOR('',#5038,1.);
#5038 = DIRECTION('',(1.,0.,0.));
#5039 = PLANE('',#5040);
#5040 = AXIS2_PLACEMENT_3D('',#5041,#5042,#5043);
#5041 = CARTESIAN_POINT('',(7.27,-0.25,-5.9));
#5042 = DIRECTION('',(1.735417226645E-18,-0.707106781187,-0.707106781187
    ));
#5043 = DIRECTION('',(-1.,-1.227125289148E-18,-1.227125289148E-18));
#5044 = ADVANCED_FACE('',(#5045),#5056,.T.);
#5045 = FACE_BOUND('',#5046,.F.);
#5046 = EDGE_LOOP('',(#5047,#5048,#5049,#5050));
#5047 = ORIENTED_EDGE('',*,*,#4510,.F.);
#5048 = ORIENTED_EDGE('',*,*,#3730,.T.);
#5049 = ORIENTED_EDGE('',*,*,#4568,.T.);
#5050 = ORIENTED_EDGE('',*,*,#5051,.F.);
#5051 = EDGE_CURVE('',#4511,#4569,#5052,.T.);
#5052 = LINE('',#5053,#5054);
#5053 = CARTESIAN_POINT('',(23.98,-0.15,-6.));
#5054 = VECTOR('',#5055,1.);
#5055 = DIRECTION('',(1.,0.,0.));
#5056 = PLANE('',#5057);
#5057 = AXIS2_PLACEMENT_3D('',#5058,#5059,#5060);
#5058 = CARTESIAN_POINT('',(23.98,-0.25,-5.9));
#5059 = DIRECTION('',(1.735417226645E-18,-0.707106781187,-0.707106781187
    ));
#5060 = DIRECTION('',(-1.,-1.227125289148E-18,-1.227125289148E-18));
#5061 = ADVANCED_FACE('',(#5062),#5073,.T.);
#5062 = FACE_BOUND('',#5063,.F.);
#5063 = EDGE_LOOP('',(#5064,#5065,#5066,#5067));
#5064 = ORIENTED_EDGE('',*,*,#4655,.F.);
#5065 = ORIENTED_EDGE('',*,*,#3747,.T.);
#5066 = ORIENTED_EDGE('',*,*,#4713,.T.);
#5067 = ORIENTED_EDGE('',*,*,#5068,.F.);
#5068 = EDGE_CURVE('',#4656,#4714,#5069,.T.);
#5069 = LINE('',#5070,#5071);
#5070 = CARTESIAN_POINT('',(26.52,-0.15,-6.));
#5071 = VECTOR('',#5072,1.);
#5072 = DIRECTION('',(1.,0.,0.));
#5073 = PLANE('',#5074);
#5074 = AXIS2_PLACEMENT_3D('',#5075,#5076,#5077);
#5075 = CARTESIAN_POINT('',(26.52,-0.25,-5.9));
#5076 = DIRECTION('',(1.735417226645E-18,-0.707106781187,-0.707106781187
    ));
#5077 = DIRECTION('',(-1.,-1.227125289148E-18,-1.227125289148E-18));
#5078 = ADVANCED_FACE('',(#5079),#5098,.T.);
#5079 = FACE_BOUND('',#5080,.T.);
#5080 = EDGE_LOOP('',(#5081,#5090,#5096,#5097));
#5081 = ORIENTED_EDGE('',*,*,#5082,.T.);
#5082 = EDGE_CURVE('',#5083,#5083,#5085,.T.);
#5083 = VERTEX_POINT('',#5084);
#5084 = CARTESIAN_POINT('',(0.6,-1.56,1.15));
#5085 = CIRCLE('',#5086,0.6);
#5086 = AXIS2_PLACEMENT_3D('',#5087,#5088,#5089);
#5087 = CARTESIAN_POINT('',(0.,-1.56,1.15));
#5088 = DIRECTION('',(-0.,1.,2.22044604925E-16));
#5089 = DIRECTION('',(1.,0.,0.));
#5090 = ORIENTED_EDGE('',*,*,#5091,.T.);
#5091 = EDGE_CURVE('',#5083,#3769,#5092,.T.);
#5092 = LINE('',#5093,#5094);
#5093 = CARTESIAN_POINT('',(0.6,-1.56,1.15));
#5094 = VECTOR('',#5095,1.);
#5095 = DIRECTION('',(0.,1.,2.22044604925E-16));
#5096 = ORIENTED_EDGE('',*,*,#3768,.F.);
#5097 = ORIENTED_EDGE('',*,*,#5091,.F.);
#5098 = CYLINDRICAL_SURFACE('',#5099,0.6);
#5099 = AXIS2_PLACEMENT_3D('',#5100,#5101,#5102);
#5100 = CARTESIAN_POINT('',(0.,-1.56,1.15));
#5101 = DIRECTION('',(0.,1.,2.22044604925E-16));
#5102 = DIRECTION('',(1.,0.,0.));
#5103 = ADVANCED_FACE('',(#5104),#5123,.T.);
#5104 = FACE_BOUND('',#5105,.T.);
#5105 = EDGE_LOOP('',(#5106,#5115,#5121,#5122));
#5106 = ORIENTED_EDGE('',*,*,#5107,.T.);
#5107 = EDGE_CURVE('',#5108,#5108,#5110,.T.);
#5108 = VERTEX_POINT('',#5109);
#5109 = CARTESIAN_POINT('',(3.14,-1.56,1.15));
#5110 = CIRCLE('',#5111,0.6);
#5111 = AXIS2_PLACEMENT_3D('',#5112,#5113,#5114);
#5112 = CARTESIAN_POINT('',(2.54,-1.56,1.15));
#5113 = DIRECTION('',(-0.,1.,2.22044604925E-16));
#5114 = DIRECTION('',(1.,0.,0.));
#5115 = ORIENTED_EDGE('',*,*,#5116,.T.);
#5116 = EDGE_CURVE('',#5108,#3780,#5117,.T.);
#5117 = LINE('',#5118,#5119);
#5118 = CARTESIAN_POINT('',(3.14,-1.56,1.15));
#5119 = VECTOR('',#5120,1.);
#5120 = DIRECTION('',(0.,1.,2.22044604925E-16));
#5121 = ORIENTED_EDGE('',*,*,#3779,.F.);
#5122 = ORIENTED_EDGE('',*,*,#5116,.F.);
#5123 = CYLINDRICAL_SURFACE('',#5124,0.6);
#5124 = AXIS2_PLACEMENT_3D('',#5125,#5126,#5127);
#5125 = CARTESIAN_POINT('',(2.54,-1.56,1.15));
#5126 = DIRECTION('',(0.,1.,2.22044604925E-16));
#5127 = DIRECTION('',(1.,0.,0.));
#5128 = ADVANCED_FACE('',(#5129),#5148,.T.);
#5129 = FACE_BOUND('',#5130,.T.);
#5130 = EDGE_LOOP('',(#5131,#5140,#5146,#5147));
#5131 = ORIENTED_EDGE('',*,*,#5132,.T.);
#5132 = EDGE_CURVE('',#5133,#5133,#5135,.T.);
#5133 = VERTEX_POINT('',#5134);
#5134 = CARTESIAN_POINT('',(5.68,-1.56,1.15));
#5135 = CIRCLE('',#5136,0.6);
#5136 = AXIS2_PLACEMENT_3D('',#5137,#5138,#5139);
#5137 = CARTESIAN_POINT('',(5.08,-1.56,1.15));
#5138 = DIRECTION('',(-0.,1.,2.22044604925E-16));
#5139 = DIRECTION('',(1.,0.,0.));
#5140 = ORIENTED_EDGE('',*,*,#5141,.T.);
#5141 = EDGE_CURVE('',#5133,#3791,#5142,.T.);
#5142 = LINE('',#5143,#5144);
#5143 = CARTESIAN_POINT('',(5.68,-1.56,1.15));
#5144 = VECTOR('',#5145,1.);
#5145 = DIRECTION('',(0.,1.,2.22044604925E-16));
#5146 = ORIENTED_EDGE('',*,*,#3790,.F.);
#5147 = ORIENTED_EDGE('',*,*,#5141,.F.);
#5148 = CYLINDRICAL_SURFACE('',#5149,0.6);
#5149 = AXIS2_PLACEMENT_3D('',#5150,#5151,#5152);
#5150 = CARTESIAN_POINT('',(5.08,-1.56,1.15));
#5151 = DIRECTION('',(0.,1.,2.22044604925E-16));
#5152 = DIRECTION('',(1.,0.,0.));
#5153 = ADVANCED_FACE('',(#5154),#5173,.T.);
#5154 = FACE_BOUND('',#5155,.T.);
#5155 = EDGE_LOOP('',(#5156,#5165,#5171,#5172));
#5156 = ORIENTED_EDGE('',*,*,#5157,.T.);
#5157 = EDGE_CURVE('',#5158,#5158,#5160,.T.);
#5158 = VERTEX_POINT('',#5159);
#5159 = CARTESIAN_POINT('',(8.22,-1.56,1.15));
#5160 = CIRCLE('',#5161,0.6);
#5161 = AXIS2_PLACEMENT_3D('',#5162,#5163,#5164);
#5162 = CARTESIAN_POINT('',(7.62,-1.56,1.15));
#5163 = DIRECTION('',(-0.,1.,2.22044604925E-16));
#5164 = DIRECTION('',(1.,0.,0.));
#5165 = ORIENTED_EDGE('',*,*,#5166,.T.);
#5166 = EDGE_CURVE('',#5158,#3802,#5167,.T.);
#5167 = LINE('',#5168,#5169);
#5168 = CARTESIAN_POINT('',(8.22,-1.56,1.15));
#5169 = VECTOR('',#5170,1.);
#5170 = DIRECTION('',(0.,1.,2.22044604925E-16));
#5171 = ORIENTED_EDGE('',*,*,#3801,.F.);
#5172 = ORIENTED_EDGE('',*,*,#5166,.F.);
#5173 = CYLINDRICAL_SURFACE('',#5174,0.6);
#5174 = AXIS2_PLACEMENT_3D('',#5175,#5176,#5177);
#5175 = CARTESIAN_POINT('',(7.62,-1.56,1.15));
#5176 = DIRECTION('',(0.,1.,2.22044604925E-16));
#5177 = DIRECTION('',(1.,0.,0.));
#5178 = ADVANCED_FACE('',(#5179),#5204,.T.);
#5179 = FACE_BOUND('',#5180,.T.);
#5180 = EDGE_LOOP('',(#5181,#5189,#5197,#5203));
#5181 = ORIENTED_EDGE('',*,*,#5182,.F.);
#5182 = EDGE_CURVE('',#5183,#3813,#5185,.T.);
#5183 = VERTEX_POINT('',#5184);
#5184 = CARTESIAN_POINT('',(-5.E-02,-1.56,3.));
#5185 = LINE('',#5186,#5187);
#5186 = CARTESIAN_POINT('',(-5.E-02,-1.56,3.));
#5187 = VECTOR('',#5188,1.);
#5188 = DIRECTION('',(0.,1.,0.));
#5189 = ORIENTED_EDGE('',*,*,#5190,.T.);
#5190 = EDGE_CURVE('',#5183,#5191,#5193,.T.);
#5191 = VERTEX_POINT('',#5192);
#5192 = CARTESIAN_POINT('',(0.15,-1.56,3.));
#5193 = LINE('',#5194,#5195);
#5194 = CARTESIAN_POINT('',(-5.E-02,-1.56,3.));
#5195 = VECTOR('',#5196,1.);
#5196 = DIRECTION('',(1.,0.,0.));
#5197 = ORIENTED_EDGE('',*,*,#5198,.T.);
#5198 = EDGE_CURVE('',#5191,#3815,#5199,.T.);
#5199 = LINE('',#5200,#5201);
#5200 = CARTESIAN_POINT('',(0.15,-1.56,3.));
#5201 = VECTOR('',#5202,1.);
#5202 = DIRECTION('',(0.,1.,0.));
#5203 = ORIENTED_EDGE('',*,*,#3812,.F.);
#5204 = PLANE('',#5205);
#5205 = AXIS2_PLACEMENT_3D('',#5206,#5207,#5208);
#5206 = CARTESIAN_POINT('',(-5.E-02,-1.56,3.));
#5207 = DIRECTION('',(0.,0.,1.));
#5208 = DIRECTION('',(1.,0.,0.));
#5209 = ADVANCED_FACE('',(#5210),#5228,.T.);
#5210 = FACE_BOUND('',#5211,.T.);
#5211 = EDGE_LOOP('',(#5212,#5213,#5221,#5227));
#5212 = ORIENTED_EDGE('',*,*,#5198,.F.);
#5213 = ORIENTED_EDGE('',*,*,#5214,.F.);
#5214 = EDGE_CURVE('',#5215,#5191,#5217,.T.);
#5215 = VERTEX_POINT('',#5216);
#5216 = CARTESIAN_POINT('',(0.15,-1.56,2.));
#5217 = LINE('',#5218,#5219);
#5218 = CARTESIAN_POINT('',(0.15,-1.56,2.));
#5219 = VECTOR('',#5220,1.);
#5220 = DIRECTION('',(0.,0.,1.));
#5221 = ORIENTED_EDGE('',*,*,#5222,.T.);
#5222 = EDGE_CURVE('',#5215,#3831,#5223,.T.);
#5223 = LINE('',#5224,#5225);
#5224 = CARTESIAN_POINT('',(0.15,-1.56,2.));
#5225 = VECTOR('',#5226,1.);
#5226 = DIRECTION('',(0.,1.,0.));
#5227 = ORIENTED_EDGE('',*,*,#3838,.F.);
#5228 = PLANE('',#5229);
#5229 = AXIS2_PLACEMENT_3D('',#5230,#5231,#5232);
#5230 = CARTESIAN_POINT('',(0.15,-1.56,2.));
#5231 = DIRECTION('',(1.,0.,0.));
#5232 = DIRECTION('',(0.,0.,1.));
#5233 = ADVANCED_FACE('',(#5234),#5252,.F.);
#5234 = FACE_BOUND('',#5235,.F.);
#5235 = EDGE_LOOP('',(#5236,#5244,#5250,#5251));
#5236 = ORIENTED_EDGE('',*,*,#5237,.F.);
#5237 = EDGE_CURVE('',#5238,#3823,#5240,.T.);
#5238 = VERTEX_POINT('',#5239);
#5239 = CARTESIAN_POINT('',(-5.E-02,-1.56,2.));
#5240 = LINE('',#5241,#5242);
#5241 = CARTESIAN_POINT('',(-5.E-02,-1.56,2.));
#5242 = VECTOR('',#5243,1.);
#5243 = DIRECTION('',(0.,1.,0.));
#5244 = ORIENTED_EDGE('',*,*,#5245,.T.);
#5245 = EDGE_CURVE('',#5238,#5215,#5246,.T.);
#5246 = LINE('',#5247,#5248);
#5247 = CARTESIAN_POINT('',(-5.E-02,-1.56,2.));
#5248 = VECTOR('',#5249,1.);
#5249 = DIRECTION('',(1.,0.,0.));
#5250 = ORIENTED_EDGE('',*,*,#5222,.T.);
#5251 = ORIENTED_EDGE('',*,*,#3830,.F.);
#5252 = PLANE('',#5253);
#5253 = AXIS2_PLACEMENT_3D('',#5254,#5255,#5256);
#5254 = CARTESIAN_POINT('',(-5.E-02,-1.56,2.));
#5255 = DIRECTION('',(0.,0.,1.));
#5256 = DIRECTION('',(1.,0.,0.));
#5257 = ADVANCED_FACE('',(#5258),#5269,.F.);
#5258 = FACE_BOUND('',#5259,.F.);
#5259 = EDGE_LOOP('',(#5260,#5261,#5267,#5268));
#5260 = ORIENTED_EDGE('',*,*,#5182,.F.);
#5261 = ORIENTED_EDGE('',*,*,#5262,.F.);
#5262 = EDGE_CURVE('',#5238,#5183,#5263,.T.);
#5263 = LINE('',#5264,#5265);
#5264 = CARTESIAN_POINT('',(-5.E-02,-1.56,2.));
#5265 = VECTOR('',#5266,1.);
#5266 = DIRECTION('',(0.,0.,1.));
#5267 = ORIENTED_EDGE('',*,*,#5237,.T.);
#5268 = ORIENTED_EDGE('',*,*,#3822,.F.);
#5269 = PLANE('',#5270);
#5270 = AXIS2_PLACEMENT_3D('',#5271,#5272,#5273);
#5271 = CARTESIAN_POINT('',(-5.E-02,-1.56,2.));
#5272 = DIRECTION('',(1.,0.,0.));
#5273 = DIRECTION('',(0.,0.,1.));
#5274 = ADVANCED_FACE('',(#5275),#5294,.T.);
#5275 = FACE_BOUND('',#5276,.T.);
#5276 = EDGE_LOOP('',(#5277,#5286,#5292,#5293));
#5277 = ORIENTED_EDGE('',*,*,#5278,.T.);
#5278 = EDGE_CURVE('',#5279,#5279,#5281,.T.);
#5279 = VERTEX_POINT('',#5280);
#5280 = CARTESIAN_POINT('',(27.47,-1.56,1.15));
#5281 = CIRCLE('',#5282,0.6);
#5282 = AXIS2_PLACEMENT_3D('',#5283,#5284,#5285);
#5283 = CARTESIAN_POINT('',(26.87,-1.56,1.15));
#5284 = DIRECTION('',(-0.,1.,2.22044604925E-16));
#5285 = DIRECTION('',(1.,0.,0.));
#5286 = ORIENTED_EDGE('',*,*,#5287,.T.);
#5287 = EDGE_CURVE('',#5279,#3847,#5288,.T.);
#5288 = LINE('',#5289,#5290);
#5289 = CARTESIAN_POINT('',(27.47,-1.56,1.15));
#5290 = VECTOR('',#5291,1.);
#5291 = DIRECTION('',(0.,1.,2.22044604925E-16));
#5292 = ORIENTED_EDGE('',*,*,#3846,.F.);
#5293 = ORIENTED_EDGE('',*,*,#5287,.F.);
#5294 = CYLINDRICAL_SURFACE('',#5295,0.6);
#5295 = AXIS2_PLACEMENT_3D('',#5296,#5297,#5298);
#5296 = CARTESIAN_POINT('',(26.87,-1.56,1.15));
#5297 = DIRECTION('',(0.,1.,2.22044604925E-16));
#5298 = DIRECTION('',(1.,0.,0.));
#5299 = ADVANCED_FACE('',(#5300),#5319,.T.);
#5300 = FACE_BOUND('',#5301,.T.);
#5301 = EDGE_LOOP('',(#5302,#5311,#5317,#5318));
#5302 = ORIENTED_EDGE('',*,*,#5303,.T.);
#5303 = EDGE_CURVE('',#5304,#5304,#5306,.T.);
#5304 = VERTEX_POINT('',#5305);
#5305 = CARTESIAN_POINT('',(24.93,-1.56,1.15));
#5306 = CIRCLE('',#5307,0.6);
#5307 = AXIS2_PLACEMENT_3D('',#5308,#5309,#5310);
#5308 = CARTESIAN_POINT('',(24.33,-1.56,1.15));
#5309 = DIRECTION('',(-0.,1.,2.22044604925E-16));
#5310 = DIRECTION('',(1.,0.,0.));
#5311 = ORIENTED_EDGE('',*,*,#5312,.T.);
#5312 = EDGE_CURVE('',#5304,#3858,#5313,.T.);
#5313 = LINE('',#5314,#5315);
#5314 = CARTESIAN_POINT('',(24.93,-1.56,1.15));
#5315 = VECTOR('',#5316,1.);
#5316 = DIRECTION('',(0.,1.,2.22044604925E-16));
#5317 = ORIENTED_EDGE('',*,*,#3857,.F.);
#5318 = ORIENTED_EDGE('',*,*,#5312,.F.);
#5319 = CYLINDRICAL_SURFACE('',#5320,0.6);
#5320 = AXIS2_PLACEMENT_3D('',#5321,#5322,#5323);
#5321 = CARTESIAN_POINT('',(24.33,-1.56,1.15));
#5322 = DIRECTION('',(0.,1.,2.22044604925E-16));
#5323 = DIRECTION('',(1.,0.,0.));
#5324 = ADVANCED_FACE('',(#5325),#5336,.F.);
#5325 = FACE_BOUND('',#5326,.T.);
#5326 = EDGE_LOOP('',(#5327,#5328,#5329,#5330));
#5327 = ORIENTED_EDGE('',*,*,#3939,.F.);
#5328 = ORIENTED_EDGE('',*,*,#3914,.T.);
#5329 = ORIENTED_EDGE('',*,*,#3997,.T.);
#5330 = ORIENTED_EDGE('',*,*,#5331,.F.);
#5331 = EDGE_CURVE('',#3940,#3998,#5332,.T.);
#5332 = LINE('',#5333,#5334);
#5333 = CARTESIAN_POINT('',(-0.35,0.15,-6.));
#5334 = VECTOR('',#5335,1.);
#5335 = DIRECTION('',(1.,0.,0.));
#5336 = PLANE('',#5337);
#5337 = AXIS2_PLACEMENT_3D('',#5338,#5339,#5340);
#5338 = CARTESIAN_POINT('',(-0.35,0.25,-5.9));
#5339 = DIRECTION('',(-1.735417226645E-18,-0.707106781187,0.707106781187
    ));
#5340 = DIRECTION('',(-1.,1.227125289148E-18,-1.227125289148E-18));
#5341 = ADVANCED_FACE('',(#5342),#5348,.F.);
#5342 = FACE_BOUND('',#5343,.F.);
#5343 = EDGE_LOOP('',(#5344,#5345,#5346,#5347));
#5344 = ORIENTED_EDGE('',*,*,#3947,.F.);
#5345 = ORIENTED_EDGE('',*,*,#4983,.T.);
#5346 = ORIENTED_EDGE('',*,*,#4005,.T.);
#5347 = ORIENTED_EDGE('',*,*,#5331,.F.);
#5348 = PLANE('',#5349);
#5349 = AXIS2_PLACEMENT_3D('',#5350,#5351,#5352);
#5350 = CARTESIAN_POINT('',(-0.35,-0.35,-6.));
#5351 = DIRECTION('',(0.,0.,1.));
#5352 = DIRECTION('',(1.,0.,0.));
#5353 = ADVANCED_FACE('',(#5354),#5365,.F.);
#5354 = FACE_BOUND('',#5355,.T.);
#5355 = EDGE_LOOP('',(#5356,#5357,#5358,#5359));
#5356 = ORIENTED_EDGE('',*,*,#4084,.F.);
#5357 = ORIENTED_EDGE('',*,*,#4059,.T.);
#5358 = ORIENTED_EDGE('',*,*,#4142,.T.);
#5359 = ORIENTED_EDGE('',*,*,#5360,.F.);
#5360 = EDGE_CURVE('',#4085,#4143,#5361,.T.);
#5361 = LINE('',#5362,#5363);
#5362 = CARTESIAN_POINT('',(2.19,0.15,-6.));
#5363 = VECTOR('',#5364,1.);
#5364 = DIRECTION('',(1.,0.,0.));
#5365 = PLANE('',#5366);
#5366 = AXIS2_PLACEMENT_3D('',#5367,#5368,#5369);
#5367 = CARTESIAN_POINT('',(2.19,0.25,-5.9));
#5368 = DIRECTION('',(-1.735417226645E-18,-0.707106781187,0.707106781187
    ));
#5369 = DIRECTION('',(-1.,1.227125289148E-18,-1.227125289148E-18));
#5370 = ADVANCED_FACE('',(#5371),#5377,.F.);
#5371 = FACE_BOUND('',#5372,.F.);
#5372 = EDGE_LOOP('',(#5373,#5374,#5375,#5376));
#5373 = ORIENTED_EDGE('',*,*,#4092,.F.);
#5374 = ORIENTED_EDGE('',*,*,#5000,.T.);
#5375 = ORIENTED_EDGE('',*,*,#4150,.T.);
#5376 = ORIENTED_EDGE('',*,*,#5360,.F.);
#5377 = PLANE('',#5378);
#5378 = AXIS2_PLACEMENT_3D('',#5379,#5380,#5381);
#5379 = CARTESIAN_POINT('',(2.19,-0.35,-6.));
#5380 = DIRECTION('',(0.,0.,1.));
#5381 = DIRECTION('',(1.,0.,0.));
#5382 = ADVANCED_FACE('',(#5383),#5394,.F.);
#5383 = FACE_BOUND('',#5384,.T.);
#5384 = EDGE_LOOP('',(#5385,#5386,#5387,#5388));
#5385 = ORIENTED_EDGE('',*,*,#4229,.F.);
#5386 = ORIENTED_EDGE('',*,*,#4204,.T.);
#5387 = ORIENTED_EDGE('',*,*,#4287,.T.);
#5388 = ORIENTED_EDGE('',*,*,#5389,.F.);
#5389 = EDGE_CURVE('',#4230,#4288,#5390,.T.);
#5390 = LINE('',#5391,#5392);
#5391 = CARTESIAN_POINT('',(4.73,0.15,-6.));
#5392 = VECTOR('',#5393,1.);
#5393 = DIRECTION('',(1.,0.,0.));
#5394 = PLANE('',#5395);
#5395 = AXIS2_PLACEMENT_3D('',#5396,#5397,#5398);
#5396 = CARTESIAN_POINT('',(4.73,0.25,-5.9));
#5397 = DIRECTION('',(-1.735417226645E-18,-0.707106781187,0.707106781187
    ));
#5398 = DIRECTION('',(-1.,1.227125289148E-18,-1.227125289148E-18));
#5399 = ADVANCED_FACE('',(#5400),#5406,.F.);
#5400 = FACE_BOUND('',#5401,.F.);
#5401 = EDGE_LOOP('',(#5402,#5403,#5404,#5405));
#5402 = ORIENTED_EDGE('',*,*,#4237,.F.);
#5403 = ORIENTED_EDGE('',*,*,#5017,.T.);
#5404 = ORIENTED_EDGE('',*,*,#4295,.T.);
#5405 = ORIENTED_EDGE('',*,*,#5389,.F.);
#5406 = PLANE('',#5407);
#5407 = AXIS2_PLACEMENT_3D('',#5408,#5409,#5410);
#5408 = CARTESIAN_POINT('',(4.73,-0.35,-6.));
#5409 = DIRECTION('',(0.,0.,1.));
#5410 = DIRECTION('',(1.,0.,0.));
#5411 = ADVANCED_FACE('',(#5412),#5423,.F.);
#5412 = FACE_BOUND('',#5413,.T.);
#5413 = EDGE_LOOP('',(#5414,#5415,#5416,#5417));
#5414 = ORIENTED_EDGE('',*,*,#4374,.F.);
#5415 = ORIENTED_EDGE('',*,*,#4349,.T.);
#5416 = ORIENTED_EDGE('',*,*,#4432,.T.);
#5417 = ORIENTED_EDGE('',*,*,#5418,.F.);
#5418 = EDGE_CURVE('',#4375,#4433,#5419,.T.);
#5419 = LINE('',#5420,#5421);
#5420 = CARTESIAN_POINT('',(7.27,0.15,-6.));
#5421 = VECTOR('',#5422,1.);
#5422 = DIRECTION('',(1.,0.,0.));
#5423 = PLANE('',#5424);
#5424 = AXIS2_PLACEMENT_3D('',#5425,#5426,#5427);
#5425 = CARTESIAN_POINT('',(7.27,0.25,-5.9));
#5426 = DIRECTION('',(-1.735417226645E-18,-0.707106781187,0.707106781187
    ));
#5427 = DIRECTION('',(-1.,1.227125289148E-18,-1.227125289148E-18));
#5428 = ADVANCED_FACE('',(#5429),#5435,.F.);
#5429 = FACE_BOUND('',#5430,.F.);
#5430 = EDGE_LOOP('',(#5431,#5432,#5433,#5434));
#5431 = ORIENTED_EDGE('',*,*,#4382,.F.);
#5432 = ORIENTED_EDGE('',*,*,#5034,.T.);
#5433 = ORIENTED_EDGE('',*,*,#4440,.T.);
#5434 = ORIENTED_EDGE('',*,*,#5418,.F.);
#5435 = PLANE('',#5436);
#5436 = AXIS2_PLACEMENT_3D('',#5437,#5438,#5439);
#5437 = CARTESIAN_POINT('',(7.27,-0.35,-6.));
#5438 = DIRECTION('',(0.,0.,1.));
#5439 = DIRECTION('',(1.,0.,0.));
#5440 = ADVANCED_FACE('',(#5441),#5452,.F.);
#5441 = FACE_BOUND('',#5442,.T.);
#5442 = EDGE_LOOP('',(#5443,#5444,#5445,#5446));
#5443 = ORIENTED_EDGE('',*,*,#4519,.F.);
#5444 = ORIENTED_EDGE('',*,*,#4494,.T.);
#5445 = ORIENTED_EDGE('',*,*,#4577,.T.);
#5446 = ORIENTED_EDGE('',*,*,#5447,.F.);
#5447 = EDGE_CURVE('',#4520,#4578,#5448,.T.);
#5448 = LINE('',#5449,#5450);
#5449 = CARTESIAN_POINT('',(23.98,0.15,-6.));
#5450 = VECTOR('',#5451,1.);
#5451 = DIRECTION('',(1.,0.,0.));
#5452 = PLANE('',#5453);
#5453 = AXIS2_PLACEMENT_3D('',#5454,#5455,#5456);
#5454 = CARTESIAN_POINT('',(23.98,0.25,-5.9));
#5455 = DIRECTION('',(-1.735417226645E-18,-0.707106781187,0.707106781187
    ));
#5456 = DIRECTION('',(-1.,1.227125289148E-18,-1.227125289148E-18));
#5457 = ADVANCED_FACE('',(#5458),#5464,.F.);
#5458 = FACE_BOUND('',#5459,.F.);
#5459 = EDGE_LOOP('',(#5460,#5461,#5462,#5463));
#5460 = ORIENTED_EDGE('',*,*,#4527,.F.);
#5461 = ORIENTED_EDGE('',*,*,#5051,.T.);
#5462 = ORIENTED_EDGE('',*,*,#4585,.T.);
#5463 = ORIENTED_EDGE('',*,*,#5447,.F.);
#5464 = PLANE('',#5465);
#5465 = AXIS2_PLACEMENT_3D('',#5466,#5467,#5468);
#5466 = CARTESIAN_POINT('',(23.98,-0.35,-6.));
#5467 = DIRECTION('',(0.,0.,1.));
#5468 = DIRECTION('',(1.,0.,0.));
#5469 = ADVANCED_FACE('',(#5470),#5481,.F.);
#5470 = FACE_BOUND('',#5471,.T.);
#5471 = EDGE_LOOP('',(#5472,#5473,#5474,#5475));
#5472 = ORIENTED_EDGE('',*,*,#4664,.F.);
#5473 = ORIENTED_EDGE('',*,*,#4639,.T.);
#5474 = ORIENTED_EDGE('',*,*,#4722,.T.);
#5475 = ORIENTED_EDGE('',*,*,#5476,.F.);
#5476 = EDGE_CURVE('',#4665,#4723,#5477,.T.);
#5477 = LINE('',#5478,#5479);
#5478 = CARTESIAN_POINT('',(26.52,0.15,-6.));
#5479 = VECTOR('',#5480,1.);
#5480 = DIRECTION('',(1.,0.,0.));
#5481 = PLANE('',#5482);
#5482 = AXIS2_PLACEMENT_3D('',#5483,#5484,#5485);
#5483 = CARTESIAN_POINT('',(26.52,0.25,-5.9));
#5484 = DIRECTION('',(-1.735417226645E-18,-0.707106781187,0.707106781187
    ));
#5485 = DIRECTION('',(-1.,1.227125289148E-18,-1.227125289148E-18));
#5486 = ADVANCED_FACE('',(#5487),#5493,.F.);
#5487 = FACE_BOUND('',#5488,.F.);
#5488 = EDGE_LOOP('',(#5489,#5490,#5491,#5492));
#5489 = ORIENTED_EDGE('',*,*,#4672,.F.);
#5490 = ORIENTED_EDGE('',*,*,#5068,.T.);
#5491 = ORIENTED_EDGE('',*,*,#4730,.T.);
#5492 = ORIENTED_EDGE('',*,*,#5476,.F.);
#5493 = PLANE('',#5494);
#5494 = AXIS2_PLACEMENT_3D('',#5495,#5496,#5497);
#5495 = CARTESIAN_POINT('',(26.52,-0.35,-6.));
#5496 = DIRECTION('',(0.,0.,1.));
#5497 = DIRECTION('',(1.,0.,0.));
#5498 = ADVANCED_FACE('',(#5499,#5506),#5551,.T.);
#5499 = FACE_BOUND('',#5500,.T.);
#5500 = EDGE_LOOP('',(#5501,#5502,#5503,#5504,#5505));
#5501 = ORIENTED_EDGE('',*,*,#4868,.T.);
#5502 = ORIENTED_EDGE('',*,*,#4801,.T.);
#5503 = ORIENTED_EDGE('',*,*,#4775,.T.);
#5504 = ORIENTED_EDGE('',*,*,#4817,.T.);
#5505 = ORIENTED_EDGE('',*,*,#4852,.T.);
#5506 = FACE_BOUND('',#5507,.T.);
#5507 = EDGE_LOOP('',(#5508,#5519,#5527,#5536,#5544));
#5508 = ORIENTED_EDGE('',*,*,#5509,.F.);
#5509 = EDGE_CURVE('',#5510,#5512,#5514,.T.);
#5510 = VERTEX_POINT('',#5511);
#5511 = CARTESIAN_POINT('',(7.2,0.25,7.8));
#5512 = VERTEX_POINT('',#5513);
#5513 = CARTESIAN_POINT('',(8.9,0.25,6.1));
#5514 = CIRCLE('',#5515,1.7);
#5515 = AXIS2_PLACEMENT_3D('',#5516,#5517,#5518);
#5516 = CARTESIAN_POINT('',(7.2,0.25,6.1));
#5517 = DIRECTION('',(-0.,1.,2.22044604925E-16));
#5518 = DIRECTION('',(1.,0.,0.));
#5519 = ORIENTED_EDGE('',*,*,#5520,.F.);
#5520 = EDGE_CURVE('',#5521,#5510,#5523,.T.);
#5521 = VERTEX_POINT('',#5522);
#5522 = CARTESIAN_POINT('',(0.8,0.25,7.8));
#5523 = LINE('',#5524,#5525);
#5524 = CARTESIAN_POINT('',(0.8,0.25,7.8));
#5525 = VECTOR('',#5526,1.);
#5526 = DIRECTION('',(1.,0.,0.));
#5527 = ORIENTED_EDGE('',*,*,#5528,.F.);
#5528 = EDGE_CURVE('',#5529,#5521,#5531,.T.);
#5529 = VERTEX_POINT('',#5530);
#5530 = CARTESIAN_POINT('',(0.8,0.25,4.4));
#5531 = CIRCLE('',#5532,1.7);
#5532 = AXIS2_PLACEMENT_3D('',#5533,#5534,#5535);
#5533 = CARTESIAN_POINT('',(0.8,0.25,6.1));
#5534 = DIRECTION('',(-0.,1.,2.22044604925E-16));
#5535 = DIRECTION('',(1.,0.,0.));
#5536 = ORIENTED_EDGE('',*,*,#5537,.T.);
#5537 = EDGE_CURVE('',#5529,#5538,#5540,.T.);
#5538 = VERTEX_POINT('',#5539);
#5539 = CARTESIAN_POINT('',(7.2,0.25,4.4));
#5540 = LINE('',#5541,#5542);
#5541 = CARTESIAN_POINT('',(0.8,0.25,4.4));
#5542 = VECTOR('',#5543,1.);
#5543 = DIRECTION('',(1.,0.,0.));
#5544 = ORIENTED_EDGE('',*,*,#5545,.F.);
#5545 = EDGE_CURVE('',#5512,#5538,#5546,.T.);
#5546 = CIRCLE('',#5547,1.7);
#5547 = AXIS2_PLACEMENT_3D('',#5548,#5549,#5550);
#5548 = CARTESIAN_POINT('',(7.2,0.25,6.1));
#5549 = DIRECTION('',(-0.,1.,2.22044604925E-16));
#5550 = DIRECTION('',(1.,0.,0.));
#5551 = PLANE('',#5552);
#5552 = AXIS2_PLACEMENT_3D('',#5553,#5554,#5555);
#5553 = CARTESIAN_POINT('',(4.065264384003,0.25,6.1));
#5554 = DIRECTION('',(-1.676747949414E-33,1.,7.220126256499E-17));
#5555 = DIRECTION('',(0.,-7.220126256499E-17,1.));
#5556 = ADVANCED_FACE('',(#5557,#5560),#5594,.F.);
#5557 = FACE_BOUND('',#5558,.F.);
#5558 = EDGE_LOOP('',(#5559));
#5559 = ORIENTED_EDGE('',*,*,#5082,.T.);
#5560 = FACE_BOUND('',#5561,.F.);
#5561 = EDGE_LOOP('',(#5562,#5572,#5580,#5588));
#5562 = ORIENTED_EDGE('',*,*,#5563,.F.);
#5563 = EDGE_CURVE('',#5564,#5566,#5568,.T.);
#5564 = VERTEX_POINT('',#5565);
#5565 = CARTESIAN_POINT('',(-0.35,-1.56,1.5));
#5566 = VERTEX_POINT('',#5567);
#5567 = CARTESIAN_POINT('',(0.35,-1.56,1.5));
#5568 = LINE('',#5569,#5570);
#5569 = CARTESIAN_POINT('',(-0.175,-1.56,1.5));
#5570 = VECTOR('',#5571,1.);
#5571 = DIRECTION('',(1.,0.,0.));
#5572 = ORIENTED_EDGE('',*,*,#5573,.T.);
#5573 = EDGE_CURVE('',#5564,#5574,#5576,.T.);
#5574 = VERTEX_POINT('',#5575);
#5575 = CARTESIAN_POINT('',(-0.35,-1.56,0.8));
#5576 = LINE('',#5577,#5578);
#5577 = CARTESIAN_POINT('',(-0.35,-1.56,0.975));
#5578 = VECTOR('',#5579,1.);
#5579 = DIRECTION('',(0.,2.22044604925E-16,-1.));
#5580 = ORIENTED_EDGE('',*,*,#5581,.T.);
#5581 = EDGE_CURVE('',#5574,#5582,#5584,.T.);
#5582 = VERTEX_POINT('',#5583);
#5583 = CARTESIAN_POINT('',(0.35,-1.56,0.8));
#5584 = LINE('',#5585,#5586);
#5585 = CARTESIAN_POINT('',(-0.175,-1.56,0.8));
#5586 = VECTOR('',#5587,1.);
#5587 = DIRECTION('',(1.,0.,0.));
#5588 = ORIENTED_EDGE('',*,*,#5589,.F.);
#5589 = EDGE_CURVE('',#5566,#5582,#5590,.T.);
#5590 = LINE('',#5591,#5592);
#5591 = CARTESIAN_POINT('',(0.35,-1.56,0.975));
#5592 = VECTOR('',#5593,1.);
#5593 = DIRECTION('',(0.,2.22044604925E-16,-1.));
#5594 = PLANE('',#5595);
#5595 = AXIS2_PLACEMENT_3D('',#5596,#5597,#5598);
#5596 = CARTESIAN_POINT('',(0.,-1.56,1.15));
#5597 = DIRECTION('',(0.,1.,2.22044604925E-16));
#5598 = DIRECTION('',(1.,0.,0.));
#5599 = ADVANCED_FACE('',(#5600,#5603),#5637,.F.);
#5600 = FACE_BOUND('',#5601,.F.);
#5601 = EDGE_LOOP('',(#5602));
#5602 = ORIENTED_EDGE('',*,*,#5107,.T.);
#5603 = FACE_BOUND('',#5604,.F.);
#5604 = EDGE_LOOP('',(#5605,#5615,#5623,#5631));
#5605 = ORIENTED_EDGE('',*,*,#5606,.F.);
#5606 = EDGE_CURVE('',#5607,#5609,#5611,.T.);
#5607 = VERTEX_POINT('',#5608);
#5608 = CARTESIAN_POINT('',(2.19,-1.56,1.5));
#5609 = VERTEX_POINT('',#5610);
#5610 = CARTESIAN_POINT('',(2.89,-1.56,1.5));
#5611 = LINE('',#5612,#5613);
#5612 = CARTESIAN_POINT('',(2.365,-1.56,1.5));
#5613 = VECTOR('',#5614,1.);
#5614 = DIRECTION('',(1.,0.,0.));
#5615 = ORIENTED_EDGE('',*,*,#5616,.T.);
#5616 = EDGE_CURVE('',#5607,#5617,#5619,.T.);
#5617 = VERTEX_POINT('',#5618);
#5618 = CARTESIAN_POINT('',(2.19,-1.56,0.8));
#5619 = LINE('',#5620,#5621);
#5620 = CARTESIAN_POINT('',(2.19,-1.56,0.975));
#5621 = VECTOR('',#5622,1.);
#5622 = DIRECTION('',(0.,2.22044604925E-16,-1.));
#5623 = ORIENTED_EDGE('',*,*,#5624,.T.);
#5624 = EDGE_CURVE('',#5617,#5625,#5627,.T.);
#5625 = VERTEX_POINT('',#5626);
#5626 = CARTESIAN_POINT('',(2.89,-1.56,0.8));
#5627 = LINE('',#5628,#5629);
#5628 = CARTESIAN_POINT('',(2.365,-1.56,0.8));
#5629 = VECTOR('',#5630,1.);
#5630 = DIRECTION('',(1.,0.,0.));
#5631 = ORIENTED_EDGE('',*,*,#5632,.F.);
#5632 = EDGE_CURVE('',#5609,#5625,#5633,.T.);
#5633 = LINE('',#5634,#5635);
#5634 = CARTESIAN_POINT('',(2.89,-1.56,0.975));
#5635 = VECTOR('',#5636,1.);
#5636 = DIRECTION('',(0.,2.22044604925E-16,-1.));
#5637 = PLANE('',#5638);
#5638 = AXIS2_PLACEMENT_3D('',#5639,#5640,#5641);
#5639 = CARTESIAN_POINT('',(2.54,-1.56,1.15));
#5640 = DIRECTION('',(0.,1.,2.22044604925E-16));
#5641 = DIRECTION('',(1.,0.,0.));
#5642 = ADVANCED_FACE('',(#5643,#5646),#5680,.F.);
#5643 = FACE_BOUND('',#5644,.F.);
#5644 = EDGE_LOOP('',(#5645));
#5645 = ORIENTED_EDGE('',*,*,#5132,.T.);
#5646 = FACE_BOUND('',#5647,.F.);
#5647 = EDGE_LOOP('',(#5648,#5658,#5666,#5674));
#5648 = ORIENTED_EDGE('',*,*,#5649,.F.);
#5649 = EDGE_CURVE('',#5650,#5652,#5654,.T.);
#5650 = VERTEX_POINT('',#5651);
#5651 = CARTESIAN_POINT('',(4.73,-1.56,1.5));
#5652 = VERTEX_POINT('',#5653);
#5653 = CARTESIAN_POINT('',(5.43,-1.56,1.5));
#5654 = LINE('',#5655,#5656);
#5655 = CARTESIAN_POINT('',(4.905,-1.56,1.5));
#5656 = VECTOR('',#5657,1.);
#5657 = DIRECTION('',(1.,0.,0.));
#5658 = ORIENTED_EDGE('',*,*,#5659,.T.);
#5659 = EDGE_CURVE('',#5650,#5660,#5662,.T.);
#5660 = VERTEX_POINT('',#5661);
#5661 = CARTESIAN_POINT('',(4.73,-1.56,0.8));
#5662 = LINE('',#5663,#5664);
#5663 = CARTESIAN_POINT('',(4.73,-1.56,0.975));
#5664 = VECTOR('',#5665,1.);
#5665 = DIRECTION('',(0.,2.22044604925E-16,-1.));
#5666 = ORIENTED_EDGE('',*,*,#5667,.T.);
#5667 = EDGE_CURVE('',#5660,#5668,#5670,.T.);
#5668 = VERTEX_POINT('',#5669);
#5669 = CARTESIAN_POINT('',(5.43,-1.56,0.8));
#5670 = LINE('',#5671,#5672);
#5671 = CARTESIAN_POINT('',(4.905,-1.56,0.8));
#5672 = VECTOR('',#5673,1.);
#5673 = DIRECTION('',(1.,0.,0.));
#5674 = ORIENTED_EDGE('',*,*,#5675,.F.);
#5675 = EDGE_CURVE('',#5652,#5668,#5676,.T.);
#5676 = LINE('',#5677,#5678);
#5677 = CARTESIAN_POINT('',(5.43,-1.56,0.975));
#5678 = VECTOR('',#5679,1.);
#5679 = DIRECTION('',(0.,2.22044604925E-16,-1.));
#5680 = PLANE('',#5681);
#5681 = AXIS2_PLACEMENT_3D('',#5682,#5683,#5684);
#5682 = CARTESIAN_POINT('',(5.08,-1.56,1.15));
#5683 = DIRECTION('',(0.,1.,2.22044604925E-16));
#5684 = DIRECTION('',(1.,0.,0.));
#5685 = ADVANCED_FACE('',(#5686,#5689),#5723,.F.);
#5686 = FACE_BOUND('',#5687,.F.);
#5687 = EDGE_LOOP('',(#5688));
#5688 = ORIENTED_EDGE('',*,*,#5157,.T.);
#5689 = FACE_BOUND('',#5690,.F.);
#5690 = EDGE_LOOP('',(#5691,#5701,#5709,#5717));
#5691 = ORIENTED_EDGE('',*,*,#5692,.F.);
#5692 = EDGE_CURVE('',#5693,#5695,#5697,.T.);
#5693 = VERTEX_POINT('',#5694);
#5694 = CARTESIAN_POINT('',(7.27,-1.56,1.5));
#5695 = VERTEX_POINT('',#5696);
#5696 = CARTESIAN_POINT('',(7.97,-1.56,1.5));
#5697 = LINE('',#5698,#5699);
#5698 = CARTESIAN_POINT('',(7.445,-1.56,1.5));
#5699 = VECTOR('',#5700,1.);
#5700 = DIRECTION('',(1.,0.,0.));
#5701 = ORIENTED_EDGE('',*,*,#5702,.T.);
#5702 = EDGE_CURVE('',#5693,#5703,#5705,.T.);
#5703 = VERTEX_POINT('',#5704);
#5704 = CARTESIAN_POINT('',(7.27,-1.56,0.8));
#5705 = LINE('',#5706,#5707);
#5706 = CARTESIAN_POINT('',(7.27,-1.56,0.975));
#5707 = VECTOR('',#5708,1.);
#5708 = DIRECTION('',(0.,2.22044604925E-16,-1.));
#5709 = ORIENTED_EDGE('',*,*,#5710,.T.);
#5710 = EDGE_CURVE('',#5703,#5711,#5713,.T.);
#5711 = VERTEX_POINT('',#5712);
#5712 = CARTESIAN_POINT('',(7.97,-1.56,0.8));
#5713 = LINE('',#5714,#5715);
#5714 = CARTESIAN_POINT('',(7.445,-1.56,0.8));
#5715 = VECTOR('',#5716,1.);
#5716 = DIRECTION('',(1.,0.,0.));
#5717 = ORIENTED_EDGE('',*,*,#5718,.F.);
#5718 = EDGE_CURVE('',#5695,#5711,#5719,.T.);
#5719 = LINE('',#5720,#5721);
#5720 = CARTESIAN_POINT('',(7.97,-1.56,0.975));
#5721 = VECTOR('',#5722,1.);
#5722 = DIRECTION('',(0.,2.22044604925E-16,-1.));
#5723 = PLANE('',#5724);
#5724 = AXIS2_PLACEMENT_3D('',#5725,#5726,#5727);
#5725 = CARTESIAN_POINT('',(7.62,-1.56,1.15));
#5726 = DIRECTION('',(0.,1.,2.22044604925E-16));
#5727 = DIRECTION('',(1.,0.,0.));
#5728 = ADVANCED_FACE('',(#5729),#5735,.F.);
#5729 = FACE_BOUND('',#5730,.F.);
#5730 = EDGE_LOOP('',(#5731,#5732,#5733,#5734));
#5731 = ORIENTED_EDGE('',*,*,#5245,.F.);
#5732 = ORIENTED_EDGE('',*,*,#5262,.T.);
#5733 = ORIENTED_EDGE('',*,*,#5190,.T.);
#5734 = ORIENTED_EDGE('',*,*,#5214,.F.);
#5735 = PLANE('',#5736);
#5736 = AXIS2_PLACEMENT_3D('',#5737,#5738,#5739);
#5737 = CARTESIAN_POINT('',(-5.E-02,-1.56,2.));
#5738 = DIRECTION('',(0.,1.,0.));
#5739 = DIRECTION('',(0.,0.,1.));
#5740 = ADVANCED_FACE('',(#5741,#5744),#5778,.F.);
#5741 = FACE_BOUND('',#5742,.F.);
#5742 = EDGE_LOOP('',(#5743));
#5743 = ORIENTED_EDGE('',*,*,#5278,.T.);
#5744 = FACE_BOUND('',#5745,.F.);
#5745 = EDGE_LOOP('',(#5746,#5756,#5764,#5772));
#5746 = ORIENTED_EDGE('',*,*,#5747,.F.);
#5747 = EDGE_CURVE('',#5748,#5750,#5752,.T.);
#5748 = VERTEX_POINT('',#5749);
#5749 = CARTESIAN_POINT('',(26.52,-1.56,1.5));
#5750 = VERTEX_POINT('',#5751);
#5751 = CARTESIAN_POINT('',(27.22,-1.56,1.5));
#5752 = LINE('',#5753,#5754);
#5753 = CARTESIAN_POINT('',(26.695,-1.56,1.5));
#5754 = VECTOR('',#5755,1.);
#5755 = DIRECTION('',(1.,0.,0.));
#5756 = ORIENTED_EDGE('',*,*,#5757,.T.);
#5757 = EDGE_CURVE('',#5748,#5758,#5760,.T.);
#5758 = VERTEX_POINT('',#5759);
#5759 = CARTESIAN_POINT('',(26.52,-1.56,0.8));
#5760 = LINE('',#5761,#5762);
#5761 = CARTESIAN_POINT('',(26.52,-1.56,0.975));
#5762 = VECTOR('',#5763,1.);
#5763 = DIRECTION('',(0.,2.22044604925E-16,-1.));
#5764 = ORIENTED_EDGE('',*,*,#5765,.T.);
#5765 = EDGE_CURVE('',#5758,#5766,#5768,.T.);
#5766 = VERTEX_POINT('',#5767);
#5767 = CARTESIAN_POINT('',(27.22,-1.56,0.8));
#5768 = LINE('',#5769,#5770);
#5769 = CARTESIAN_POINT('',(26.695,-1.56,0.8));
#5770 = VECTOR('',#5771,1.);
#5771 = DIRECTION('',(1.,0.,0.));
#5772 = ORIENTED_EDGE('',*,*,#5773,.F.);
#5773 = EDGE_CURVE('',#5750,#5766,#5774,.T.);
#5774 = LINE('',#5775,#5776);
#5775 = CARTESIAN_POINT('',(27.22,-1.56,0.975));
#5776 = VECTOR('',#5777,1.);
#5777 = DIRECTION('',(0.,2.22044604925E-16,-1.));
#5778 = PLANE('',#5779);
#5779 = AXIS2_PLACEMENT_3D('',#5780,#5781,#5782);
#5780 = CARTESIAN_POINT('',(26.87,-1.56,1.15));
#5781 = DIRECTION('',(0.,1.,2.22044604925E-16));
#5782 = DIRECTION('',(1.,0.,0.));
#5783 = ADVANCED_FACE('',(#5784,#5787),#5821,.F.);
#5784 = FACE_BOUND('',#5785,.F.);
#5785 = EDGE_LOOP('',(#5786));
#5786 = ORIENTED_EDGE('',*,*,#5303,.T.);
#5787 = FACE_BOUND('',#5788,.F.);
#5788 = EDGE_LOOP('',(#5789,#5799,#5807,#5815));
#5789 = ORIENTED_EDGE('',*,*,#5790,.F.);
#5790 = EDGE_CURVE('',#5791,#5793,#5795,.T.);
#5791 = VERTEX_POINT('',#5792);
#5792 = CARTESIAN_POINT('',(23.98,-1.56,1.5));
#5793 = VERTEX_POINT('',#5794);
#5794 = CARTESIAN_POINT('',(24.68,-1.56,1.5));
#5795 = LINE('',#5796,#5797);
#5796 = CARTESIAN_POINT('',(24.155,-1.56,1.5));
#5797 = VECTOR('',#5798,1.);
#5798 = DIRECTION('',(1.,0.,0.));
#5799 = ORIENTED_EDGE('',*,*,#5800,.T.);
#5800 = EDGE_CURVE('',#5791,#5801,#5803,.T.);
#5801 = VERTEX_POINT('',#5802);
#5802 = CARTESIAN_POINT('',(23.98,-1.56,0.8));
#5803 = LINE('',#5804,#5805);
#5804 = CARTESIAN_POINT('',(23.98,-1.56,0.975));
#5805 = VECTOR('',#5806,1.);
#5806 = DIRECTION('',(0.,2.22044604925E-16,-1.));
#5807 = ORIENTED_EDGE('',*,*,#5808,.T.);
#5808 = EDGE_CURVE('',#5801,#5809,#5811,.T.);
#5809 = VERTEX_POINT('',#5810);
#5810 = CARTESIAN_POINT('',(24.68,-1.56,0.8));
#5811 = LINE('',#5812,#5813);
#5812 = CARTESIAN_POINT('',(24.155,-1.56,0.8));
#5813 = VECTOR('',#5814,1.);
#5814 = DIRECTION('',(1.,0.,0.));
#5815 = ORIENTED_EDGE('',*,*,#5816,.F.);
#5816 = EDGE_CURVE('',#5793,#5809,#5817,.T.);
#5817 = LINE('',#5818,#5819);
#5818 = CARTESIAN_POINT('',(24.68,-1.56,0.975));
#5819 = VECTOR('',#5820,1.);
#5820 = DIRECTION('',(0.,2.22044604925E-16,-1.));
#5821 = PLANE('',#5822);
#5822 = AXIS2_PLACEMENT_3D('',#5823,#5824,#5825);
#5823 = CARTESIAN_POINT('',(24.33,-1.56,1.15));
#5824 = DIRECTION('',(0.,1.,2.22044604925E-16));
#5825 = DIRECTION('',(1.,0.,0.));
#5826 = ADVANCED_FACE('',(#5827),#5863,.T.);
#5827 = FACE_BOUND('',#5828,.T.);
#5828 = EDGE_LOOP('',(#5829,#5837,#5846,#5855,#5861,#5862));
#5829 = ORIENTED_EDGE('',*,*,#5830,.T.);
#5830 = EDGE_CURVE('',#5538,#5831,#5833,.T.);
#5831 = VERTEX_POINT('',#5832);
#5832 = CARTESIAN_POINT('',(7.2,2.85,4.4));
#5833 = LINE('',#5834,#5835);
#5834 = CARTESIAN_POINT('',(7.2,-0.35,4.4));
#5835 = VECTOR('',#5836,1.);
#5836 = DIRECTION('',(0.,1.,0.));
#5837 = ORIENTED_EDGE('',*,*,#5838,.F.);
#5838 = EDGE_CURVE('',#5839,#5831,#5841,.T.);
#5839 = VERTEX_POINT('',#5840);
#5840 = CARTESIAN_POINT('',(8.9,2.85,6.1));
#5841 = CIRCLE('',#5842,1.7);
#5842 = AXIS2_PLACEMENT_3D('',#5843,#5844,#5845);
#5843 = CARTESIAN_POINT('',(7.2,2.85,6.1));
#5844 = DIRECTION('',(-3.7607617902E-32,1.,5.959582652773E-17));
#5845 = DIRECTION('',(1.,7.306993190045E-33,5.08435346523E-16));
#5846 = ORIENTED_EDGE('',*,*,#5847,.F.);
#5847 = EDGE_CURVE('',#5848,#5839,#5850,.T.);
#5848 = VERTEX_POINT('',#5849);
#5849 = CARTESIAN_POINT('',(7.2,2.85,7.8));
#5850 = CIRCLE('',#5851,1.7);
#5851 = AXIS2_PLACEMENT_3D('',#5852,#5853,#5854);
#5852 = CARTESIAN_POINT('',(7.2,2.85,6.1));
#5853 = DIRECTION('',(-3.7607617902E-32,1.,5.959582652773E-17));
#5854 = DIRECTION('',(8.848851271058E-33,-5.959582652773E-17,1.));
#5855 = ORIENTED_EDGE('',*,*,#5856,.F.);
#5856 = EDGE_CURVE('',#5510,#5848,#5857,.T.);
#5857 = LINE('',#5858,#5859);
#5858 = CARTESIAN_POINT('',(7.2,-0.35,7.8));
#5859 = VECTOR('',#5860,1.);
#5860 = DIRECTION('',(0.,1.,0.));
#5861 = ORIENTED_EDGE('',*,*,#5509,.T.);
#5862 = ORIENTED_EDGE('',*,*,#5545,.T.);
#5863 = CYLINDRICAL_SURFACE('',#5864,1.7);
#5864 = AXIS2_PLACEMENT_3D('',#5865,#5866,#5867);
#5865 = CARTESIAN_POINT('',(7.2,-0.35,6.1));
#5866 = DIRECTION('',(0.,1.,2.22044604925E-16));
#5867 = DIRECTION('',(1.,0.,0.));
#5868 = ADVANCED_FACE('',(#5869),#5887,.T.);
#5869 = FACE_BOUND('',#5870,.T.);
#5870 = EDGE_LOOP('',(#5871,#5879,#5880,#5881));
#5871 = ORIENTED_EDGE('',*,*,#5872,.F.);
#5872 = EDGE_CURVE('',#5521,#5873,#5875,.T.);
#5873 = VERTEX_POINT('',#5874);
#5874 = CARTESIAN_POINT('',(0.8,2.85,7.8));
#5875 = LINE('',#5876,#5877);
#5876 = CARTESIAN_POINT('',(0.8,-0.35,7.8));
#5877 = VECTOR('',#5878,1.);
#5878 = DIRECTION('',(0.,1.,0.));
#5879 = ORIENTED_EDGE('',*,*,#5520,.T.);
#5880 = ORIENTED_EDGE('',*,*,#5856,.T.);
#5881 = ORIENTED_EDGE('',*,*,#5882,.F.);
#5882 = EDGE_CURVE('',#5873,#5848,#5883,.T.);
#5883 = LINE('',#5884,#5885);
#5884 = CARTESIAN_POINT('',(0.8,2.85,7.8));
#5885 = VECTOR('',#5886,1.);
#5886 = DIRECTION('',(1.,0.,0.));
#5887 = PLANE('',#5888);
#5888 = AXIS2_PLACEMENT_3D('',#5889,#5890,#5891);
#5889 = CARTESIAN_POINT('',(0.8,-0.35,7.8));
#5890 = DIRECTION('',(0.,0.,1.));
#5891 = DIRECTION('',(1.,0.,0.));
#5892 = ADVANCED_FACE('',(#5893),#5912,.T.);
#5893 = FACE_BOUND('',#5894,.T.);
#5894 = EDGE_LOOP('',(#5895,#5896,#5905,#5911));
#5895 = ORIENTED_EDGE('',*,*,#5872,.T.);
#5896 = ORIENTED_EDGE('',*,*,#5897,.F.);
#5897 = EDGE_CURVE('',#5898,#5873,#5900,.T.);
#5898 = VERTEX_POINT('',#5899);
#5899 = CARTESIAN_POINT('',(0.8,2.85,4.4));
#5900 = CIRCLE('',#5901,1.7);
#5901 = AXIS2_PLACEMENT_3D('',#5902,#5903,#5904);
#5902 = CARTESIAN_POINT('',(0.8,2.85,6.1));
#5903 = DIRECTION('',(-3.7607617902E-32,1.,5.959582652773E-17));
#5904 = DIRECTION('',(1.95921710228E-16,5.959582652773E-17,-1.));
#5905 = ORIENTED_EDGE('',*,*,#5906,.F.);
#5906 = EDGE_CURVE('',#5529,#5898,#5907,.T.);
#5907 = LINE('',#5908,#5909);
#5908 = CARTESIAN_POINT('',(0.8,-0.35,4.4));
#5909 = VECTOR('',#5910,1.);
#5910 = DIRECTION('',(0.,1.,0.));
#5911 = ORIENTED_EDGE('',*,*,#5528,.T.);
#5912 = CYLINDRICAL_SURFACE('',#5913,1.7);
#5913 = AXIS2_PLACEMENT_3D('',#5914,#5915,#5916);
#5914 = CARTESIAN_POINT('',(0.8,-0.35,6.1));
#5915 = DIRECTION('',(0.,1.,2.22044604925E-16));
#5916 = DIRECTION('',(1.,0.,0.));
#5917 = ADVANCED_FACE('',(#5918),#5929,.F.);
#5918 = FACE_BOUND('',#5919,.F.);
#5919 = EDGE_LOOP('',(#5920,#5921,#5922,#5923));
#5920 = ORIENTED_EDGE('',*,*,#5906,.F.);
#5921 = ORIENTED_EDGE('',*,*,#5537,.T.);
#5922 = ORIENTED_EDGE('',*,*,#5830,.T.);
#5923 = ORIENTED_EDGE('',*,*,#5924,.T.);
#5924 = EDGE_CURVE('',#5831,#5898,#5925,.T.);
#5925 = LINE('',#5926,#5927);
#5926 = CARTESIAN_POINT('',(7.2,2.85,4.4));
#5927 = VECTOR('',#5928,1.);
#5928 = DIRECTION('',(-1.,-0.,-0.));
#5929 = PLANE('',#5930);
#5930 = AXIS2_PLACEMENT_3D('',#5931,#5932,#5933);
#5931 = CARTESIAN_POINT('',(0.8,-0.35,4.4));
#5932 = DIRECTION('',(0.,0.,1.));
#5933 = DIRECTION('',(1.,0.,0.));
#5934 = ADVANCED_FACE('',(#5935),#5960,.T.);
#5935 = FACE_BOUND('',#5936,.T.);
#5936 = EDGE_LOOP('',(#5937,#5945,#5953,#5959));
#5937 = ORIENTED_EDGE('',*,*,#5938,.F.);
#5938 = EDGE_CURVE('',#5939,#5564,#5941,.T.);
#5939 = VERTEX_POINT('',#5940);
#5940 = CARTESIAN_POINT('',(-0.35,-1.95,1.5));
#5941 = LINE('',#5942,#5943);
#5942 = CARTESIAN_POINT('',(-0.35,-2.15,1.5));
#5943 = VECTOR('',#5944,1.);
#5944 = DIRECTION('',(0.,1.,0.));
#5945 = ORIENTED_EDGE('',*,*,#5946,.T.);
#5946 = EDGE_CURVE('',#5939,#5947,#5949,.T.);
#5947 = VERTEX_POINT('',#5948);
#5948 = CARTESIAN_POINT('',(0.35,-1.95,1.5));
#5949 = LINE('',#5950,#5951);
#5950 = CARTESIAN_POINT('',(-0.35,-1.95,1.5));
#5951 = VECTOR('',#5952,1.);
#5952 = DIRECTION('',(1.,0.,0.));
#5953 = ORIENTED_EDGE('',*,*,#5954,.T.);
#5954 = EDGE_CURVE('',#5947,#5566,#5955,.T.);
#5955 = LINE('',#5956,#5957);
#5956 = CARTESIAN_POINT('',(0.35,-2.15,1.5));
#5957 = VECTOR('',#5958,1.);
#5958 = DIRECTION('',(0.,1.,0.));
#5959 = ORIENTED_EDGE('',*,*,#5563,.F.);
#5960 = PLANE('',#5961);
#5961 = AXIS2_PLACEMENT_3D('',#5962,#5963,#5964);
#5962 = CARTESIAN_POINT('',(-0.35,-2.15,1.5));
#5963 = DIRECTION('',(0.,0.,1.));
#5964 = DIRECTION('',(1.,0.,0.));
#5965 = ADVANCED_FACE('',(#5966),#5984,.T.);
#5966 = FACE_BOUND('',#5967,.T.);
#5967 = EDGE_LOOP('',(#5968,#5969,#5977,#5983));
#5968 = ORIENTED_EDGE('',*,*,#5954,.F.);
#5969 = ORIENTED_EDGE('',*,*,#5970,.F.);
#5970 = EDGE_CURVE('',#5971,#5947,#5973,.T.);
#5971 = VERTEX_POINT('',#5972);
#5972 = CARTESIAN_POINT('',(0.35,-1.95,0.8));
#5973 = LINE('',#5974,#5975);
#5974 = CARTESIAN_POINT('',(0.35,-1.95,0.8));
#5975 = VECTOR('',#5976,1.);
#5976 = DIRECTION('',(0.,0.,1.));
#5977 = ORIENTED_EDGE('',*,*,#5978,.T.);
#5978 = EDGE_CURVE('',#5971,#5582,#5979,.T.);
#5979 = LINE('',#5980,#5981);
#5980 = CARTESIAN_POINT('',(0.35,-2.15,0.8));
#5981 = VECTOR('',#5982,1.);
#5982 = DIRECTION('',(0.,1.,0.));
#5983 = ORIENTED_EDGE('',*,*,#5589,.F.);
#5984 = PLANE('',#5985);
#5985 = AXIS2_PLACEMENT_3D('',#5986,#5987,#5988);
#5986 = CARTESIAN_POINT('',(0.35,-2.15,0.8));
#5987 = DIRECTION('',(1.,0.,0.));
#5988 = DIRECTION('',(0.,0.,1.));
#5989 = ADVANCED_FACE('',(#5990),#6008,.F.);
#5990 = FACE_BOUND('',#5991,.F.);
#5991 = EDGE_LOOP('',(#5992,#6000,#6006,#6007));
#5992 = ORIENTED_EDGE('',*,*,#5993,.F.);
#5993 = EDGE_CURVE('',#5994,#5574,#5996,.T.);
#5994 = VERTEX_POINT('',#5995);
#5995 = CARTESIAN_POINT('',(-0.35,-1.95,0.8));
#5996 = LINE('',#5997,#5998);
#5997 = CARTESIAN_POINT('',(-0.35,-2.15,0.8));
#5998 = VECTOR('',#5999,1.);
#5999 = DIRECTION('',(0.,1.,0.));
#6000 = ORIENTED_EDGE('',*,*,#6001,.T.);
#6001 = EDGE_CURVE('',#5994,#5971,#6002,.T.);
#6002 = LINE('',#6003,#6004);
#6003 = CARTESIAN_POINT('',(-0.35,-1.95,0.8));
#6004 = VECTOR('',#6005,1.);
#6005 = DIRECTION('',(1.,0.,0.));
#6006 = ORIENTED_EDGE('',*,*,#5978,.T.);
#6007 = ORIENTED_EDGE('',*,*,#5581,.F.);
#6008 = PLANE('',#6009);
#6009 = AXIS2_PLACEMENT_3D('',#6010,#6011,#6012);
#6010 = CARTESIAN_POINT('',(-0.35,-2.15,0.8));
#6011 = DIRECTION('',(0.,0.,1.));
#6012 = DIRECTION('',(1.,0.,0.));
#6013 = ADVANCED_FACE('',(#6014),#6025,.F.);
#6014 = FACE_BOUND('',#6015,.F.);
#6015 = EDGE_LOOP('',(#6016,#6017,#6023,#6024));
#6016 = ORIENTED_EDGE('',*,*,#5938,.F.);
#6017 = ORIENTED_EDGE('',*,*,#6018,.F.);
#6018 = EDGE_CURVE('',#5994,#5939,#6019,.T.);
#6019 = LINE('',#6020,#6021);
#6020 = CARTESIAN_POINT('',(-0.35,-1.95,0.8));
#6021 = VECTOR('',#6022,1.);
#6022 = DIRECTION('',(0.,0.,1.));
#6023 = ORIENTED_EDGE('',*,*,#5993,.T.);
#6024 = ORIENTED_EDGE('',*,*,#5573,.F.);
#6025 = PLANE('',#6026);
#6026 = AXIS2_PLACEMENT_3D('',#6027,#6028,#6029);
#6027 = CARTESIAN_POINT('',(-0.35,-2.15,0.8));
#6028 = DIRECTION('',(1.,0.,0.));
#6029 = DIRECTION('',(0.,0.,1.));
#6030 = ADVANCED_FACE('',(#6031),#6056,.T.);
#6031 = FACE_BOUND('',#6032,.T.);
#6032 = EDGE_LOOP('',(#6033,#6041,#6049,#6055));
#6033 = ORIENTED_EDGE('',*,*,#6034,.F.);
#6034 = EDGE_CURVE('',#6035,#5607,#6037,.T.);
#6035 = VERTEX_POINT('',#6036);
#6036 = CARTESIAN_POINT('',(2.19,-1.95,1.5));
#6037 = LINE('',#6038,#6039);
#6038 = CARTESIAN_POINT('',(2.19,-2.15,1.5));
#6039 = VECTOR('',#6040,1.);
#6040 = DIRECTION('',(0.,1.,0.));
#6041 = ORIENTED_EDGE('',*,*,#6042,.T.);
#6042 = EDGE_CURVE('',#6035,#6043,#6045,.T.);
#6043 = VERTEX_POINT('',#6044);
#6044 = CARTESIAN_POINT('',(2.89,-1.95,1.5));
#6045 = LINE('',#6046,#6047);
#6046 = CARTESIAN_POINT('',(2.19,-1.95,1.5));
#6047 = VECTOR('',#6048,1.);
#6048 = DIRECTION('',(1.,0.,0.));
#6049 = ORIENTED_EDGE('',*,*,#6050,.T.);
#6050 = EDGE_CURVE('',#6043,#5609,#6051,.T.);
#6051 = LINE('',#6052,#6053);
#6052 = CARTESIAN_POINT('',(2.89,-2.15,1.5));
#6053 = VECTOR('',#6054,1.);
#6054 = DIRECTION('',(0.,1.,0.));
#6055 = ORIENTED_EDGE('',*,*,#5606,.F.);
#6056 = PLANE('',#6057);
#6057 = AXIS2_PLACEMENT_3D('',#6058,#6059,#6060);
#6058 = CARTESIAN_POINT('',(2.19,-2.15,1.5));
#6059 = DIRECTION('',(0.,0.,1.));
#6060 = DIRECTION('',(1.,0.,0.));
#6061 = ADVANCED_FACE('',(#6062),#6080,.T.);
#6062 = FACE_BOUND('',#6063,.T.);
#6063 = EDGE_LOOP('',(#6064,#6065,#6073,#6079));
#6064 = ORIENTED_EDGE('',*,*,#6050,.F.);
#6065 = ORIENTED_EDGE('',*,*,#6066,.F.);
#6066 = EDGE_CURVE('',#6067,#6043,#6069,.T.);
#6067 = VERTEX_POINT('',#6068);
#6068 = CARTESIAN_POINT('',(2.89,-1.95,0.8));
#6069 = LINE('',#6070,#6071);
#6070 = CARTESIAN_POINT('',(2.89,-1.95,0.8));
#6071 = VECTOR('',#6072,1.);
#6072 = DIRECTION('',(0.,0.,1.));
#6073 = ORIENTED_EDGE('',*,*,#6074,.T.);
#6074 = EDGE_CURVE('',#6067,#5625,#6075,.T.);
#6075 = LINE('',#6076,#6077);
#6076 = CARTESIAN_POINT('',(2.89,-2.15,0.8));
#6077 = VECTOR('',#6078,1.);
#6078 = DIRECTION('',(0.,1.,0.));
#6079 = ORIENTED_EDGE('',*,*,#5632,.F.);
#6080 = PLANE('',#6081);
#6081 = AXIS2_PLACEMENT_3D('',#6082,#6083,#6084);
#6082 = CARTESIAN_POINT('',(2.89,-2.15,0.8));
#6083 = DIRECTION('',(1.,0.,0.));
#6084 = DIRECTION('',(0.,0.,1.));
#6085 = ADVANCED_FACE('',(#6086),#6104,.F.);
#6086 = FACE_BOUND('',#6087,.F.);
#6087 = EDGE_LOOP('',(#6088,#6096,#6102,#6103));
#6088 = ORIENTED_EDGE('',*,*,#6089,.F.);
#6089 = EDGE_CURVE('',#6090,#5617,#6092,.T.);
#6090 = VERTEX_POINT('',#6091);
#6091 = CARTESIAN_POINT('',(2.19,-1.95,0.8));
#6092 = LINE('',#6093,#6094);
#6093 = CARTESIAN_POINT('',(2.19,-2.15,0.8));
#6094 = VECTOR('',#6095,1.);
#6095 = DIRECTION('',(0.,1.,0.));
#6096 = ORIENTED_EDGE('',*,*,#6097,.T.);
#6097 = EDGE_CURVE('',#6090,#6067,#6098,.T.);
#6098 = LINE('',#6099,#6100);
#6099 = CARTESIAN_POINT('',(2.19,-1.95,0.8));
#6100 = VECTOR('',#6101,1.);
#6101 = DIRECTION('',(1.,0.,0.));
#6102 = ORIENTED_EDGE('',*,*,#6074,.T.);
#6103 = ORIENTED_EDGE('',*,*,#5624,.F.);
#6104 = PLANE('',#6105);
#6105 = AXIS2_PLACEMENT_3D('',#6106,#6107,#6108);
#6106 = CARTESIAN_POINT('',(2.19,-2.15,0.8));
#6107 = DIRECTION('',(0.,0.,1.));
#6108 = DIRECTION('',(1.,0.,0.));
#6109 = ADVANCED_FACE('',(#6110),#6121,.F.);
#6110 = FACE_BOUND('',#6111,.F.);
#6111 = EDGE_LOOP('',(#6112,#6113,#6119,#6120));
#6112 = ORIENTED_EDGE('',*,*,#6034,.F.);
#6113 = ORIENTED_EDGE('',*,*,#6114,.F.);
#6114 = EDGE_CURVE('',#6090,#6035,#6115,.T.);
#6115 = LINE('',#6116,#6117);
#6116 = CARTESIAN_POINT('',(2.19,-1.95,0.8));
#6117 = VECTOR('',#6118,1.);
#6118 = DIRECTION('',(0.,0.,1.));
#6119 = ORIENTED_EDGE('',*,*,#6089,.T.);
#6120 = ORIENTED_EDGE('',*,*,#5616,.F.);
#6121 = PLANE('',#6122);
#6122 = AXIS2_PLACEMENT_3D('',#6123,#6124,#6125);
#6123 = CARTESIAN_POINT('',(2.19,-2.15,0.8));
#6124 = DIRECTION('',(1.,0.,0.));
#6125 = DIRECTION('',(0.,0.,1.));
#6126 = ADVANCED_FACE('',(#6127),#6152,.T.);
#6127 = FACE_BOUND('',#6128,.T.);
#6128 = EDGE_LOOP('',(#6129,#6137,#6145,#6151));
#6129 = ORIENTED_EDGE('',*,*,#6130,.F.);
#6130 = EDGE_CURVE('',#6131,#5650,#6133,.T.);
#6131 = VERTEX_POINT('',#6132);
#6132 = CARTESIAN_POINT('',(4.73,-1.95,1.5));
#6133 = LINE('',#6134,#6135);
#6134 = CARTESIAN_POINT('',(4.73,-2.15,1.5));
#6135 = VECTOR('',#6136,1.);
#6136 = DIRECTION('',(0.,1.,0.));
#6137 = ORIENTED_EDGE('',*,*,#6138,.T.);
#6138 = EDGE_CURVE('',#6131,#6139,#6141,.T.);
#6139 = VERTEX_POINT('',#6140);
#6140 = CARTESIAN_POINT('',(5.43,-1.95,1.5));
#6141 = LINE('',#6142,#6143);
#6142 = CARTESIAN_POINT('',(4.73,-1.95,1.5));
#6143 = VECTOR('',#6144,1.);
#6144 = DIRECTION('',(1.,0.,0.));
#6145 = ORIENTED_EDGE('',*,*,#6146,.T.);
#6146 = EDGE_CURVE('',#6139,#5652,#6147,.T.);
#6147 = LINE('',#6148,#6149);
#6148 = CARTESIAN_POINT('',(5.43,-2.15,1.5));
#6149 = VECTOR('',#6150,1.);
#6150 = DIRECTION('',(0.,1.,0.));
#6151 = ORIENTED_EDGE('',*,*,#5649,.F.);
#6152 = PLANE('',#6153);
#6153 = AXIS2_PLACEMENT_3D('',#6154,#6155,#6156);
#6154 = CARTESIAN_POINT('',(4.73,-2.15,1.5));
#6155 = DIRECTION('',(0.,0.,1.));
#6156 = DIRECTION('',(1.,0.,0.));
#6157 = ADVANCED_FACE('',(#6158),#6176,.T.);
#6158 = FACE_BOUND('',#6159,.T.);
#6159 = EDGE_LOOP('',(#6160,#6161,#6169,#6175));
#6160 = ORIENTED_EDGE('',*,*,#6146,.F.);
#6161 = ORIENTED_EDGE('',*,*,#6162,.F.);
#6162 = EDGE_CURVE('',#6163,#6139,#6165,.T.);
#6163 = VERTEX_POINT('',#6164);
#6164 = CARTESIAN_POINT('',(5.43,-1.95,0.8));
#6165 = LINE('',#6166,#6167);
#6166 = CARTESIAN_POINT('',(5.43,-1.95,0.8));
#6167 = VECTOR('',#6168,1.);
#6168 = DIRECTION('',(0.,0.,1.));
#6169 = ORIENTED_EDGE('',*,*,#6170,.T.);
#6170 = EDGE_CURVE('',#6163,#5668,#6171,.T.);
#6171 = LINE('',#6172,#6173);
#6172 = CARTESIAN_POINT('',(5.43,-2.15,0.8));
#6173 = VECTOR('',#6174,1.);
#6174 = DIRECTION('',(0.,1.,0.));
#6175 = ORIENTED_EDGE('',*,*,#5675,.F.);
#6176 = PLANE('',#6177);
#6177 = AXIS2_PLACEMENT_3D('',#6178,#6179,#6180);
#6178 = CARTESIAN_POINT('',(5.43,-2.15,0.8));
#6179 = DIRECTION('',(1.,0.,0.));
#6180 = DIRECTION('',(0.,0.,1.));
#6181 = ADVANCED_FACE('',(#6182),#6200,.F.);
#6182 = FACE_BOUND('',#6183,.F.);
#6183 = EDGE_LOOP('',(#6184,#6192,#6198,#6199));
#6184 = ORIENTED_EDGE('',*,*,#6185,.F.);
#6185 = EDGE_CURVE('',#6186,#5660,#6188,.T.);
#6186 = VERTEX_POINT('',#6187);
#6187 = CARTESIAN_POINT('',(4.73,-1.95,0.8));
#6188 = LINE('',#6189,#6190);
#6189 = CARTESIAN_POINT('',(4.73,-2.15,0.8));
#6190 = VECTOR('',#6191,1.);
#6191 = DIRECTION('',(0.,1.,0.));
#6192 = ORIENTED_EDGE('',*,*,#6193,.T.);
#6193 = EDGE_CURVE('',#6186,#6163,#6194,.T.);
#6194 = LINE('',#6195,#6196);
#6195 = CARTESIAN_POINT('',(4.73,-1.95,0.8));
#6196 = VECTOR('',#6197,1.);
#6197 = DIRECTION('',(1.,0.,0.));
#6198 = ORIENTED_EDGE('',*,*,#6170,.T.);
#6199 = ORIENTED_EDGE('',*,*,#5667,.F.);
#6200 = PLANE('',#6201);
#6201 = AXIS2_PLACEMENT_3D('',#6202,#6203,#6204);
#6202 = CARTESIAN_POINT('',(4.73,-2.15,0.8));
#6203 = DIRECTION('',(0.,0.,1.));
#6204 = DIRECTION('',(1.,0.,0.));
#6205 = ADVANCED_FACE('',(#6206),#6217,.F.);
#6206 = FACE_BOUND('',#6207,.F.);
#6207 = EDGE_LOOP('',(#6208,#6209,#6215,#6216));
#6208 = ORIENTED_EDGE('',*,*,#6130,.F.);
#6209 = ORIENTED_EDGE('',*,*,#6210,.F.);
#6210 = EDGE_CURVE('',#6186,#6131,#6211,.T.);
#6211 = LINE('',#6212,#6213);
#6212 = CARTESIAN_POINT('',(4.73,-1.95,0.8));
#6213 = VECTOR('',#6214,1.);
#6214 = DIRECTION('',(0.,0.,1.));
#6215 = ORIENTED_EDGE('',*,*,#6185,.T.);
#6216 = ORIENTED_EDGE('',*,*,#5659,.F.);
#6217 = PLANE('',#6218);
#6218 = AXIS2_PLACEMENT_3D('',#6219,#6220,#6221);
#6219 = CARTESIAN_POINT('',(4.73,-2.15,0.8));
#6220 = DIRECTION('',(1.,0.,0.));
#6221 = DIRECTION('',(0.,0.,1.));
#6222 = ADVANCED_FACE('',(#6223),#6248,.T.);
#6223 = FACE_BOUND('',#6224,.T.);
#6224 = EDGE_LOOP('',(#6225,#6233,#6241,#6247));
#6225 = ORIENTED_EDGE('',*,*,#6226,.F.);
#6226 = EDGE_CURVE('',#6227,#5693,#6229,.T.);
#6227 = VERTEX_POINT('',#6228);
#6228 = CARTESIAN_POINT('',(7.27,-1.95,1.5));
#6229 = LINE('',#6230,#6231);
#6230 = CARTESIAN_POINT('',(7.27,-2.15,1.5));
#6231 = VECTOR('',#6232,1.);
#6232 = DIRECTION('',(0.,1.,0.));
#6233 = ORIENTED_EDGE('',*,*,#6234,.T.);
#6234 = EDGE_CURVE('',#6227,#6235,#6237,.T.);
#6235 = VERTEX_POINT('',#6236);
#6236 = CARTESIAN_POINT('',(7.97,-1.95,1.5));
#6237 = LINE('',#6238,#6239);
#6238 = CARTESIAN_POINT('',(7.27,-1.95,1.5));
#6239 = VECTOR('',#6240,1.);
#6240 = DIRECTION('',(1.,0.,0.));
#6241 = ORIENTED_EDGE('',*,*,#6242,.T.);
#6242 = EDGE_CURVE('',#6235,#5695,#6243,.T.);
#6243 = LINE('',#6244,#6245);
#6244 = CARTESIAN_POINT('',(7.97,-2.15,1.5));
#6245 = VECTOR('',#6246,1.);
#6246 = DIRECTION('',(0.,1.,0.));
#6247 = ORIENTED_EDGE('',*,*,#5692,.F.);
#6248 = PLANE('',#6249);
#6249 = AXIS2_PLACEMENT_3D('',#6250,#6251,#6252);
#6250 = CARTESIAN_POINT('',(7.27,-2.15,1.5));
#6251 = DIRECTION('',(0.,0.,1.));
#6252 = DIRECTION('',(1.,0.,0.));
#6253 = ADVANCED_FACE('',(#6254),#6272,.T.);
#6254 = FACE_BOUND('',#6255,.T.);
#6255 = EDGE_LOOP('',(#6256,#6257,#6265,#6271));
#6256 = ORIENTED_EDGE('',*,*,#6242,.F.);
#6257 = ORIENTED_EDGE('',*,*,#6258,.F.);
#6258 = EDGE_CURVE('',#6259,#6235,#6261,.T.);
#6259 = VERTEX_POINT('',#6260);
#6260 = CARTESIAN_POINT('',(7.97,-1.95,0.8));
#6261 = LINE('',#6262,#6263);
#6262 = CARTESIAN_POINT('',(7.97,-1.95,0.8));
#6263 = VECTOR('',#6264,1.);
#6264 = DIRECTION('',(0.,0.,1.));
#6265 = ORIENTED_EDGE('',*,*,#6266,.T.);
#6266 = EDGE_CURVE('',#6259,#5711,#6267,.T.);
#6267 = LINE('',#6268,#6269);
#6268 = CARTESIAN_POINT('',(7.97,-2.15,0.8));
#6269 = VECTOR('',#6270,1.);
#6270 = DIRECTION('',(0.,1.,0.));
#6271 = ORIENTED_EDGE('',*,*,#5718,.F.);
#6272 = PLANE('',#6273);
#6273 = AXIS2_PLACEMENT_3D('',#6274,#6275,#6276);
#6274 = CARTESIAN_POINT('',(7.97,-2.15,0.8));
#6275 = DIRECTION('',(1.,0.,0.));
#6276 = DIRECTION('',(0.,0.,1.));
#6277 = ADVANCED_FACE('',(#6278),#6296,.F.);
#6278 = FACE_BOUND('',#6279,.F.);
#6279 = EDGE_LOOP('',(#6280,#6288,#6294,#6295));
#6280 = ORIENTED_EDGE('',*,*,#6281,.F.);
#6281 = EDGE_CURVE('',#6282,#5703,#6284,.T.);
#6282 = VERTEX_POINT('',#6283);
#6283 = CARTESIAN_POINT('',(7.27,-1.95,0.8));
#6284 = LINE('',#6285,#6286);
#6285 = CARTESIAN_POINT('',(7.27,-2.15,0.8));
#6286 = VECTOR('',#6287,1.);
#6287 = DIRECTION('',(0.,1.,0.));
#6288 = ORIENTED_EDGE('',*,*,#6289,.T.);
#6289 = EDGE_CURVE('',#6282,#6259,#6290,.T.);
#6290 = LINE('',#6291,#6292);
#6291 = CARTESIAN_POINT('',(7.27,-1.95,0.8));
#6292 = VECTOR('',#6293,1.);
#6293 = DIRECTION('',(1.,0.,0.));
#6294 = ORIENTED_EDGE('',*,*,#6266,.T.);
#6295 = ORIENTED_EDGE('',*,*,#5710,.F.);
#6296 = PLANE('',#6297);
#6297 = AXIS2_PLACEMENT_3D('',#6298,#6299,#6300);
#6298 = CARTESIAN_POINT('',(7.27,-2.15,0.8));
#6299 = DIRECTION('',(0.,0.,1.));
#6300 = DIRECTION('',(1.,0.,0.));
#6301 = ADVANCED_FACE('',(#6302),#6313,.F.);
#6302 = FACE_BOUND('',#6303,.F.);
#6303 = EDGE_LOOP('',(#6304,#6305,#6311,#6312));
#6304 = ORIENTED_EDGE('',*,*,#6226,.F.);
#6305 = ORIENTED_EDGE('',*,*,#6306,.F.);
#6306 = EDGE_CURVE('',#6282,#6227,#6307,.T.);
#6307 = LINE('',#6308,#6309);
#6308 = CARTESIAN_POINT('',(7.27,-1.95,0.8));
#6309 = VECTOR('',#6310,1.);
#6310 = DIRECTION('',(0.,0.,1.));
#6311 = ORIENTED_EDGE('',*,*,#6281,.T.);
#6312 = ORIENTED_EDGE('',*,*,#5702,.F.);
#6313 = PLANE('',#6314);
#6314 = AXIS2_PLACEMENT_3D('',#6315,#6316,#6317);
#6315 = CARTESIAN_POINT('',(7.27,-2.15,0.8));
#6316 = DIRECTION('',(1.,0.,0.));
#6317 = DIRECTION('',(0.,0.,1.));
#6318 = ADVANCED_FACE('',(#6319),#6344,.T.);
#6319 = FACE_BOUND('',#6320,.T.);
#6320 = EDGE_LOOP('',(#6321,#6329,#6337,#6343));
#6321 = ORIENTED_EDGE('',*,*,#6322,.F.);
#6322 = EDGE_CURVE('',#6323,#5748,#6325,.T.);
#6323 = VERTEX_POINT('',#6324);
#6324 = CARTESIAN_POINT('',(26.52,-1.95,1.5));
#6325 = LINE('',#6326,#6327);
#6326 = CARTESIAN_POINT('',(26.52,-2.15,1.5));
#6327 = VECTOR('',#6328,1.);
#6328 = DIRECTION('',(0.,1.,0.));
#6329 = ORIENTED_EDGE('',*,*,#6330,.T.);
#6330 = EDGE_CURVE('',#6323,#6331,#6333,.T.);
#6331 = VERTEX_POINT('',#6332);
#6332 = CARTESIAN_POINT('',(27.22,-1.95,1.5));
#6333 = LINE('',#6334,#6335);
#6334 = CARTESIAN_POINT('',(26.52,-1.95,1.5));
#6335 = VECTOR('',#6336,1.);
#6336 = DIRECTION('',(1.,0.,0.));
#6337 = ORIENTED_EDGE('',*,*,#6338,.T.);
#6338 = EDGE_CURVE('',#6331,#5750,#6339,.T.);
#6339 = LINE('',#6340,#6341);
#6340 = CARTESIAN_POINT('',(27.22,-2.15,1.5));
#6341 = VECTOR('',#6342,1.);
#6342 = DIRECTION('',(0.,1.,0.));
#6343 = ORIENTED_EDGE('',*,*,#5747,.F.);
#6344 = PLANE('',#6345);
#6345 = AXIS2_PLACEMENT_3D('',#6346,#6347,#6348);
#6346 = CARTESIAN_POINT('',(26.52,-2.15,1.5));
#6347 = DIRECTION('',(0.,0.,1.));
#6348 = DIRECTION('',(1.,0.,0.));
#6349 = ADVANCED_FACE('',(#6350),#6368,.T.);
#6350 = FACE_BOUND('',#6351,.T.);
#6351 = EDGE_LOOP('',(#6352,#6353,#6361,#6367));
#6352 = ORIENTED_EDGE('',*,*,#6338,.F.);
#6353 = ORIENTED_EDGE('',*,*,#6354,.F.);
#6354 = EDGE_CURVE('',#6355,#6331,#6357,.T.);
#6355 = VERTEX_POINT('',#6356);
#6356 = CARTESIAN_POINT('',(27.22,-1.95,0.8));
#6357 = LINE('',#6358,#6359);
#6358 = CARTESIAN_POINT('',(27.22,-1.95,0.8));
#6359 = VECTOR('',#6360,1.);
#6360 = DIRECTION('',(0.,0.,1.));
#6361 = ORIENTED_EDGE('',*,*,#6362,.T.);
#6362 = EDGE_CURVE('',#6355,#5766,#6363,.T.);
#6363 = LINE('',#6364,#6365);
#6364 = CARTESIAN_POINT('',(27.22,-2.15,0.8));
#6365 = VECTOR('',#6366,1.);
#6366 = DIRECTION('',(0.,1.,0.));
#6367 = ORIENTED_EDGE('',*,*,#5773,.F.);
#6368 = PLANE('',#6369);
#6369 = AXIS2_PLACEMENT_3D('',#6370,#6371,#6372);
#6370 = CARTESIAN_POINT('',(27.22,-2.15,0.8));
#6371 = DIRECTION('',(1.,0.,0.));
#6372 = DIRECTION('',(0.,0.,1.));
#6373 = ADVANCED_FACE('',(#6374),#6392,.F.);
#6374 = FACE_BOUND('',#6375,.F.);
#6375 = EDGE_LOOP('',(#6376,#6384,#6390,#6391));
#6376 = ORIENTED_EDGE('',*,*,#6377,.F.);
#6377 = EDGE_CURVE('',#6378,#5758,#6380,.T.);
#6378 = VERTEX_POINT('',#6379);
#6379 = CARTESIAN_POINT('',(26.52,-1.95,0.8));
#6380 = LINE('',#6381,#6382);
#6381 = CARTESIAN_POINT('',(26.52,-2.15,0.8));
#6382 = VECTOR('',#6383,1.);
#6383 = DIRECTION('',(0.,1.,0.));
#6384 = ORIENTED_EDGE('',*,*,#6385,.T.);
#6385 = EDGE_CURVE('',#6378,#6355,#6386,.T.);
#6386 = LINE('',#6387,#6388);
#6387 = CARTESIAN_POINT('',(26.52,-1.95,0.8));
#6388 = VECTOR('',#6389,1.);
#6389 = DIRECTION('',(1.,0.,0.));
#6390 = ORIENTED_EDGE('',*,*,#6362,.T.);
#6391 = ORIENTED_EDGE('',*,*,#5765,.F.);
#6392 = PLANE('',#6393);
#6393 = AXIS2_PLACEMENT_3D('',#6394,#6395,#6396);
#6394 = CARTESIAN_POINT('',(26.52,-2.15,0.8));
#6395 = DIRECTION('',(0.,0.,1.));
#6396 = DIRECTION('',(1.,0.,0.));
#6397 = ADVANCED_FACE('',(#6398),#6409,.F.);
#6398 = FACE_BOUND('',#6399,.F.);
#6399 = EDGE_LOOP('',(#6400,#6401,#6407,#6408));
#6400 = ORIENTED_EDGE('',*,*,#6322,.F.);
#6401 = ORIENTED_EDGE('',*,*,#6402,.F.);
#6402 = EDGE_CURVE('',#6378,#6323,#6403,.T.);
#6403 = LINE('',#6404,#6405);
#6404 = CARTESIAN_POINT('',(26.52,-1.95,0.8));
#6405 = VECTOR('',#6406,1.);
#6406 = DIRECTION('',(0.,0.,1.));
#6407 = ORIENTED_EDGE('',*,*,#6377,.T.);
#6408 = ORIENTED_EDGE('',*,*,#5757,.F.);
#6409 = PLANE('',#6410);
#6410 = AXIS2_PLACEMENT_3D('',#6411,#6412,#6413);
#6411 = CARTESIAN_POINT('',(26.52,-2.15,0.8));
#6412 = DIRECTION('',(1.,0.,0.));
#6413 = DIRECTION('',(0.,0.,1.));
#6414 = ADVANCED_FACE('',(#6415),#6440,.T.);
#6415 = FACE_BOUND('',#6416,.T.);
#6416 = EDGE_LOOP('',(#6417,#6425,#6433,#6439));
#6417 = ORIENTED_EDGE('',*,*,#6418,.F.);
#6418 = EDGE_CURVE('',#6419,#5791,#6421,.T.);
#6419 = VERTEX_POINT('',#6420);
#6420 = CARTESIAN_POINT('',(23.98,-1.95,1.5));
#6421 = LINE('',#6422,#6423);
#6422 = CARTESIAN_POINT('',(23.98,-2.15,1.5));
#6423 = VECTOR('',#6424,1.);
#6424 = DIRECTION('',(0.,1.,0.));
#6425 = ORIENTED_EDGE('',*,*,#6426,.T.);
#6426 = EDGE_CURVE('',#6419,#6427,#6429,.T.);
#6427 = VERTEX_POINT('',#6428);
#6428 = CARTESIAN_POINT('',(24.68,-1.95,1.5));
#6429 = LINE('',#6430,#6431);
#6430 = CARTESIAN_POINT('',(23.98,-1.95,1.5));
#6431 = VECTOR('',#6432,1.);
#6432 = DIRECTION('',(1.,0.,0.));
#6433 = ORIENTED_EDGE('',*,*,#6434,.T.);
#6434 = EDGE_CURVE('',#6427,#5793,#6435,.T.);
#6435 = LINE('',#6436,#6437);
#6436 = CARTESIAN_POINT('',(24.68,-2.15,1.5));
#6437 = VECTOR('',#6438,1.);
#6438 = DIRECTION('',(0.,1.,0.));
#6439 = ORIENTED_EDGE('',*,*,#5790,.F.);
#6440 = PLANE('',#6441);
#6441 = AXIS2_PLACEMENT_3D('',#6442,#6443,#6444);
#6442 = CARTESIAN_POINT('',(23.98,-2.15,1.5));
#6443 = DIRECTION('',(0.,0.,1.));
#6444 = DIRECTION('',(1.,0.,0.));
#6445 = ADVANCED_FACE('',(#6446),#6464,.T.);
#6446 = FACE_BOUND('',#6447,.T.);
#6447 = EDGE_LOOP('',(#6448,#6449,#6457,#6463));
#6448 = ORIENTED_EDGE('',*,*,#6434,.F.);
#6449 = ORIENTED_EDGE('',*,*,#6450,.F.);
#6450 = EDGE_CURVE('',#6451,#6427,#6453,.T.);
#6451 = VERTEX_POINT('',#6452);
#6452 = CARTESIAN_POINT('',(24.68,-1.95,0.8));
#6453 = LINE('',#6454,#6455);
#6454 = CARTESIAN_POINT('',(24.68,-1.95,0.8));
#6455 = VECTOR('',#6456,1.);
#6456 = DIRECTION('',(0.,0.,1.));
#6457 = ORIENTED_EDGE('',*,*,#6458,.T.);
#6458 = EDGE_CURVE('',#6451,#5809,#6459,.T.);
#6459 = LINE('',#6460,#6461);
#6460 = CARTESIAN_POINT('',(24.68,-2.15,0.8));
#6461 = VECTOR('',#6462,1.);
#6462 = DIRECTION('',(0.,1.,0.));
#6463 = ORIENTED_EDGE('',*,*,#5816,.F.);
#6464 = PLANE('',#6465);
#6465 = AXIS2_PLACEMENT_3D('',#6466,#6467,#6468);
#6466 = CARTESIAN_POINT('',(24.68,-2.15,0.8));
#6467 = DIRECTION('',(1.,0.,0.));
#6468 = DIRECTION('',(0.,0.,1.));
#6469 = ADVANCED_FACE('',(#6470),#6488,.F.);
#6470 = FACE_BOUND('',#6471,.F.);
#6471 = EDGE_LOOP('',(#6472,#6480,#6486,#6487));
#6472 = ORIENTED_EDGE('',*,*,#6473,.F.);
#6473 = EDGE_CURVE('',#6474,#5801,#6476,.T.);
#6474 = VERTEX_POINT('',#6475);
#6475 = CARTESIAN_POINT('',(23.98,-1.95,0.8));
#6476 = LINE('',#6477,#6478);
#6477 = CARTESIAN_POINT('',(23.98,-2.15,0.8));
#6478 = VECTOR('',#6479,1.);
#6479 = DIRECTION('',(0.,1.,0.));
#6480 = ORIENTED_EDGE('',*,*,#6481,.T.);
#6481 = EDGE_CURVE('',#6474,#6451,#6482,.T.);
#6482 = LINE('',#6483,#6484);
#6483 = CARTESIAN_POINT('',(23.98,-1.95,0.8));
#6484 = VECTOR('',#6485,1.);
#6485 = DIRECTION('',(1.,0.,0.));
#6486 = ORIENTED_EDGE('',*,*,#6458,.T.);
#6487 = ORIENTED_EDGE('',*,*,#5808,.F.);
#6488 = PLANE('',#6489);
#6489 = AXIS2_PLACEMENT_3D('',#6490,#6491,#6492);
#6490 = CARTESIAN_POINT('',(23.98,-2.15,0.8));
#6491 = DIRECTION('',(0.,0.,1.));
#6492 = DIRECTION('',(1.,0.,0.));
#6493 = ADVANCED_FACE('',(#6494),#6505,.F.);
#6494 = FACE_BOUND('',#6495,.F.);
#6495 = EDGE_LOOP('',(#6496,#6497,#6503,#6504));
#6496 = ORIENTED_EDGE('',*,*,#6418,.F.);
#6497 = ORIENTED_EDGE('',*,*,#6498,.F.);
#6498 = EDGE_CURVE('',#6474,#6419,#6499,.T.);
#6499 = LINE('',#6500,#6501);
#6500 = CARTESIAN_POINT('',(23.98,-1.95,0.8));
#6501 = VECTOR('',#6502,1.);
#6502 = DIRECTION('',(0.,0.,1.));
#6503 = ORIENTED_EDGE('',*,*,#6473,.T.);
#6504 = ORIENTED_EDGE('',*,*,#5800,.F.);
#6505 = PLANE('',#6506);
#6506 = AXIS2_PLACEMENT_3D('',#6507,#6508,#6509);
#6507 = CARTESIAN_POINT('',(23.98,-2.15,0.8));
#6508 = DIRECTION('',(1.,0.,0.));
#6509 = DIRECTION('',(0.,0.,1.));
#6510 = ADVANCED_FACE('',(#6511),#6539,.T.);
#6511 = FACE_BOUND('',#6512,.T.);
#6512 = EDGE_LOOP('',(#6513,#6522,#6523,#6532));
#6513 = ORIENTED_EDGE('',*,*,#6514,.F.);
#6514 = EDGE_CURVE('',#5839,#6515,#6517,.T.);
#6515 = VERTEX_POINT('',#6516);
#6516 = CARTESIAN_POINT('',(8.5,3.25,6.1));
#6517 = CIRCLE('',#6518,0.4);
#6518 = AXIS2_PLACEMENT_3D('',#6519,#6520,#6521);
#6519 = CARTESIAN_POINT('',(8.5,2.85,6.1));
#6520 = DIRECTION('',(-5.08435346523E-16,-5.959582652773E-17,1.));
#6521 = DIRECTION('',(1.,7.306993190045E-33,5.08435346523E-16));
#6522 = ORIENTED_EDGE('',*,*,#5838,.T.);
#6523 = ORIENTED_EDGE('',*,*,#6524,.T.);
#6524 = EDGE_CURVE('',#5831,#6525,#6527,.T.);
#6525 = VERTEX_POINT('',#6526);
#6526 = CARTESIAN_POINT('',(7.2,3.25,4.8));
#6527 = CIRCLE('',#6528,0.4);
#6528 = AXIS2_PLACEMENT_3D('',#6529,#6530,#6531);
#6529 = CARTESIAN_POINT('',(7.2,2.85,4.8));
#6530 = DIRECTION('',(1.,3.657801280059E-33,5.696676864803E-16));
#6531 = DIRECTION('',(5.696676864803E-16,5.959582652773E-17,-1.));
#6532 = ORIENTED_EDGE('',*,*,#6533,.F.);
#6533 = EDGE_CURVE('',#6515,#6525,#6534,.T.);
#6534 = CIRCLE('',#6535,1.3);
#6535 = AXIS2_PLACEMENT_3D('',#6536,#6537,#6538);
#6536 = CARTESIAN_POINT('',(7.2,3.25,6.1));
#6537 = DIRECTION('',(-3.7607617902E-32,1.,5.959582652773E-17));
#6538 = DIRECTION('',(1.,7.306993190045E-33,5.08435346523E-16));
#6539 = TOROIDAL_SURFACE('',#6540,1.3,0.4);
#6540 = AXIS2_PLACEMENT_3D('',#6541,#6542,#6543);
#6541 = CARTESIAN_POINT('',(7.2,2.85,6.1));
#6542 = DIRECTION('',(-3.7607617902E-32,1.,5.959582652773E-17));
#6543 = DIRECTION('',(1.,7.306993190045E-33,5.08435346523E-16));
#6544 = ADVANCED_FACE('',(#6545),#6565,.T.);
#6545 = FACE_BOUND('',#6546,.T.);
#6546 = EDGE_LOOP('',(#6547,#6556,#6557,#6558));
#6547 = ORIENTED_EDGE('',*,*,#6548,.F.);
#6548 = EDGE_CURVE('',#5848,#6549,#6551,.T.);
#6549 = VERTEX_POINT('',#6550);
#6550 = CARTESIAN_POINT('',(7.2,3.25,7.4));
#6551 = CIRCLE('',#6552,0.4);
#6552 = AXIS2_PLACEMENT_3D('',#6553,#6554,#6555);
#6553 = CARTESIAN_POINT('',(7.2,2.85,7.4));
#6554 = DIRECTION('',(-1.,0.,0.));
#6555 = DIRECTION('',(0.,0.,1.));
#6556 = ORIENTED_EDGE('',*,*,#5847,.T.);
#6557 = ORIENTED_EDGE('',*,*,#6514,.T.);
#6558 = ORIENTED_EDGE('',*,*,#6559,.F.);
#6559 = EDGE_CURVE('',#6549,#6515,#6560,.T.);
#6560 = CIRCLE('',#6561,1.3);
#6561 = AXIS2_PLACEMENT_3D('',#6562,#6563,#6564);
#6562 = CARTESIAN_POINT('',(7.2,3.25,6.1));
#6563 = DIRECTION('',(-3.7607617902E-32,1.,5.959582652773E-17));
#6564 = DIRECTION('',(8.848851271058E-33,-5.959582652773E-17,1.));
#6565 = TOROIDAL_SURFACE('',#6566,1.3,0.4);
#6566 = AXIS2_PLACEMENT_3D('',#6567,#6568,#6569);
#6567 = CARTESIAN_POINT('',(7.2,2.85,6.1));
#6568 = DIRECTION('',(-3.7607617902E-32,1.,5.959582652773E-17));
#6569 = DIRECTION('',(8.848851271058E-33,-5.959582652773E-17,1.));
#6570 = ADVANCED_FACE('',(#6571),#6590,.T.);
#6571 = FACE_BOUND('',#6572,.F.);
#6572 = EDGE_LOOP('',(#6573,#6582,#6588,#6589));
#6573 = ORIENTED_EDGE('',*,*,#6574,.T.);
#6574 = EDGE_CURVE('',#5873,#6575,#6577,.T.);
#6575 = VERTEX_POINT('',#6576);
#6576 = CARTESIAN_POINT('',(0.8,3.25,7.4));
#6577 = CIRCLE('',#6578,0.4);
#6578 = AXIS2_PLACEMENT_3D('',#6579,#6580,#6581);
#6579 = CARTESIAN_POINT('',(0.8,2.85,7.4));
#6580 = DIRECTION('',(-1.,-1.863311782626E-32,-3.183863901427E-16));
#6581 = DIRECTION('',(-3.183863901427E-16,-5.959582652773E-17,1.));
#6582 = ORIENTED_EDGE('',*,*,#6583,.T.);
#6583 = EDGE_CURVE('',#6575,#6549,#6584,.T.);
#6584 = LINE('',#6585,#6586);
#6585 = CARTESIAN_POINT('',(0.8,3.25,7.4));
#6586 = VECTOR('',#6587,1.);
#6587 = DIRECTION('',(1.,0.,0.));
#6588 = ORIENTED_EDGE('',*,*,#6548,.F.);
#6589 = ORIENTED_EDGE('',*,*,#5882,.F.);
#6590 = CYLINDRICAL_SURFACE('',#6591,0.4);
#6591 = AXIS2_PLACEMENT_3D('',#6592,#6593,#6594);
#6592 = CARTESIAN_POINT('',(0.8,2.85,7.4));
#6593 = DIRECTION('',(1.,0.,0.));
#6594 = DIRECTION('',(0.,0.,1.));
#6595 = ADVANCED_FACE('',(#6596),#6616,.T.);
#6596 = FACE_BOUND('',#6597,.T.);
#6597 = EDGE_LOOP('',(#6598,#6607,#6608,#6609));
#6598 = ORIENTED_EDGE('',*,*,#6599,.F.);
#6599 = EDGE_CURVE('',#5898,#6600,#6602,.T.);
#6600 = VERTEX_POINT('',#6601);
#6601 = CARTESIAN_POINT('',(0.8,3.25,4.8));
#6602 = CIRCLE('',#6603,0.4);
#6603 = AXIS2_PLACEMENT_3D('',#6604,#6605,#6606);
#6604 = CARTESIAN_POINT('',(0.8,2.85,4.8));
#6605 = DIRECTION('',(1.,-0.,0.));
#6606 = DIRECTION('',(0.,0.,-1.));
#6607 = ORIENTED_EDGE('',*,*,#5897,.T.);
#6608 = ORIENTED_EDGE('',*,*,#6574,.T.);
#6609 = ORIENTED_EDGE('',*,*,#6610,.F.);
#6610 = EDGE_CURVE('',#6600,#6575,#6611,.T.);
#6611 = CIRCLE('',#6612,1.3);
#6612 = AXIS2_PLACEMENT_3D('',#6613,#6614,#6615);
#6613 = CARTESIAN_POINT('',(0.8,3.25,6.1));
#6614 = DIRECTION('',(-3.7607617902E-32,1.,5.959582652773E-17));
#6615 = DIRECTION('',(1.95921710228E-16,5.959582652773E-17,-1.));
#6616 = TOROIDAL_SURFACE('',#6617,1.3,0.4);
#6617 = AXIS2_PLACEMENT_3D('',#6618,#6619,#6620);
#6618 = CARTESIAN_POINT('',(0.8,2.85,6.1));
#6619 = DIRECTION('',(-3.7607617902E-32,1.,5.959582652773E-17));
#6620 = DIRECTION('',(1.95921710228E-16,5.959582652773E-17,-1.));
#6621 = ADVANCED_FACE('',(#6622),#6633,.T.);
#6622 = FACE_BOUND('',#6623,.F.);
#6623 = EDGE_LOOP('',(#6624,#6625,#6631,#6632));
#6624 = ORIENTED_EDGE('',*,*,#6524,.T.);
#6625 = ORIENTED_EDGE('',*,*,#6626,.T.);
#6626 = EDGE_CURVE('',#6525,#6600,#6627,.T.);
#6627 = LINE('',#6628,#6629);
#6628 = CARTESIAN_POINT('',(7.2,3.25,4.8));
#6629 = VECTOR('',#6630,1.);
#6630 = DIRECTION('',(-1.,-0.,-0.));
#6631 = ORIENTED_EDGE('',*,*,#6599,.F.);
#6632 = ORIENTED_EDGE('',*,*,#5924,.F.);
#6633 = CYLINDRICAL_SURFACE('',#6634,0.4);
#6634 = AXIS2_PLACEMENT_3D('',#6635,#6636,#6637);
#6635 = CARTESIAN_POINT('',(7.2,2.85,4.8));
#6636 = DIRECTION('',(-1.,-0.,-0.));
#6637 = DIRECTION('',(0.,0.,-1.));
#6638 = ADVANCED_FACE('',(#6639),#6664,.F.);
#6639 = FACE_BOUND('',#6640,.T.);
#6640 = EDGE_LOOP('',(#6641,#6649,#6657,#6663));
#6641 = ORIENTED_EDGE('',*,*,#6642,.T.);
#6642 = EDGE_CURVE('',#5939,#6643,#6645,.T.);
#6643 = VERTEX_POINT('',#6644);
#6644 = CARTESIAN_POINT('',(-0.15,-2.15,1.3));
#6645 = LINE('',#6646,#6647);
#6646 = CARTESIAN_POINT('',(-0.166666666667,-2.133333333333,
    1.316666666667));
#6647 = VECTOR('',#6648,1.);
#6648 = DIRECTION('',(0.57735026919,-0.57735026919,-0.57735026919));
#6649 = ORIENTED_EDGE('',*,*,#6650,.T.);
#6650 = EDGE_CURVE('',#6643,#6651,#6653,.T.);
#6651 = VERTEX_POINT('',#6652);
#6652 = CARTESIAN_POINT('',(0.15,-2.15,1.3));
#6653 = LINE('',#6654,#6655);
#6654 = CARTESIAN_POINT('',(-0.35,-2.15,1.3));
#6655 = VECTOR('',#6656,1.);
#6656 = DIRECTION('',(1.,0.,0.));
#6657 = ORIENTED_EDGE('',*,*,#6658,.F.);
#6658 = EDGE_CURVE('',#5947,#6651,#6659,.T.);
#6659 = LINE('',#6660,#6661);
#6660 = CARTESIAN_POINT('',(5.E-02,-2.25,1.2));
#6661 = VECTOR('',#6662,1.);
#6662 = DIRECTION('',(-0.57735026919,-0.57735026919,-0.57735026919));
#6663 = ORIENTED_EDGE('',*,*,#5946,.F.);
#6664 = PLANE('',#6665);
#6665 = AXIS2_PLACEMENT_3D('',#6666,#6667,#6668);
#6666 = CARTESIAN_POINT('',(-0.35,-2.05,1.4));
#6667 = DIRECTION('',(0.,0.707106781187,-0.707106781187));
#6668 = DIRECTION('',(-1.,-0.,-0.));
#6669 = ADVANCED_FACE('',(#6670),#6688,.F.);
#6670 = FACE_BOUND('',#6671,.T.);
#6671 = EDGE_LOOP('',(#6672,#6680,#6681,#6682));
#6672 = ORIENTED_EDGE('',*,*,#6673,.F.);
#6673 = EDGE_CURVE('',#5971,#6674,#6676,.T.);
#6674 = VERTEX_POINT('',#6675);
#6675 = CARTESIAN_POINT('',(0.15,-2.15,1.));
#6676 = LINE('',#6677,#6678);
#6677 = CARTESIAN_POINT('',(0.166666666667,-2.133333333333,
    0.983333333333));
#6678 = VECTOR('',#6679,1.);
#6679 = DIRECTION('',(-0.57735026919,-0.57735026919,0.57735026919));
#6680 = ORIENTED_EDGE('',*,*,#5970,.T.);
#6681 = ORIENTED_EDGE('',*,*,#6658,.T.);
#6682 = ORIENTED_EDGE('',*,*,#6683,.F.);
#6683 = EDGE_CURVE('',#6674,#6651,#6684,.T.);
#6684 = LINE('',#6685,#6686);
#6685 = CARTESIAN_POINT('',(0.15,-2.15,0.8));
#6686 = VECTOR('',#6687,1.);
#6687 = DIRECTION('',(0.,0.,1.));
#6688 = PLANE('',#6689);
#6689 = AXIS2_PLACEMENT_3D('',#6690,#6691,#6692);
#6690 = CARTESIAN_POINT('',(0.25,-2.05,0.8));
#6691 = DIRECTION('',(-0.707106781187,0.707106781187,1.735417226645E-18)
  );
#6692 = DIRECTION('',(-1.227125289148E-18,1.227125289148E-18,-1.));
#6693 = ADVANCED_FACE('',(#6694),#6712,.T.);
#6694 = FACE_BOUND('',#6695,.F.);
#6695 = EDGE_LOOP('',(#6696,#6704,#6710,#6711));
#6696 = ORIENTED_EDGE('',*,*,#6697,.T.);
#6697 = EDGE_CURVE('',#5994,#6698,#6700,.T.);
#6698 = VERTEX_POINT('',#6699);
#6699 = CARTESIAN_POINT('',(-0.15,-2.15,1.));
#6700 = LINE('',#6701,#6702);
#6701 = CARTESIAN_POINT('',(-0.283333333333,-2.016666666667,
    0.866666666667));
#6702 = VECTOR('',#6703,1.);
#6703 = DIRECTION('',(0.57735026919,-0.57735026919,0.57735026919));
#6704 = ORIENTED_EDGE('',*,*,#6705,.T.);
#6705 = EDGE_CURVE('',#6698,#6674,#6706,.T.);
#6706 = LINE('',#6707,#6708);
#6707 = CARTESIAN_POINT('',(-0.35,-2.15,1.));
#6708 = VECTOR('',#6709,1.);
#6709 = DIRECTION('',(1.,0.,0.));
#6710 = ORIENTED_EDGE('',*,*,#6673,.F.);
#6711 = ORIENTED_EDGE('',*,*,#6001,.F.);
#6712 = PLANE('',#6713);
#6713 = AXIS2_PLACEMENT_3D('',#6714,#6715,#6716);
#6714 = CARTESIAN_POINT('',(-0.35,-2.05,0.9));
#6715 = DIRECTION('',(0.,-0.707106781187,-0.707106781187));
#6716 = DIRECTION('',(-1.,-0.,-0.));
#6717 = ADVANCED_FACE('',(#6718),#6729,.T.);
#6718 = FACE_BOUND('',#6719,.F.);
#6719 = EDGE_LOOP('',(#6720,#6721,#6722,#6723));
#6720 = ORIENTED_EDGE('',*,*,#6697,.F.);
#6721 = ORIENTED_EDGE('',*,*,#6018,.T.);
#6722 = ORIENTED_EDGE('',*,*,#6642,.T.);
#6723 = ORIENTED_EDGE('',*,*,#6724,.F.);
#6724 = EDGE_CURVE('',#6698,#6643,#6725,.T.);
#6725 = LINE('',#6726,#6727);
#6726 = CARTESIAN_POINT('',(-0.15,-2.15,0.8));
#6727 = VECTOR('',#6728,1.);
#6728 = DIRECTION('',(0.,0.,1.));
#6729 = PLANE('',#6730);
#6730 = AXIS2_PLACEMENT_3D('',#6731,#6732,#6733);
#6731 = CARTESIAN_POINT('',(-0.25,-2.05,0.8));
#6732 = DIRECTION('',(-0.707106781187,-0.707106781187,
    -1.735417226645E-18));
#6733 = DIRECTION('',(1.227125289148E-18,1.227125289148E-18,-1.));
#6734 = ADVANCED_FACE('',(#6735),#6760,.F.);
#6735 = FACE_BOUND('',#6736,.T.);
#6736 = EDGE_LOOP('',(#6737,#6745,#6753,#6759));
#6737 = ORIENTED_EDGE('',*,*,#6738,.T.);
#6738 = EDGE_CURVE('',#6035,#6739,#6741,.T.);
#6739 = VERTEX_POINT('',#6740);
#6740 = CARTESIAN_POINT('',(2.39,-2.15,1.3));
#6741 = LINE('',#6742,#6743);
#6742 = CARTESIAN_POINT('',(2.373333333333,-2.133333333333,
    1.316666666667));
#6743 = VECTOR('',#6744,1.);
#6744 = DIRECTION('',(0.57735026919,-0.57735026919,-0.57735026919));
#6745 = ORIENTED_EDGE('',*,*,#6746,.T.);
#6746 = EDGE_CURVE('',#6739,#6747,#6749,.T.);
#6747 = VERTEX_POINT('',#6748);
#6748 = CARTESIAN_POINT('',(2.69,-2.15,1.3));
#6749 = LINE('',#6750,#6751);
#6750 = CARTESIAN_POINT('',(2.19,-2.15,1.3));
#6751 = VECTOR('',#6752,1.);
#6752 = DIRECTION('',(1.,0.,0.));
#6753 = ORIENTED_EDGE('',*,*,#6754,.F.);
#6754 = EDGE_CURVE('',#6043,#6747,#6755,.T.);
#6755 = LINE('',#6756,#6757);
#6756 = CARTESIAN_POINT('',(2.59,-2.25,1.2));
#6757 = VECTOR('',#6758,1.);
#6758 = DIRECTION('',(-0.57735026919,-0.57735026919,-0.57735026919));
#6759 = ORIENTED_EDGE('',*,*,#6042,.F.);
#6760 = PLANE('',#6761);
#6761 = AXIS2_PLACEMENT_3D('',#6762,#6763,#6764);
#6762 = CARTESIAN_POINT('',(2.19,-2.05,1.4));
#6763 = DIRECTION('',(0.,0.707106781187,-0.707106781187));
#6764 = DIRECTION('',(-1.,-0.,-0.));
#6765 = ADVANCED_FACE('',(#6766),#6784,.F.);
#6766 = FACE_BOUND('',#6767,.T.);
#6767 = EDGE_LOOP('',(#6768,#6776,#6777,#6778));
#6768 = ORIENTED_EDGE('',*,*,#6769,.F.);
#6769 = EDGE_CURVE('',#6067,#6770,#6772,.T.);
#6770 = VERTEX_POINT('',#6771);
#6771 = CARTESIAN_POINT('',(2.69,-2.15,1.));
#6772 = LINE('',#6773,#6774);
#6773 = CARTESIAN_POINT('',(2.706666666667,-2.133333333333,
    0.983333333333));
#6774 = VECTOR('',#6775,1.);
#6775 = DIRECTION('',(-0.57735026919,-0.57735026919,0.57735026919));
#6776 = ORIENTED_EDGE('',*,*,#6066,.T.);
#6777 = ORIENTED_EDGE('',*,*,#6754,.T.);
#6778 = ORIENTED_EDGE('',*,*,#6779,.F.);
#6779 = EDGE_CURVE('',#6770,#6747,#6780,.T.);
#6780 = LINE('',#6781,#6782);
#6781 = CARTESIAN_POINT('',(2.69,-2.15,0.8));
#6782 = VECTOR('',#6783,1.);
#6783 = DIRECTION('',(0.,0.,1.));
#6784 = PLANE('',#6785);
#6785 = AXIS2_PLACEMENT_3D('',#6786,#6787,#6788);
#6786 = CARTESIAN_POINT('',(2.79,-2.05,0.8));
#6787 = DIRECTION('',(-0.707106781187,0.707106781187,1.735417226645E-18)
  );
#6788 = DIRECTION('',(-1.227125289148E-18,1.227125289148E-18,-1.));
#6789 = ADVANCED_FACE('',(#6790),#6808,.T.);
#6790 = FACE_BOUND('',#6791,.F.);
#6791 = EDGE_LOOP('',(#6792,#6800,#6806,#6807));
#6792 = ORIENTED_EDGE('',*,*,#6793,.T.);
#6793 = EDGE_CURVE('',#6090,#6794,#6796,.T.);
#6794 = VERTEX_POINT('',#6795);
#6795 = CARTESIAN_POINT('',(2.39,-2.15,1.));
#6796 = LINE('',#6797,#6798);
#6797 = CARTESIAN_POINT('',(2.256666666667,-2.016666666667,
    0.866666666667));
#6798 = VECTOR('',#6799,1.);
#6799 = DIRECTION('',(0.57735026919,-0.57735026919,0.57735026919));
#6800 = ORIENTED_EDGE('',*,*,#6801,.T.);
#6801 = EDGE_CURVE('',#6794,#6770,#6802,.T.);
#6802 = LINE('',#6803,#6804);
#6803 = CARTESIAN_POINT('',(2.19,-2.15,1.));
#6804 = VECTOR('',#6805,1.);
#6805 = DIRECTION('',(1.,0.,0.));
#6806 = ORIENTED_EDGE('',*,*,#6769,.F.);
#6807 = ORIENTED_EDGE('',*,*,#6097,.F.);
#6808 = PLANE('',#6809);
#6809 = AXIS2_PLACEMENT_3D('',#6810,#6811,#6812);
#6810 = CARTESIAN_POINT('',(2.19,-2.05,0.9));
#6811 = DIRECTION('',(0.,-0.707106781187,-0.707106781187));
#6812 = DIRECTION('',(-1.,-0.,-0.));
#6813 = ADVANCED_FACE('',(#6814),#6825,.T.);
#6814 = FACE_BOUND('',#6815,.F.);
#6815 = EDGE_LOOP('',(#6816,#6817,#6818,#6819));
#6816 = ORIENTED_EDGE('',*,*,#6793,.F.);
#6817 = ORIENTED_EDGE('',*,*,#6114,.T.);
#6818 = ORIENTED_EDGE('',*,*,#6738,.T.);
#6819 = ORIENTED_EDGE('',*,*,#6820,.F.);
#6820 = EDGE_CURVE('',#6794,#6739,#6821,.T.);
#6821 = LINE('',#6822,#6823);
#6822 = CARTESIAN_POINT('',(2.39,-2.15,0.8));
#6823 = VECTOR('',#6824,1.);
#6824 = DIRECTION('',(0.,0.,1.));
#6825 = PLANE('',#6826);
#6826 = AXIS2_PLACEMENT_3D('',#6827,#6828,#6829);
#6827 = CARTESIAN_POINT('',(2.29,-2.05,0.8));
#6828 = DIRECTION('',(-0.707106781187,-0.707106781187,
    -1.735417226645E-18));
#6829 = DIRECTION('',(1.227125289148E-18,1.227125289148E-18,-1.));
#6830 = ADVANCED_FACE('',(#6831),#6856,.F.);
#6831 = FACE_BOUND('',#6832,.T.);
#6832 = EDGE_LOOP('',(#6833,#6841,#6849,#6855));
#6833 = ORIENTED_EDGE('',*,*,#6834,.T.);
#6834 = EDGE_CURVE('',#6131,#6835,#6837,.T.);
#6835 = VERTEX_POINT('',#6836);
#6836 = CARTESIAN_POINT('',(4.93,-2.15,1.3));
#6837 = LINE('',#6838,#6839);
#6838 = CARTESIAN_POINT('',(4.913333333333,-2.133333333333,
    1.316666666667));
#6839 = VECTOR('',#6840,1.);
#6840 = DIRECTION('',(0.57735026919,-0.57735026919,-0.57735026919));
#6841 = ORIENTED_EDGE('',*,*,#6842,.T.);
#6842 = EDGE_CURVE('',#6835,#6843,#6845,.T.);
#6843 = VERTEX_POINT('',#6844);
#6844 = CARTESIAN_POINT('',(5.23,-2.15,1.3));
#6845 = LINE('',#6846,#6847);
#6846 = CARTESIAN_POINT('',(4.73,-2.15,1.3));
#6847 = VECTOR('',#6848,1.);
#6848 = DIRECTION('',(1.,0.,0.));
#6849 = ORIENTED_EDGE('',*,*,#6850,.F.);
#6850 = EDGE_CURVE('',#6139,#6843,#6851,.T.);
#6851 = LINE('',#6852,#6853);
#6852 = CARTESIAN_POINT('',(5.13,-2.25,1.2));
#6853 = VECTOR('',#6854,1.);
#6854 = DIRECTION('',(-0.57735026919,-0.57735026919,-0.57735026919));
#6855 = ORIENTED_EDGE('',*,*,#6138,.F.);
#6856 = PLANE('',#6857);
#6857 = AXIS2_PLACEMENT_3D('',#6858,#6859,#6860);
#6858 = CARTESIAN_POINT('',(4.73,-2.05,1.4));
#6859 = DIRECTION('',(0.,0.707106781187,-0.707106781187));
#6860 = DIRECTION('',(-1.,-0.,-0.));
#6861 = ADVANCED_FACE('',(#6862),#6880,.F.);
#6862 = FACE_BOUND('',#6863,.T.);
#6863 = EDGE_LOOP('',(#6864,#6872,#6873,#6874));
#6864 = ORIENTED_EDGE('',*,*,#6865,.F.);
#6865 = EDGE_CURVE('',#6163,#6866,#6868,.T.);
#6866 = VERTEX_POINT('',#6867);
#6867 = CARTESIAN_POINT('',(5.23,-2.15,1.));
#6868 = LINE('',#6869,#6870);
#6869 = CARTESIAN_POINT('',(5.246666666667,-2.133333333333,
    0.983333333333));
#6870 = VECTOR('',#6871,1.);
#6871 = DIRECTION('',(-0.57735026919,-0.57735026919,0.57735026919));
#6872 = ORIENTED_EDGE('',*,*,#6162,.T.);
#6873 = ORIENTED_EDGE('',*,*,#6850,.T.);
#6874 = ORIENTED_EDGE('',*,*,#6875,.F.);
#6875 = EDGE_CURVE('',#6866,#6843,#6876,.T.);
#6876 = LINE('',#6877,#6878);
#6877 = CARTESIAN_POINT('',(5.23,-2.15,0.8));
#6878 = VECTOR('',#6879,1.);
#6879 = DIRECTION('',(0.,0.,1.));
#6880 = PLANE('',#6881);
#6881 = AXIS2_PLACEMENT_3D('',#6882,#6883,#6884);
#6882 = CARTESIAN_POINT('',(5.33,-2.05,0.8));
#6883 = DIRECTION('',(-0.707106781187,0.707106781187,1.735417226645E-18)
  );
#6884 = DIRECTION('',(-1.227125289148E-18,1.227125289148E-18,-1.));
#6885 = ADVANCED_FACE('',(#6886),#6904,.T.);
#6886 = FACE_BOUND('',#6887,.F.);
#6887 = EDGE_LOOP('',(#6888,#6896,#6902,#6903));
#6888 = ORIENTED_EDGE('',*,*,#6889,.T.);
#6889 = EDGE_CURVE('',#6186,#6890,#6892,.T.);
#6890 = VERTEX_POINT('',#6891);
#6891 = CARTESIAN_POINT('',(4.93,-2.15,1.));
#6892 = LINE('',#6893,#6894);
#6893 = CARTESIAN_POINT('',(4.796666666667,-2.016666666667,
    0.866666666667));
#6894 = VECTOR('',#6895,1.);
#6895 = DIRECTION('',(0.57735026919,-0.57735026919,0.57735026919));
#6896 = ORIENTED_EDGE('',*,*,#6897,.T.);
#6897 = EDGE_CURVE('',#6890,#6866,#6898,.T.);
#6898 = LINE('',#6899,#6900);
#6899 = CARTESIAN_POINT('',(4.73,-2.15,1.));
#6900 = VECTOR('',#6901,1.);
#6901 = DIRECTION('',(1.,0.,0.));
#6902 = ORIENTED_EDGE('',*,*,#6865,.F.);
#6903 = ORIENTED_EDGE('',*,*,#6193,.F.);
#6904 = PLANE('',#6905);
#6905 = AXIS2_PLACEMENT_3D('',#6906,#6907,#6908);
#6906 = CARTESIAN_POINT('',(4.73,-2.05,0.9));
#6907 = DIRECTION('',(0.,-0.707106781187,-0.707106781187));
#6908 = DIRECTION('',(-1.,-0.,-0.));
#6909 = ADVANCED_FACE('',(#6910),#6921,.T.);
#6910 = FACE_BOUND('',#6911,.F.);
#6911 = EDGE_LOOP('',(#6912,#6913,#6914,#6915));
#6912 = ORIENTED_EDGE('',*,*,#6889,.F.);
#6913 = ORIENTED_EDGE('',*,*,#6210,.T.);
#6914 = ORIENTED_EDGE('',*,*,#6834,.T.);
#6915 = ORIENTED_EDGE('',*,*,#6916,.F.);
#6916 = EDGE_CURVE('',#6890,#6835,#6917,.T.);
#6917 = LINE('',#6918,#6919);
#6918 = CARTESIAN_POINT('',(4.93,-2.15,0.8));
#6919 = VECTOR('',#6920,1.);
#6920 = DIRECTION('',(0.,0.,1.));
#6921 = PLANE('',#6922);
#6922 = AXIS2_PLACEMENT_3D('',#6923,#6924,#6925);
#6923 = CARTESIAN_POINT('',(4.83,-2.05,0.8));
#6924 = DIRECTION('',(-0.707106781187,-0.707106781187,
    -1.735417226645E-18));
#6925 = DIRECTION('',(1.227125289148E-18,1.227125289148E-18,-1.));
#6926 = ADVANCED_FACE('',(#6927),#6952,.F.);
#6927 = FACE_BOUND('',#6928,.T.);
#6928 = EDGE_LOOP('',(#6929,#6937,#6945,#6951));
#6929 = ORIENTED_EDGE('',*,*,#6930,.T.);
#6930 = EDGE_CURVE('',#6227,#6931,#6933,.T.);
#6931 = VERTEX_POINT('',#6932);
#6932 = CARTESIAN_POINT('',(7.47,-2.15,1.3));
#6933 = LINE('',#6934,#6935);
#6934 = CARTESIAN_POINT('',(7.453333333333,-2.133333333333,
    1.316666666667));
#6935 = VECTOR('',#6936,1.);
#6936 = DIRECTION('',(0.57735026919,-0.57735026919,-0.57735026919));
#6937 = ORIENTED_EDGE('',*,*,#6938,.T.);
#6938 = EDGE_CURVE('',#6931,#6939,#6941,.T.);
#6939 = VERTEX_POINT('',#6940);
#6940 = CARTESIAN_POINT('',(7.77,-2.15,1.3));
#6941 = LINE('',#6942,#6943);
#6942 = CARTESIAN_POINT('',(7.27,-2.15,1.3));
#6943 = VECTOR('',#6944,1.);
#6944 = DIRECTION('',(1.,0.,0.));
#6945 = ORIENTED_EDGE('',*,*,#6946,.F.);
#6946 = EDGE_CURVE('',#6235,#6939,#6947,.T.);
#6947 = LINE('',#6948,#6949);
#6948 = CARTESIAN_POINT('',(7.67,-2.25,1.2));
#6949 = VECTOR('',#6950,1.);
#6950 = DIRECTION('',(-0.57735026919,-0.57735026919,-0.57735026919));
#6951 = ORIENTED_EDGE('',*,*,#6234,.F.);
#6952 = PLANE('',#6953);
#6953 = AXIS2_PLACEMENT_3D('',#6954,#6955,#6956);
#6954 = CARTESIAN_POINT('',(7.27,-2.05,1.4));
#6955 = DIRECTION('',(0.,0.707106781187,-0.707106781187));
#6956 = DIRECTION('',(-1.,-0.,-0.));
#6957 = ADVANCED_FACE('',(#6958),#6976,.F.);
#6958 = FACE_BOUND('',#6959,.T.);
#6959 = EDGE_LOOP('',(#6960,#6968,#6969,#6970));
#6960 = ORIENTED_EDGE('',*,*,#6961,.F.);
#6961 = EDGE_CURVE('',#6259,#6962,#6964,.T.);
#6962 = VERTEX_POINT('',#6963);
#6963 = CARTESIAN_POINT('',(7.77,-2.15,1.));
#6964 = LINE('',#6965,#6966);
#6965 = CARTESIAN_POINT('',(7.786666666667,-2.133333333333,
    0.983333333333));
#6966 = VECTOR('',#6967,1.);
#6967 = DIRECTION('',(-0.57735026919,-0.57735026919,0.57735026919));
#6968 = ORIENTED_EDGE('',*,*,#6258,.T.);
#6969 = ORIENTED_EDGE('',*,*,#6946,.T.);
#6970 = ORIENTED_EDGE('',*,*,#6971,.F.);
#6971 = EDGE_CURVE('',#6962,#6939,#6972,.T.);
#6972 = LINE('',#6973,#6974);
#6973 = CARTESIAN_POINT('',(7.77,-2.15,0.8));
#6974 = VECTOR('',#6975,1.);
#6975 = DIRECTION('',(0.,0.,1.));
#6976 = PLANE('',#6977);
#6977 = AXIS2_PLACEMENT_3D('',#6978,#6979,#6980);
#6978 = CARTESIAN_POINT('',(7.87,-2.05,0.8));
#6979 = DIRECTION('',(-0.707106781187,0.707106781187,1.735417226645E-18)
  );
#6980 = DIRECTION('',(-1.227125289148E-18,1.227125289148E-18,-1.));
#6981 = ADVANCED_FACE('',(#6982),#7000,.T.);
#6982 = FACE_BOUND('',#6983,.F.);
#6983 = EDGE_LOOP('',(#6984,#6992,#6998,#6999));
#6984 = ORIENTED_EDGE('',*,*,#6985,.T.);
#6985 = EDGE_CURVE('',#6282,#6986,#6988,.T.);
#6986 = VERTEX_POINT('',#6987);
#6987 = CARTESIAN_POINT('',(7.47,-2.15,1.));
#6988 = LINE('',#6989,#6990);
#6989 = CARTESIAN_POINT('',(7.336666666667,-2.016666666667,
    0.866666666667));
#6990 = VECTOR('',#6991,1.);
#6991 = DIRECTION('',(0.57735026919,-0.57735026919,0.57735026919));
#6992 = ORIENTED_EDGE('',*,*,#6993,.T.);
#6993 = EDGE_CURVE('',#6986,#6962,#6994,.T.);
#6994 = LINE('',#6995,#6996);
#6995 = CARTESIAN_POINT('',(7.27,-2.15,1.));
#6996 = VECTOR('',#6997,1.);
#6997 = DIRECTION('',(1.,0.,0.));
#6998 = ORIENTED_EDGE('',*,*,#6961,.F.);
#6999 = ORIENTED_EDGE('',*,*,#6289,.F.);
#7000 = PLANE('',#7001);
#7001 = AXIS2_PLACEMENT_3D('',#7002,#7003,#7004);
#7002 = CARTESIAN_POINT('',(7.27,-2.05,0.9));
#7003 = DIRECTION('',(0.,-0.707106781187,-0.707106781187));
#7004 = DIRECTION('',(-1.,-0.,-0.));
#7005 = ADVANCED_FACE('',(#7006),#7017,.T.);
#7006 = FACE_BOUND('',#7007,.F.);
#7007 = EDGE_LOOP('',(#7008,#7009,#7010,#7011));
#7008 = ORIENTED_EDGE('',*,*,#6985,.F.);
#7009 = ORIENTED_EDGE('',*,*,#6306,.T.);
#7010 = ORIENTED_EDGE('',*,*,#6930,.T.);
#7011 = ORIENTED_EDGE('',*,*,#7012,.F.);
#7012 = EDGE_CURVE('',#6986,#6931,#7013,.T.);
#7013 = LINE('',#7014,#7015);
#7014 = CARTESIAN_POINT('',(7.47,-2.15,0.8));
#7015 = VECTOR('',#7016,1.);
#7016 = DIRECTION('',(0.,0.,1.));
#7017 = PLANE('',#7018);
#7018 = AXIS2_PLACEMENT_3D('',#7019,#7020,#7021);
#7019 = CARTESIAN_POINT('',(7.37,-2.05,0.8));
#7020 = DIRECTION('',(-0.707106781187,-0.707106781187,
    -1.735417226645E-18));
#7021 = DIRECTION('',(1.227125289148E-18,1.227125289148E-18,-1.));
#7022 = ADVANCED_FACE('',(#7023),#7048,.F.);
#7023 = FACE_BOUND('',#7024,.T.);
#7024 = EDGE_LOOP('',(#7025,#7033,#7041,#7047));
#7025 = ORIENTED_EDGE('',*,*,#7026,.T.);
#7026 = EDGE_CURVE('',#6323,#7027,#7029,.T.);
#7027 = VERTEX_POINT('',#7028);
#7028 = CARTESIAN_POINT('',(26.72,-2.15,1.3));
#7029 = LINE('',#7030,#7031);
#7030 = CARTESIAN_POINT('',(26.703333333333,-2.133333333333,
    1.316666666667));
#7031 = VECTOR('',#7032,1.);
#7032 = DIRECTION('',(0.57735026919,-0.57735026919,-0.57735026919));
#7033 = ORIENTED_EDGE('',*,*,#7034,.T.);
#7034 = EDGE_CURVE('',#7027,#7035,#7037,.T.);
#7035 = VERTEX_POINT('',#7036);
#7036 = CARTESIAN_POINT('',(27.02,-2.15,1.3));
#7037 = LINE('',#7038,#7039);
#7038 = CARTESIAN_POINT('',(26.52,-2.15,1.3));
#7039 = VECTOR('',#7040,1.);
#7040 = DIRECTION('',(1.,0.,0.));
#7041 = ORIENTED_EDGE('',*,*,#7042,.F.);
#7042 = EDGE_CURVE('',#6331,#7035,#7043,.T.);
#7043 = LINE('',#7044,#7045);
#7044 = CARTESIAN_POINT('',(26.92,-2.25,1.2));
#7045 = VECTOR('',#7046,1.);
#7046 = DIRECTION('',(-0.57735026919,-0.57735026919,-0.57735026919));
#7047 = ORIENTED_EDGE('',*,*,#6330,.F.);
#7048 = PLANE('',#7049);
#7049 = AXIS2_PLACEMENT_3D('',#7050,#7051,#7052);
#7050 = CARTESIAN_POINT('',(26.52,-2.05,1.4));
#7051 = DIRECTION('',(0.,0.707106781187,-0.707106781187));
#7052 = DIRECTION('',(-1.,-0.,-0.));
#7053 = ADVANCED_FACE('',(#7054),#7072,.F.);
#7054 = FACE_BOUND('',#7055,.T.);
#7055 = EDGE_LOOP('',(#7056,#7064,#7065,#7066));
#7056 = ORIENTED_EDGE('',*,*,#7057,.F.);
#7057 = EDGE_CURVE('',#6355,#7058,#7060,.T.);
#7058 = VERTEX_POINT('',#7059);
#7059 = CARTESIAN_POINT('',(27.02,-2.15,1.));
#7060 = LINE('',#7061,#7062);
#7061 = CARTESIAN_POINT('',(27.036666666667,-2.133333333333,
    0.983333333333));
#7062 = VECTOR('',#7063,1.);
#7063 = DIRECTION('',(-0.57735026919,-0.57735026919,0.57735026919));
#7064 = ORIENTED_EDGE('',*,*,#6354,.T.);
#7065 = ORIENTED_EDGE('',*,*,#7042,.T.);
#7066 = ORIENTED_EDGE('',*,*,#7067,.F.);
#7067 = EDGE_CURVE('',#7058,#7035,#7068,.T.);
#7068 = LINE('',#7069,#7070);
#7069 = CARTESIAN_POINT('',(27.02,-2.15,0.8));
#7070 = VECTOR('',#7071,1.);
#7071 = DIRECTION('',(0.,0.,1.));
#7072 = PLANE('',#7073);
#7073 = AXIS2_PLACEMENT_3D('',#7074,#7075,#7076);
#7074 = CARTESIAN_POINT('',(27.12,-2.05,0.8));
#7075 = DIRECTION('',(-0.707106781187,0.707106781187,1.735417226645E-18)
  );
#7076 = DIRECTION('',(-1.227125289148E-18,1.227125289148E-18,-1.));
#7077 = ADVANCED_FACE('',(#7078),#7096,.T.);
#7078 = FACE_BOUND('',#7079,.F.);
#7079 = EDGE_LOOP('',(#7080,#7088,#7094,#7095));
#7080 = ORIENTED_EDGE('',*,*,#7081,.T.);
#7081 = EDGE_CURVE('',#6378,#7082,#7084,.T.);
#7082 = VERTEX_POINT('',#7083);
#7083 = CARTESIAN_POINT('',(26.72,-2.15,1.));
#7084 = LINE('',#7085,#7086);
#7085 = CARTESIAN_POINT('',(26.586666666667,-2.016666666667,
    0.866666666667));
#7086 = VECTOR('',#7087,1.);
#7087 = DIRECTION('',(0.57735026919,-0.57735026919,0.57735026919));
#7088 = ORIENTED_EDGE('',*,*,#7089,.T.);
#7089 = EDGE_CURVE('',#7082,#7058,#7090,.T.);
#7090 = LINE('',#7091,#7092);
#7091 = CARTESIAN_POINT('',(26.52,-2.15,1.));
#7092 = VECTOR('',#7093,1.);
#7093 = DIRECTION('',(1.,0.,0.));
#7094 = ORIENTED_EDGE('',*,*,#7057,.F.);
#7095 = ORIENTED_EDGE('',*,*,#6385,.F.);
#7096 = PLANE('',#7097);
#7097 = AXIS2_PLACEMENT_3D('',#7098,#7099,#7100);
#7098 = CARTESIAN_POINT('',(26.52,-2.05,0.9));
#7099 = DIRECTION('',(0.,-0.707106781187,-0.707106781187));
#7100 = DIRECTION('',(-1.,-0.,-0.));
#7101 = ADVANCED_FACE('',(#7102),#7113,.T.);
#7102 = FACE_BOUND('',#7103,.F.);
#7103 = EDGE_LOOP('',(#7104,#7105,#7106,#7107));
#7104 = ORIENTED_EDGE('',*,*,#7081,.F.);
#7105 = ORIENTED_EDGE('',*,*,#6402,.T.);
#7106 = ORIENTED_EDGE('',*,*,#7026,.T.);
#7107 = ORIENTED_EDGE('',*,*,#7108,.F.);
#7108 = EDGE_CURVE('',#7082,#7027,#7109,.T.);
#7109 = LINE('',#7110,#7111);
#7110 = CARTESIAN_POINT('',(26.72,-2.15,0.8));
#7111 = VECTOR('',#7112,1.);
#7112 = DIRECTION('',(0.,0.,1.));
#7113 = PLANE('',#7114);
#7114 = AXIS2_PLACEMENT_3D('',#7115,#7116,#7117);
#7115 = CARTESIAN_POINT('',(26.62,-2.05,0.8));
#7116 = DIRECTION('',(-0.707106781187,-0.707106781187,
    -1.735417226645E-18));
#7117 = DIRECTION('',(1.227125289148E-18,1.227125289148E-18,-1.));
#7118 = ADVANCED_FACE('',(#7119),#7144,.F.);
#7119 = FACE_BOUND('',#7120,.T.);
#7120 = EDGE_LOOP('',(#7121,#7129,#7137,#7143));
#7121 = ORIENTED_EDGE('',*,*,#7122,.T.);
#7122 = EDGE_CURVE('',#6419,#7123,#7125,.T.);
#7123 = VERTEX_POINT('',#7124);
#7124 = CARTESIAN_POINT('',(24.18,-2.15,1.3));
#7125 = LINE('',#7126,#7127);
#7126 = CARTESIAN_POINT('',(24.163333333333,-2.133333333333,
    1.316666666667));
#7127 = VECTOR('',#7128,1.);
#7128 = DIRECTION('',(0.57735026919,-0.57735026919,-0.57735026919));
#7129 = ORIENTED_EDGE('',*,*,#7130,.T.);
#7130 = EDGE_CURVE('',#7123,#7131,#7133,.T.);
#7131 = VERTEX_POINT('',#7132);
#7132 = CARTESIAN_POINT('',(24.48,-2.15,1.3));
#7133 = LINE('',#7134,#7135);
#7134 = CARTESIAN_POINT('',(23.98,-2.15,1.3));
#7135 = VECTOR('',#7136,1.);
#7136 = DIRECTION('',(1.,0.,0.));
#7137 = ORIENTED_EDGE('',*,*,#7138,.F.);
#7138 = EDGE_CURVE('',#6427,#7131,#7139,.T.);
#7139 = LINE('',#7140,#7141);
#7140 = CARTESIAN_POINT('',(24.38,-2.25,1.2));
#7141 = VECTOR('',#7142,1.);
#7142 = DIRECTION('',(-0.57735026919,-0.57735026919,-0.57735026919));
#7143 = ORIENTED_EDGE('',*,*,#6426,.F.);
#7144 = PLANE('',#7145);
#7145 = AXIS2_PLACEMENT_3D('',#7146,#7147,#7148);
#7146 = CARTESIAN_POINT('',(23.98,-2.05,1.4));
#7147 = DIRECTION('',(0.,0.707106781187,-0.707106781187));
#7148 = DIRECTION('',(-1.,-0.,-0.));
#7149 = ADVANCED_FACE('',(#7150),#7168,.F.);
#7150 = FACE_BOUND('',#7151,.T.);
#7151 = EDGE_LOOP('',(#7152,#7160,#7161,#7162));
#7152 = ORIENTED_EDGE('',*,*,#7153,.F.);
#7153 = EDGE_CURVE('',#6451,#7154,#7156,.T.);
#7154 = VERTEX_POINT('',#7155);
#7155 = CARTESIAN_POINT('',(24.48,-2.15,1.));
#7156 = LINE('',#7157,#7158);
#7157 = CARTESIAN_POINT('',(24.496666666667,-2.133333333333,
    0.983333333333));
#7158 = VECTOR('',#7159,1.);
#7159 = DIRECTION('',(-0.57735026919,-0.57735026919,0.57735026919));
#7160 = ORIENTED_EDGE('',*,*,#6450,.T.);
#7161 = ORIENTED_EDGE('',*,*,#7138,.T.);
#7162 = ORIENTED_EDGE('',*,*,#7163,.F.);
#7163 = EDGE_CURVE('',#7154,#7131,#7164,.T.);
#7164 = LINE('',#7165,#7166);
#7165 = CARTESIAN_POINT('',(24.48,-2.15,0.8));
#7166 = VECTOR('',#7167,1.);
#7167 = DIRECTION('',(0.,0.,1.));
#7168 = PLANE('',#7169);
#7169 = AXIS2_PLACEMENT_3D('',#7170,#7171,#7172);
#7170 = CARTESIAN_POINT('',(24.58,-2.05,0.8));
#7171 = DIRECTION('',(-0.707106781187,0.707106781187,1.735417226645E-18)
  );
#7172 = DIRECTION('',(-1.227125289148E-18,1.227125289148E-18,-1.));
#7173 = ADVANCED_FACE('',(#7174),#7192,.T.);
#7174 = FACE_BOUND('',#7175,.F.);
#7175 = EDGE_LOOP('',(#7176,#7184,#7190,#7191));
#7176 = ORIENTED_EDGE('',*,*,#7177,.T.);
#7177 = EDGE_CURVE('',#6474,#7178,#7180,.T.);
#7178 = VERTEX_POINT('',#7179);
#7179 = CARTESIAN_POINT('',(24.18,-2.15,1.));
#7180 = LINE('',#7181,#7182);
#7181 = CARTESIAN_POINT('',(24.046666666667,-2.016666666667,
    0.866666666667));
#7182 = VECTOR('',#7183,1.);
#7183 = DIRECTION('',(0.57735026919,-0.57735026919,0.57735026919));
#7184 = ORIENTED_EDGE('',*,*,#7185,.T.);
#7185 = EDGE_CURVE('',#7178,#7154,#7186,.T.);
#7186 = LINE('',#7187,#7188);
#7187 = CARTESIAN_POINT('',(23.98,-2.15,1.));
#7188 = VECTOR('',#7189,1.);
#7189 = DIRECTION('',(1.,0.,0.));
#7190 = ORIENTED_EDGE('',*,*,#7153,.F.);
#7191 = ORIENTED_EDGE('',*,*,#6481,.F.);
#7192 = PLANE('',#7193);
#7193 = AXIS2_PLACEMENT_3D('',#7194,#7195,#7196);
#7194 = CARTESIAN_POINT('',(23.98,-2.05,0.9));
#7195 = DIRECTION('',(0.,-0.707106781187,-0.707106781187));
#7196 = DIRECTION('',(-1.,-0.,-0.));
#7197 = ADVANCED_FACE('',(#7198),#7209,.T.);
#7198 = FACE_BOUND('',#7199,.F.);
#7199 = EDGE_LOOP('',(#7200,#7201,#7202,#7203));
#7200 = ORIENTED_EDGE('',*,*,#7177,.F.);
#7201 = ORIENTED_EDGE('',*,*,#6498,.T.);
#7202 = ORIENTED_EDGE('',*,*,#7122,.T.);
#7203 = ORIENTED_EDGE('',*,*,#7204,.F.);
#7204 = EDGE_CURVE('',#7178,#7123,#7205,.T.);
#7205 = LINE('',#7206,#7207);
#7206 = CARTESIAN_POINT('',(24.18,-2.15,0.8));
#7207 = VECTOR('',#7208,1.);
#7208 = DIRECTION('',(0.,0.,1.));
#7209 = PLANE('',#7210);
#7210 = AXIS2_PLACEMENT_3D('',#7211,#7212,#7213);
#7211 = CARTESIAN_POINT('',(24.08,-2.05,0.8));
#7212 = DIRECTION('',(-0.707106781187,-0.707106781187,
    -1.735417226645E-18));
#7213 = DIRECTION('',(1.227125289148E-18,1.227125289148E-18,-1.));
#7214 = ADVANCED_FACE('',(#7215),#7222,.T.);
#7215 = FACE_BOUND('',#7216,.T.);
#7216 = EDGE_LOOP('',(#7217,#7218,#7219,#7220,#7221));
#7217 = ORIENTED_EDGE('',*,*,#6533,.T.);
#7218 = ORIENTED_EDGE('',*,*,#6626,.T.);
#7219 = ORIENTED_EDGE('',*,*,#6610,.T.);
#7220 = ORIENTED_EDGE('',*,*,#6583,.T.);
#7221 = ORIENTED_EDGE('',*,*,#6559,.T.);
#7222 = PLANE('',#7223);
#7223 = AXIS2_PLACEMENT_3D('',#7224,#7225,#7226);
#7224 = CARTESIAN_POINT('',(4.049747034393,3.25,6.1));
#7225 = DIRECTION('',(-3.7607617902E-32,1.,5.959582652773E-17));
#7226 = DIRECTION('',(0.,-5.959582652773E-17,1.));
#7227 = ADVANCED_FACE('',(#7228),#7234,.F.);
#7228 = FACE_BOUND('',#7229,.F.);
#7229 = EDGE_LOOP('',(#7230,#7231,#7232,#7233));
#7230 = ORIENTED_EDGE('',*,*,#6724,.T.);
#7231 = ORIENTED_EDGE('',*,*,#6650,.T.);
#7232 = ORIENTED_EDGE('',*,*,#6683,.F.);
#7233 = ORIENTED_EDGE('',*,*,#6705,.F.);
#7234 = PLANE('',#7235);
#7235 = AXIS2_PLACEMENT_3D('',#7236,#7237,#7238);
#7236 = CARTESIAN_POINT('',(-0.35,-2.15,0.8));
#7237 = DIRECTION('',(0.,1.,0.));
#7238 = DIRECTION('',(0.,0.,1.));
#7239 = ADVANCED_FACE('',(#7240),#7246,.F.);
#7240 = FACE_BOUND('',#7241,.F.);
#7241 = EDGE_LOOP('',(#7242,#7243,#7244,#7245));
#7242 = ORIENTED_EDGE('',*,*,#6820,.T.);
#7243 = ORIENTED_EDGE('',*,*,#6746,.T.);
#7244 = ORIENTED_EDGE('',*,*,#6779,.F.);
#7245 = ORIENTED_EDGE('',*,*,#6801,.F.);
#7246 = PLANE('',#7247);
#7247 = AXIS2_PLACEMENT_3D('',#7248,#7249,#7250);
#7248 = CARTESIAN_POINT('',(2.19,-2.15,0.8));
#7249 = DIRECTION('',(0.,1.,0.));
#7250 = DIRECTION('',(0.,0.,1.));
#7251 = ADVANCED_FACE('',(#7252),#7258,.F.);
#7252 = FACE_BOUND('',#7253,.F.);
#7253 = EDGE_LOOP('',(#7254,#7255,#7256,#7257));
#7254 = ORIENTED_EDGE('',*,*,#6916,.T.);
#7255 = ORIENTED_EDGE('',*,*,#6842,.T.);
#7256 = ORIENTED_EDGE('',*,*,#6875,.F.);
#7257 = ORIENTED_EDGE('',*,*,#6897,.F.);
#7258 = PLANE('',#7259);
#7259 = AXIS2_PLACEMENT_3D('',#7260,#7261,#7262);
#7260 = CARTESIAN_POINT('',(4.73,-2.15,0.8));
#7261 = DIRECTION('',(0.,1.,0.));
#7262 = DIRECTION('',(0.,0.,1.));
#7263 = ADVANCED_FACE('',(#7264),#7270,.F.);
#7264 = FACE_BOUND('',#7265,.F.);
#7265 = EDGE_LOOP('',(#7266,#7267,#7268,#7269));
#7266 = ORIENTED_EDGE('',*,*,#7012,.T.);
#7267 = ORIENTED_EDGE('',*,*,#6938,.T.);
#7268 = ORIENTED_EDGE('',*,*,#6971,.F.);
#7269 = ORIENTED_EDGE('',*,*,#6993,.F.);
#7270 = PLANE('',#7271);
#7271 = AXIS2_PLACEMENT_3D('',#7272,#7273,#7274);
#7272 = CARTESIAN_POINT('',(7.27,-2.15,0.8));
#7273 = DIRECTION('',(0.,1.,0.));
#7274 = DIRECTION('',(0.,0.,1.));
#7275 = ADVANCED_FACE('',(#7276),#7282,.F.);
#7276 = FACE_BOUND('',#7277,.F.);
#7277 = EDGE_LOOP('',(#7278,#7279,#7280,#7281));
#7278 = ORIENTED_EDGE('',*,*,#7108,.T.);
#7279 = ORIENTED_EDGE('',*,*,#7034,.T.);
#7280 = ORIENTED_EDGE('',*,*,#7067,.F.);
#7281 = ORIENTED_EDGE('',*,*,#7089,.F.);
#7282 = PLANE('',#7283);
#7283 = AXIS2_PLACEMENT_3D('',#7284,#7285,#7286);
#7284 = CARTESIAN_POINT('',(26.52,-2.15,0.8));
#7285 = DIRECTION('',(0.,1.,0.));
#7286 = DIRECTION('',(0.,0.,1.));
#7287 = ADVANCED_FACE('',(#7288),#7294,.F.);
#7288 = FACE_BOUND('',#7289,.F.);
#7289 = EDGE_LOOP('',(#7290,#7291,#7292,#7293));
#7290 = ORIENTED_EDGE('',*,*,#7204,.T.);
#7291 = ORIENTED_EDGE('',*,*,#7130,.T.);
#7292 = ORIENTED_EDGE('',*,*,#7163,.F.);
#7293 = ORIENTED_EDGE('',*,*,#7185,.F.);
#7294 = PLANE('',#7295);
#7295 = AXIS2_PLACEMENT_3D('',#7296,#7297,#7298);
#7296 = CARTESIAN_POINT('',(23.98,-2.15,0.8));
#7297 = DIRECTION('',(0.,1.,0.));
#7298 = DIRECTION('',(0.,0.,1.));
#7299 = ADVANCED_FACE('',(#7300),#7308,.T.);
#7300 = FACE_BOUND('',#7301,.T.);
#7301 = EDGE_LOOP('',(#7302,#7303,#7304,#7305,#7306,#7307));
#7302 = ORIENTED_EDGE('',*,*,#321,.T.);
#7303 = ORIENTED_EDGE('',*,*,#1373,.T.);
#7304 = ORIENTED_EDGE('',*,*,#3970,.F.);
#7305 = ORIENTED_EDGE('',*,*,#3961,.F.);
#7306 = ORIENTED_EDGE('',*,*,#1309,.F.);
#7307 = ORIENTED_EDGE('',*,*,#330,.T.);
#7308 = CYLINDRICAL_SURFACE('',#7309,0.6);
#7309 = AXIS2_PLACEMENT_3D('',#7310,#7311,#7312);
#7310 = CARTESIAN_POINT('',(0.,-1.56,1.15));
#7311 = DIRECTION('',(0.,1.,2.22044604925E-16));
#7312 = DIRECTION('',(1.,0.,0.));
#7313 = ADVANCED_FACE('',(#7314),#7322,.T.);
#7314 = FACE_BOUND('',#7315,.T.);
#7315 = EDGE_LOOP('',(#7316,#7317,#7318,#7319,#7320,#7321));
#7316 = ORIENTED_EDGE('',*,*,#279,.T.);
#7317 = ORIENTED_EDGE('',*,*,#1501,.T.);
#7318 = ORIENTED_EDGE('',*,*,#4115,.F.);
#7319 = ORIENTED_EDGE('',*,*,#4106,.F.);
#7320 = ORIENTED_EDGE('',*,*,#1437,.F.);
#7321 = ORIENTED_EDGE('',*,*,#288,.T.);
#7322 = CYLINDRICAL_SURFACE('',#7323,0.6);
#7323 = AXIS2_PLACEMENT_3D('',#7324,#7325,#7326);
#7324 = CARTESIAN_POINT('',(2.54,-1.56,1.15));
#7325 = DIRECTION('',(0.,1.,2.22044604925E-16));
#7326 = DIRECTION('',(1.,0.,0.));
#7327 = ADVANCED_FACE('',(#7328),#7336,.T.);
#7328 = FACE_BOUND('',#7329,.T.);
#7329 = EDGE_LOOP('',(#7330,#7331,#7332,#7333,#7334,#7335));
#7330 = ORIENTED_EDGE('',*,*,#237,.T.);
#7331 = ORIENTED_EDGE('',*,*,#1629,.T.);
#7332 = ORIENTED_EDGE('',*,*,#4260,.F.);
#7333 = ORIENTED_EDGE('',*,*,#4251,.F.);
#7334 = ORIENTED_EDGE('',*,*,#1565,.F.);
#7335 = ORIENTED_EDGE('',*,*,#246,.T.);
#7336 = CYLINDRICAL_SURFACE('',#7337,0.6);
#7337 = AXIS2_PLACEMENT_3D('',#7338,#7339,#7340);
#7338 = CARTESIAN_POINT('',(5.08,-1.56,1.15));
#7339 = DIRECTION('',(0.,1.,2.22044604925E-16));
#7340 = DIRECTION('',(1.,0.,0.));
#7341 = ADVANCED_FACE('',(#7342),#7350,.T.);
#7342 = FACE_BOUND('',#7343,.T.);
#7343 = EDGE_LOOP('',(#7344,#7345,#7346,#7347,#7348,#7349));
#7344 = ORIENTED_EDGE('',*,*,#195,.T.);
#7345 = ORIENTED_EDGE('',*,*,#1757,.T.);
#7346 = ORIENTED_EDGE('',*,*,#4405,.F.);
#7347 = ORIENTED_EDGE('',*,*,#4396,.F.);
#7348 = ORIENTED_EDGE('',*,*,#1693,.F.);
#7349 = ORIENTED_EDGE('',*,*,#204,.T.);
#7350 = CYLINDRICAL_SURFACE('',#7351,0.6);
#7351 = AXIS2_PLACEMENT_3D('',#7352,#7353,#7354);
#7352 = CARTESIAN_POINT('',(7.62,-1.56,1.15));
#7353 = DIRECTION('',(0.,1.,2.22044604925E-16));
#7354 = DIRECTION('',(1.,0.,0.));
#7355 = ADVANCED_FACE('',(#7356),#7364,.T.);
#7356 = FACE_BOUND('',#7357,.T.);
#7357 = EDGE_LOOP('',(#7358,#7359,#7360,#7361,#7362,#7363));
#7358 = ORIENTED_EDGE('',*,*,#153,.T.);
#7359 = ORIENTED_EDGE('',*,*,#1885,.T.);
#7360 = ORIENTED_EDGE('',*,*,#4550,.F.);
#7361 = ORIENTED_EDGE('',*,*,#4541,.F.);
#7362 = ORIENTED_EDGE('',*,*,#1821,.F.);
#7363 = ORIENTED_EDGE('',*,*,#162,.T.);
#7364 = CYLINDRICAL_SURFACE('',#7365,0.6);
#7365 = AXIS2_PLACEMENT_3D('',#7366,#7367,#7368);
#7366 = CARTESIAN_POINT('',(24.33,-1.56,1.15));
#7367 = DIRECTION('',(0.,1.,2.22044604925E-16));
#7368 = DIRECTION('',(1.,0.,0.));
#7369 = ADVANCED_FACE('',(#7370),#7378,.T.);
#7370 = FACE_BOUND('',#7371,.T.);
#7371 = EDGE_LOOP('',(#7372,#7373,#7374,#7375,#7376,#7377));
#7372 = ORIENTED_EDGE('',*,*,#111,.T.);
#7373 = ORIENTED_EDGE('',*,*,#2013,.T.);
#7374 = ORIENTED_EDGE('',*,*,#4695,.F.);
#7375 = ORIENTED_EDGE('',*,*,#4686,.F.);
#7376 = ORIENTED_EDGE('',*,*,#1949,.F.);
#7377 = ORIENTED_EDGE('',*,*,#120,.T.);
#7378 = CYLINDRICAL_SURFACE('',#7379,0.6);
#7379 = AXIS2_PLACEMENT_3D('',#7380,#7381,#7382);
#7380 = CARTESIAN_POINT('',(26.87,-1.56,1.15));
#7381 = DIRECTION('',(0.,1.,2.22044604925E-16));
#7382 = DIRECTION('',(1.,0.,0.));
#7383 = ( GEOMETRIC_REPRESENTATION_CONTEXT(3) 
GLOBAL_UNCERTAINTY_ASSIGNED_CONTEXT((#7387)) 
GLOBAL_UNIT_ASSIGNED_CONTEXT((#7384,#7385,#7386)) REPRESENTATION_CONTEXT
('Context #1','3D Context with UNIT and UNCERTAINTY') );
#7384 = ( LENGTH_UNIT() NAMED_UNIT(*) SI_UNIT(.MILLI.,.METRE.) );
#7385 = ( NAMED_UNIT(*) PLANE_ANGLE_UNIT() SI_UNIT($,.RADIAN.) );
#7386 = ( NAMED_UNIT(*) SI_UNIT($,.STERADIAN.) SOLID_ANGLE_UNIT() );
#7387 = UNCERTAINTY_MEASURE_WITH_UNIT(LENGTH_MEASURE(2.E-05),#7384,
  'distance_accuracy_value','confusion accuracy');
#7388 = PRODUCT_RELATED_PRODUCT_CATEGORY('part',$,(#7));
#7389 = MECHANICAL_DESIGN_GEOMETRIC_PRESENTATION_REPRESENTATION('',(
    #7390,#7398,#7406,#7414,#7421,#7428,#7435,#7442,#7449,#7456,#7463,
    #7470,#7477,#7484,#7491,#7498,#7505,#7512,#7519,#7526,#7533,#7540,
    #7547,#7554,#7561,#7568,#7575,#7582,#7589,#7596,#7603,#7610,#7617,
    #7624,#7631,#7638,#7645,#7652,#7659,#7666,#7673,#7680,#7687,#7694,
    #7701,#7708,#7715,#7722,#7729,#7736,#7743,#7750,#7757,#7764,#7771,
    #7778,#7785,#7792,#7799,#7806,#7813,#7820,#7827,#7834,#7841,#7848,
    #7855,#7862,#7869,#7876,#7883,#7890,#7897,#7904,#7911,#7918,#7925,
    #7932,#7939,#7946,#7953,#7960,#7967,#7974,#7981,#7988,#7995,#8002,
    #8009,#8016,#8023,#8030,#8037,#8044,#8051,#8058,#8065,#8072,#8079,
    #8086,#8093,#8100,#8107,#8114,#8121,#8128,#8135,#8142,#8149,#8156,
    #8163,#8170,#8177,#8184,#8191,#8198,#8205,#8212,#8219,#8226,#8233,
    #8240,#8247,#8254,#8261,#8268,#8275,#8282,#8289,#8296,#8303,#8310,
    #8317,#8324,#8331,#8338,#8345,#8352,#8359,#8366,#8373,#8380,#8387,
    #8394,#8401,#8408,#8415,#8422,#8429,#8436,#8443,#8450,#8457,#8464,
    #8471,#8478,#8485,#8492,#8499,#8506,#8513,#8520,#8527,#8534,#8541,
    #8548,#8555,#8562,#8569,#8576,#8583,#8590,#8597,#8604,#8611,#8618,
    #8625,#8632,#8639,#8646,#8653,#8660,#8667,#8674,#8681,#8688,#8695,
    #8702,#8709,#8716,#8723,#8730,#8737,#8744,#8751,#8758,#8765,#8772,
    #8779,#8786,#8793,#8800,#8807,#8814,#8821,#8828,#8835,#8842,#8849,
    #8856,#8863,#8870,#8877,#8884,#8891,#8898,#8905,#8912,#8919,#8926,
    #8933,#8940,#8947,#8954,#8961,#8968,#8975,#8982,#8989,#8996,#9003,
    #9010,#9017,#9024,#9031,#9038,#9045,#9052,#9059,#9066,#9073,#9080,
    #9087,#9094,#9101,#9108,#9115,#9122,#9129),#7383);
#7390 = STYLED_ITEM('color',(#7391),#17);
#7391 = PRESENTATION_STYLE_ASSIGNMENT((#7392));
#7392 = SURFACE_STYLE_USAGE(.BOTH.,#7393);
#7393 = SURFACE_SIDE_STYLE('',(#7394));
#7394 = SURFACE_STYLE_FILL_AREA(#7395);
#7395 = FILL_AREA_STYLE('',(#7396));
#7396 = FILL_AREA_STYLE_COLOUR('',#7397);
#7397 = COLOUR_RGB('',0.800000011921,0.800000011921,0.800000011921);
#7398 = STYLED_ITEM('color',(#7399),#57);
#7399 = PRESENTATION_STYLE_ASSIGNMENT((#7400));
#7400 = SURFACE_STYLE_USAGE(.BOTH.,#7401);
#7401 = SURFACE_SIDE_STYLE('',(#7402));
#7402 = SURFACE_STYLE_FILL_AREA(#7403);
#7403 = FILL_AREA_STYLE('',(#7404));
#7404 = FILL_AREA_STYLE_COLOUR('',#7405);
#7405 = COLOUR_RGB('',1.,0.760784327984,3.137255087495E-02);
#7406 = STYLED_ITEM('color',(#7407),#965);
#7407 = PRESENTATION_STYLE_ASSIGNMENT((#7408));
#7408 = SURFACE_STYLE_USAGE(.BOTH.,#7409);
#7409 = SURFACE_SIDE_STYLE('',(#7410));
#7410 = SURFACE_STYLE_FILL_AREA(#7411);
#7411 = FILL_AREA_STYLE('',(#7412));
#7412 = FILL_AREA_STYLE_COLOUR('',#7413);
#7413 = DRAUGHTING_PRE_DEFINED_COLOUR('black');
#7414 = STYLED_ITEM('color',(#7415),#1173);
#7415 = PRESENTATION_STYLE_ASSIGNMENT((#7416));
#7416 = SURFACE_STYLE_USAGE(.BOTH.,#7417);
#7417 = SURFACE_SIDE_STYLE('',(#7418));
#7418 = SURFACE_STYLE_FILL_AREA(#7419);
#7419 = FILL_AREA_STYLE('',(#7420));
#7420 = FILL_AREA_STYLE_COLOUR('',#7397);
#7421 = STYLED_ITEM('color',(#7422),#1197);
#7422 = PRESENTATION_STYLE_ASSIGNMENT((#7423));
#7423 = SURFACE_STYLE_USAGE(.BOTH.,#7424);
#7424 = SURFACE_SIDE_STYLE('',(#7425));
#7425 = SURFACE_STYLE_FILL_AREA(#7426);
#7426 = FILL_AREA_STYLE('',(#7427));
#7427 = FILL_AREA_STYLE_COLOUR('',#7397);
#7428 = STYLED_ITEM('color',(#7429),#1214);
#7429 = PRESENTATION_STYLE_ASSIGNMENT((#7430));
#7430 = SURFACE_STYLE_USAGE(.BOTH.,#7431);
#7431 = SURFACE_SIDE_STYLE('',(#7432));
#7432 = SURFACE_STYLE_FILL_AREA(#7433);
#7433 = FILL_AREA_STYLE('',(#7434));
#7434 = FILL_AREA_STYLE_COLOUR('',#7405);
#7435 = STYLED_ITEM('color',(#7436),#1287);
#7436 = PRESENTATION_STYLE_ASSIGNMENT((#7437));
#7437 = SURFACE_STYLE_USAGE(.BOTH.,#7438);
#7438 = SURFACE_SIDE_STYLE('',(#7439));
#7439 = SURFACE_STYLE_FILL_AREA(#7440);
#7440 = FILL_AREA_STYLE('',(#7441));
#7441 = FILL_AREA_STYLE_COLOUR('',#7397);
#7442 = STYLED_ITEM('color',(#7443),#1351);
#7443 = PRESENTATION_STYLE_ASSIGNMENT((#7444));
#7444 = SURFACE_STYLE_USAGE(.BOTH.,#7445);
#7445 = SURFACE_SIDE_STYLE('',(#7446));
#7446 = SURFACE_STYLE_FILL_AREA(#7447);
#7447 = FILL_AREA_STYLE('',(#7448));
#7448 = FILL_AREA_STYLE_COLOUR('',#7397);
#7449 = STYLED_ITEM('color',(#7450),#1415);
#7450 = PRESENTATION_STYLE_ASSIGNMENT((#7451));
#7451 = SURFACE_STYLE_USAGE(.BOTH.,#7452);
#7452 = SURFACE_SIDE_STYLE('',(#7453));
#7453 = SURFACE_STYLE_FILL_AREA(#7454);
#7454 = FILL_AREA_STYLE('',(#7455));
#7455 = FILL_AREA_STYLE_COLOUR('',#7397);
#7456 = STYLED_ITEM('color',(#7457),#1479);
#7457 = PRESENTATION_STYLE_ASSIGNMENT((#7458));
#7458 = SURFACE_STYLE_USAGE(.BOTH.,#7459);
#7459 = SURFACE_SIDE_STYLE('',(#7460));
#7460 = SURFACE_STYLE_FILL_AREA(#7461);
#7461 = FILL_AREA_STYLE('',(#7462));
#7462 = FILL_AREA_STYLE_COLOUR('',#7397);
#7463 = STYLED_ITEM('color',(#7464),#1543);
#7464 = PRESENTATION_STYLE_ASSIGNMENT((#7465));
#7465 = SURFACE_STYLE_USAGE(.BOTH.,#7466);
#7466 = SURFACE_SIDE_STYLE('',(#7467));
#7467 = SURFACE_STYLE_FILL_AREA(#7468);
#7468 = FILL_AREA_STYLE('',(#7469));
#7469 = FILL_AREA_STYLE_COLOUR('',#7397);
#7470 = STYLED_ITEM('color',(#7471),#1607);
#7471 = PRESENTATION_STYLE_ASSIGNMENT((#7472));
#7472 = SURFACE_STYLE_USAGE(.BOTH.,#7473);
#7473 = SURFACE_SIDE_STYLE('',(#7474));
#7474 = SURFACE_STYLE_FILL_AREA(#7475);
#7475 = FILL_AREA_STYLE('',(#7476));
#7476 = FILL_AREA_STYLE_COLOUR('',#7397);
#7477 = STYLED_ITEM('color',(#7478),#1671);
#7478 = PRESENTATION_STYLE_ASSIGNMENT((#7479));
#7479 = SURFACE_STYLE_USAGE(.BOTH.,#7480);
#7480 = SURFACE_SIDE_STYLE('',(#7481));
#7481 = SURFACE_STYLE_FILL_AREA(#7482);
#7482 = FILL_AREA_STYLE('',(#7483));
#7483 = FILL_AREA_STYLE_COLOUR('',#7397);
#7484 = STYLED_ITEM('color',(#7485),#1735);
#7485 = PRESENTATION_STYLE_ASSIGNMENT((#7486));
#7486 = SURFACE_STYLE_USAGE(.BOTH.,#7487);
#7487 = SURFACE_SIDE_STYLE('',(#7488));
#7488 = SURFACE_STYLE_FILL_AREA(#7489);
#7489 = FILL_AREA_STYLE('',(#7490));
#7490 = FILL_AREA_STYLE_COLOUR('',#7397);
#7491 = STYLED_ITEM('color',(#7492),#1799);
#7492 = PRESENTATION_STYLE_ASSIGNMENT((#7493));
#7493 = SURFACE_STYLE_USAGE(.BOTH.,#7494);
#7494 = SURFACE_SIDE_STYLE('',(#7495));
#7495 = SURFACE_STYLE_FILL_AREA(#7496);
#7496 = FILL_AREA_STYLE('',(#7497));
#7497 = FILL_AREA_STYLE_COLOUR('',#7397);
#7498 = STYLED_ITEM('color',(#7499),#1863);
#7499 = PRESENTATION_STYLE_ASSIGNMENT((#7500));
#7500 = SURFACE_STYLE_USAGE(.BOTH.,#7501);
#7501 = SURFACE_SIDE_STYLE('',(#7502));
#7502 = SURFACE_STYLE_FILL_AREA(#7503);
#7503 = FILL_AREA_STYLE('',(#7504));
#7504 = FILL_AREA_STYLE_COLOUR('',#7397);
#7505 = STYLED_ITEM('color',(#7506),#1927);
#7506 = PRESENTATION_STYLE_ASSIGNMENT((#7507));
#7507 = SURFACE_STYLE_USAGE(.BOTH.,#7508);
#7508 = SURFACE_SIDE_STYLE('',(#7509));
#7509 = SURFACE_STYLE_FILL_AREA(#7510);
#7510 = FILL_AREA_STYLE('',(#7511));
#7511 = FILL_AREA_STYLE_COLOUR('',#7397);
#7512 = STYLED_ITEM('color',(#7513),#1991);
#7513 = PRESENTATION_STYLE_ASSIGNMENT((#7514));
#7514 = SURFACE_STYLE_USAGE(.BOTH.,#7515);
#7515 = SURFACE_SIDE_STYLE('',(#7516));
#7516 = SURFACE_STYLE_FILL_AREA(#7517);
#7517 = FILL_AREA_STYLE('',(#7518));
#7518 = FILL_AREA_STYLE_COLOUR('',#7397);
#7519 = STYLED_ITEM('color',(#7520),#2055);
#7520 = PRESENTATION_STYLE_ASSIGNMENT((#7521));
#7521 = SURFACE_STYLE_USAGE(.BOTH.,#7522);
#7522 = SURFACE_SIDE_STYLE('',(#7523));
#7523 = SURFACE_STYLE_FILL_AREA(#7524);
#7524 = FILL_AREA_STYLE('',(#7525));
#7525 = FILL_AREA_STYLE_COLOUR('',#7405);
#7526 = STYLED_ITEM('color',(#7527),#2079);
#7527 = PRESENTATION_STYLE_ASSIGNMENT((#7528));
#7528 = SURFACE_STYLE_USAGE(.BOTH.,#7529);
#7529 = SURFACE_SIDE_STYLE('',(#7530));
#7530 = SURFACE_STYLE_FILL_AREA(#7531);
#7531 = FILL_AREA_STYLE('',(#7532));
#7532 = FILL_AREA_STYLE_COLOUR('',#7405);
#7533 = STYLED_ITEM('color',(#7534),#2103);
#7534 = PRESENTATION_STYLE_ASSIGNMENT((#7535));
#7535 = SURFACE_STYLE_USAGE(.BOTH.,#7536);
#7536 = SURFACE_SIDE_STYLE('',(#7537));
#7537 = SURFACE_STYLE_FILL_AREA(#7538);
#7538 = FILL_AREA_STYLE('',(#7539));
#7539 = FILL_AREA_STYLE_COLOUR('',#7405);
#7540 = STYLED_ITEM('color',(#7541),#2120);
#7541 = PRESENTATION_STYLE_ASSIGNMENT((#7542));
#7542 = SURFACE_STYLE_USAGE(.BOTH.,#7543);
#7543 = SURFACE_SIDE_STYLE('',(#7544));
#7544 = SURFACE_STYLE_FILL_AREA(#7545);
#7545 = FILL_AREA_STYLE('',(#7546));
#7546 = FILL_AREA_STYLE_COLOUR('',#7413);
#7547 = STYLED_ITEM('color',(#7548),#2151);
#7548 = PRESENTATION_STYLE_ASSIGNMENT((#7549));
#7549 = SURFACE_STYLE_USAGE(.BOTH.,#7550);
#7550 = SURFACE_SIDE_STYLE('',(#7551));
#7551 = SURFACE_STYLE_FILL_AREA(#7552);
#7552 = FILL_AREA_STYLE('',(#7553));
#7553 = FILL_AREA_STYLE_COLOUR('',#7413);
#7554 = STYLED_ITEM('color',(#7555),#2175);
#7555 = PRESENTATION_STYLE_ASSIGNMENT((#7556));
#7556 = SURFACE_STYLE_USAGE(.BOTH.,#7557);
#7557 = SURFACE_SIDE_STYLE('',(#7558));
#7558 = SURFACE_STYLE_FILL_AREA(#7559);
#7559 = FILL_AREA_STYLE('',(#7560));
#7560 = FILL_AREA_STYLE_COLOUR('',#7413);
#7561 = STYLED_ITEM('color',(#7562),#2199);
#7562 = PRESENTATION_STYLE_ASSIGNMENT((#7563));
#7563 = SURFACE_STYLE_USAGE(.BOTH.,#7564);
#7564 = SURFACE_SIDE_STYLE('',(#7565));
#7565 = SURFACE_STYLE_FILL_AREA(#7566);
#7566 = FILL_AREA_STYLE('',(#7567));
#7567 = FILL_AREA_STYLE_COLOUR('',#7413);
#7568 = STYLED_ITEM('color',(#7569),#2216);
#7569 = PRESENTATION_STYLE_ASSIGNMENT((#7570));
#7570 = SURFACE_STYLE_USAGE(.BOTH.,#7571);
#7571 = SURFACE_SIDE_STYLE('',(#7572));
#7572 = SURFACE_STYLE_FILL_AREA(#7573);
#7573 = FILL_AREA_STYLE('',(#7574));
#7574 = FILL_AREA_STYLE_COLOUR('',#7397);
#7575 = STYLED_ITEM('color',(#7576),#2258);
#7576 = PRESENTATION_STYLE_ASSIGNMENT((#7577));
#7577 = SURFACE_STYLE_USAGE(.BOTH.,#7578);
#7578 = SURFACE_SIDE_STYLE('',(#7579));
#7579 = SURFACE_STYLE_FILL_AREA(#7580);
#7580 = FILL_AREA_STYLE('',(#7581));
#7581 = FILL_AREA_STYLE_COLOUR('',#7397);
#7582 = STYLED_ITEM('color',(#7583),#2282);
#7583 = PRESENTATION_STYLE_ASSIGNMENT((#7584));
#7584 = SURFACE_STYLE_USAGE(.BOTH.,#7585);
#7585 = SURFACE_SIDE_STYLE('',(#7586));
#7586 = SURFACE_STYLE_FILL_AREA(#7587);
#7587 = FILL_AREA_STYLE('',(#7588));
#7588 = FILL_AREA_STYLE_COLOUR('',#7397);
#7589 = STYLED_ITEM('color',(#7590),#2307);
#7590 = PRESENTATION_STYLE_ASSIGNMENT((#7591));
#7591 = SURFACE_STYLE_USAGE(.BOTH.,#7592);
#7592 = SURFACE_SIDE_STYLE('',(#7593));
#7593 = SURFACE_STYLE_FILL_AREA(#7594);
#7594 = FILL_AREA_STYLE('',(#7595));
#7595 = FILL_AREA_STYLE_COLOUR('',#7397);
#7596 = STYLED_ITEM('color',(#7597),#2324);
#7597 = PRESENTATION_STYLE_ASSIGNMENT((#7598));
#7598 = SURFACE_STYLE_USAGE(.BOTH.,#7599);
#7599 = SURFACE_SIDE_STYLE('',(#7600));
#7600 = SURFACE_STYLE_FILL_AREA(#7601);
#7601 = FILL_AREA_STYLE('',(#7602));
#7602 = FILL_AREA_STYLE_COLOUR('',#7397);
#7603 = STYLED_ITEM('color',(#7604),#2348);
#7604 = PRESENTATION_STYLE_ASSIGNMENT((#7605));
#7605 = SURFACE_STYLE_USAGE(.BOTH.,#7606);
#7606 = SURFACE_SIDE_STYLE('',(#7607));
#7607 = SURFACE_STYLE_FILL_AREA(#7608);
#7608 = FILL_AREA_STYLE('',(#7609));
#7609 = FILL_AREA_STYLE_COLOUR('',#7397);
#7610 = STYLED_ITEM('color',(#7611),#2372);
#7611 = PRESENTATION_STYLE_ASSIGNMENT((#7612));
#7612 = SURFACE_STYLE_USAGE(.BOTH.,#7613);
#7613 = SURFACE_SIDE_STYLE('',(#7614));
#7614 = SURFACE_STYLE_FILL_AREA(#7615);
#7615 = FILL_AREA_STYLE('',(#7616));
#7616 = FILL_AREA_STYLE_COLOUR('',#7397);
#7617 = STYLED_ITEM('color',(#7618),#2389);
#7618 = PRESENTATION_STYLE_ASSIGNMENT((#7619));
#7619 = SURFACE_STYLE_USAGE(.BOTH.,#7620);
#7620 = SURFACE_SIDE_STYLE('',(#7621));
#7621 = SURFACE_STYLE_FILL_AREA(#7622);
#7622 = FILL_AREA_STYLE('',(#7623));
#7623 = FILL_AREA_STYLE_COLOUR('',#7397);
#7624 = STYLED_ITEM('color',(#7625),#2413);
#7625 = PRESENTATION_STYLE_ASSIGNMENT((#7626));
#7626 = SURFACE_STYLE_USAGE(.BOTH.,#7627);
#7627 = SURFACE_SIDE_STYLE('',(#7628));
#7628 = SURFACE_STYLE_FILL_AREA(#7629);
#7629 = FILL_AREA_STYLE('',(#7630));
#7630 = FILL_AREA_STYLE_COLOUR('',#7397);
#7631 = STYLED_ITEM('color',(#7632),#2437);
#7632 = PRESENTATION_STYLE_ASSIGNMENT((#7633));
#7633 = SURFACE_STYLE_USAGE(.BOTH.,#7634);
#7634 = SURFACE_SIDE_STYLE('',(#7635));
#7635 = SURFACE_STYLE_FILL_AREA(#7636);
#7636 = FILL_AREA_STYLE('',(#7637));
#7637 = FILL_AREA_STYLE_COLOUR('',#7397);
#7638 = STYLED_ITEM('color',(#7639),#2454);
#7639 = PRESENTATION_STYLE_ASSIGNMENT((#7640));
#7640 = SURFACE_STYLE_USAGE(.BOTH.,#7641);
#7641 = SURFACE_SIDE_STYLE('',(#7642));
#7642 = SURFACE_STYLE_FILL_AREA(#7643);
#7643 = FILL_AREA_STYLE('',(#7644));
#7644 = FILL_AREA_STYLE_COLOUR('',#7397);
#7645 = STYLED_ITEM('color',(#7646),#2478);
#7646 = PRESENTATION_STYLE_ASSIGNMENT((#7647));
#7647 = SURFACE_STYLE_USAGE(.BOTH.,#7648);
#7648 = SURFACE_SIDE_STYLE('',(#7649));
#7649 = SURFACE_STYLE_FILL_AREA(#7650);
#7650 = FILL_AREA_STYLE('',(#7651));
#7651 = FILL_AREA_STYLE_COLOUR('',#7397);
#7652 = STYLED_ITEM('color',(#7653),#2502);
#7653 = PRESENTATION_STYLE_ASSIGNMENT((#7654));
#7654 = SURFACE_STYLE_USAGE(.BOTH.,#7655);
#7655 = SURFACE_SIDE_STYLE('',(#7656));
#7656 = SURFACE_STYLE_FILL_AREA(#7657);
#7657 = FILL_AREA_STYLE('',(#7658));
#7658 = FILL_AREA_STYLE_COLOUR('',#7397);
#7659 = STYLED_ITEM('color',(#7660),#2519);
#7660 = PRESENTATION_STYLE_ASSIGNMENT((#7661));
#7661 = SURFACE_STYLE_USAGE(.BOTH.,#7662);
#7662 = SURFACE_SIDE_STYLE('',(#7663));
#7663 = SURFACE_STYLE_FILL_AREA(#7664);
#7664 = FILL_AREA_STYLE('',(#7665));
#7665 = FILL_AREA_STYLE_COLOUR('',#7397);
#7666 = STYLED_ITEM('color',(#7667),#2543);
#7667 = PRESENTATION_STYLE_ASSIGNMENT((#7668));
#7668 = SURFACE_STYLE_USAGE(.BOTH.,#7669);
#7669 = SURFACE_SIDE_STYLE('',(#7670));
#7670 = SURFACE_STYLE_FILL_AREA(#7671);
#7671 = FILL_AREA_STYLE('',(#7672));
#7672 = FILL_AREA_STYLE_COLOUR('',#7397);
#7673 = STYLED_ITEM('color',(#7674),#2567);
#7674 = PRESENTATION_STYLE_ASSIGNMENT((#7675));
#7675 = SURFACE_STYLE_USAGE(.BOTH.,#7676);
#7676 = SURFACE_SIDE_STYLE('',(#7677));
#7677 = SURFACE_STYLE_FILL_AREA(#7678);
#7678 = FILL_AREA_STYLE('',(#7679));
#7679 = FILL_AREA_STYLE_COLOUR('',#7397);
#7680 = STYLED_ITEM('color',(#7681),#2584);
#7681 = PRESENTATION_STYLE_ASSIGNMENT((#7682));
#7682 = SURFACE_STYLE_USAGE(.BOTH.,#7683);
#7683 = SURFACE_SIDE_STYLE('',(#7684));
#7684 = SURFACE_STYLE_FILL_AREA(#7685);
#7685 = FILL_AREA_STYLE('',(#7686));
#7686 = FILL_AREA_STYLE_COLOUR('',#7397);
#7687 = STYLED_ITEM('color',(#7688),#2608);
#7688 = PRESENTATION_STYLE_ASSIGNMENT((#7689));
#7689 = SURFACE_STYLE_USAGE(.BOTH.,#7690);
#7690 = SURFACE_SIDE_STYLE('',(#7691));
#7691 = SURFACE_STYLE_FILL_AREA(#7692);
#7692 = FILL_AREA_STYLE('',(#7693));
#7693 = FILL_AREA_STYLE_COLOUR('',#7397);
#7694 = STYLED_ITEM('color',(#7695),#2632);
#7695 = PRESENTATION_STYLE_ASSIGNMENT((#7696));
#7696 = SURFACE_STYLE_USAGE(.BOTH.,#7697);
#7697 = SURFACE_SIDE_STYLE('',(#7698));
#7698 = SURFACE_STYLE_FILL_AREA(#7699);
#7699 = FILL_AREA_STYLE('',(#7700));
#7700 = FILL_AREA_STYLE_COLOUR('',#7397);
#7701 = STYLED_ITEM('color',(#7702),#2649);
#7702 = PRESENTATION_STYLE_ASSIGNMENT((#7703));
#7703 = SURFACE_STYLE_USAGE(.BOTH.,#7704);
#7704 = SURFACE_SIDE_STYLE('',(#7705));
#7705 = SURFACE_STYLE_FILL_AREA(#7706);
#7706 = FILL_AREA_STYLE('',(#7707));
#7707 = FILL_AREA_STYLE_COLOUR('',#7397);
#7708 = STYLED_ITEM('color',(#7709),#2673);
#7709 = PRESENTATION_STYLE_ASSIGNMENT((#7710));
#7710 = SURFACE_STYLE_USAGE(.BOTH.,#7711);
#7711 = SURFACE_SIDE_STYLE('',(#7712));
#7712 = SURFACE_STYLE_FILL_AREA(#7713);
#7713 = FILL_AREA_STYLE('',(#7714));
#7714 = FILL_AREA_STYLE_COLOUR('',#7397);
#7715 = STYLED_ITEM('color',(#7716),#2697);
#7716 = PRESENTATION_STYLE_ASSIGNMENT((#7717));
#7717 = SURFACE_STYLE_USAGE(.BOTH.,#7718);
#7718 = SURFACE_SIDE_STYLE('',(#7719));
#7719 = SURFACE_STYLE_FILL_AREA(#7720);
#7720 = FILL_AREA_STYLE('',(#7721));
#7721 = FILL_AREA_STYLE_COLOUR('',#7397);
#7722 = STYLED_ITEM('color',(#7723),#2714);
#7723 = PRESENTATION_STYLE_ASSIGNMENT((#7724));
#7724 = SURFACE_STYLE_USAGE(.BOTH.,#7725);
#7725 = SURFACE_SIDE_STYLE('',(#7726));
#7726 = SURFACE_STYLE_FILL_AREA(#7727);
#7727 = FILL_AREA_STYLE('',(#7728));
#7728 = FILL_AREA_STYLE_COLOUR('',#7397);
#7729 = STYLED_ITEM('color',(#7730),#2738);
#7730 = PRESENTATION_STYLE_ASSIGNMENT((#7731));
#7731 = SURFACE_STYLE_USAGE(.BOTH.,#7732);
#7732 = SURFACE_SIDE_STYLE('',(#7733));
#7733 = SURFACE_STYLE_FILL_AREA(#7734);
#7734 = FILL_AREA_STYLE('',(#7735));
#7735 = FILL_AREA_STYLE_COLOUR('',#7397);
#7736 = STYLED_ITEM('color',(#7737),#2762);
#7737 = PRESENTATION_STYLE_ASSIGNMENT((#7738));
#7738 = SURFACE_STYLE_USAGE(.BOTH.,#7739);
#7739 = SURFACE_SIDE_STYLE('',(#7740));
#7740 = SURFACE_STYLE_FILL_AREA(#7741);
#7741 = FILL_AREA_STYLE('',(#7742));
#7742 = FILL_AREA_STYLE_COLOUR('',#7397);
#7743 = STYLED_ITEM('color',(#7744),#2779);
#7744 = PRESENTATION_STYLE_ASSIGNMENT((#7745));
#7745 = SURFACE_STYLE_USAGE(.BOTH.,#7746);
#7746 = SURFACE_SIDE_STYLE('',(#7747));
#7747 = SURFACE_STYLE_FILL_AREA(#7748);
#7748 = FILL_AREA_STYLE('',(#7749));
#7749 = FILL_AREA_STYLE_COLOUR('',#7413);
#7750 = STYLED_ITEM('color',(#7751),#2803);
#7751 = PRESENTATION_STYLE_ASSIGNMENT((#7752));
#7752 = SURFACE_STYLE_USAGE(.BOTH.,#7753);
#7753 = SURFACE_SIDE_STYLE('',(#7754));
#7754 = SURFACE_STYLE_FILL_AREA(#7755);
#7755 = FILL_AREA_STYLE('',(#7756));
#7756 = FILL_AREA_STYLE_COLOUR('',#7413);
#7757 = STYLED_ITEM('color',(#7758),#3011);
#7758 = PRESENTATION_STYLE_ASSIGNMENT((#7759));
#7759 = SURFACE_STYLE_USAGE(.BOTH.,#7760);
#7760 = SURFACE_SIDE_STYLE('',(#7761));
#7761 = SURFACE_STYLE_FILL_AREA(#7762);
#7762 = FILL_AREA_STYLE('',(#7763));
#7763 = FILL_AREA_STYLE_COLOUR('',#7397);
#7764 = STYLED_ITEM('color',(#7765),#3035);
#7765 = PRESENTATION_STYLE_ASSIGNMENT((#7766));
#7766 = SURFACE_STYLE_USAGE(.BOTH.,#7767);
#7767 = SURFACE_SIDE_STYLE('',(#7768));
#7768 = SURFACE_STYLE_FILL_AREA(#7769);
#7769 = FILL_AREA_STYLE('',(#7770));
#7770 = FILL_AREA_STYLE_COLOUR('',#7397);
#7771 = STYLED_ITEM('color',(#7772),#3059);
#7772 = PRESENTATION_STYLE_ASSIGNMENT((#7773));
#7773 = SURFACE_STYLE_USAGE(.BOTH.,#7774);
#7774 = SURFACE_SIDE_STYLE('',(#7775));
#7775 = SURFACE_STYLE_FILL_AREA(#7776);
#7776 = FILL_AREA_STYLE('',(#7777));
#7777 = FILL_AREA_STYLE_COLOUR('',#7397);
#7778 = STYLED_ITEM('color',(#7779),#3076);
#7779 = PRESENTATION_STYLE_ASSIGNMENT((#7780));
#7780 = SURFACE_STYLE_USAGE(.BOTH.,#7781);
#7781 = SURFACE_SIDE_STYLE('',(#7782));
#7782 = SURFACE_STYLE_FILL_AREA(#7783);
#7783 = FILL_AREA_STYLE('',(#7784));
#7784 = FILL_AREA_STYLE_COLOUR('',#7397);
#7785 = STYLED_ITEM('color',(#7786),#3100);
#7786 = PRESENTATION_STYLE_ASSIGNMENT((#7787));
#7787 = SURFACE_STYLE_USAGE(.BOTH.,#7788);
#7788 = SURFACE_SIDE_STYLE('',(#7789));
#7789 = SURFACE_STYLE_FILL_AREA(#7790);
#7790 = FILL_AREA_STYLE('',(#7791));
#7791 = FILL_AREA_STYLE_COLOUR('',#7397);
#7792 = STYLED_ITEM('color',(#7793),#3124);
#7793 = PRESENTATION_STYLE_ASSIGNMENT((#7794));
#7794 = SURFACE_STYLE_USAGE(.BOTH.,#7795);
#7795 = SURFACE_SIDE_STYLE('',(#7796));
#7796 = SURFACE_STYLE_FILL_AREA(#7797);
#7797 = FILL_AREA_STYLE('',(#7798));
#7798 = FILL_AREA_STYLE_COLOUR('',#7397);
#7799 = STYLED_ITEM('color',(#7800),#3141);
#7800 = PRESENTATION_STYLE_ASSIGNMENT((#7801));
#7801 = SURFACE_STYLE_USAGE(.BOTH.,#7802);
#7802 = SURFACE_SIDE_STYLE('',(#7803));
#7803 = SURFACE_STYLE_FILL_AREA(#7804);
#7804 = FILL_AREA_STYLE('',(#7805));
#7805 = FILL_AREA_STYLE_COLOUR('',#7397);
#7806 = STYLED_ITEM('color',(#7807),#3165);
#7807 = PRESENTATION_STYLE_ASSIGNMENT((#7808));
#7808 = SURFACE_STYLE_USAGE(.BOTH.,#7809);
#7809 = SURFACE_SIDE_STYLE('',(#7810));
#7810 = SURFACE_STYLE_FILL_AREA(#7811);
#7811 = FILL_AREA_STYLE('',(#7812));
#7812 = FILL_AREA_STYLE_COLOUR('',#7397);
#7813 = STYLED_ITEM('color',(#7814),#3189);
#7814 = PRESENTATION_STYLE_ASSIGNMENT((#7815));
#7815 = SURFACE_STYLE_USAGE(.BOTH.,#7816);
#7816 = SURFACE_SIDE_STYLE('',(#7817));
#7817 = SURFACE_STYLE_FILL_AREA(#7818);
#7818 = FILL_AREA_STYLE('',(#7819));
#7819 = FILL_AREA_STYLE_COLOUR('',#7397);
#7820 = STYLED_ITEM('color',(#7821),#3206);
#7821 = PRESENTATION_STYLE_ASSIGNMENT((#7822));
#7822 = SURFACE_STYLE_USAGE(.BOTH.,#7823);
#7823 = SURFACE_SIDE_STYLE('',(#7824));
#7824 = SURFACE_STYLE_FILL_AREA(#7825);
#7825 = FILL_AREA_STYLE('',(#7826));
#7826 = FILL_AREA_STYLE_COLOUR('',#7397);
#7827 = STYLED_ITEM('color',(#7828),#3230);
#7828 = PRESENTATION_STYLE_ASSIGNMENT((#7829));
#7829 = SURFACE_STYLE_USAGE(.BOTH.,#7830);
#7830 = SURFACE_SIDE_STYLE('',(#7831));
#7831 = SURFACE_STYLE_FILL_AREA(#7832);
#7832 = FILL_AREA_STYLE('',(#7833));
#7833 = FILL_AREA_STYLE_COLOUR('',#7397);
#7834 = STYLED_ITEM('color',(#7835),#3254);
#7835 = PRESENTATION_STYLE_ASSIGNMENT((#7836));
#7836 = SURFACE_STYLE_USAGE(.BOTH.,#7837);
#7837 = SURFACE_SIDE_STYLE('',(#7838));
#7838 = SURFACE_STYLE_FILL_AREA(#7839);
#7839 = FILL_AREA_STYLE('',(#7840));
#7840 = FILL_AREA_STYLE_COLOUR('',#7397);
#7841 = STYLED_ITEM('color',(#7842),#3271);
#7842 = PRESENTATION_STYLE_ASSIGNMENT((#7843));
#7843 = SURFACE_STYLE_USAGE(.BOTH.,#7844);
#7844 = SURFACE_SIDE_STYLE('',(#7845));
#7845 = SURFACE_STYLE_FILL_AREA(#7846);
#7846 = FILL_AREA_STYLE('',(#7847));
#7847 = FILL_AREA_STYLE_COLOUR('',#7397);
#7848 = STYLED_ITEM('color',(#7849),#3295);
#7849 = PRESENTATION_STYLE_ASSIGNMENT((#7850));
#7850 = SURFACE_STYLE_USAGE(.BOTH.,#7851);
#7851 = SURFACE_SIDE_STYLE('',(#7852));
#7852 = SURFACE_STYLE_FILL_AREA(#7853);
#7853 = FILL_AREA_STYLE('',(#7854));
#7854 = FILL_AREA_STYLE_COLOUR('',#7397);
#7855 = STYLED_ITEM('color',(#7856),#3319);
#7856 = PRESENTATION_STYLE_ASSIGNMENT((#7857));
#7857 = SURFACE_STYLE_USAGE(.BOTH.,#7858);
#7858 = SURFACE_SIDE_STYLE('',(#7859));
#7859 = SURFACE_STYLE_FILL_AREA(#7860);
#7860 = FILL_AREA_STYLE('',(#7861));
#7861 = FILL_AREA_STYLE_COLOUR('',#7397);
#7862 = STYLED_ITEM('color',(#7863),#3336);
#7863 = PRESENTATION_STYLE_ASSIGNMENT((#7864));
#7864 = SURFACE_STYLE_USAGE(.BOTH.,#7865);
#7865 = SURFACE_SIDE_STYLE('',(#7866));
#7866 = SURFACE_STYLE_FILL_AREA(#7867);
#7867 = FILL_AREA_STYLE('',(#7868));
#7868 = FILL_AREA_STYLE_COLOUR('',#7397);
#7869 = STYLED_ITEM('color',(#7870),#3360);
#7870 = PRESENTATION_STYLE_ASSIGNMENT((#7871));
#7871 = SURFACE_STYLE_USAGE(.BOTH.,#7872);
#7872 = SURFACE_SIDE_STYLE('',(#7873));
#7873 = SURFACE_STYLE_FILL_AREA(#7874);
#7874 = FILL_AREA_STYLE('',(#7875));
#7875 = FILL_AREA_STYLE_COLOUR('',#7397);
#7876 = STYLED_ITEM('color',(#7877),#3384);
#7877 = PRESENTATION_STYLE_ASSIGNMENT((#7878));
#7878 = SURFACE_STYLE_USAGE(.BOTH.,#7879);
#7879 = SURFACE_SIDE_STYLE('',(#7880));
#7880 = SURFACE_STYLE_FILL_AREA(#7881);
#7881 = FILL_AREA_STYLE('',(#7882));
#7882 = FILL_AREA_STYLE_COLOUR('',#7397);
#7883 = STYLED_ITEM('color',(#7884),#3401);
#7884 = PRESENTATION_STYLE_ASSIGNMENT((#7885));
#7885 = SURFACE_STYLE_USAGE(.BOTH.,#7886);
#7886 = SURFACE_SIDE_STYLE('',(#7887));
#7887 = SURFACE_STYLE_FILL_AREA(#7888);
#7888 = FILL_AREA_STYLE('',(#7889));
#7889 = FILL_AREA_STYLE_COLOUR('',#7397);
#7890 = STYLED_ITEM('color',(#7891),#3425);
#7891 = PRESENTATION_STYLE_ASSIGNMENT((#7892));
#7892 = SURFACE_STYLE_USAGE(.BOTH.,#7893);
#7893 = SURFACE_SIDE_STYLE('',(#7894));
#7894 = SURFACE_STYLE_FILL_AREA(#7895);
#7895 = FILL_AREA_STYLE('',(#7896));
#7896 = FILL_AREA_STYLE_COLOUR('',#7397);
#7897 = STYLED_ITEM('color',(#7898),#3449);
#7898 = PRESENTATION_STYLE_ASSIGNMENT((#7899));
#7899 = SURFACE_STYLE_USAGE(.BOTH.,#7900);
#7900 = SURFACE_SIDE_STYLE('',(#7901));
#7901 = SURFACE_STYLE_FILL_AREA(#7902);
#7902 = FILL_AREA_STYLE('',(#7903));
#7903 = FILL_AREA_STYLE_COLOUR('',#7397);
#7904 = STYLED_ITEM('color',(#7905),#3466);
#7905 = PRESENTATION_STYLE_ASSIGNMENT((#7906));
#7906 = SURFACE_STYLE_USAGE(.BOTH.,#7907);
#7907 = SURFACE_SIDE_STYLE('',(#7908));
#7908 = SURFACE_STYLE_FILL_AREA(#7909);
#7909 = FILL_AREA_STYLE('',(#7910));
#7910 = FILL_AREA_STYLE_COLOUR('',#7397);
#7911 = STYLED_ITEM('color',(#7912),#3490);
#7912 = PRESENTATION_STYLE_ASSIGNMENT((#7913));
#7913 = SURFACE_STYLE_USAGE(.BOTH.,#7914);
#7914 = SURFACE_SIDE_STYLE('',(#7915));
#7915 = SURFACE_STYLE_FILL_AREA(#7916);
#7916 = FILL_AREA_STYLE('',(#7917));
#7917 = FILL_AREA_STYLE_COLOUR('',#7397);
#7918 = STYLED_ITEM('color',(#7919),#3514);
#7919 = PRESENTATION_STYLE_ASSIGNMENT((#7920));
#7920 = SURFACE_STYLE_USAGE(.BOTH.,#7921);
#7921 = SURFACE_SIDE_STYLE('',(#7922));
#7922 = SURFACE_STYLE_FILL_AREA(#7923);
#7923 = FILL_AREA_STYLE('',(#7924));
#7924 = FILL_AREA_STYLE_COLOUR('',#7397);
#7925 = STYLED_ITEM('color',(#7926),#3531);
#7926 = PRESENTATION_STYLE_ASSIGNMENT((#7927));
#7927 = SURFACE_STYLE_USAGE(.BOTH.,#7928);
#7928 = SURFACE_SIDE_STYLE('',(#7929));
#7929 = SURFACE_STYLE_FILL_AREA(#7930);
#7930 = FILL_AREA_STYLE('',(#7931));
#7931 = FILL_AREA_STYLE_COLOUR('',#7413);
#7932 = STYLED_ITEM('color',(#7933),#3548);
#7933 = PRESENTATION_STYLE_ASSIGNMENT((#7934));
#7934 = SURFACE_STYLE_USAGE(.BOTH.,#7935);
#7935 = SURFACE_SIDE_STYLE('',(#7936));
#7936 = SURFACE_STYLE_FILL_AREA(#7937);
#7937 = FILL_AREA_STYLE('',(#7938));
#7938 = FILL_AREA_STYLE_COLOUR('',#7397);
#7939 = STYLED_ITEM('color',(#7940),#3560);
#7940 = PRESENTATION_STYLE_ASSIGNMENT((#7941));
#7941 = SURFACE_STYLE_USAGE(.BOTH.,#7942);
#7942 = SURFACE_SIDE_STYLE('',(#7943));
#7943 = SURFACE_STYLE_FILL_AREA(#7944);
#7944 = FILL_AREA_STYLE('',(#7945));
#7945 = FILL_AREA_STYLE_COLOUR('',#7413);
#7946 = STYLED_ITEM('color',(#7947),#3572);
#7947 = PRESENTATION_STYLE_ASSIGNMENT((#7948));
#7948 = SURFACE_STYLE_USAGE(.BOTH.,#7949);
#7949 = SURFACE_SIDE_STYLE('',(#7950));
#7950 = SURFACE_STYLE_FILL_AREA(#7951);
#7951 = FILL_AREA_STYLE('',(#7952));
#7952 = FILL_AREA_STYLE_COLOUR('',#7397);
#7953 = STYLED_ITEM('color',(#7954),#3584);
#7954 = PRESENTATION_STYLE_ASSIGNMENT((#7955));
#7955 = SURFACE_STYLE_USAGE(.BOTH.,#7956);
#7956 = SURFACE_SIDE_STYLE('',(#7957));
#7957 = SURFACE_STYLE_FILL_AREA(#7958);
#7958 = FILL_AREA_STYLE('',(#7959));
#7959 = FILL_AREA_STYLE_COLOUR('',#7397);
#7960 = STYLED_ITEM('color',(#7961),#3596);
#7961 = PRESENTATION_STYLE_ASSIGNMENT((#7962));
#7962 = SURFACE_STYLE_USAGE(.BOTH.,#7963);
#7963 = SURFACE_SIDE_STYLE('',(#7964));
#7964 = SURFACE_STYLE_FILL_AREA(#7965);
#7965 = FILL_AREA_STYLE('',(#7966));
#7966 = FILL_AREA_STYLE_COLOUR('',#7397);
#7967 = STYLED_ITEM('color',(#7968),#3608);
#7968 = PRESENTATION_STYLE_ASSIGNMENT((#7969));
#7969 = SURFACE_STYLE_USAGE(.BOTH.,#7970);
#7970 = SURFACE_SIDE_STYLE('',(#7971));
#7971 = SURFACE_STYLE_FILL_AREA(#7972);
#7972 = FILL_AREA_STYLE('',(#7973));
#7973 = FILL_AREA_STYLE_COLOUR('',#7397);
#7974 = STYLED_ITEM('color',(#7975),#3620);
#7975 = PRESENTATION_STYLE_ASSIGNMENT((#7976));
#7976 = SURFACE_STYLE_USAGE(.BOTH.,#7977);
#7977 = SURFACE_SIDE_STYLE('',(#7978));
#7978 = SURFACE_STYLE_FILL_AREA(#7979);
#7979 = FILL_AREA_STYLE('',(#7980));
#7980 = FILL_AREA_STYLE_COLOUR('',#7397);
#7981 = STYLED_ITEM('color',(#7982),#3632);
#7982 = PRESENTATION_STYLE_ASSIGNMENT((#7983));
#7983 = SURFACE_STYLE_USAGE(.BOTH.,#7984);
#7984 = SURFACE_SIDE_STYLE('',(#7985));
#7985 = SURFACE_STYLE_FILL_AREA(#7986);
#7986 = FILL_AREA_STYLE('',(#7987));
#7987 = FILL_AREA_STYLE_COLOUR('',#7397);
#7988 = STYLED_ITEM('color',(#7989),#3644);
#7989 = PRESENTATION_STYLE_ASSIGNMENT((#7990));
#7990 = SURFACE_STYLE_USAGE(.BOTH.,#7991);
#7991 = SURFACE_SIDE_STYLE('',(#7992));
#7992 = SURFACE_STYLE_FILL_AREA(#7993);
#7993 = FILL_AREA_STYLE('',(#7994));
#7994 = FILL_AREA_STYLE_COLOUR('',#7397);
#7995 = STYLED_ITEM('color',(#7996),#3656);
#7996 = PRESENTATION_STYLE_ASSIGNMENT((#7997));
#7997 = SURFACE_STYLE_USAGE(.BOTH.,#7998);
#7998 = SURFACE_SIDE_STYLE('',(#7999));
#7999 = SURFACE_STYLE_FILL_AREA(#8000);
#8000 = FILL_AREA_STYLE('',(#8001));
#8001 = FILL_AREA_STYLE_COLOUR('',#7397);
#8002 = STYLED_ITEM('color',(#8003),#3673);
#8003 = PRESENTATION_STYLE_ASSIGNMENT((#8004));
#8004 = SURFACE_STYLE_USAGE(.BOTH.,#8005);
#8005 = SURFACE_SIDE_STYLE('',(#8006));
#8006 = SURFACE_STYLE_FILL_AREA(#8007);
#8007 = FILL_AREA_STYLE('',(#8008));
#8008 = FILL_AREA_STYLE_COLOUR('',#7397);
#8009 = STYLED_ITEM('color',(#8010),#3690);
#8010 = PRESENTATION_STYLE_ASSIGNMENT((#8011));
#8011 = SURFACE_STYLE_USAGE(.BOTH.,#8012);
#8012 = SURFACE_SIDE_STYLE('',(#8013));
#8013 = SURFACE_STYLE_FILL_AREA(#8014);
#8014 = FILL_AREA_STYLE('',(#8015));
#8015 = FILL_AREA_STYLE_COLOUR('',#7397);
#8016 = STYLED_ITEM('color',(#8017),#3707);
#8017 = PRESENTATION_STYLE_ASSIGNMENT((#8018));
#8018 = SURFACE_STYLE_USAGE(.BOTH.,#8019);
#8019 = SURFACE_SIDE_STYLE('',(#8020));
#8020 = SURFACE_STYLE_FILL_AREA(#8021);
#8021 = FILL_AREA_STYLE('',(#8022));
#8022 = FILL_AREA_STYLE_COLOUR('',#7397);
#8023 = STYLED_ITEM('color',(#8024),#3724);
#8024 = PRESENTATION_STYLE_ASSIGNMENT((#8025));
#8025 = SURFACE_STYLE_USAGE(.BOTH.,#8026);
#8026 = SURFACE_SIDE_STYLE('',(#8027));
#8027 = SURFACE_STYLE_FILL_AREA(#8028);
#8028 = FILL_AREA_STYLE('',(#8029));
#8029 = FILL_AREA_STYLE_COLOUR('',#7397);
#8030 = STYLED_ITEM('color',(#8031),#3741);
#8031 = PRESENTATION_STYLE_ASSIGNMENT((#8032));
#8032 = SURFACE_STYLE_USAGE(.BOTH.,#8033);
#8033 = SURFACE_SIDE_STYLE('',(#8034));
#8034 = SURFACE_STYLE_FILL_AREA(#8035);
#8035 = FILL_AREA_STYLE('',(#8036));
#8036 = FILL_AREA_STYLE_COLOUR('',#7397);
#8037 = STYLED_ITEM('color',(#8038),#3758);
#8038 = PRESENTATION_STYLE_ASSIGNMENT((#8039));
#8039 = SURFACE_STYLE_USAGE(.BOTH.,#8040);
#8040 = SURFACE_SIDE_STYLE('',(#8041));
#8041 = SURFACE_STYLE_FILL_AREA(#8042);
#8042 = FILL_AREA_STYLE('',(#8043));
#8043 = FILL_AREA_STYLE_COLOUR('',#7405);
#8044 = STYLED_ITEM('color',(#8045),#3870);
#8045 = PRESENTATION_STYLE_ASSIGNMENT((#8046));
#8046 = SURFACE_STYLE_USAGE(.BOTH.,#8047);
#8047 = SURFACE_SIDE_STYLE('',(#8048));
#8048 = SURFACE_STYLE_FILL_AREA(#8049);
#8049 = FILL_AREA_STYLE('',(#8050));
#8050 = FILL_AREA_STYLE_COLOUR('',#7397);
#8051 = STYLED_ITEM('color',(#8052),#3892);
#8052 = PRESENTATION_STYLE_ASSIGNMENT((#8053));
#8053 = SURFACE_STYLE_USAGE(.BOTH.,#8054);
#8054 = SURFACE_SIDE_STYLE('',(#8055));
#8055 = SURFACE_STYLE_FILL_AREA(#8056);
#8056 = FILL_AREA_STYLE('',(#8057));
#8057 = FILL_AREA_STYLE_COLOUR('',#7397);
#8058 = STYLED_ITEM('color',(#8059),#3909);
#8059 = PRESENTATION_STYLE_ASSIGNMENT((#8060));
#8060 = SURFACE_STYLE_USAGE(.BOTH.,#8061);
#8061 = SURFACE_SIDE_STYLE('',(#8062));
#8062 = SURFACE_STYLE_FILL_AREA(#8063);
#8063 = FILL_AREA_STYLE('',(#8064));
#8064 = FILL_AREA_STYLE_COLOUR('',#7397);
#8065 = STYLED_ITEM('color',(#8066),#3926);
#8066 = PRESENTATION_STYLE_ASSIGNMENT((#8067));
#8067 = SURFACE_STYLE_USAGE(.BOTH.,#8068);
#8068 = SURFACE_SIDE_STYLE('',(#8069));
#8069 = SURFACE_STYLE_FILL_AREA(#8070);
#8070 = FILL_AREA_STYLE('',(#8071));
#8071 = FILL_AREA_STYLE_COLOUR('',#7397);
#8072 = STYLED_ITEM('color',(#8073),#3957);
#8073 = PRESENTATION_STYLE_ASSIGNMENT((#8074));
#8074 = SURFACE_STYLE_USAGE(.BOTH.,#8075);
#8075 = SURFACE_SIDE_STYLE('',(#8076));
#8076 = SURFACE_STYLE_FILL_AREA(#8077);
#8077 = FILL_AREA_STYLE('',(#8078));
#8078 = FILL_AREA_STYLE_COLOUR('',#7397);
#8079 = STYLED_ITEM('color',(#8080),#3984);
#8080 = PRESENTATION_STYLE_ASSIGNMENT((#8081));
#8081 = SURFACE_STYLE_USAGE(.BOTH.,#8082);
#8082 = SURFACE_SIDE_STYLE('',(#8083));
#8083 = SURFACE_STYLE_FILL_AREA(#8084);
#8084 = FILL_AREA_STYLE('',(#8085));
#8085 = FILL_AREA_STYLE_COLOUR('',#7397);
#8086 = STYLED_ITEM('color',(#8087),#4015);
#8087 = PRESENTATION_STYLE_ASSIGNMENT((#8088));
#8088 = SURFACE_STYLE_USAGE(.BOTH.,#8089);
#8089 = SURFACE_SIDE_STYLE('',(#8090));
#8090 = SURFACE_STYLE_FILL_AREA(#8091);
#8091 = FILL_AREA_STYLE('',(#8092));
#8092 = FILL_AREA_STYLE_COLOUR('',#7397);
#8093 = STYLED_ITEM('color',(#8094),#4037);
#8094 = PRESENTATION_STYLE_ASSIGNMENT((#8095));
#8095 = SURFACE_STYLE_USAGE(.BOTH.,#8096);
#8096 = SURFACE_SIDE_STYLE('',(#8097));
#8097 = SURFACE_STYLE_FILL_AREA(#8098);
#8098 = FILL_AREA_STYLE('',(#8099));
#8099 = FILL_AREA_STYLE_COLOUR('',#7397);
#8100 = STYLED_ITEM('color',(#8101),#4054);
#8101 = PRESENTATION_STYLE_ASSIGNMENT((#8102));
#8102 = SURFACE_STYLE_USAGE(.BOTH.,#8103);
#8103 = SURFACE_SIDE_STYLE('',(#8104));
#8104 = SURFACE_STYLE_FILL_AREA(#8105);
#8105 = FILL_AREA_STYLE('',(#8106));
#8106 = FILL_AREA_STYLE_COLOUR('',#7397);
#8107 = STYLED_ITEM('color',(#8108),#4071);
#8108 = PRESENTATION_STYLE_ASSIGNMENT((#8109));
#8109 = SURFACE_STYLE_USAGE(.BOTH.,#8110);
#8110 = SURFACE_SIDE_STYLE('',(#8111));
#8111 = SURFACE_STYLE_FILL_AREA(#8112);
#8112 = FILL_AREA_STYLE('',(#8113));
#8113 = FILL_AREA_STYLE_COLOUR('',#7397);
#8114 = STYLED_ITEM('color',(#8115),#4102);
#8115 = PRESENTATION_STYLE_ASSIGNMENT((#8116));
#8116 = SURFACE_STYLE_USAGE(.BOTH.,#8117);
#8117 = SURFACE_SIDE_STYLE('',(#8118));
#8118 = SURFACE_STYLE_FILL_AREA(#8119);
#8119 = FILL_AREA_STYLE('',(#8120));
#8120 = FILL_AREA_STYLE_COLOUR('',#7397);
#8121 = STYLED_ITEM('color',(#8122),#4129);
#8122 = PRESENTATION_STYLE_ASSIGNMENT((#8123));
#8123 = SURFACE_STYLE_USAGE(.BOTH.,#8124);
#8124 = SURFACE_SIDE_STYLE('',(#8125));
#8125 = SURFACE_STYLE_FILL_AREA(#8126);
#8126 = FILL_AREA_STYLE('',(#8127));
#8127 = FILL_AREA_STYLE_COLOUR('',#7397);
#8128 = STYLED_ITEM('color',(#8129),#4160);
#8129 = PRESENTATION_STYLE_ASSIGNMENT((#8130));
#8130 = SURFACE_STYLE_USAGE(.BOTH.,#8131);
#8131 = SURFACE_SIDE_STYLE('',(#8132));
#8132 = SURFACE_STYLE_FILL_AREA(#8133);
#8133 = FILL_AREA_STYLE('',(#8134));
#8134 = FILL_AREA_STYLE_COLOUR('',#7397);
#8135 = STYLED_ITEM('color',(#8136),#4182);
#8136 = PRESENTATION_STYLE_ASSIGNMENT((#8137));
#8137 = SURFACE_STYLE_USAGE(.BOTH.,#8138);
#8138 = SURFACE_SIDE_STYLE('',(#8139));
#8139 = SURFACE_STYLE_FILL_AREA(#8140);
#8140 = FILL_AREA_STYLE('',(#8141));
#8141 = FILL_AREA_STYLE_COLOUR('',#7397);
#8142 = STYLED_ITEM('color',(#8143),#4199);
#8143 = PRESENTATION_STYLE_ASSIGNMENT((#8144));
#8144 = SURFACE_STYLE_USAGE(.BOTH.,#8145);
#8145 = SURFACE_SIDE_STYLE('',(#8146));
#8146 = SURFACE_STYLE_FILL_AREA(#8147);
#8147 = FILL_AREA_STYLE('',(#8148));
#8148 = FILL_AREA_STYLE_COLOUR('',#7397);
#8149 = STYLED_ITEM('color',(#8150),#4216);
#8150 = PRESENTATION_STYLE_ASSIGNMENT((#8151));
#8151 = SURFACE_STYLE_USAGE(.BOTH.,#8152);
#8152 = SURFACE_SIDE_STYLE('',(#8153));
#8153 = SURFACE_STYLE_FILL_AREA(#8154);
#8154 = FILL_AREA_STYLE('',(#8155));
#8155 = FILL_AREA_STYLE_COLOUR('',#7397);
#8156 = STYLED_ITEM('color',(#8157),#4247);
#8157 = PRESENTATION_STYLE_ASSIGNMENT((#8158));
#8158 = SURFACE_STYLE_USAGE(.BOTH.,#8159);
#8159 = SURFACE_SIDE_STYLE('',(#8160));
#8160 = SURFACE_STYLE_FILL_AREA(#8161);
#8161 = FILL_AREA_STYLE('',(#8162));
#8162 = FILL_AREA_STYLE_COLOUR('',#7397);
#8163 = STYLED_ITEM('color',(#8164),#4274);
#8164 = PRESENTATION_STYLE_ASSIGNMENT((#8165));
#8165 = SURFACE_STYLE_USAGE(.BOTH.,#8166);
#8166 = SURFACE_SIDE_STYLE('',(#8167));
#8167 = SURFACE_STYLE_FILL_AREA(#8168);
#8168 = FILL_AREA_STYLE('',(#8169));
#8169 = FILL_AREA_STYLE_COLOUR('',#7397);
#8170 = STYLED_ITEM('color',(#8171),#4305);
#8171 = PRESENTATION_STYLE_ASSIGNMENT((#8172));
#8172 = SURFACE_STYLE_USAGE(.BOTH.,#8173);
#8173 = SURFACE_SIDE_STYLE('',(#8174));
#8174 = SURFACE_STYLE_FILL_AREA(#8175);
#8175 = FILL_AREA_STYLE('',(#8176));
#8176 = FILL_AREA_STYLE_COLOUR('',#7397);
#8177 = STYLED_ITEM('color',(#8178),#4327);
#8178 = PRESENTATION_STYLE_ASSIGNMENT((#8179));
#8179 = SURFACE_STYLE_USAGE(.BOTH.,#8180);
#8180 = SURFACE_SIDE_STYLE('',(#8181));
#8181 = SURFACE_STYLE_FILL_AREA(#8182);
#8182 = FILL_AREA_STYLE('',(#8183));
#8183 = FILL_AREA_STYLE_COLOUR('',#7397);
#8184 = STYLED_ITEM('color',(#8185),#4344);
#8185 = PRESENTATION_STYLE_ASSIGNMENT((#8186));
#8186 = SURFACE_STYLE_USAGE(.BOTH.,#8187);
#8187 = SURFACE_SIDE_STYLE('',(#8188));
#8188 = SURFACE_STYLE_FILL_AREA(#8189);
#8189 = FILL_AREA_STYLE('',(#8190));
#8190 = FILL_AREA_STYLE_COLOUR('',#7397);
#8191 = STYLED_ITEM('color',(#8192),#4361);
#8192 = PRESENTATION_STYLE_ASSIGNMENT((#8193));
#8193 = SURFACE_STYLE_USAGE(.BOTH.,#8194);
#8194 = SURFACE_SIDE_STYLE('',(#8195));
#8195 = SURFACE_STYLE_FILL_AREA(#8196);
#8196 = FILL_AREA_STYLE('',(#8197));
#8197 = FILL_AREA_STYLE_COLOUR('',#7397);
#8198 = STYLED_ITEM('color',(#8199),#4392);
#8199 = PRESENTATION_STYLE_ASSIGNMENT((#8200));
#8200 = SURFACE_STYLE_USAGE(.BOTH.,#8201);
#8201 = SURFACE_SIDE_STYLE('',(#8202));
#8202 = SURFACE_STYLE_FILL_AREA(#8203);
#8203 = FILL_AREA_STYLE('',(#8204));
#8204 = FILL_AREA_STYLE_COLOUR('',#7397);
#8205 = STYLED_ITEM('color',(#8206),#4419);
#8206 = PRESENTATION_STYLE_ASSIGNMENT((#8207));
#8207 = SURFACE_STYLE_USAGE(.BOTH.,#8208);
#8208 = SURFACE_SIDE_STYLE('',(#8209));
#8209 = SURFACE_STYLE_FILL_AREA(#8210);
#8210 = FILL_AREA_STYLE('',(#8211));
#8211 = FILL_AREA_STYLE_COLOUR('',#7397);
#8212 = STYLED_ITEM('color',(#8213),#4450);
#8213 = PRESENTATION_STYLE_ASSIGNMENT((#8214));
#8214 = SURFACE_STYLE_USAGE(.BOTH.,#8215);
#8215 = SURFACE_SIDE_STYLE('',(#8216));
#8216 = SURFACE_STYLE_FILL_AREA(#8217);
#8217 = FILL_AREA_STYLE('',(#8218));
#8218 = FILL_AREA_STYLE_COLOUR('',#7397);
#8219 = STYLED_ITEM('color',(#8220),#4472);
#8220 = PRESENTATION_STYLE_ASSIGNMENT((#8221));
#8221 = SURFACE_STYLE_USAGE(.BOTH.,#8222);
#8222 = SURFACE_SIDE_STYLE('',(#8223));
#8223 = SURFACE_STYLE_FILL_AREA(#8224);
#8224 = FILL_AREA_STYLE('',(#8225));
#8225 = FILL_AREA_STYLE_COLOUR('',#7397);
#8226 = STYLED_ITEM('color',(#8227),#4489);
#8227 = PRESENTATION_STYLE_ASSIGNMENT((#8228));
#8228 = SURFACE_STYLE_USAGE(.BOTH.,#8229);
#8229 = SURFACE_SIDE_STYLE('',(#8230));
#8230 = SURFACE_STYLE_FILL_AREA(#8231);
#8231 = FILL_AREA_STYLE('',(#8232));
#8232 = FILL_AREA_STYLE_COLOUR('',#7397);
#8233 = STYLED_ITEM('color',(#8234),#4506);
#8234 = PRESENTATION_STYLE_ASSIGNMENT((#8235));
#8235 = SURFACE_STYLE_USAGE(.BOTH.,#8236);
#8236 = SURFACE_SIDE_STYLE('',(#8237));
#8237 = SURFACE_STYLE_FILL_AREA(#8238);
#8238 = FILL_AREA_STYLE('',(#8239));
#8239 = FILL_AREA_STYLE_COLOUR('',#7397);
#8240 = STYLED_ITEM('color',(#8241),#4537);
#8241 = PRESENTATION_STYLE_ASSIGNMENT((#8242));
#8242 = SURFACE_STYLE_USAGE(.BOTH.,#8243);
#8243 = SURFACE_SIDE_STYLE('',(#8244));
#8244 = SURFACE_STYLE_FILL_AREA(#8245);
#8245 = FILL_AREA_STYLE('',(#8246));
#8246 = FILL_AREA_STYLE_COLOUR('',#7397);
#8247 = STYLED_ITEM('color',(#8248),#4564);
#8248 = PRESENTATION_STYLE_ASSIGNMENT((#8249));
#8249 = SURFACE_STYLE_USAGE(.BOTH.,#8250);
#8250 = SURFACE_SIDE_STYLE('',(#8251));
#8251 = SURFACE_STYLE_FILL_AREA(#8252);
#8252 = FILL_AREA_STYLE('',(#8253));
#8253 = FILL_AREA_STYLE_COLOUR('',#7397);
#8254 = STYLED_ITEM('color',(#8255),#4595);
#8255 = PRESENTATION_STYLE_ASSIGNMENT((#8256));
#8256 = SURFACE_STYLE_USAGE(.BOTH.,#8257);
#8257 = SURFACE_SIDE_STYLE('',(#8258));
#8258 = SURFACE_STYLE_FILL_AREA(#8259);
#8259 = FILL_AREA_STYLE('',(#8260));
#8260 = FILL_AREA_STYLE_COLOUR('',#7397);
#8261 = STYLED_ITEM('color',(#8262),#4617);
#8262 = PRESENTATION_STYLE_ASSIGNMENT((#8263));
#8263 = SURFACE_STYLE_USAGE(.BOTH.,#8264);
#8264 = SURFACE_SIDE_STYLE('',(#8265));
#8265 = SURFACE_STYLE_FILL_AREA(#8266);
#8266 = FILL_AREA_STYLE('',(#8267));
#8267 = FILL_AREA_STYLE_COLOUR('',#7397);
#8268 = STYLED_ITEM('color',(#8269),#4634);
#8269 = PRESENTATION_STYLE_ASSIGNMENT((#8270));
#8270 = SURFACE_STYLE_USAGE(.BOTH.,#8271);
#8271 = SURFACE_SIDE_STYLE('',(#8272));
#8272 = SURFACE_STYLE_FILL_AREA(#8273);
#8273 = FILL_AREA_STYLE('',(#8274));
#8274 = FILL_AREA_STYLE_COLOUR('',#7397);
#8275 = STYLED_ITEM('color',(#8276),#4651);
#8276 = PRESENTATION_STYLE_ASSIGNMENT((#8277));
#8277 = SURFACE_STYLE_USAGE(.BOTH.,#8278);
#8278 = SURFACE_SIDE_STYLE('',(#8279));
#8279 = SURFACE_STYLE_FILL_AREA(#8280);
#8280 = FILL_AREA_STYLE('',(#8281));
#8281 = FILL_AREA_STYLE_COLOUR('',#7397);
#8282 = STYLED_ITEM('color',(#8283),#4682);
#8283 = PRESENTATION_STYLE_ASSIGNMENT((#8284));
#8284 = SURFACE_STYLE_USAGE(.BOTH.,#8285);
#8285 = SURFACE_SIDE_STYLE('',(#8286));
#8286 = SURFACE_STYLE_FILL_AREA(#8287);
#8287 = FILL_AREA_STYLE('',(#8288));
#8288 = FILL_AREA_STYLE_COLOUR('',#7397);
#8289 = STYLED_ITEM('color',(#8290),#4709);
#8290 = PRESENTATION_STYLE_ASSIGNMENT((#8291));
#8291 = SURFACE_STYLE_USAGE(.BOTH.,#8292);
#8292 = SURFACE_SIDE_STYLE('',(#8293));
#8293 = SURFACE_STYLE_FILL_AREA(#8294);
#8294 = FILL_AREA_STYLE('',(#8295));
#8295 = FILL_AREA_STYLE_COLOUR('',#7397);
#8296 = STYLED_ITEM('color',(#8297),#4740);
#8297 = PRESENTATION_STYLE_ASSIGNMENT((#8298));
#8298 = SURFACE_STYLE_USAGE(.BOTH.,#8299);
#8299 = SURFACE_SIDE_STYLE('',(#8300));
#8300 = SURFACE_STYLE_FILL_AREA(#8301);
#8301 = FILL_AREA_STYLE('',(#8302));
#8302 = FILL_AREA_STYLE_COLOUR('',#7413);
#8303 = STYLED_ITEM('color',(#8304),#4752);
#8304 = PRESENTATION_STYLE_ASSIGNMENT((#8305));
#8305 = SURFACE_STYLE_USAGE(.BOTH.,#8306);
#8306 = SURFACE_SIDE_STYLE('',(#8307));
#8307 = SURFACE_STYLE_FILL_AREA(#8308);
#8308 = FILL_AREA_STYLE('',(#8309));
#8309 = FILL_AREA_STYLE_COLOUR('',#7397);
#8310 = STYLED_ITEM('color',(#8311),#4786);
#8311 = PRESENTATION_STYLE_ASSIGNMENT((#8312));
#8312 = SURFACE_STYLE_USAGE(.BOTH.,#8313);
#8313 = SURFACE_SIDE_STYLE('',(#8314));
#8314 = SURFACE_STYLE_FILL_AREA(#8315);
#8315 = FILL_AREA_STYLE('',(#8316));
#8316 = FILL_AREA_STYLE_COLOUR('',#7397);
#8317 = STYLED_ITEM('color',(#8318),#4812);
#8318 = PRESENTATION_STYLE_ASSIGNMENT((#8319));
#8319 = SURFACE_STYLE_USAGE(.BOTH.,#8320);
#8320 = SURFACE_SIDE_STYLE('',(#8321));
#8321 = SURFACE_STYLE_FILL_AREA(#8322);
#8322 = FILL_AREA_STYLE('',(#8323));
#8323 = FILL_AREA_STYLE_COLOUR('',#7397);
#8324 = STYLED_ITEM('color',(#8325),#4837);
#8325 = PRESENTATION_STYLE_ASSIGNMENT((#8326));
#8326 = SURFACE_STYLE_USAGE(.BOTH.,#8327);
#8327 = SURFACE_SIDE_STYLE('',(#8328));
#8328 = SURFACE_STYLE_FILL_AREA(#8329);
#8329 = FILL_AREA_STYLE('',(#8330));
#8330 = FILL_AREA_STYLE_COLOUR('',#7397);
#8331 = STYLED_ITEM('color',(#8332),#4863);
#8332 = PRESENTATION_STYLE_ASSIGNMENT((#8333));
#8333 = SURFACE_STYLE_USAGE(.BOTH.,#8334);
#8334 = SURFACE_SIDE_STYLE('',(#8335));
#8335 = SURFACE_STYLE_FILL_AREA(#8336);
#8336 = FILL_AREA_STYLE('',(#8337));
#8337 = FILL_AREA_STYLE_COLOUR('',#7397);
#8338 = STYLED_ITEM('color',(#8339),#4880);
#8339 = PRESENTATION_STYLE_ASSIGNMENT((#8340));
#8340 = SURFACE_STYLE_USAGE(.BOTH.,#8341);
#8341 = SURFACE_SIDE_STYLE('',(#8342));
#8342 = SURFACE_STYLE_FILL_AREA(#8343);
#8343 = FILL_AREA_STYLE('',(#8344));
#8344 = FILL_AREA_STYLE_COLOUR('',#7397);
#8345 = STYLED_ITEM('color',(#8346),#4892);
#8346 = PRESENTATION_STYLE_ASSIGNMENT((#8347));
#8347 = SURFACE_STYLE_USAGE(.BOTH.,#8348);
#8348 = SURFACE_SIDE_STYLE('',(#8349));
#8349 = SURFACE_STYLE_FILL_AREA(#8350);
#8350 = FILL_AREA_STYLE('',(#8351));
#8351 = FILL_AREA_STYLE_COLOUR('',#7397);
#8352 = STYLED_ITEM('color',(#8353),#4904);
#8353 = PRESENTATION_STYLE_ASSIGNMENT((#8354));
#8354 = SURFACE_STYLE_USAGE(.BOTH.,#8355);
#8355 = SURFACE_SIDE_STYLE('',(#8356));
#8356 = SURFACE_STYLE_FILL_AREA(#8357);
#8357 = FILL_AREA_STYLE('',(#8358));
#8358 = FILL_AREA_STYLE_COLOUR('',#7397);
#8359 = STYLED_ITEM('color',(#8360),#4916);
#8360 = PRESENTATION_STYLE_ASSIGNMENT((#8361));
#8361 = SURFACE_STYLE_USAGE(.BOTH.,#8362);
#8362 = SURFACE_SIDE_STYLE('',(#8363));
#8363 = SURFACE_STYLE_FILL_AREA(#8364);
#8364 = FILL_AREA_STYLE('',(#8365));
#8365 = FILL_AREA_STYLE_COLOUR('',#7397);
#8366 = STYLED_ITEM('color',(#8367),#4928);
#8367 = PRESENTATION_STYLE_ASSIGNMENT((#8368));
#8368 = SURFACE_STYLE_USAGE(.BOTH.,#8369);
#8369 = SURFACE_SIDE_STYLE('',(#8370));
#8370 = SURFACE_STYLE_FILL_AREA(#8371);
#8371 = FILL_AREA_STYLE('',(#8372));
#8372 = FILL_AREA_STYLE_COLOUR('',#7397);
#8373 = STYLED_ITEM('color',(#8374),#4940);
#8374 = PRESENTATION_STYLE_ASSIGNMENT((#8375));
#8375 = SURFACE_STYLE_USAGE(.BOTH.,#8376);
#8376 = SURFACE_SIDE_STYLE('',(#8377));
#8377 = SURFACE_STYLE_FILL_AREA(#8378);
#8378 = FILL_AREA_STYLE('',(#8379));
#8379 = FILL_AREA_STYLE_COLOUR('',#7397);
#8380 = STYLED_ITEM('color',(#8381),#4952);
#8381 = PRESENTATION_STYLE_ASSIGNMENT((#8382));
#8382 = SURFACE_STYLE_USAGE(.BOTH.,#8383);
#8383 = SURFACE_SIDE_STYLE('',(#8384));
#8384 = SURFACE_STYLE_FILL_AREA(#8385);
#8385 = FILL_AREA_STYLE('',(#8386));
#8386 = FILL_AREA_STYLE_COLOUR('',#7397);
#8387 = STYLED_ITEM('color',(#8388),#4964);
#8388 = PRESENTATION_STYLE_ASSIGNMENT((#8389));
#8389 = SURFACE_STYLE_USAGE(.BOTH.,#8390);
#8390 = SURFACE_SIDE_STYLE('',(#8391));
#8391 = SURFACE_STYLE_FILL_AREA(#8392);
#8392 = FILL_AREA_STYLE('',(#8393));
#8393 = FILL_AREA_STYLE_COLOUR('',#7397);
#8394 = STYLED_ITEM('color',(#8395),#4976);
#8395 = PRESENTATION_STYLE_ASSIGNMENT((#8396));
#8396 = SURFACE_STYLE_USAGE(.BOTH.,#8397);
#8397 = SURFACE_SIDE_STYLE('',(#8398));
#8398 = SURFACE_STYLE_FILL_AREA(#8399);
#8399 = FILL_AREA_STYLE('',(#8400));
#8400 = FILL_AREA_STYLE_COLOUR('',#7397);
#8401 = STYLED_ITEM('color',(#8402),#4993);
#8402 = PRESENTATION_STYLE_ASSIGNMENT((#8403));
#8403 = SURFACE_STYLE_USAGE(.BOTH.,#8404);
#8404 = SURFACE_SIDE_STYLE('',(#8405));
#8405 = SURFACE_STYLE_FILL_AREA(#8406);
#8406 = FILL_AREA_STYLE('',(#8407));
#8407 = FILL_AREA_STYLE_COLOUR('',#7397);
#8408 = STYLED_ITEM('color',(#8409),#5010);
#8409 = PRESENTATION_STYLE_ASSIGNMENT((#8410));
#8410 = SURFACE_STYLE_USAGE(.BOTH.,#8411);
#8411 = SURFACE_SIDE_STYLE('',(#8412));
#8412 = SURFACE_STYLE_FILL_AREA(#8413);
#8413 = FILL_AREA_STYLE('',(#8414));
#8414 = FILL_AREA_STYLE_COLOUR('',#7397);
#8415 = STYLED_ITEM('color',(#8416),#5027);
#8416 = PRESENTATION_STYLE_ASSIGNMENT((#8417));
#8417 = SURFACE_STYLE_USAGE(.BOTH.,#8418);
#8418 = SURFACE_SIDE_STYLE('',(#8419));
#8419 = SURFACE_STYLE_FILL_AREA(#8420);
#8420 = FILL_AREA_STYLE('',(#8421));
#8421 = FILL_AREA_STYLE_COLOUR('',#7397);
#8422 = STYLED_ITEM('color',(#8423),#5044);
#8423 = PRESENTATION_STYLE_ASSIGNMENT((#8424));
#8424 = SURFACE_STYLE_USAGE(.BOTH.,#8425);
#8425 = SURFACE_SIDE_STYLE('',(#8426));
#8426 = SURFACE_STYLE_FILL_AREA(#8427);
#8427 = FILL_AREA_STYLE('',(#8428));
#8428 = FILL_AREA_STYLE_COLOUR('',#7397);
#8429 = STYLED_ITEM('color',(#8430),#5061);
#8430 = PRESENTATION_STYLE_ASSIGNMENT((#8431));
#8431 = SURFACE_STYLE_USAGE(.BOTH.,#8432);
#8432 = SURFACE_SIDE_STYLE('',(#8433));
#8433 = SURFACE_STYLE_FILL_AREA(#8434);
#8434 = FILL_AREA_STYLE('',(#8435));
#8435 = FILL_AREA_STYLE_COLOUR('',#7397);
#8436 = STYLED_ITEM('color',(#8437),#5078);
#8437 = PRESENTATION_STYLE_ASSIGNMENT((#8438));
#8438 = SURFACE_STYLE_USAGE(.BOTH.,#8439);
#8439 = SURFACE_SIDE_STYLE('',(#8440));
#8440 = SURFACE_STYLE_FILL_AREA(#8441);
#8441 = FILL_AREA_STYLE('',(#8442));
#8442 = FILL_AREA_STYLE_COLOUR('',#7397);
#8443 = STYLED_ITEM('color',(#8444),#5103);
#8444 = PRESENTATION_STYLE_ASSIGNMENT((#8445));
#8445 = SURFACE_STYLE_USAGE(.BOTH.,#8446);
#8446 = SURFACE_SIDE_STYLE('',(#8447));
#8447 = SURFACE_STYLE_FILL_AREA(#8448);
#8448 = FILL_AREA_STYLE('',(#8449));
#8449 = FILL_AREA_STYLE_COLOUR('',#7397);
#8450 = STYLED_ITEM('color',(#8451),#5128);
#8451 = PRESENTATION_STYLE_ASSIGNMENT((#8452));
#8452 = SURFACE_STYLE_USAGE(.BOTH.,#8453);
#8453 = SURFACE_SIDE_STYLE('',(#8454));
#8454 = SURFACE_STYLE_FILL_AREA(#8455);
#8455 = FILL_AREA_STYLE('',(#8456));
#8456 = FILL_AREA_STYLE_COLOUR('',#7397);
#8457 = STYLED_ITEM('color',(#8458),#5153);
#8458 = PRESENTATION_STYLE_ASSIGNMENT((#8459));
#8459 = SURFACE_STYLE_USAGE(.BOTH.,#8460);
#8460 = SURFACE_SIDE_STYLE('',(#8461));
#8461 = SURFACE_STYLE_FILL_AREA(#8462);
#8462 = FILL_AREA_STYLE('',(#8463));
#8463 = FILL_AREA_STYLE_COLOUR('',#7397);
#8464 = STYLED_ITEM('color',(#8465),#5178);
#8465 = PRESENTATION_STYLE_ASSIGNMENT((#8466));
#8466 = SURFACE_STYLE_USAGE(.BOTH.,#8467);
#8467 = SURFACE_SIDE_STYLE('',(#8468));
#8468 = SURFACE_STYLE_FILL_AREA(#8469);
#8469 = FILL_AREA_STYLE('',(#8470));
#8470 = FILL_AREA_STYLE_COLOUR('',#7413);
#8471 = STYLED_ITEM('color',(#8472),#5209);
#8472 = PRESENTATION_STYLE_ASSIGNMENT((#8473));
#8473 = SURFACE_STYLE_USAGE(.BOTH.,#8474);
#8474 = SURFACE_SIDE_STYLE('',(#8475));
#8475 = SURFACE_STYLE_FILL_AREA(#8476);
#8476 = FILL_AREA_STYLE('',(#8477));
#8477 = FILL_AREA_STYLE_COLOUR('',#7413);
#8478 = STYLED_ITEM('color',(#8479),#5233);
#8479 = PRESENTATION_STYLE_ASSIGNMENT((#8480));
#8480 = SURFACE_STYLE_USAGE(.BOTH.,#8481);
#8481 = SURFACE_SIDE_STYLE('',(#8482));
#8482 = SURFACE_STYLE_FILL_AREA(#8483);
#8483 = FILL_AREA_STYLE('',(#8484));
#8484 = FILL_AREA_STYLE_COLOUR('',#7413);
#8485 = STYLED_ITEM('color',(#8486),#5257);
#8486 = PRESENTATION_STYLE_ASSIGNMENT((#8487));
#8487 = SURFACE_STYLE_USAGE(.BOTH.,#8488);
#8488 = SURFACE_SIDE_STYLE('',(#8489));
#8489 = SURFACE_STYLE_FILL_AREA(#8490);
#8490 = FILL_AREA_STYLE('',(#8491));
#8491 = FILL_AREA_STYLE_COLOUR('',#7413);
#8492 = STYLED_ITEM('color',(#8493),#5274);
#8493 = PRESENTATION_STYLE_ASSIGNMENT((#8494));
#8494 = SURFACE_STYLE_USAGE(.BOTH.,#8495);
#8495 = SURFACE_SIDE_STYLE('',(#8496));
#8496 = SURFACE_STYLE_FILL_AREA(#8497);
#8497 = FILL_AREA_STYLE('',(#8498));
#8498 = FILL_AREA_STYLE_COLOUR('',#7397);
#8499 = STYLED_ITEM('color',(#8500),#5299);
#8500 = PRESENTATION_STYLE_ASSIGNMENT((#8501));
#8501 = SURFACE_STYLE_USAGE(.BOTH.,#8502);
#8502 = SURFACE_SIDE_STYLE('',(#8503));
#8503 = SURFACE_STYLE_FILL_AREA(#8504);
#8504 = FILL_AREA_STYLE('',(#8505));
#8505 = FILL_AREA_STYLE_COLOUR('',#7397);
#8506 = STYLED_ITEM('color',(#8507),#5324);
#8507 = PRESENTATION_STYLE_ASSIGNMENT((#8508));
#8508 = SURFACE_STYLE_USAGE(.BOTH.,#8509);
#8509 = SURFACE_SIDE_STYLE('',(#8510));
#8510 = SURFACE_STYLE_FILL_AREA(#8511);
#8511 = FILL_AREA_STYLE('',(#8512));
#8512 = FILL_AREA_STYLE_COLOUR('',#7397);
#8513 = STYLED_ITEM('color',(#8514),#5341);
#8514 = PRESENTATION_STYLE_ASSIGNMENT((#8515));
#8515 = SURFACE_STYLE_USAGE(.BOTH.,#8516);
#8516 = SURFACE_SIDE_STYLE('',(#8517));
#8517 = SURFACE_STYLE_FILL_AREA(#8518);
#8518 = FILL_AREA_STYLE('',(#8519));
#8519 = FILL_AREA_STYLE_COLOUR('',#7397);
#8520 = STYLED_ITEM('color',(#8521),#5353);
#8521 = PRESENTATION_STYLE_ASSIGNMENT((#8522));
#8522 = SURFACE_STYLE_USAGE(.BOTH.,#8523);
#8523 = SURFACE_SIDE_STYLE('',(#8524));
#8524 = SURFACE_STYLE_FILL_AREA(#8525);
#8525 = FILL_AREA_STYLE('',(#8526));
#8526 = FILL_AREA_STYLE_COLOUR('',#7397);
#8527 = STYLED_ITEM('color',(#8528),#5370);
#8528 = PRESENTATION_STYLE_ASSIGNMENT((#8529));
#8529 = SURFACE_STYLE_USAGE(.BOTH.,#8530);
#8530 = SURFACE_SIDE_STYLE('',(#8531));
#8531 = SURFACE_STYLE_FILL_AREA(#8532);
#8532 = FILL_AREA_STYLE('',(#8533));
#8533 = FILL_AREA_STYLE_COLOUR('',#7397);
#8534 = STYLED_ITEM('color',(#8535),#5382);
#8535 = PRESENTATION_STYLE_ASSIGNMENT((#8536));
#8536 = SURFACE_STYLE_USAGE(.BOTH.,#8537);
#8537 = SURFACE_SIDE_STYLE('',(#8538));
#8538 = SURFACE_STYLE_FILL_AREA(#8539);
#8539 = FILL_AREA_STYLE('',(#8540));
#8540 = FILL_AREA_STYLE_COLOUR('',#7397);
#8541 = STYLED_ITEM('color',(#8542),#5399);
#8542 = PRESENTATION_STYLE_ASSIGNMENT((#8543));
#8543 = SURFACE_STYLE_USAGE(.BOTH.,#8544);
#8544 = SURFACE_SIDE_STYLE('',(#8545));
#8545 = SURFACE_STYLE_FILL_AREA(#8546);
#8546 = FILL_AREA_STYLE('',(#8547));
#8547 = FILL_AREA_STYLE_COLOUR('',#7397);
#8548 = STYLED_ITEM('color',(#8549),#5411);
#8549 = PRESENTATION_STYLE_ASSIGNMENT((#8550));
#8550 = SURFACE_STYLE_USAGE(.BOTH.,#8551);
#8551 = SURFACE_SIDE_STYLE('',(#8552));
#8552 = SURFACE_STYLE_FILL_AREA(#8553);
#8553 = FILL_AREA_STYLE('',(#8554));
#8554 = FILL_AREA_STYLE_COLOUR('',#7397);
#8555 = STYLED_ITEM('color',(#8556),#5428);
#8556 = PRESENTATION_STYLE_ASSIGNMENT((#8557));
#8557 = SURFACE_STYLE_USAGE(.BOTH.,#8558);
#8558 = SURFACE_SIDE_STYLE('',(#8559));
#8559 = SURFACE_STYLE_FILL_AREA(#8560);
#8560 = FILL_AREA_STYLE('',(#8561));
#8561 = FILL_AREA_STYLE_COLOUR('',#7397);
#8562 = STYLED_ITEM('color',(#8563),#5440);
#8563 = PRESENTATION_STYLE_ASSIGNMENT((#8564));
#8564 = SURFACE_STYLE_USAGE(.BOTH.,#8565);
#8565 = SURFACE_SIDE_STYLE('',(#8566));
#8566 = SURFACE_STYLE_FILL_AREA(#8567);
#8567 = FILL_AREA_STYLE('',(#8568));
#8568 = FILL_AREA_STYLE_COLOUR('',#7397);
#8569 = STYLED_ITEM('color',(#8570),#5457);
#8570 = PRESENTATION_STYLE_ASSIGNMENT((#8571));
#8571 = SURFACE_STYLE_USAGE(.BOTH.,#8572);
#8572 = SURFACE_SIDE_STYLE('',(#8573));
#8573 = SURFACE_STYLE_FILL_AREA(#8574);
#8574 = FILL_AREA_STYLE('',(#8575));
#8575 = FILL_AREA_STYLE_COLOUR('',#7397);
#8576 = STYLED_ITEM('color',(#8577),#5469);
#8577 = PRESENTATION_STYLE_ASSIGNMENT((#8578));
#8578 = SURFACE_STYLE_USAGE(.BOTH.,#8579);
#8579 = SURFACE_SIDE_STYLE('',(#8580));
#8580 = SURFACE_STYLE_FILL_AREA(#8581);
#8581 = FILL_AREA_STYLE('',(#8582));
#8582 = FILL_AREA_STYLE_COLOUR('',#7397);
#8583 = STYLED_ITEM('color',(#8584),#5486);
#8584 = PRESENTATION_STYLE_ASSIGNMENT((#8585));
#8585 = SURFACE_STYLE_USAGE(.BOTH.,#8586);
#8586 = SURFACE_SIDE_STYLE('',(#8587));
#8587 = SURFACE_STYLE_FILL_AREA(#8588);
#8588 = FILL_AREA_STYLE('',(#8589));
#8589 = FILL_AREA_STYLE_COLOUR('',#7397);
#8590 = STYLED_ITEM('color',(#8591),#5498);
#8591 = PRESENTATION_STYLE_ASSIGNMENT((#8592));
#8592 = SURFACE_STYLE_USAGE(.BOTH.,#8593);
#8593 = SURFACE_SIDE_STYLE('',(#8594));
#8594 = SURFACE_STYLE_FILL_AREA(#8595);
#8595 = FILL_AREA_STYLE('',(#8596));
#8596 = FILL_AREA_STYLE_COLOUR('',#7397);
#8597 = STYLED_ITEM('color',(#8598),#5556);
#8598 = PRESENTATION_STYLE_ASSIGNMENT((#8599));
#8599 = SURFACE_STYLE_USAGE(.BOTH.,#8600);
#8600 = SURFACE_SIDE_STYLE('',(#8601));
#8601 = SURFACE_STYLE_FILL_AREA(#8602);
#8602 = FILL_AREA_STYLE('',(#8603));
#8603 = FILL_AREA_STYLE_COLOUR('',#7397);
#8604 = STYLED_ITEM('color',(#8605),#5599);
#8605 = PRESENTATION_STYLE_ASSIGNMENT((#8606));
#8606 = SURFACE_STYLE_USAGE(.BOTH.,#8607);
#8607 = SURFACE_SIDE_STYLE('',(#8608));
#8608 = SURFACE_STYLE_FILL_AREA(#8609);
#8609 = FILL_AREA_STYLE('',(#8610));
#8610 = FILL_AREA_STYLE_COLOUR('',#7397);
#8611 = STYLED_ITEM('color',(#8612),#5642);
#8612 = PRESENTATION_STYLE_ASSIGNMENT((#8613));
#8613 = SURFACE_STYLE_USAGE(.BOTH.,#8614);
#8614 = SURFACE_SIDE_STYLE('',(#8615));
#8615 = SURFACE_STYLE_FILL_AREA(#8616);
#8616 = FILL_AREA_STYLE('',(#8617));
#8617 = FILL_AREA_STYLE_COLOUR('',#7397);
#8618 = STYLED_ITEM('color',(#8619),#5685);
#8619 = PRESENTATION_STYLE_ASSIGNMENT((#8620));
#8620 = SURFACE_STYLE_USAGE(.BOTH.,#8621);
#8621 = SURFACE_SIDE_STYLE('',(#8622));
#8622 = SURFACE_STYLE_FILL_AREA(#8623);
#8623 = FILL_AREA_STYLE('',(#8624));
#8624 = FILL_AREA_STYLE_COLOUR('',#7397);
#8625 = STYLED_ITEM('color',(#8626),#5728);
#8626 = PRESENTATION_STYLE_ASSIGNMENT((#8627));
#8627 = SURFACE_STYLE_USAGE(.BOTH.,#8628);
#8628 = SURFACE_SIDE_STYLE('',(#8629));
#8629 = SURFACE_STYLE_FILL_AREA(#8630);
#8630 = FILL_AREA_STYLE('',(#8631));
#8631 = FILL_AREA_STYLE_COLOUR('',#7413);
#8632 = STYLED_ITEM('color',(#8633),#5740);
#8633 = PRESENTATION_STYLE_ASSIGNMENT((#8634));
#8634 = SURFACE_STYLE_USAGE(.BOTH.,#8635);
#8635 = SURFACE_SIDE_STYLE('',(#8636));
#8636 = SURFACE_STYLE_FILL_AREA(#8637);
#8637 = FILL_AREA_STYLE('',(#8638));
#8638 = FILL_AREA_STYLE_COLOUR('',#7397);
#8639 = STYLED_ITEM('color',(#8640),#5783);
#8640 = PRESENTATION_STYLE_ASSIGNMENT((#8641));
#8641 = SURFACE_STYLE_USAGE(.BOTH.,#8642);
#8642 = SURFACE_SIDE_STYLE('',(#8643));
#8643 = SURFACE_STYLE_FILL_AREA(#8644);
#8644 = FILL_AREA_STYLE('',(#8645));
#8645 = FILL_AREA_STYLE_COLOUR('',#7397);
#8646 = STYLED_ITEM('color',(#8647),#5826);
#8647 = PRESENTATION_STYLE_ASSIGNMENT((#8648));
#8648 = SURFACE_STYLE_USAGE(.BOTH.,#8649);
#8649 = SURFACE_SIDE_STYLE('',(#8650));
#8650 = SURFACE_STYLE_FILL_AREA(#8651);
#8651 = FILL_AREA_STYLE('',(#8652));
#8652 = FILL_AREA_STYLE_COLOUR('',#7397);
#8653 = STYLED_ITEM('color',(#8654),#5868);
#8654 = PRESENTATION_STYLE_ASSIGNMENT((#8655));
#8655 = SURFACE_STYLE_USAGE(.BOTH.,#8656);
#8656 = SURFACE_SIDE_STYLE('',(#8657));
#8657 = SURFACE_STYLE_FILL_AREA(#8658);
#8658 = FILL_AREA_STYLE('',(#8659));
#8659 = FILL_AREA_STYLE_COLOUR('',#7397);
#8660 = STYLED_ITEM('color',(#8661),#5892);
#8661 = PRESENTATION_STYLE_ASSIGNMENT((#8662));
#8662 = SURFACE_STYLE_USAGE(.BOTH.,#8663);
#8663 = SURFACE_SIDE_STYLE('',(#8664));
#8664 = SURFACE_STYLE_FILL_AREA(#8665);
#8665 = FILL_AREA_STYLE('',(#8666));
#8666 = FILL_AREA_STYLE_COLOUR('',#7397);
#8667 = STYLED_ITEM('color',(#8668),#5917);
#8668 = PRESENTATION_STYLE_ASSIGNMENT((#8669));
#8669 = SURFACE_STYLE_USAGE(.BOTH.,#8670);
#8670 = SURFACE_SIDE_STYLE('',(#8671));
#8671 = SURFACE_STYLE_FILL_AREA(#8672);
#8672 = FILL_AREA_STYLE('',(#8673));
#8673 = FILL_AREA_STYLE_COLOUR('',#7397);
#8674 = STYLED_ITEM('color',(#8675),#5934);
#8675 = PRESENTATION_STYLE_ASSIGNMENT((#8676));
#8676 = SURFACE_STYLE_USAGE(.BOTH.,#8677);
#8677 = SURFACE_SIDE_STYLE('',(#8678));
#8678 = SURFACE_STYLE_FILL_AREA(#8679);
#8679 = FILL_AREA_STYLE('',(#8680));
#8680 = FILL_AREA_STYLE_COLOUR('',#7397);
#8681 = STYLED_ITEM('color',(#8682),#5965);
#8682 = PRESENTATION_STYLE_ASSIGNMENT((#8683));
#8683 = SURFACE_STYLE_USAGE(.BOTH.,#8684);
#8684 = SURFACE_SIDE_STYLE('',(#8685));
#8685 = SURFACE_STYLE_FILL_AREA(#8686);
#8686 = FILL_AREA_STYLE('',(#8687));
#8687 = FILL_AREA_STYLE_COLOUR('',#7397);
#8688 = STYLED_ITEM('color',(#8689),#5989);
#8689 = PRESENTATION_STYLE_ASSIGNMENT((#8690));
#8690 = SURFACE_STYLE_USAGE(.BOTH.,#8691);
#8691 = SURFACE_SIDE_STYLE('',(#8692));
#8692 = SURFACE_STYLE_FILL_AREA(#8693);
#8693 = FILL_AREA_STYLE('',(#8694));
#8694 = FILL_AREA_STYLE_COLOUR('',#7397);
#8695 = STYLED_ITEM('color',(#8696),#6013);
#8696 = PRESENTATION_STYLE_ASSIGNMENT((#8697));
#8697 = SURFACE_STYLE_USAGE(.BOTH.,#8698);
#8698 = SURFACE_SIDE_STYLE('',(#8699));
#8699 = SURFACE_STYLE_FILL_AREA(#8700);
#8700 = FILL_AREA_STYLE('',(#8701));
#8701 = FILL_AREA_STYLE_COLOUR('',#7397);
#8702 = STYLED_ITEM('color',(#8703),#6030);
#8703 = PRESENTATION_STYLE_ASSIGNMENT((#8704));
#8704 = SURFACE_STYLE_USAGE(.BOTH.,#8705);
#8705 = SURFACE_SIDE_STYLE('',(#8706));
#8706 = SURFACE_STYLE_FILL_AREA(#8707);
#8707 = FILL_AREA_STYLE('',(#8708));
#8708 = FILL_AREA_STYLE_COLOUR('',#7397);
#8709 = STYLED_ITEM('color',(#8710),#6061);
#8710 = PRESENTATION_STYLE_ASSIGNMENT((#8711));
#8711 = SURFACE_STYLE_USAGE(.BOTH.,#8712);
#8712 = SURFACE_SIDE_STYLE('',(#8713));
#8713 = SURFACE_STYLE_FILL_AREA(#8714);
#8714 = FILL_AREA_STYLE('',(#8715));
#8715 = FILL_AREA_STYLE_COLOUR('',#7397);
#8716 = STYLED_ITEM('color',(#8717),#6085);
#8717 = PRESENTATION_STYLE_ASSIGNMENT((#8718));
#8718 = SURFACE_STYLE_USAGE(.BOTH.,#8719);
#8719 = SURFACE_SIDE_STYLE('',(#8720));
#8720 = SURFACE_STYLE_FILL_AREA(#8721);
#8721 = FILL_AREA_STYLE('',(#8722));
#8722 = FILL_AREA_STYLE_COLOUR('',#7397);
#8723 = STYLED_ITEM('color',(#8724),#6109);
#8724 = PRESENTATION_STYLE_ASSIGNMENT((#8725));
#8725 = SURFACE_STYLE_USAGE(.BOTH.,#8726);
#8726 = SURFACE_SIDE_STYLE('',(#8727));
#8727 = SURFACE_STYLE_FILL_AREA(#8728);
#8728 = FILL_AREA_STYLE('',(#8729));
#8729 = FILL_AREA_STYLE_COLOUR('',#7397);
#8730 = STYLED_ITEM('color',(#8731),#6126);
#8731 = PRESENTATION_STYLE_ASSIGNMENT((#8732));
#8732 = SURFACE_STYLE_USAGE(.BOTH.,#8733);
#8733 = SURFACE_SIDE_STYLE('',(#8734));
#8734 = SURFACE_STYLE_FILL_AREA(#8735);
#8735 = FILL_AREA_STYLE('',(#8736));
#8736 = FILL_AREA_STYLE_COLOUR('',#7397);
#8737 = STYLED_ITEM('color',(#8738),#6157);
#8738 = PRESENTATION_STYLE_ASSIGNMENT((#8739));
#8739 = SURFACE_STYLE_USAGE(.BOTH.,#8740);
#8740 = SURFACE_SIDE_STYLE('',(#8741));
#8741 = SURFACE_STYLE_FILL_AREA(#8742);
#8742 = FILL_AREA_STYLE('',(#8743));
#8743 = FILL_AREA_STYLE_COLOUR('',#7397);
#8744 = STYLED_ITEM('color',(#8745),#6181);
#8745 = PRESENTATION_STYLE_ASSIGNMENT((#8746));
#8746 = SURFACE_STYLE_USAGE(.BOTH.,#8747);
#8747 = SURFACE_SIDE_STYLE('',(#8748));
#8748 = SURFACE_STYLE_FILL_AREA(#8749);
#8749 = FILL_AREA_STYLE('',(#8750));
#8750 = FILL_AREA_STYLE_COLOUR('',#7397);
#8751 = STYLED_ITEM('color',(#8752),#6205);
#8752 = PRESENTATION_STYLE_ASSIGNMENT((#8753));
#8753 = SURFACE_STYLE_USAGE(.BOTH.,#8754);
#8754 = SURFACE_SIDE_STYLE('',(#8755));
#8755 = SURFACE_STYLE_FILL_AREA(#8756);
#8756 = FILL_AREA_STYLE('',(#8757));
#8757 = FILL_AREA_STYLE_COLOUR('',#7397);
#8758 = STYLED_ITEM('color',(#8759),#6222);
#8759 = PRESENTATION_STYLE_ASSIGNMENT((#8760));
#8760 = SURFACE_STYLE_USAGE(.BOTH.,#8761);
#8761 = SURFACE_SIDE_STYLE('',(#8762));
#8762 = SURFACE_STYLE_FILL_AREA(#8763);
#8763 = FILL_AREA_STYLE('',(#8764));
#8764 = FILL_AREA_STYLE_COLOUR('',#7397);
#8765 = STYLED_ITEM('color',(#8766),#6253);
#8766 = PRESENTATION_STYLE_ASSIGNMENT((#8767));
#8767 = SURFACE_STYLE_USAGE(.BOTH.,#8768);
#8768 = SURFACE_SIDE_STYLE('',(#8769));
#8769 = SURFACE_STYLE_FILL_AREA(#8770);
#8770 = FILL_AREA_STYLE('',(#8771));
#8771 = FILL_AREA_STYLE_COLOUR('',#7397);
#8772 = STYLED_ITEM('color',(#8773),#6277);
#8773 = PRESENTATION_STYLE_ASSIGNMENT((#8774));
#8774 = SURFACE_STYLE_USAGE(.BOTH.,#8775);
#8775 = SURFACE_SIDE_STYLE('',(#8776));
#8776 = SURFACE_STYLE_FILL_AREA(#8777);
#8777 = FILL_AREA_STYLE('',(#8778));
#8778 = FILL_AREA_STYLE_COLOUR('',#7397);
#8779 = STYLED_ITEM('color',(#8780),#6301);
#8780 = PRESENTATION_STYLE_ASSIGNMENT((#8781));
#8781 = SURFACE_STYLE_USAGE(.BOTH.,#8782);
#8782 = SURFACE_SIDE_STYLE('',(#8783));
#8783 = SURFACE_STYLE_FILL_AREA(#8784);
#8784 = FILL_AREA_STYLE('',(#8785));
#8785 = FILL_AREA_STYLE_COLOUR('',#7397);
#8786 = STYLED_ITEM('color',(#8787),#6318);
#8787 = PRESENTATION_STYLE_ASSIGNMENT((#8788));
#8788 = SURFACE_STYLE_USAGE(.BOTH.,#8789);
#8789 = SURFACE_SIDE_STYLE('',(#8790));
#8790 = SURFACE_STYLE_FILL_AREA(#8791);
#8791 = FILL_AREA_STYLE('',(#8792));
#8792 = FILL_AREA_STYLE_COLOUR('',#7397);
#8793 = STYLED_ITEM('color',(#8794),#6349);
#8794 = PRESENTATION_STYLE_ASSIGNMENT((#8795));
#8795 = SURFACE_STYLE_USAGE(.BOTH.,#8796);
#8796 = SURFACE_SIDE_STYLE('',(#8797));
#8797 = SURFACE_STYLE_FILL_AREA(#8798);
#8798 = FILL_AREA_STYLE('',(#8799));
#8799 = FILL_AREA_STYLE_COLOUR('',#7397);
#8800 = STYLED_ITEM('color',(#8801),#6373);
#8801 = PRESENTATION_STYLE_ASSIGNMENT((#8802));
#8802 = SURFACE_STYLE_USAGE(.BOTH.,#8803);
#8803 = SURFACE_SIDE_STYLE('',(#8804));
#8804 = SURFACE_STYLE_FILL_AREA(#8805);
#8805 = FILL_AREA_STYLE('',(#8806));
#8806 = FILL_AREA_STYLE_COLOUR('',#7397);
#8807 = STYLED_ITEM('color',(#8808),#6397);
#8808 = PRESENTATION_STYLE_ASSIGNMENT((#8809));
#8809 = SURFACE_STYLE_USAGE(.BOTH.,#8810);
#8810 = SURFACE_SIDE_STYLE('',(#8811));
#8811 = SURFACE_STYLE_FILL_AREA(#8812);
#8812 = FILL_AREA_STYLE('',(#8813));
#8813 = FILL_AREA_STYLE_COLOUR('',#7397);
#8814 = STYLED_ITEM('color',(#8815),#6414);
#8815 = PRESENTATION_STYLE_ASSIGNMENT((#8816));
#8816 = SURFACE_STYLE_USAGE(.BOTH.,#8817);
#8817 = SURFACE_SIDE_STYLE('',(#8818));
#8818 = SURFACE_STYLE_FILL_AREA(#8819);
#8819 = FILL_AREA_STYLE('',(#8820));
#8820 = FILL_AREA_STYLE_COLOUR('',#7397);
#8821 = STYLED_ITEM('color',(#8822),#6445);
#8822 = PRESENTATION_STYLE_ASSIGNMENT((#8823));
#8823 = SURFACE_STYLE_USAGE(.BOTH.,#8824);
#8824 = SURFACE_SIDE_STYLE('',(#8825));
#8825 = SURFACE_STYLE_FILL_AREA(#8826);
#8826 = FILL_AREA_STYLE('',(#8827));
#8827 = FILL_AREA_STYLE_COLOUR('',#7397);
#8828 = STYLED_ITEM('color',(#8829),#6469);
#8829 = PRESENTATION_STYLE_ASSIGNMENT((#8830));
#8830 = SURFACE_STYLE_USAGE(.BOTH.,#8831);
#8831 = SURFACE_SIDE_STYLE('',(#8832));
#8832 = SURFACE_STYLE_FILL_AREA(#8833);
#8833 = FILL_AREA_STYLE('',(#8834));
#8834 = FILL_AREA_STYLE_COLOUR('',#7397);
#8835 = STYLED_ITEM('color',(#8836),#6493);
#8836 = PRESENTATION_STYLE_ASSIGNMENT((#8837));
#8837 = SURFACE_STYLE_USAGE(.BOTH.,#8838);
#8838 = SURFACE_SIDE_STYLE('',(#8839));
#8839 = SURFACE_STYLE_FILL_AREA(#8840);
#8840 = FILL_AREA_STYLE('',(#8841));
#8841 = FILL_AREA_STYLE_COLOUR('',#7397);
#8842 = STYLED_ITEM('color',(#8843),#6510);
#8843 = PRESENTATION_STYLE_ASSIGNMENT((#8844));
#8844 = SURFACE_STYLE_USAGE(.BOTH.,#8845);
#8845 = SURFACE_SIDE_STYLE('',(#8846));
#8846 = SURFACE_STYLE_FILL_AREA(#8847);
#8847 = FILL_AREA_STYLE('',(#8848));
#8848 = FILL_AREA_STYLE_COLOUR('',#7397);
#8849 = STYLED_ITEM('color',(#8850),#6544);
#8850 = PRESENTATION_STYLE_ASSIGNMENT((#8851));
#8851 = SURFACE_STYLE_USAGE(.BOTH.,#8852);
#8852 = SURFACE_SIDE_STYLE('',(#8853));
#8853 = SURFACE_STYLE_FILL_AREA(#8854);
#8854 = FILL_AREA_STYLE('',(#8855));
#8855 = FILL_AREA_STYLE_COLOUR('',#7397);
#8856 = STYLED_ITEM('color',(#8857),#6570);
#8857 = PRESENTATION_STYLE_ASSIGNMENT((#8858));
#8858 = SURFACE_STYLE_USAGE(.BOTH.,#8859);
#8859 = SURFACE_SIDE_STYLE('',(#8860));
#8860 = SURFACE_STYLE_FILL_AREA(#8861);
#8861 = FILL_AREA_STYLE('',(#8862));
#8862 = FILL_AREA_STYLE_COLOUR('',#7397);
#8863 = STYLED_ITEM('color',(#8864),#6595);
#8864 = PRESENTATION_STYLE_ASSIGNMENT((#8865));
#8865 = SURFACE_STYLE_USAGE(.BOTH.,#8866);
#8866 = SURFACE_SIDE_STYLE('',(#8867));
#8867 = SURFACE_STYLE_FILL_AREA(#8868);
#8868 = FILL_AREA_STYLE('',(#8869));
#8869 = FILL_AREA_STYLE_COLOUR('',#7397);
#8870 = STYLED_ITEM('color',(#8871),#6621);
#8871 = PRESENTATION_STYLE_ASSIGNMENT((#8872));
#8872 = SURFACE_STYLE_USAGE(.BOTH.,#8873);
#8873 = SURFACE_SIDE_STYLE('',(#8874));
#8874 = SURFACE_STYLE_FILL_AREA(#8875);
#8875 = FILL_AREA_STYLE('',(#8876));
#8876 = FILL_AREA_STYLE_COLOUR('',#7397);
#8877 = STYLED_ITEM('color',(#8878),#6638);
#8878 = PRESENTATION_STYLE_ASSIGNMENT((#8879));
#8879 = SURFACE_STYLE_USAGE(.BOTH.,#8880);
#8880 = SURFACE_SIDE_STYLE('',(#8881));
#8881 = SURFACE_STYLE_FILL_AREA(#8882);
#8882 = FILL_AREA_STYLE('',(#8883));
#8883 = FILL_AREA_STYLE_COLOUR('',#7397);
#8884 = STYLED_ITEM('color',(#8885),#6669);
#8885 = PRESENTATION_STYLE_ASSIGNMENT((#8886));
#8886 = SURFACE_STYLE_USAGE(.BOTH.,#8887);
#8887 = SURFACE_SIDE_STYLE('',(#8888));
#8888 = SURFACE_STYLE_FILL_AREA(#8889);
#8889 = FILL_AREA_STYLE('',(#8890));
#8890 = FILL_AREA_STYLE_COLOUR('',#7397);
#8891 = STYLED_ITEM('color',(#8892),#6693);
#8892 = PRESENTATION_STYLE_ASSIGNMENT((#8893));
#8893 = SURFACE_STYLE_USAGE(.BOTH.,#8894);
#8894 = SURFACE_SIDE_STYLE('',(#8895));
#8895 = SURFACE_STYLE_FILL_AREA(#8896);
#8896 = FILL_AREA_STYLE('',(#8897));
#8897 = FILL_AREA_STYLE_COLOUR('',#7397);
#8898 = STYLED_ITEM('color',(#8899),#6717);
#8899 = PRESENTATION_STYLE_ASSIGNMENT((#8900));
#8900 = SURFACE_STYLE_USAGE(.BOTH.,#8901);
#8901 = SURFACE_SIDE_STYLE('',(#8902));
#8902 = SURFACE_STYLE_FILL_AREA(#8903);
#8903 = FILL_AREA_STYLE('',(#8904));
#8904 = FILL_AREA_STYLE_COLOUR('',#7397);
#8905 = STYLED_ITEM('color',(#8906),#6734);
#8906 = PRESENTATION_STYLE_ASSIGNMENT((#8907));
#8907 = SURFACE_STYLE_USAGE(.BOTH.,#8908);
#8908 = SURFACE_SIDE_STYLE('',(#8909));
#8909 = SURFACE_STYLE_FILL_AREA(#8910);
#8910 = FILL_AREA_STYLE('',(#8911));
#8911 = FILL_AREA_STYLE_COLOUR('',#7397);
#8912 = STYLED_ITEM('color',(#8913),#6765);
#8913 = PRESENTATION_STYLE_ASSIGNMENT((#8914));
#8914 = SURFACE_STYLE_USAGE(.BOTH.,#8915);
#8915 = SURFACE_SIDE_STYLE('',(#8916));
#8916 = SURFACE_STYLE_FILL_AREA(#8917);
#8917 = FILL_AREA_STYLE('',(#8918));
#8918 = FILL_AREA_STYLE_COLOUR('',#7397);
#8919 = STYLED_ITEM('color',(#8920),#6789);
#8920 = PRESENTATION_STYLE_ASSIGNMENT((#8921));
#8921 = SURFACE_STYLE_USAGE(.BOTH.,#8922);
#8922 = SURFACE_SIDE_STYLE('',(#8923));
#8923 = SURFACE_STYLE_FILL_AREA(#8924);
#8924 = FILL_AREA_STYLE('',(#8925));
#8925 = FILL_AREA_STYLE_COLOUR('',#7397);
#8926 = STYLED_ITEM('color',(#8927),#6813);
#8927 = PRESENTATION_STYLE_ASSIGNMENT((#8928));
#8928 = SURFACE_STYLE_USAGE(.BOTH.,#8929);
#8929 = SURFACE_SIDE_STYLE('',(#8930));
#8930 = SURFACE_STYLE_FILL_AREA(#8931);
#8931 = FILL_AREA_STYLE('',(#8932));
#8932 = FILL_AREA_STYLE_COLOUR('',#7397);
#8933 = STYLED_ITEM('color',(#8934),#6830);
#8934 = PRESENTATION_STYLE_ASSIGNMENT((#8935));
#8935 = SURFACE_STYLE_USAGE(.BOTH.,#8936);
#8936 = SURFACE_SIDE_STYLE('',(#8937));
#8937 = SURFACE_STYLE_FILL_AREA(#8938);
#8938 = FILL_AREA_STYLE('',(#8939));
#8939 = FILL_AREA_STYLE_COLOUR('',#7397);
#8940 = STYLED_ITEM('color',(#8941),#6861);
#8941 = PRESENTATION_STYLE_ASSIGNMENT((#8942));
#8942 = SURFACE_STYLE_USAGE(.BOTH.,#8943);
#8943 = SURFACE_SIDE_STYLE('',(#8944));
#8944 = SURFACE_STYLE_FILL_AREA(#8945);
#8945 = FILL_AREA_STYLE('',(#8946));
#8946 = FILL_AREA_STYLE_COLOUR('',#7397);
#8947 = STYLED_ITEM('color',(#8948),#6885);
#8948 = PRESENTATION_STYLE_ASSIGNMENT((#8949));
#8949 = SURFACE_STYLE_USAGE(.BOTH.,#8950);
#8950 = SURFACE_SIDE_STYLE('',(#8951));
#8951 = SURFACE_STYLE_FILL_AREA(#8952);
#8952 = FILL_AREA_STYLE('',(#8953));
#8953 = FILL_AREA_STYLE_COLOUR('',#7397);
#8954 = STYLED_ITEM('color',(#8955),#6909);
#8955 = PRESENTATION_STYLE_ASSIGNMENT((#8956));
#8956 = SURFACE_STYLE_USAGE(.BOTH.,#8957);
#8957 = SURFACE_SIDE_STYLE('',(#8958));
#8958 = SURFACE_STYLE_FILL_AREA(#8959);
#8959 = FILL_AREA_STYLE('',(#8960));
#8960 = FILL_AREA_STYLE_COLOUR('',#7397);
#8961 = STYLED_ITEM('color',(#8962),#6926);
#8962 = PRESENTATION_STYLE_ASSIGNMENT((#8963));
#8963 = SURFACE_STYLE_USAGE(.BOTH.,#8964);
#8964 = SURFACE_SIDE_STYLE('',(#8965));
#8965 = SURFACE_STYLE_FILL_AREA(#8966);
#8966 = FILL_AREA_STYLE('',(#8967));
#8967 = FILL_AREA_STYLE_COLOUR('',#7397);
#8968 = STYLED_ITEM('color',(#8969),#6957);
#8969 = PRESENTATION_STYLE_ASSIGNMENT((#8970));
#8970 = SURFACE_STYLE_USAGE(.BOTH.,#8971);
#8971 = SURFACE_SIDE_STYLE('',(#8972));
#8972 = SURFACE_STYLE_FILL_AREA(#8973);
#8973 = FILL_AREA_STYLE('',(#8974));
#8974 = FILL_AREA_STYLE_COLOUR('',#7397);
#8975 = STYLED_ITEM('color',(#8976),#6981);
#8976 = PRESENTATION_STYLE_ASSIGNMENT((#8977));
#8977 = SURFACE_STYLE_USAGE(.BOTH.,#8978);
#8978 = SURFACE_SIDE_STYLE('',(#8979));
#8979 = SURFACE_STYLE_FILL_AREA(#8980);
#8980 = FILL_AREA_STYLE('',(#8981));
#8981 = FILL_AREA_STYLE_COLOUR('',#7397);
#8982 = STYLED_ITEM('color',(#8983),#7005);
#8983 = PRESENTATION_STYLE_ASSIGNMENT((#8984));
#8984 = SURFACE_STYLE_USAGE(.BOTH.,#8985);
#8985 = SURFACE_SIDE_STYLE('',(#8986));
#8986 = SURFACE_STYLE_FILL_AREA(#8987);
#8987 = FILL_AREA_STYLE('',(#8988));
#8988 = FILL_AREA_STYLE_COLOUR('',#7397);
#8989 = STYLED_ITEM('color',(#8990),#7022);
#8990 = PRESENTATION_STYLE_ASSIGNMENT((#8991));
#8991 = SURFACE_STYLE_USAGE(.BOTH.,#8992);
#8992 = SURFACE_SIDE_STYLE('',(#8993));
#8993 = SURFACE_STYLE_FILL_AREA(#8994);
#8994 = FILL_AREA_STYLE('',(#8995));
#8995 = FILL_AREA_STYLE_COLOUR('',#7397);
#8996 = STYLED_ITEM('color',(#8997),#7053);
#8997 = PRESENTATION_STYLE_ASSIGNMENT((#8998));
#8998 = SURFACE_STYLE_USAGE(.BOTH.,#8999);
#8999 = SURFACE_SIDE_STYLE('',(#9000));
#9000 = SURFACE_STYLE_FILL_AREA(#9001);
#9001 = FILL_AREA_STYLE('',(#9002));
#9002 = FILL_AREA_STYLE_COLOUR('',#7397);
#9003 = STYLED_ITEM('color',(#9004),#7077);
#9004 = PRESENTATION_STYLE_ASSIGNMENT((#9005));
#9005 = SURFACE_STYLE_USAGE(.BOTH.,#9006);
#9006 = SURFACE_SIDE_STYLE('',(#9007));
#9007 = SURFACE_STYLE_FILL_AREA(#9008);
#9008 = FILL_AREA_STYLE('',(#9009));
#9009 = FILL_AREA_STYLE_COLOUR('',#7397);
#9010 = STYLED_ITEM('color',(#9011),#7101);
#9011 = PRESENTATION_STYLE_ASSIGNMENT((#9012));
#9012 = SURFACE_STYLE_USAGE(.BOTH.,#9013);
#9013 = SURFACE_SIDE_STYLE('',(#9014));
#9014 = SURFACE_STYLE_FILL_AREA(#9015);
#9015 = FILL_AREA_STYLE('',(#9016));
#9016 = FILL_AREA_STYLE_COLOUR('',#7397);
#9017 = STYLED_ITEM('color',(#9018),#7118);
#9018 = PRESENTATION_STYLE_ASSIGNMENT((#9019));
#9019 = SURFACE_STYLE_USAGE(.BOTH.,#9020);
#9020 = SURFACE_SIDE_STYLE('',(#9021));
#9021 = SURFACE_STYLE_FILL_AREA(#9022);
#9022 = FILL_AREA_STYLE('',(#9023));
#9023 = FILL_AREA_STYLE_COLOUR('',#7397);
#9024 = STYLED_ITEM('color',(#9025),#7149);
#9025 = PRESENTATION_STYLE_ASSIGNMENT((#9026));
#9026 = SURFACE_STYLE_USAGE(.BOTH.,#9027);
#9027 = SURFACE_SIDE_STYLE('',(#9028));
#9028 = SURFACE_STYLE_FILL_AREA(#9029);
#9029 = FILL_AREA_STYLE('',(#9030));
#9030 = FILL_AREA_STYLE_COLOUR('',#7397);
#9031 = STYLED_ITEM('color',(#9032),#7173);
#9032 = PRESENTATION_STYLE_ASSIGNMENT((#9033));
#9033 = SURFACE_STYLE_USAGE(.BOTH.,#9034);
#9034 = SURFACE_SIDE_STYLE('',(#9035));
#9035 = SURFACE_STYLE_FILL_AREA(#9036);
#9036 = FILL_AREA_STYLE('',(#9037));
#9037 = FILL_AREA_STYLE_COLOUR('',#7397);
#9038 = STYLED_ITEM('color',(#9039),#7197);
#9039 = PRESENTATION_STYLE_ASSIGNMENT((#9040));
#9040 = SURFACE_STYLE_USAGE(.BOTH.,#9041);
#9041 = SURFACE_SIDE_STYLE('',(#9042));
#9042 = SURFACE_STYLE_FILL_AREA(#9043);
#9043 = FILL_AREA_STYLE('',(#9044));
#9044 = FILL_AREA_STYLE_COLOUR('',#7397);
#9045 = STYLED_ITEM('color',(#9046),#7214);
#9046 = PRESENTATION_STYLE_ASSIGNMENT((#9047));
#9047 = SURFACE_STYLE_USAGE(.BOTH.,#9048);
#9048 = SURFACE_SIDE_STYLE('',(#9049));
#9049 = SURFACE_STYLE_FILL_AREA(#9050);
#9050 = FILL_AREA_STYLE('',(#9051));
#9051 = FILL_AREA_STYLE_COLOUR('',#7397);
#9052 = STYLED_ITEM('color',(#9053),#7227);
#9053 = PRESENTATION_STYLE_ASSIGNMENT((#9054));
#9054 = SURFACE_STYLE_USAGE(.BOTH.,#9055);
#9055 = SURFACE_SIDE_STYLE('',(#9056));
#9056 = SURFACE_STYLE_FILL_AREA(#9057);
#9057 = FILL_AREA_STYLE('',(#9058));
#9058 = FILL_AREA_STYLE_COLOUR('',#7397);
#9059 = STYLED_ITEM('color',(#9060),#7239);
#9060 = PRESENTATION_STYLE_ASSIGNMENT((#9061));
#9061 = SURFACE_STYLE_USAGE(.BOTH.,#9062);
#9062 = SURFACE_SIDE_STYLE('',(#9063));
#9063 = SURFACE_STYLE_FILL_AREA(#9064);
#9064 = FILL_AREA_STYLE('',(#9065));
#9065 = FILL_AREA_STYLE_COLOUR('',#7397);
#9066 = STYLED_ITEM('color',(#9067),#7251);
#9067 = PRESENTATION_STYLE_ASSIGNMENT((#9068));
#9068 = SURFACE_STYLE_USAGE(.BOTH.,#9069);
#9069 = SURFACE_SIDE_STYLE('',(#9070));
#9070 = SURFACE_STYLE_FILL_AREA(#9071);
#9071 = FILL_AREA_STYLE('',(#9072));
#9072 = FILL_AREA_STYLE_COLOUR('',#7397);
#9073 = STYLED_ITEM('color',(#9074),#7263);
#9074 = PRESENTATION_STYLE_ASSIGNMENT((#9075));
#9075 = SURFACE_STYLE_USAGE(.BOTH.,#9076);
#9076 = SURFACE_SIDE_STYLE('',(#9077));
#9077 = SURFACE_STYLE_FILL_AREA(#9078);
#9078 = FILL_AREA_STYLE('',(#9079));
#9079 = FILL_AREA_STYLE_COLOUR('',#7397);
#9080 = STYLED_ITEM('color',(#9081),#7275);
#9081 = PRESENTATION_STYLE_ASSIGNMENT((#9082));
#9082 = SURFACE_STYLE_USAGE(.BOTH.,#9083);
#9083 = SURFACE_SIDE_STYLE('',(#9084));
#9084 = SURFACE_STYLE_FILL_AREA(#9085);
#9085 = FILL_AREA_STYLE('',(#9086));
#9086 = FILL_AREA_STYLE_COLOUR('',#7397);
#9087 = STYLED_ITEM('color',(#9088),#7287);
#9088 = PRESENTATION_STYLE_ASSIGNMENT((#9089));
#9089 = SURFACE_STYLE_USAGE(.BOTH.,#9090);
#9090 = SURFACE_SIDE_STYLE('',(#9091));
#9091 = SURFACE_STYLE_FILL_AREA(#9092);
#9092 = FILL_AREA_STYLE('',(#9093));
#9093 = FILL_AREA_STYLE_COLOUR('',#7397);
#9094 = STYLED_ITEM('color',(#9095),#7299);
#9095 = PRESENTATION_STYLE_ASSIGNMENT((#9096));
#9096 = SURFACE_STYLE_USAGE(.BOTH.,#9097);
#9097 = SURFACE_SIDE_STYLE('',(#9098));
#9098 = SURFACE_STYLE_FILL_AREA(#9099);
#9099 = FILL_AREA_STYLE('',(#9100));
#9100 = FILL_AREA_STYLE_COLOUR('',#7397);
#9101 = STYLED_ITEM('color',(#9102),#7313);
#9102 = PRESENTATION_STYLE_ASSIGNMENT((#9103));
#9103 = SURFACE_STYLE_USAGE(.BOTH.,#9104);
#9104 = SURFACE_SIDE_STYLE('',(#9105));
#9105 = SURFACE_STYLE_FILL_AREA(#9106);
#9106 = FILL_AREA_STYLE('',(#9107));
#9107 = FILL_AREA_STYLE_COLOUR('',#7397);
#9108 = STYLED_ITEM('color',(#9109),#7327);
#9109 = PRESENTATION_STYLE_ASSIGNMENT((#9110));
#9110 = SURFACE_STYLE_USAGE(.BOTH.,#9111);
#9111 = SURFACE_SIDE_STYLE('',(#9112));
#9112 = SURFACE_STYLE_FILL_AREA(#9113);
#9113 = FILL_AREA_STYLE('',(#9114));
#9114 = FILL_AREA_STYLE_COLOUR('',#7397);
#9115 = STYLED_ITEM('color',(#9116),#7341);
#9116 = PRESENTATION_STYLE_ASSIGNMENT((#9117));
#9117 = SURFACE_STYLE_USAGE(.BOTH.,#9118);
#9118 = SURFACE_SIDE_STYLE('',(#9119));
#9119 = SURFACE_STYLE_FILL_AREA(#9120);
#9120 = FILL_AREA_STYLE('',(#9121));
#9121 = FILL_AREA_STYLE_COLOUR('',#7397);
#9122 = STYLED_ITEM('color',(#9123),#7355);
#9123 = PRESENTATION_STYLE_ASSIGNMENT((#9124));
#9124 = SURFACE_STYLE_USAGE(.BOTH.,#9125);
#9125 = SURFACE_SIDE_STYLE('',(#9126));
#9126 = SURFACE_STYLE_FILL_AREA(#9127);
#9127 = FILL_AREA_STYLE('',(#9128));
#9128 = FILL_AREA_STYLE_COLOUR('',#7397);
#9129 = STYLED_ITEM('color',(#9130),#7369);
#9130 = PRESENTATION_STYLE_ASSIGNMENT((#9131));
#9131 = SURFACE_STYLE_USAGE(.BOTH.,#9132);
#9132 = SURFACE_SIDE_STYLE('',(#9133));
#9133 = SURFACE_STYLE_FILL_AREA(#9134);
#9134 = FILL_AREA_STYLE('',(#9135));
#9135 = FILL_AREA_STYLE_COLOUR('',#7397);
ENDSEC;
END-ISO-10303-21;
