ISO-10303-21;
HEADER;
FILE_DESCRIPTION(('FreeCAD Model'),'2;1');
FILE_NAME('/home/dan/kicad/3dModels/RXB12_RF_Receiver_Module.step',
  '2019-02-28T22:26:38',(''),(''),'Open CASCADE STEP processor 7.3',
  'FreeCAD','Unknown');
FILE_SCHEMA(('AUTOMOTIVE_DESIGN { 1 0 10303 214 1 1 1 1 }'));
ENDSEC;
DATA;
#1 = APPLICATION_PROTOCOL_DEFINITION('international standard',
  'automotive_design',2000,#2);
#2 = APPLICATION_CONTEXT(
  'core data for automotive mechanical design processes');
#3 = SHAPE_DEFINITION_REPRESENTATION(#4,#10);
#4 = PRODUCT_DEFINITION_SHAPE('','',#5);
#5 = PRODUCT_DEFINITION('design','',#6,#9);
#6 = PRODUCT_DEFINITION_FORMATION('','',#7);
#7 = PRODUCT('RFB12-RF_Receiver_Module','RFB12-RF_Receiver_Module','',(
    #8));
#8 = PRODUCT_CONTEXT('',#2,'mechanical');
#9 = PRODUCT_DEFINITION_CONTEXT('part definition',#2,'design');
#10 = ADVANCED_BREP_SHAPE_REPRESENTATION('',(#11,#15),#7383);
#11 = AXIS2_PLACEMENT_3D('',#12,#13,#14);
#12 = CARTESIAN_POINT('',(0.,0.,0.));
#13 = DIRECTION('',(0.,0.,1.));
#14 = DIRECTION('',(1.,0.,-0.));
#15 = MANIFOLD_SOLID_BREP('',#16);
#16 = CLOSED_SHELL('',(#17,#57,#88,#212,#236,#253,#265,#392,#416,#440,
    #457,#482,#507,#532,#557,#582,#607,#1442,#1473,#1504,#1535,#1566,
    #1597,#1628,#1671,#1714,#1757,#1800,#1843,#1886,#1943,#2000,#2057,
    #2114,#2171,#2228,#2285,#2342,#2399,#2456,#2513,#2570,#2601,#2625,
    #2649,#2666,#2708,#2732,#2757,#2774,#2805,#3013,#3037,#3061,#3078,
    #3102,#3126,#3143,#3167,#3375,#3399,#3423,#3440,#3464,#3488,#3505,
    #3529,#3553,#3570,#3594,#3618,#3635,#3659,#3683,#3700,#3724,#3748,
    #3765,#3789,#3813,#3830,#3854,#3878,#3895,#3912,#3936,#3960,#3977,
    #4001,#4025,#4042,#4066,#4090,#4107,#4131,#4155,#4172,#4196,#4220,
    #4237,#4261,#4278,#4309,#4340,#4371,#4402,#4433,#4464,#4495,#4519,
    #4543,#4560,#4591,#4615,#4639,#4656,#4687,#4711,#4735,#4752,#4783,
    #4807,#4831,#4848,#4879,#4903,#4927,#4944,#4975,#4999,#5023,#5040,
    #5062,#5079,#5096,#5120,#5147,#5171,#5193,#5210,#5227,#5251,#5278,
    #5302,#5324,#5341,#5358,#5382,#5409,#5433,#5455,#5472,#5489,#5513,
    #5540,#5564,#5586,#5603,#5620,#5644,#5671,#5695,#5717,#5734,#5751,
    #5775,#5802,#5826,#5838,#5872,#5898,#5923,#5949,#5966,#5978,#5990,
    #6002,#6014,#6026,#6038,#6050,#6062,#6074,#6086,#6098,#6110,#6122,
    #6134,#6146,#6158,#6170,#6187,#6204,#6221,#6238,#6255,#6272,#6303,
    #6327,#6351,#6368,#6399,#6423,#6447,#6464,#6495,#6519,#6543,#6560,
    #6591,#6615,#6639,#6656,#6687,#6711,#6735,#6752,#6783,#6807,#6831,
    #6848,#6860,#6872,#6884,#6896,#6908,#6920,#6978,#6990,#7002,#7014,
    #7026,#7038,#7050,#7092,#7116,#7141,#7158,#7192,#7218,#7243,#7269,
    #7286,#7299,#7313,#7327,#7341,#7355,#7369));
#17 = ADVANCED_FACE('',(#18),#52,.F.);
#18 = FACE_BOUND('',#19,.F.);
#19 = EDGE_LOOP('',(#20,#30,#38,#46));
#20 = ORIENTED_EDGE('',*,*,#21,.F.);
#21 = EDGE_CURVE('',#22,#24,#26,.T.);
#22 = VERTEX_POINT('',#23);
#23 = CARTESIAN_POINT('',(-5.E-02,-1.56,3.));
#24 = VERTEX_POINT('',#25);
#25 = CARTESIAN_POINT('',(-5.E-02,-1.55,3.));
#26 = LINE('',#27,#28);
#27 = CARTESIAN_POINT('',(-5.E-02,-1.56,3.));
#28 = VECTOR('',#29,1.);
#29 = DIRECTION('',(0.,1.,0.));
#30 = ORIENTED_EDGE('',*,*,#31,.F.);
#31 = EDGE_CURVE('',#32,#22,#34,.T.);
#32 = VERTEX_POINT('',#33);
#33 = CARTESIAN_POINT('',(-5.E-02,-1.56,2.));
#34 = LINE('',#35,#36);
#35 = CARTESIAN_POINT('',(-5.E-02,-1.56,2.));
#36 = VECTOR('',#37,1.);
#37 = DIRECTION('',(0.,0.,1.));
#38 = ORIENTED_EDGE('',*,*,#39,.T.);
#39 = EDGE_CURVE('',#32,#40,#42,.T.);
#40 = VERTEX_POINT('',#41);
#41 = CARTESIAN_POINT('',(-5.E-02,-1.55,2.));
#42 = LINE('',#43,#44);
#43 = CARTESIAN_POINT('',(-5.E-02,-1.56,2.));
#44 = VECTOR('',#45,1.);
#45 = DIRECTION('',(0.,1.,0.));
#46 = ORIENTED_EDGE('',*,*,#47,.T.);
#47 = EDGE_CURVE('',#40,#24,#48,.T.);
#48 = LINE('',#49,#50);
#49 = CARTESIAN_POINT('',(-5.E-02,-1.55,1.));
#50 = VECTOR('',#51,1.);
#51 = DIRECTION('',(0.,0.,1.));
#52 = PLANE('',#53);
#53 = AXIS2_PLACEMENT_3D('',#54,#55,#56);
#54 = CARTESIAN_POINT('',(-5.E-02,-1.56,2.));
#55 = DIRECTION('',(1.,0.,0.));
#56 = DIRECTION('',(0.,0.,1.));
#57 = ADVANCED_FACE('',(#58),#83,.T.);
#58 = FACE_BOUND('',#59,.T.);
#59 = EDGE_LOOP('',(#60,#61,#69,#77));
#60 = ORIENTED_EDGE('',*,*,#21,.F.);
#61 = ORIENTED_EDGE('',*,*,#62,.T.);
#62 = EDGE_CURVE('',#22,#63,#65,.T.);
#63 = VERTEX_POINT('',#64);
#64 = CARTESIAN_POINT('',(0.15,-1.56,3.));
#65 = LINE('',#66,#67);
#66 = CARTESIAN_POINT('',(-5.E-02,-1.56,3.));
#67 = VECTOR('',#68,1.);
#68 = DIRECTION('',(1.,0.,0.));
#69 = ORIENTED_EDGE('',*,*,#70,.T.);
#70 = EDGE_CURVE('',#63,#71,#73,.T.);
#71 = VERTEX_POINT('',#72);
#72 = CARTESIAN_POINT('',(0.15,-1.55,3.));
#73 = LINE('',#74,#75);
#74 = CARTESIAN_POINT('',(0.15,-1.56,3.));
#75 = VECTOR('',#76,1.);
#76 = DIRECTION('',(0.,1.,0.));
#77 = ORIENTED_EDGE('',*,*,#78,.T.);
#78 = EDGE_CURVE('',#71,#24,#79,.T.);
#79 = LINE('',#80,#81);
#80 = CARTESIAN_POINT('',(-0.81,-1.55,3.));
#81 = VECTOR('',#82,1.);
#82 = DIRECTION('',(-1.,0.,0.));
#83 = PLANE('',#84);
#84 = AXIS2_PLACEMENT_3D('',#85,#86,#87);
#85 = CARTESIAN_POINT('',(-5.E-02,-1.56,3.));
#86 = DIRECTION('',(0.,0.,1.));
#87 = DIRECTION('',(1.,0.,0.));
#88 = ADVANCED_FACE('',(#89,#123,#134,#152,#163,#174,#185,#196),#207,.F.
  );
#89 = FACE_BOUND('',#90,.F.);
#90 = EDGE_LOOP('',(#91,#101,#109,#117));
#91 = ORIENTED_EDGE('',*,*,#92,.F.);
#92 = EDGE_CURVE('',#93,#95,#97,.T.);
#93 = VERTEX_POINT('',#94);
#94 = CARTESIAN_POINT('',(-1.57,-1.55,0.));
#95 = VERTEX_POINT('',#96);
#96 = CARTESIAN_POINT('',(28.43,-1.55,0.));
#97 = LINE('',#98,#99);
#98 = CARTESIAN_POINT('',(-1.57,-1.55,0.));
#99 = VECTOR('',#100,1.);
#100 = DIRECTION('',(1.,0.,0.));
#101 = ORIENTED_EDGE('',*,*,#102,.T.);
#102 = EDGE_CURVE('',#93,#103,#105,.T.);
#103 = VERTEX_POINT('',#104);
#104 = CARTESIAN_POINT('',(-1.57,-1.55,8.7));
#105 = LINE('',#106,#107);
#106 = CARTESIAN_POINT('',(-1.57,-1.55,0.));
#107 = VECTOR('',#108,1.);
#108 = DIRECTION('',(0.,0.,1.));
#109 = ORIENTED_EDGE('',*,*,#110,.T.);
#110 = EDGE_CURVE('',#103,#111,#113,.T.);
#111 = VERTEX_POINT('',#112);
#112 = CARTESIAN_POINT('',(28.43,-1.55,8.7));
#113 = LINE('',#114,#115);
#114 = CARTESIAN_POINT('',(-1.57,-1.55,8.7));
#115 = VECTOR('',#116,1.);
#116 = DIRECTION('',(1.,0.,0.));
#117 = ORIENTED_EDGE('',*,*,#118,.F.);
#118 = EDGE_CURVE('',#95,#111,#119,.T.);
#119 = LINE('',#120,#121);
#120 = CARTESIAN_POINT('',(28.43,-1.55,0.));
#121 = VECTOR('',#122,1.);
#122 = DIRECTION('',(0.,0.,1.));
#123 = FACE_BOUND('',#124,.F.);
#124 = EDGE_LOOP('',(#125));
#125 = ORIENTED_EDGE('',*,*,#126,.F.);
#126 = EDGE_CURVE('',#127,#127,#129,.T.);
#127 = VERTEX_POINT('',#128);
#128 = CARTESIAN_POINT('',(0.6,-1.55,1.15));
#129 = CIRCLE('',#130,0.6);
#130 = AXIS2_PLACEMENT_3D('',#131,#132,#133);
#131 = CARTESIAN_POINT('',(0.,-1.55,1.15));
#132 = DIRECTION('',(-0.,1.,2.22044604925E-16));
#133 = DIRECTION('',(1.,0.,0.));
#134 = FACE_BOUND('',#135,.F.);
#135 = EDGE_LOOP('',(#136,#137,#145,#151));
#136 = ORIENTED_EDGE('',*,*,#47,.F.);
#137 = ORIENTED_EDGE('',*,*,#138,.F.);
#138 = EDGE_CURVE('',#139,#40,#141,.T.);
#139 = VERTEX_POINT('',#140);
#140 = CARTESIAN_POINT('',(0.15,-1.55,2.));
#141 = LINE('',#142,#143);
#142 = CARTESIAN_POINT('',(-0.81,-1.55,2.));
#143 = VECTOR('',#144,1.);
#144 = DIRECTION('',(-1.,0.,0.));
#145 = ORIENTED_EDGE('',*,*,#146,.T.);
#146 = EDGE_CURVE('',#139,#71,#147,.T.);
#147 = LINE('',#148,#149);
#148 = CARTESIAN_POINT('',(0.15,-1.55,1.));
#149 = VECTOR('',#150,1.);
#150 = DIRECTION('',(0.,0.,1.));
#151 = ORIENTED_EDGE('',*,*,#78,.T.);
#152 = FACE_BOUND('',#153,.F.);
#153 = EDGE_LOOP('',(#154));
#154 = ORIENTED_EDGE('',*,*,#155,.F.);
#155 = EDGE_CURVE('',#156,#156,#158,.T.);
#156 = VERTEX_POINT('',#157);
#157 = CARTESIAN_POINT('',(3.14,-1.55,1.15));
#158 = CIRCLE('',#159,0.6);
#159 = AXIS2_PLACEMENT_3D('',#160,#161,#162);
#160 = CARTESIAN_POINT('',(2.54,-1.55,1.15));
#161 = DIRECTION('',(-0.,1.,2.22044604925E-16));
#162 = DIRECTION('',(1.,0.,0.));
#163 = FACE_BOUND('',#164,.F.);
#164 = EDGE_LOOP('',(#165));
#165 = ORIENTED_EDGE('',*,*,#166,.F.);
#166 = EDGE_CURVE('',#167,#167,#169,.T.);
#167 = VERTEX_POINT('',#168);
#168 = CARTESIAN_POINT('',(8.22,-1.55,1.15));
#169 = CIRCLE('',#170,0.6);
#170 = AXIS2_PLACEMENT_3D('',#171,#172,#173);
#171 = CARTESIAN_POINT('',(7.62,-1.55,1.15));
#172 = DIRECTION('',(-0.,1.,2.22044604925E-16));
#173 = DIRECTION('',(1.,0.,0.));
#174 = FACE_BOUND('',#175,.F.);
#175 = EDGE_LOOP('',(#176));
#176 = ORIENTED_EDGE('',*,*,#177,.F.);
#177 = EDGE_CURVE('',#178,#178,#180,.T.);
#178 = VERTEX_POINT('',#179);
#179 = CARTESIAN_POINT('',(5.68,-1.55,1.15));
#180 = CIRCLE('',#181,0.6);
#181 = AXIS2_PLACEMENT_3D('',#182,#183,#184);
#182 = CARTESIAN_POINT('',(5.08,-1.55,1.15));
#183 = DIRECTION('',(-0.,1.,2.22044604925E-16));
#184 = DIRECTION('',(1.,0.,0.));
#185 = FACE_BOUND('',#186,.F.);
#186 = EDGE_LOOP('',(#187));
#187 = ORIENTED_EDGE('',*,*,#188,.F.);
#188 = EDGE_CURVE('',#189,#189,#191,.T.);
#189 = VERTEX_POINT('',#190);
#190 = CARTESIAN_POINT('',(27.47,-1.55,1.15));
#191 = CIRCLE('',#192,0.6);
#192 = AXIS2_PLACEMENT_3D('',#193,#194,#195);
#193 = CARTESIAN_POINT('',(26.87,-1.55,1.15));
#194 = DIRECTION('',(-0.,1.,2.22044604925E-16));
#195 = DIRECTION('',(1.,0.,0.));
#196 = FACE_BOUND('',#197,.F.);
#197 = EDGE_LOOP('',(#198));
#198 = ORIENTED_EDGE('',*,*,#199,.F.);
#199 = EDGE_CURVE('',#200,#200,#202,.T.);
#200 = VERTEX_POINT('',#201);
#201 = CARTESIAN_POINT('',(24.93,-1.55,1.15));
#202 = CIRCLE('',#203,0.6);
#203 = AXIS2_PLACEMENT_3D('',#204,#205,#206);
#204 = CARTESIAN_POINT('',(24.33,-1.55,1.15));
#205 = DIRECTION('',(-0.,1.,2.22044604925E-16));
#206 = DIRECTION('',(1.,0.,0.));
#207 = PLANE('',#208);
#208 = AXIS2_PLACEMENT_3D('',#209,#210,#211);
#209 = CARTESIAN_POINT('',(-1.57,-1.55,0.));
#210 = DIRECTION('',(0.,1.,0.));
#211 = DIRECTION('',(0.,0.,1.));
#212 = ADVANCED_FACE('',(#213),#231,.F.);
#213 = FACE_BOUND('',#214,.F.);
#214 = EDGE_LOOP('',(#215,#216,#224,#230));
#215 = ORIENTED_EDGE('',*,*,#39,.F.);
#216 = ORIENTED_EDGE('',*,*,#217,.T.);
#217 = EDGE_CURVE('',#32,#218,#220,.T.);
#218 = VERTEX_POINT('',#219);
#219 = CARTESIAN_POINT('',(0.15,-1.56,2.));
#220 = LINE('',#221,#222);
#221 = CARTESIAN_POINT('',(-5.E-02,-1.56,2.));
#222 = VECTOR('',#223,1.);
#223 = DIRECTION('',(1.,0.,0.));
#224 = ORIENTED_EDGE('',*,*,#225,.T.);
#225 = EDGE_CURVE('',#218,#139,#226,.T.);
#226 = LINE('',#227,#228);
#227 = CARTESIAN_POINT('',(0.15,-1.56,2.));
#228 = VECTOR('',#229,1.);
#229 = DIRECTION('',(0.,1.,0.));
#230 = ORIENTED_EDGE('',*,*,#138,.T.);
#231 = PLANE('',#232);
#232 = AXIS2_PLACEMENT_3D('',#233,#234,#235);
#233 = CARTESIAN_POINT('',(-5.E-02,-1.56,2.));
#234 = DIRECTION('',(0.,0.,1.));
#235 = DIRECTION('',(1.,0.,0.));
#236 = ADVANCED_FACE('',(#237),#248,.F.);
#237 = FACE_BOUND('',#238,.F.);
#238 = EDGE_LOOP('',(#239,#240,#241,#242));
#239 = ORIENTED_EDGE('',*,*,#217,.F.);
#240 = ORIENTED_EDGE('',*,*,#31,.T.);
#241 = ORIENTED_EDGE('',*,*,#62,.T.);
#242 = ORIENTED_EDGE('',*,*,#243,.F.);
#243 = EDGE_CURVE('',#218,#63,#244,.T.);
#244 = LINE('',#245,#246);
#245 = CARTESIAN_POINT('',(0.15,-1.56,2.));
#246 = VECTOR('',#247,1.);
#247 = DIRECTION('',(0.,0.,1.));
#248 = PLANE('',#249);
#249 = AXIS2_PLACEMENT_3D('',#250,#251,#252);
#250 = CARTESIAN_POINT('',(-5.E-02,-1.56,2.));
#251 = DIRECTION('',(0.,1.,0.));
#252 = DIRECTION('',(0.,0.,1.));
#253 = ADVANCED_FACE('',(#254),#260,.T.);
#254 = FACE_BOUND('',#255,.T.);
#255 = EDGE_LOOP('',(#256,#257,#258,#259));
#256 = ORIENTED_EDGE('',*,*,#70,.F.);
#257 = ORIENTED_EDGE('',*,*,#243,.F.);
#258 = ORIENTED_EDGE('',*,*,#225,.T.);
#259 = ORIENTED_EDGE('',*,*,#146,.T.);
#260 = PLANE('',#261);
#261 = AXIS2_PLACEMENT_3D('',#262,#263,#264);
#262 = CARTESIAN_POINT('',(0.15,-1.56,2.));
#263 = DIRECTION('',(1.,0.,0.));
#264 = DIRECTION('',(0.,0.,1.));
#265 = ADVANCED_FACE('',(#266),#387,.F.);
#266 = FACE_BOUND('',#267,.F.);
#267 = EDGE_LOOP('',(#268,#276,#277,#285,#293,#301,#309,#317,#325,#333,
    #341,#349,#357,#365,#373,#381));
#268 = ORIENTED_EDGE('',*,*,#269,.F.);
#269 = EDGE_CURVE('',#93,#270,#272,.T.);
#270 = VERTEX_POINT('',#271);
#271 = CARTESIAN_POINT('',(-1.57,-0.35,0.));
#272 = LINE('',#273,#274);
#273 = CARTESIAN_POINT('',(-1.57,-1.55,0.));
#274 = VECTOR('',#275,1.);
#275 = DIRECTION('',(0.,1.,0.));
#276 = ORIENTED_EDGE('',*,*,#92,.T.);
#277 = ORIENTED_EDGE('',*,*,#278,.T.);
#278 = EDGE_CURVE('',#95,#279,#281,.T.);
#279 = VERTEX_POINT('',#280);
#280 = CARTESIAN_POINT('',(28.43,-0.35,0.));
#281 = LINE('',#282,#283);
#282 = CARTESIAN_POINT('',(28.43,-1.55,0.));
#283 = VECTOR('',#284,1.);
#284 = DIRECTION('',(0.,1.,0.));
#285 = ORIENTED_EDGE('',*,*,#286,.F.);
#286 = EDGE_CURVE('',#287,#279,#289,.T.);
#287 = VERTEX_POINT('',#288);
#288 = CARTESIAN_POINT('',(27.22,-0.35,0.));
#289 = LINE('',#290,#291);
#290 = CARTESIAN_POINT('',(-1.57,-0.35,0.));
#291 = VECTOR('',#292,1.);
#292 = DIRECTION('',(1.,0.,0.));
#293 = ORIENTED_EDGE('',*,*,#294,.F.);
#294 = EDGE_CURVE('',#295,#287,#297,.T.);
#295 = VERTEX_POINT('',#296);
#296 = CARTESIAN_POINT('',(26.52,-0.35,0.));
#297 = LINE('',#298,#299);
#298 = CARTESIAN_POINT('',(-1.57,-0.35,0.));
#299 = VECTOR('',#300,1.);
#300 = DIRECTION('',(1.,0.,0.));
#301 = ORIENTED_EDGE('',*,*,#302,.F.);
#302 = EDGE_CURVE('',#303,#295,#305,.T.);
#303 = VERTEX_POINT('',#304);
#304 = CARTESIAN_POINT('',(24.68,-0.35,0.));
#305 = LINE('',#306,#307);
#306 = CARTESIAN_POINT('',(-1.57,-0.35,0.));
#307 = VECTOR('',#308,1.);
#308 = DIRECTION('',(1.,0.,0.));
#309 = ORIENTED_EDGE('',*,*,#310,.F.);
#310 = EDGE_CURVE('',#311,#303,#313,.T.);
#311 = VERTEX_POINT('',#312);
#312 = CARTESIAN_POINT('',(23.98,-0.35,0.));
#313 = LINE('',#314,#315);
#314 = CARTESIAN_POINT('',(-1.57,-0.35,0.));
#315 = VECTOR('',#316,1.);
#316 = DIRECTION('',(1.,0.,0.));
#317 = ORIENTED_EDGE('',*,*,#318,.F.);
#318 = EDGE_CURVE('',#319,#311,#321,.T.);
#319 = VERTEX_POINT('',#320);
#320 = CARTESIAN_POINT('',(7.97,-0.35,0.));
#321 = LINE('',#322,#323);
#322 = CARTESIAN_POINT('',(-1.57,-0.35,0.));
#323 = VECTOR('',#324,1.);
#324 = DIRECTION('',(1.,0.,0.));
#325 = ORIENTED_EDGE('',*,*,#326,.F.);
#326 = EDGE_CURVE('',#327,#319,#329,.T.);
#327 = VERTEX_POINT('',#328);
#328 = CARTESIAN_POINT('',(7.27,-0.35,0.));
#329 = LINE('',#330,#331);
#330 = CARTESIAN_POINT('',(-1.57,-0.35,0.));
#331 = VECTOR('',#332,1.);
#332 = DIRECTION('',(1.,0.,0.));
#333 = ORIENTED_EDGE('',*,*,#334,.F.);
#334 = EDGE_CURVE('',#335,#327,#337,.T.);
#335 = VERTEX_POINT('',#336);
#336 = CARTESIAN_POINT('',(5.43,-0.35,0.));
#337 = LINE('',#338,#339);
#338 = CARTESIAN_POINT('',(-1.57,-0.35,0.));
#339 = VECTOR('',#340,1.);
#340 = DIRECTION('',(1.,0.,0.));
#341 = ORIENTED_EDGE('',*,*,#342,.F.);
#342 = EDGE_CURVE('',#343,#335,#345,.T.);
#343 = VERTEX_POINT('',#344);
#344 = CARTESIAN_POINT('',(4.73,-0.35,0.));
#345 = LINE('',#346,#347);
#346 = CARTESIAN_POINT('',(-1.57,-0.35,0.));
#347 = VECTOR('',#348,1.);
#348 = DIRECTION('',(1.,0.,0.));
#349 = ORIENTED_EDGE('',*,*,#350,.F.);
#350 = EDGE_CURVE('',#351,#343,#353,.T.);
#351 = VERTEX_POINT('',#352);
#352 = CARTESIAN_POINT('',(2.89,-0.35,0.));
#353 = LINE('',#354,#355);
#354 = CARTESIAN_POINT('',(-1.57,-0.35,0.));
#355 = VECTOR('',#356,1.);
#356 = DIRECTION('',(1.,0.,0.));
#357 = ORIENTED_EDGE('',*,*,#358,.F.);
#358 = EDGE_CURVE('',#359,#351,#361,.T.);
#359 = VERTEX_POINT('',#360);
#360 = CARTESIAN_POINT('',(2.19,-0.35,0.));
#361 = LINE('',#362,#363);
#362 = CARTESIAN_POINT('',(-1.57,-0.35,0.));
#363 = VECTOR('',#364,1.);
#364 = DIRECTION('',(1.,0.,0.));
#365 = ORIENTED_EDGE('',*,*,#366,.F.);
#366 = EDGE_CURVE('',#367,#359,#369,.T.);
#367 = VERTEX_POINT('',#368);
#368 = CARTESIAN_POINT('',(0.35,-0.35,0.));
#369 = LINE('',#370,#371);
#370 = CARTESIAN_POINT('',(-1.57,-0.35,0.));
#371 = VECTOR('',#372,1.);
#372 = DIRECTION('',(1.,0.,0.));
#373 = ORIENTED_EDGE('',*,*,#374,.F.);
#374 = EDGE_CURVE('',#375,#367,#377,.T.);
#375 = VERTEX_POINT('',#376);
#376 = CARTESIAN_POINT('',(-0.35,-0.35,0.));
#377 = LINE('',#378,#379);
#378 = CARTESIAN_POINT('',(-1.57,-0.35,0.));
#379 = VECTOR('',#380,1.);
#380 = DIRECTION('',(1.,0.,0.));
#381 = ORIENTED_EDGE('',*,*,#382,.F.);
#382 = EDGE_CURVE('',#270,#375,#383,.T.);
#383 = LINE('',#384,#385);
#384 = CARTESIAN_POINT('',(-1.57,-0.35,0.));
#385 = VECTOR('',#386,1.);
#386 = DIRECTION('',(1.,0.,0.));
#387 = PLANE('',#388);
#388 = AXIS2_PLACEMENT_3D('',#389,#390,#391);
#389 = CARTESIAN_POINT('',(-1.57,-1.55,0.));
#390 = DIRECTION('',(0.,0.,1.));
#391 = DIRECTION('',(1.,0.,0.));
#392 = ADVANCED_FACE('',(#393),#411,.T.);
#393 = FACE_BOUND('',#394,.T.);
#394 = EDGE_LOOP('',(#395,#396,#397,#405));
#395 = ORIENTED_EDGE('',*,*,#118,.F.);
#396 = ORIENTED_EDGE('',*,*,#278,.T.);
#397 = ORIENTED_EDGE('',*,*,#398,.T.);
#398 = EDGE_CURVE('',#279,#399,#401,.T.);
#399 = VERTEX_POINT('',#400);
#400 = CARTESIAN_POINT('',(28.43,-0.35,8.7));
#401 = LINE('',#402,#403);
#402 = CARTESIAN_POINT('',(28.43,-0.35,0.));
#403 = VECTOR('',#404,1.);
#404 = DIRECTION('',(0.,0.,1.));
#405 = ORIENTED_EDGE('',*,*,#406,.F.);
#406 = EDGE_CURVE('',#111,#399,#407,.T.);
#407 = LINE('',#408,#409);
#408 = CARTESIAN_POINT('',(28.43,-1.55,8.7));
#409 = VECTOR('',#410,1.);
#410 = DIRECTION('',(0.,1.,0.));
#411 = PLANE('',#412);
#412 = AXIS2_PLACEMENT_3D('',#413,#414,#415);
#413 = CARTESIAN_POINT('',(28.43,-1.55,0.));
#414 = DIRECTION('',(1.,0.,0.));
#415 = DIRECTION('',(0.,0.,1.));
#416 = ADVANCED_FACE('',(#417),#435,.F.);
#417 = FACE_BOUND('',#418,.F.);
#418 = EDGE_LOOP('',(#419,#420,#421,#429));
#419 = ORIENTED_EDGE('',*,*,#102,.F.);
#420 = ORIENTED_EDGE('',*,*,#269,.T.);
#421 = ORIENTED_EDGE('',*,*,#422,.T.);
#422 = EDGE_CURVE('',#270,#423,#425,.T.);
#423 = VERTEX_POINT('',#424);
#424 = CARTESIAN_POINT('',(-1.57,-0.35,8.7));
#425 = LINE('',#426,#427);
#426 = CARTESIAN_POINT('',(-1.57,-0.35,0.));
#427 = VECTOR('',#428,1.);
#428 = DIRECTION('',(0.,0.,1.));
#429 = ORIENTED_EDGE('',*,*,#430,.F.);
#430 = EDGE_CURVE('',#103,#423,#431,.T.);
#431 = LINE('',#432,#433);
#432 = CARTESIAN_POINT('',(-1.57,-1.55,8.7));
#433 = VECTOR('',#434,1.);
#434 = DIRECTION('',(0.,1.,0.));
#435 = PLANE('',#436);
#436 = AXIS2_PLACEMENT_3D('',#437,#438,#439);
#437 = CARTESIAN_POINT('',(-1.57,-1.55,0.));
#438 = DIRECTION('',(1.,0.,0.));
#439 = DIRECTION('',(0.,0.,1.));
#440 = ADVANCED_FACE('',(#441),#452,.T.);
#441 = FACE_BOUND('',#442,.T.);
#442 = EDGE_LOOP('',(#443,#444,#445,#446));
#443 = ORIENTED_EDGE('',*,*,#430,.F.);
#444 = ORIENTED_EDGE('',*,*,#110,.T.);
#445 = ORIENTED_EDGE('',*,*,#406,.T.);
#446 = ORIENTED_EDGE('',*,*,#447,.F.);
#447 = EDGE_CURVE('',#423,#399,#448,.T.);
#448 = LINE('',#449,#450);
#449 = CARTESIAN_POINT('',(-1.57,-0.35,8.7));
#450 = VECTOR('',#451,1.);
#451 = DIRECTION('',(1.,0.,0.));
#452 = PLANE('',#453);
#453 = AXIS2_PLACEMENT_3D('',#454,#455,#456);
#454 = CARTESIAN_POINT('',(-1.57,-1.55,8.7));
#455 = DIRECTION('',(0.,0.,1.));
#456 = DIRECTION('',(1.,0.,0.));
#457 = ADVANCED_FACE('',(#458),#477,.T.);
#458 = FACE_BOUND('',#459,.T.);
#459 = EDGE_LOOP('',(#460,#469,#475,#476));
#460 = ORIENTED_EDGE('',*,*,#461,.T.);
#461 = EDGE_CURVE('',#462,#462,#464,.T.);
#462 = VERTEX_POINT('',#463);
#463 = CARTESIAN_POINT('',(0.6,-1.56,1.15));
#464 = CIRCLE('',#465,0.6);
#465 = AXIS2_PLACEMENT_3D('',#466,#467,#468);
#466 = CARTESIAN_POINT('',(0.,-1.56,1.15));
#467 = DIRECTION('',(-0.,1.,2.22044604925E-16));
#468 = DIRECTION('',(1.,0.,0.));
#469 = ORIENTED_EDGE('',*,*,#470,.T.);
#470 = EDGE_CURVE('',#462,#127,#471,.T.);
#471 = LINE('',#472,#473);
#472 = CARTESIAN_POINT('',(0.6,-1.56,1.15));
#473 = VECTOR('',#474,1.);
#474 = DIRECTION('',(0.,1.,2.22044604925E-16));
#475 = ORIENTED_EDGE('',*,*,#126,.F.);
#476 = ORIENTED_EDGE('',*,*,#470,.F.);
#477 = CYLINDRICAL_SURFACE('',#478,0.6);
#478 = AXIS2_PLACEMENT_3D('',#479,#480,#481);
#479 = CARTESIAN_POINT('',(0.,-1.56,1.15));
#480 = DIRECTION('',(0.,1.,2.22044604925E-16));
#481 = DIRECTION('',(1.,0.,0.));
#482 = ADVANCED_FACE('',(#483),#502,.T.);
#483 = FACE_BOUND('',#484,.T.);
#484 = EDGE_LOOP('',(#485,#494,#500,#501));
#485 = ORIENTED_EDGE('',*,*,#486,.T.);
#486 = EDGE_CURVE('',#487,#487,#489,.T.);
#487 = VERTEX_POINT('',#488);
#488 = CARTESIAN_POINT('',(3.14,-1.56,1.15));
#489 = CIRCLE('',#490,0.6);
#490 = AXIS2_PLACEMENT_3D('',#491,#492,#493);
#491 = CARTESIAN_POINT('',(2.54,-1.56,1.15));
#492 = DIRECTION('',(-0.,1.,2.22044604925E-16));
#493 = DIRECTION('',(1.,0.,0.));
#494 = ORIENTED_EDGE('',*,*,#495,.T.);
#495 = EDGE_CURVE('',#487,#156,#496,.T.);
#496 = LINE('',#497,#498);
#497 = CARTESIAN_POINT('',(3.14,-1.56,1.15));
#498 = VECTOR('',#499,1.);
#499 = DIRECTION('',(0.,1.,2.22044604925E-16));
#500 = ORIENTED_EDGE('',*,*,#155,.F.);
#501 = ORIENTED_EDGE('',*,*,#495,.F.);
#502 = CYLINDRICAL_SURFACE('',#503,0.6);
#503 = AXIS2_PLACEMENT_3D('',#504,#505,#506);
#504 = CARTESIAN_POINT('',(2.54,-1.56,1.15));
#505 = DIRECTION('',(0.,1.,2.22044604925E-16));
#506 = DIRECTION('',(1.,0.,0.));
#507 = ADVANCED_FACE('',(#508),#527,.T.);
#508 = FACE_BOUND('',#509,.T.);
#509 = EDGE_LOOP('',(#510,#519,#525,#526));
#510 = ORIENTED_EDGE('',*,*,#511,.T.);
#511 = EDGE_CURVE('',#512,#512,#514,.T.);
#512 = VERTEX_POINT('',#513);
#513 = CARTESIAN_POINT('',(8.22,-1.56,1.15));
#514 = CIRCLE('',#515,0.6);
#515 = AXIS2_PLACEMENT_3D('',#516,#517,#518);
#516 = CARTESIAN_POINT('',(7.62,-1.56,1.15));
#517 = DIRECTION('',(-0.,1.,2.22044604925E-16));
#518 = DIRECTION('',(1.,0.,0.));
#519 = ORIENTED_EDGE('',*,*,#520,.T.);
#520 = EDGE_CURVE('',#512,#167,#521,.T.);
#521 = LINE('',#522,#523);
#522 = CARTESIAN_POINT('',(8.22,-1.56,1.15));
#523 = VECTOR('',#524,1.);
#524 = DIRECTION('',(0.,1.,2.22044604925E-16));
#525 = ORIENTED_EDGE('',*,*,#166,.F.);
#526 = ORIENTED_EDGE('',*,*,#520,.F.);
#527 = CYLINDRICAL_SURFACE('',#528,0.6);
#528 = AXIS2_PLACEMENT_3D('',#529,#530,#531);
#529 = CARTESIAN_POINT('',(7.62,-1.56,1.15));
#530 = DIRECTION('',(0.,1.,2.22044604925E-16));
#531 = DIRECTION('',(1.,0.,0.));
#532 = ADVANCED_FACE('',(#533),#552,.T.);
#533 = FACE_BOUND('',#534,.T.);
#534 = EDGE_LOOP('',(#535,#544,#550,#551));
#535 = ORIENTED_EDGE('',*,*,#536,.T.);
#536 = EDGE_CURVE('',#537,#537,#539,.T.);
#537 = VERTEX_POINT('',#538);
#538 = CARTESIAN_POINT('',(5.68,-1.56,1.15));
#539 = CIRCLE('',#540,0.6);
#540 = AXIS2_PLACEMENT_3D('',#541,#542,#543);
#541 = CARTESIAN_POINT('',(5.08,-1.56,1.15));
#542 = DIRECTION('',(-0.,1.,2.22044604925E-16));
#543 = DIRECTION('',(1.,0.,0.));
#544 = ORIENTED_EDGE('',*,*,#545,.T.);
#545 = EDGE_CURVE('',#537,#178,#546,.T.);
#546 = LINE('',#547,#548);
#547 = CARTESIAN_POINT('',(5.68,-1.56,1.15));
#548 = VECTOR('',#549,1.);
#549 = DIRECTION('',(0.,1.,2.22044604925E-16));
#550 = ORIENTED_EDGE('',*,*,#177,.F.);
#551 = ORIENTED_EDGE('',*,*,#545,.F.);
#552 = CYLINDRICAL_SURFACE('',#553,0.6);
#553 = AXIS2_PLACEMENT_3D('',#554,#555,#556);
#554 = CARTESIAN_POINT('',(5.08,-1.56,1.15));
#555 = DIRECTION('',(0.,1.,2.22044604925E-16));
#556 = DIRECTION('',(1.,0.,0.));
#557 = ADVANCED_FACE('',(#558),#577,.T.);
#558 = FACE_BOUND('',#559,.T.);
#559 = EDGE_LOOP('',(#560,#569,#575,#576));
#560 = ORIENTED_EDGE('',*,*,#561,.T.);
#561 = EDGE_CURVE('',#562,#562,#564,.T.);
#562 = VERTEX_POINT('',#563);
#563 = CARTESIAN_POINT('',(27.47,-1.56,1.15));
#564 = CIRCLE('',#565,0.6);
#565 = AXIS2_PLACEMENT_3D('',#566,#567,#568);
#566 = CARTESIAN_POINT('',(26.87,-1.56,1.15));
#567 = DIRECTION('',(-0.,1.,2.22044604925E-16));
#568 = DIRECTION('',(1.,0.,0.));
#569 = ORIENTED_EDGE('',*,*,#570,.T.);
#570 = EDGE_CURVE('',#562,#189,#571,.T.);
#571 = LINE('',#572,#573);
#572 = CARTESIAN_POINT('',(27.47,-1.56,1.15));
#573 = VECTOR('',#574,1.);
#574 = DIRECTION('',(0.,1.,2.22044604925E-16));
#575 = ORIENTED_EDGE('',*,*,#188,.F.);
#576 = ORIENTED_EDGE('',*,*,#570,.F.);
#577 = CYLINDRICAL_SURFACE('',#578,0.6);
#578 = AXIS2_PLACEMENT_3D('',#579,#580,#581);
#579 = CARTESIAN_POINT('',(26.87,-1.56,1.15));
#580 = DIRECTION('',(0.,1.,2.22044604925E-16));
#581 = DIRECTION('',(1.,0.,0.));
#582 = ADVANCED_FACE('',(#583),#602,.T.);
#583 = FACE_BOUND('',#584,.T.);
#584 = EDGE_LOOP('',(#585,#594,#600,#601));
#585 = ORIENTED_EDGE('',*,*,#586,.T.);
#586 = EDGE_CURVE('',#587,#587,#589,.T.);
#587 = VERTEX_POINT('',#588);
#588 = CARTESIAN_POINT('',(24.93,-1.56,1.15));
#589 = CIRCLE('',#590,0.6);
#590 = AXIS2_PLACEMENT_3D('',#591,#592,#593);
#591 = CARTESIAN_POINT('',(24.33,-1.56,1.15));
#592 = DIRECTION('',(-0.,1.,2.22044604925E-16));
#593 = DIRECTION('',(1.,0.,0.));
#594 = ORIENTED_EDGE('',*,*,#595,.T.);
#595 = EDGE_CURVE('',#587,#200,#596,.T.);
#596 = LINE('',#597,#598);
#597 = CARTESIAN_POINT('',(24.93,-1.56,1.15));
#598 = VECTOR('',#599,1.);
#599 = DIRECTION('',(0.,1.,2.22044604925E-16));
#600 = ORIENTED_EDGE('',*,*,#199,.F.);
#601 = ORIENTED_EDGE('',*,*,#595,.F.);
#602 = CYLINDRICAL_SURFACE('',#603,0.6);
#603 = AXIS2_PLACEMENT_3D('',#604,#605,#606);
#604 = CARTESIAN_POINT('',(24.33,-1.56,1.15));
#605 = DIRECTION('',(0.,1.,2.22044604925E-16));
#606 = DIRECTION('',(1.,0.,0.));
#607 = ADVANCED_FACE('',(#608,#812,#846,#891),#1437,.T.);
#608 = FACE_BOUND('',#609,.T.);
#609 = EDGE_LOOP('',(#610,#611,#612,#613,#614,#615,#623,#632,#641,#647,
    #648,#656,#665,#674,#680,#681,#689,#698,#707,#713,#714,#722,#731,
    #740,#746,#747,#755,#764,#773,#779,#780,#788,#797,#806));
#610 = ORIENTED_EDGE('',*,*,#382,.F.);
#611 = ORIENTED_EDGE('',*,*,#422,.T.);
#612 = ORIENTED_EDGE('',*,*,#447,.T.);
#613 = ORIENTED_EDGE('',*,*,#398,.F.);
#614 = ORIENTED_EDGE('',*,*,#286,.F.);
#615 = ORIENTED_EDGE('',*,*,#616,.T.);
#616 = EDGE_CURVE('',#287,#617,#619,.T.);
#617 = VERTEX_POINT('',#618);
#618 = CARTESIAN_POINT('',(27.22,-0.35,0.66266028276));
#619 = LINE('',#620,#621);
#620 = CARTESIAN_POINT('',(27.22,-0.35,-6.));
#621 = VECTOR('',#622,1.);
#622 = DIRECTION('',(0.,0.,1.));
#623 = ORIENTED_EDGE('',*,*,#624,.F.);
#624 = EDGE_CURVE('',#625,#617,#627,.T.);
#625 = VERTEX_POINT('',#626);
#626 = CARTESIAN_POINT('',(27.47,-0.35,1.15));
#627 = CIRCLE('',#628,0.6);
#628 = AXIS2_PLACEMENT_3D('',#629,#630,#631);
#629 = CARTESIAN_POINT('',(26.87,-0.35,1.15));
#630 = DIRECTION('',(-0.,1.,2.22044604925E-16));
#631 = DIRECTION('',(1.,0.,0.));
#632 = ORIENTED_EDGE('',*,*,#633,.F.);
#633 = EDGE_CURVE('',#634,#625,#636,.T.);
#634 = VERTEX_POINT('',#635);
#635 = CARTESIAN_POINT('',(26.52,-0.35,0.66266028276));
#636 = CIRCLE('',#637,0.6);
#637 = AXIS2_PLACEMENT_3D('',#638,#639,#640);
#638 = CARTESIAN_POINT('',(26.87,-0.35,1.15));
#639 = DIRECTION('',(-0.,1.,2.22044604925E-16));
#640 = DIRECTION('',(1.,0.,0.));
#641 = ORIENTED_EDGE('',*,*,#642,.F.);
#642 = EDGE_CURVE('',#295,#634,#643,.T.);
#643 = LINE('',#644,#645);
#644 = CARTESIAN_POINT('',(26.52,-0.35,-6.));
#645 = VECTOR('',#646,1.);
#646 = DIRECTION('',(0.,0.,1.));
#647 = ORIENTED_EDGE('',*,*,#302,.F.);
#648 = ORIENTED_EDGE('',*,*,#649,.T.);
#649 = EDGE_CURVE('',#303,#650,#652,.T.);
#650 = VERTEX_POINT('',#651);
#651 = CARTESIAN_POINT('',(24.68,-0.35,0.66266028276));
#652 = LINE('',#653,#654);
#653 = CARTESIAN_POINT('',(24.68,-0.35,-6.));
#654 = VECTOR('',#655,1.);
#655 = DIRECTION('',(0.,0.,1.));
#656 = ORIENTED_EDGE('',*,*,#657,.F.);
#657 = EDGE_CURVE('',#658,#650,#660,.T.);
#658 = VERTEX_POINT('',#659);
#659 = CARTESIAN_POINT('',(24.93,-0.35,1.15));
#660 = CIRCLE('',#661,0.6);
#661 = AXIS2_PLACEMENT_3D('',#662,#663,#664);
#662 = CARTESIAN_POINT('',(24.33,-0.35,1.15));
#663 = DIRECTION('',(-0.,1.,2.22044604925E-16));
#664 = DIRECTION('',(1.,0.,0.));
#665 = ORIENTED_EDGE('',*,*,#666,.F.);
#666 = EDGE_CURVE('',#667,#658,#669,.T.);
#667 = VERTEX_POINT('',#668);
#668 = CARTESIAN_POINT('',(23.98,-0.35,0.66266028276));
#669 = CIRCLE('',#670,0.6);
#670 = AXIS2_PLACEMENT_3D('',#671,#672,#673);
#671 = CARTESIAN_POINT('',(24.33,-0.35,1.15));
#672 = DIRECTION('',(-0.,1.,2.22044604925E-16));
#673 = DIRECTION('',(1.,0.,0.));
#674 = ORIENTED_EDGE('',*,*,#675,.F.);
#675 = EDGE_CURVE('',#311,#667,#676,.T.);
#676 = LINE('',#677,#678);
#677 = CARTESIAN_POINT('',(23.98,-0.35,-6.));
#678 = VECTOR('',#679,1.);
#679 = DIRECTION('',(0.,0.,1.));
#680 = ORIENTED_EDGE('',*,*,#318,.F.);
#681 = ORIENTED_EDGE('',*,*,#682,.T.);
#682 = EDGE_CURVE('',#319,#683,#685,.T.);
#683 = VERTEX_POINT('',#684);
#684 = CARTESIAN_POINT('',(7.97,-0.35,0.66266028276));
#685 = LINE('',#686,#687);
#686 = CARTESIAN_POINT('',(7.97,-0.35,-6.));
#687 = VECTOR('',#688,1.);
#688 = DIRECTION('',(0.,0.,1.));
#689 = ORIENTED_EDGE('',*,*,#690,.F.);
#690 = EDGE_CURVE('',#691,#683,#693,.T.);
#691 = VERTEX_POINT('',#692);
#692 = CARTESIAN_POINT('',(8.22,-0.35,1.15));
#693 = CIRCLE('',#694,0.6);
#694 = AXIS2_PLACEMENT_3D('',#695,#696,#697);
#695 = CARTESIAN_POINT('',(7.62,-0.35,1.15));
#696 = DIRECTION('',(-0.,1.,2.22044604925E-16));
#697 = DIRECTION('',(1.,0.,0.));
#698 = ORIENTED_EDGE('',*,*,#699,.F.);
#699 = EDGE_CURVE('',#700,#691,#702,.T.);
#700 = VERTEX_POINT('',#701);
#701 = CARTESIAN_POINT('',(7.27,-0.35,0.66266028276));
#702 = CIRCLE('',#703,0.6);
#703 = AXIS2_PLACEMENT_3D('',#704,#705,#706);
#704 = CARTESIAN_POINT('',(7.62,-0.35,1.15));
#705 = DIRECTION('',(-0.,1.,2.22044604925E-16));
#706 = DIRECTION('',(1.,0.,0.));
#707 = ORIENTED_EDGE('',*,*,#708,.F.);
#708 = EDGE_CURVE('',#327,#700,#709,.T.);
#709 = LINE('',#710,#711);
#710 = CARTESIAN_POINT('',(7.27,-0.35,-6.));
#711 = VECTOR('',#712,1.);
#712 = DIRECTION('',(0.,0.,1.));
#713 = ORIENTED_EDGE('',*,*,#334,.F.);
#714 = ORIENTED_EDGE('',*,*,#715,.T.);
#715 = EDGE_CURVE('',#335,#716,#718,.T.);
#716 = VERTEX_POINT('',#717);
#717 = CARTESIAN_POINT('',(5.43,-0.35,0.66266028276));
#718 = LINE('',#719,#720);
#719 = CARTESIAN_POINT('',(5.43,-0.35,-6.));
#720 = VECTOR('',#721,1.);
#721 = DIRECTION('',(0.,0.,1.));
#722 = ORIENTED_EDGE('',*,*,#723,.F.);
#723 = EDGE_CURVE('',#724,#716,#726,.T.);
#724 = VERTEX_POINT('',#725);
#725 = CARTESIAN_POINT('',(5.68,-0.35,1.15));
#726 = CIRCLE('',#727,0.6);
#727 = AXIS2_PLACEMENT_3D('',#728,#729,#730);
#728 = CARTESIAN_POINT('',(5.08,-0.35,1.15));
#729 = DIRECTION('',(-0.,1.,2.22044604925E-16));
#730 = DIRECTION('',(1.,0.,0.));
#731 = ORIENTED_EDGE('',*,*,#732,.F.);
#732 = EDGE_CURVE('',#733,#724,#735,.T.);
#733 = VERTEX_POINT('',#734);
#734 = CARTESIAN_POINT('',(4.73,-0.35,0.66266028276));
#735 = CIRCLE('',#736,0.6);
#736 = AXIS2_PLACEMENT_3D('',#737,#738,#739);
#737 = CARTESIAN_POINT('',(5.08,-0.35,1.15));
#738 = DIRECTION('',(-0.,1.,2.22044604925E-16));
#739 = DIRECTION('',(1.,0.,0.));
#740 = ORIENTED_EDGE('',*,*,#741,.F.);
#741 = EDGE_CURVE('',#343,#733,#742,.T.);
#742 = LINE('',#743,#744);
#743 = CARTESIAN_POINT('',(4.73,-0.35,-6.));
#744 = VECTOR('',#745,1.);
#745 = DIRECTION('',(0.,0.,1.));
#746 = ORIENTED_EDGE('',*,*,#350,.F.);
#747 = ORIENTED_EDGE('',*,*,#748,.T.);
#748 = EDGE_CURVE('',#351,#749,#751,.T.);
#749 = VERTEX_POINT('',#750);
#750 = CARTESIAN_POINT('',(2.89,-0.35,0.66266028276));
#751 = LINE('',#752,#753);
#752 = CARTESIAN_POINT('',(2.89,-0.35,-6.));
#753 = VECTOR('',#754,1.);
#754 = DIRECTION('',(0.,0.,1.));
#755 = ORIENTED_EDGE('',*,*,#756,.F.);
#756 = EDGE_CURVE('',#757,#749,#759,.T.);
#757 = VERTEX_POINT('',#758);
#758 = CARTESIAN_POINT('',(3.14,-0.35,1.15));
#759 = CIRCLE('',#760,0.6);
#760 = AXIS2_PLACEMENT_3D('',#761,#762,#763);
#761 = CARTESIAN_POINT('',(2.54,-0.35,1.15));
#762 = DIRECTION('',(-0.,1.,2.22044604925E-16));
#763 = DIRECTION('',(1.,0.,0.));
#764 = ORIENTED_EDGE('',*,*,#765,.F.);
#765 = EDGE_CURVE('',#766,#757,#768,.T.);
#766 = VERTEX_POINT('',#767);
#767 = CARTESIAN_POINT('',(2.19,-0.35,0.66266028276));
#768 = CIRCLE('',#769,0.6);
#769 = AXIS2_PLACEMENT_3D('',#770,#771,#772);
#770 = CARTESIAN_POINT('',(2.54,-0.35,1.15));
#771 = DIRECTION('',(-0.,1.,2.22044604925E-16));
#772 = DIRECTION('',(1.,0.,0.));
#773 = ORIENTED_EDGE('',*,*,#774,.F.);
#774 = EDGE_CURVE('',#359,#766,#775,.T.);
#775 = LINE('',#776,#777);
#776 = CARTESIAN_POINT('',(2.19,-0.35,-6.));
#777 = VECTOR('',#778,1.);
#778 = DIRECTION('',(0.,0.,1.));
#779 = ORIENTED_EDGE('',*,*,#366,.F.);
#780 = ORIENTED_EDGE('',*,*,#781,.T.);
#781 = EDGE_CURVE('',#367,#782,#784,.T.);
#782 = VERTEX_POINT('',#783);
#783 = CARTESIAN_POINT('',(0.35,-0.35,0.66266028276));
#784 = LINE('',#785,#786);
#785 = CARTESIAN_POINT('',(0.35,-0.35,-6.));
#786 = VECTOR('',#787,1.);
#787 = DIRECTION('',(0.,0.,1.));
#788 = ORIENTED_EDGE('',*,*,#789,.F.);
#789 = EDGE_CURVE('',#790,#782,#792,.T.);
#790 = VERTEX_POINT('',#791);
#791 = CARTESIAN_POINT('',(0.6,-0.35,1.15));
#792 = CIRCLE('',#793,0.6);
#793 = AXIS2_PLACEMENT_3D('',#794,#795,#796);
#794 = CARTESIAN_POINT('',(0.,-0.35,1.15));
#795 = DIRECTION('',(-0.,1.,2.22044604925E-16));
#796 = DIRECTION('',(1.,0.,0.));
#797 = ORIENTED_EDGE('',*,*,#798,.F.);
#798 = EDGE_CURVE('',#799,#790,#801,.T.);
#799 = VERTEX_POINT('',#800);
#800 = CARTESIAN_POINT('',(-0.35,-0.35,0.66266028276));
#801 = CIRCLE('',#802,0.6);
#802 = AXIS2_PLACEMENT_3D('',#803,#804,#805);
#803 = CARTESIAN_POINT('',(0.,-0.35,1.15));
#804 = DIRECTION('',(-0.,1.,2.22044604925E-16));
#805 = DIRECTION('',(1.,0.,0.));
#806 = ORIENTED_EDGE('',*,*,#807,.F.);
#807 = EDGE_CURVE('',#375,#799,#808,.T.);
#808 = LINE('',#809,#810);
#809 = CARTESIAN_POINT('',(-0.35,-0.35,-6.));
#810 = VECTOR('',#811,1.);
#811 = DIRECTION('',(0.,0.,1.));
#812 = FACE_BOUND('',#813,.T.);
#813 = EDGE_LOOP('',(#814,#824,#832,#840));
#814 = ORIENTED_EDGE('',*,*,#815,.F.);
#815 = EDGE_CURVE('',#816,#818,#820,.T.);
#816 = VERTEX_POINT('',#817);
#817 = CARTESIAN_POINT('',(-5.E-02,-0.35,2.));
#818 = VERTEX_POINT('',#819);
#819 = CARTESIAN_POINT('',(-5.E-02,-0.35,3.));
#820 = LINE('',#821,#822);
#821 = CARTESIAN_POINT('',(-5.E-02,-0.35,1.));
#822 = VECTOR('',#823,1.);
#823 = DIRECTION('',(0.,0.,1.));
#824 = ORIENTED_EDGE('',*,*,#825,.F.);
#825 = EDGE_CURVE('',#826,#816,#828,.T.);
#826 = VERTEX_POINT('',#827);
#827 = CARTESIAN_POINT('',(0.15,-0.35,2.));
#828 = LINE('',#829,#830);
#829 = CARTESIAN_POINT('',(-0.81,-0.35,2.));
#830 = VECTOR('',#831,1.);
#831 = DIRECTION('',(-1.,0.,0.));
#832 = ORIENTED_EDGE('',*,*,#833,.T.);
#833 = EDGE_CURVE('',#826,#834,#836,.T.);
#834 = VERTEX_POINT('',#835);
#835 = CARTESIAN_POINT('',(0.15,-0.35,3.));
#836 = LINE('',#837,#838);
#837 = CARTESIAN_POINT('',(0.15,-0.35,1.));
#838 = VECTOR('',#839,1.);
#839 = DIRECTION('',(0.,0.,1.));
#840 = ORIENTED_EDGE('',*,*,#841,.T.);
#841 = EDGE_CURVE('',#834,#818,#842,.T.);
#842 = LINE('',#843,#844);
#843 = CARTESIAN_POINT('',(-0.81,-0.35,3.));
#844 = VECTOR('',#845,1.);
#845 = DIRECTION('',(-1.,0.,0.));
#846 = FACE_BOUND('',#847,.T.);
#847 = EDGE_LOOP('',(#848,#859,#867,#876,#884));
#848 = ORIENTED_EDGE('',*,*,#849,.F.);
#849 = EDGE_CURVE('',#850,#852,#854,.T.);
#850 = VERTEX_POINT('',#851);
#851 = CARTESIAN_POINT('',(7.2,-0.35,8.3));
#852 = VERTEX_POINT('',#853);
#853 = CARTESIAN_POINT('',(9.4,-0.35,6.1));
#854 = CIRCLE('',#855,2.2);
#855 = AXIS2_PLACEMENT_3D('',#856,#857,#858);
#856 = CARTESIAN_POINT('',(7.2,-0.35,6.1));
#857 = DIRECTION('',(-0.,1.,2.22044604925E-16));
#858 = DIRECTION('',(1.,0.,0.));
#859 = ORIENTED_EDGE('',*,*,#860,.F.);
#860 = EDGE_CURVE('',#861,#850,#863,.T.);
#861 = VERTEX_POINT('',#862);
#862 = CARTESIAN_POINT('',(0.8,-0.35,8.3));
#863 = LINE('',#864,#865);
#864 = CARTESIAN_POINT('',(0.8,-0.35,8.3));
#865 = VECTOR('',#866,1.);
#866 = DIRECTION('',(1.,0.,0.));
#867 = ORIENTED_EDGE('',*,*,#868,.F.);
#868 = EDGE_CURVE('',#869,#861,#871,.T.);
#869 = VERTEX_POINT('',#870);
#870 = CARTESIAN_POINT('',(0.8,-0.35,3.9));
#871 = CIRCLE('',#872,2.2);
#872 = AXIS2_PLACEMENT_3D('',#873,#874,#875);
#873 = CARTESIAN_POINT('',(0.8,-0.35,6.1));
#874 = DIRECTION('',(0.,1.,-2.22044604925E-16));
#875 = DIRECTION('',(1.,0.,0.));
#876 = ORIENTED_EDGE('',*,*,#877,.T.);
#877 = EDGE_CURVE('',#869,#878,#880,.T.);
#878 = VERTEX_POINT('',#879);
#879 = CARTESIAN_POINT('',(7.2,-0.35,3.9));
#880 = LINE('',#881,#882);
#881 = CARTESIAN_POINT('',(0.8,-0.35,3.9));
#882 = VECTOR('',#883,1.);
#883 = DIRECTION('',(1.,0.,0.));
#884 = ORIENTED_EDGE('',*,*,#885,.F.);
#885 = EDGE_CURVE('',#852,#878,#886,.T.);
#886 = CIRCLE('',#887,2.2);
#887 = AXIS2_PLACEMENT_3D('',#888,#889,#890);
#888 = CARTESIAN_POINT('',(7.2,-0.35,6.1));
#889 = DIRECTION('',(-0.,1.,2.22044604925E-16));
#890 = DIRECTION('',(1.,0.,0.));
#891 = FACE_BOUND('',#892,.T.);
#892 = EDGE_LOOP('',(#893,#903,#911,#919,#927,#935,#943,#951,#959,#967,
    #975,#983,#991,#999,#1007,#1015,#1023,#1031,#1039,#1047,#1055,#1063,
    #1071,#1079,#1087,#1095,#1103,#1111,#1119,#1127,#1135,#1143,#1151,
    #1159,#1167,#1175,#1183,#1191,#1199,#1207,#1215,#1223,#1231,#1239,
    #1247,#1255,#1263,#1271,#1279,#1287,#1295,#1303,#1311,#1319,#1327,
    #1335,#1343,#1351,#1359,#1367,#1375,#1383,#1391,#1399,#1407,#1415,
    #1423,#1431));
#893 = ORIENTED_EDGE('',*,*,#894,.F.);
#894 = EDGE_CURVE('',#895,#897,#899,.T.);
#895 = VERTEX_POINT('',#896);
#896 = CARTESIAN_POINT('',(15.19,-0.35,1.5));
#897 = VERTEX_POINT('',#898);
#898 = CARTESIAN_POINT('',(15.19,-0.35,2.5));
#899 = LINE('',#900,#901);
#900 = CARTESIAN_POINT('',(15.19,-0.35,1.5));
#901 = VECTOR('',#902,1.);
#902 = DIRECTION('',(0.,0.,1.));
#903 = ORIENTED_EDGE('',*,*,#904,.T.);
#904 = EDGE_CURVE('',#895,#905,#907,.T.);
#905 = VERTEX_POINT('',#906);
#906 = CARTESIAN_POINT('',(15.59,-0.35,1.5));
#907 = LINE('',#908,#909);
#908 = CARTESIAN_POINT('',(15.19,-0.35,1.5));
#909 = VECTOR('',#910,1.);
#910 = DIRECTION('',(1.,0.,0.));
#911 = ORIENTED_EDGE('',*,*,#912,.T.);
#912 = EDGE_CURVE('',#905,#913,#915,.T.);
#913 = VERTEX_POINT('',#914);
#914 = CARTESIAN_POINT('',(15.59,-0.35,2.5));
#915 = LINE('',#916,#917);
#916 = CARTESIAN_POINT('',(15.59,-0.35,1.5));
#917 = VECTOR('',#918,1.);
#918 = DIRECTION('',(0.,0.,1.));
#919 = ORIENTED_EDGE('',*,*,#920,.T.);
#920 = EDGE_CURVE('',#913,#921,#923,.T.);
#921 = VERTEX_POINT('',#922);
#922 = CARTESIAN_POINT('',(16.46,-0.35,2.5));
#923 = LINE('',#924,#925);
#924 = CARTESIAN_POINT('',(12.3,-0.35,2.5));
#925 = VECTOR('',#926,1.);
#926 = DIRECTION('',(1.,0.,0.));
#927 = ORIENTED_EDGE('',*,*,#928,.F.);
#928 = EDGE_CURVE('',#929,#921,#931,.T.);
#929 = VERTEX_POINT('',#930);
#930 = CARTESIAN_POINT('',(16.46,-0.35,1.5));
#931 = LINE('',#932,#933);
#932 = CARTESIAN_POINT('',(16.46,-0.35,1.5));
#933 = VECTOR('',#934,1.);
#934 = DIRECTION('',(0.,0.,1.));
#935 = ORIENTED_EDGE('',*,*,#936,.T.);
#936 = EDGE_CURVE('',#929,#937,#939,.T.);
#937 = VERTEX_POINT('',#938);
#938 = CARTESIAN_POINT('',(16.86,-0.35,1.5));
#939 = LINE('',#940,#941);
#940 = CARTESIAN_POINT('',(16.46,-0.35,1.5));
#941 = VECTOR('',#942,1.);
#942 = DIRECTION('',(1.,0.,0.));
#943 = ORIENTED_EDGE('',*,*,#944,.T.);
#944 = EDGE_CURVE('',#937,#945,#947,.T.);
#945 = VERTEX_POINT('',#946);
#946 = CARTESIAN_POINT('',(16.86,-0.35,2.5));
#947 = LINE('',#948,#949);
#948 = CARTESIAN_POINT('',(16.86,-0.35,1.5));
#949 = VECTOR('',#950,1.);
#950 = DIRECTION('',(0.,0.,1.));
#951 = ORIENTED_EDGE('',*,*,#952,.T.);
#952 = EDGE_CURVE('',#945,#953,#955,.T.);
#953 = VERTEX_POINT('',#954);
#954 = CARTESIAN_POINT('',(17.73,-0.35,2.5));
#955 = LINE('',#956,#957);
#956 = CARTESIAN_POINT('',(12.3,-0.35,2.5));
#957 = VECTOR('',#958,1.);
#958 = DIRECTION('',(1.,0.,0.));
#959 = ORIENTED_EDGE('',*,*,#960,.F.);
#960 = EDGE_CURVE('',#961,#953,#963,.T.);
#961 = VERTEX_POINT('',#962);
#962 = CARTESIAN_POINT('',(17.73,-0.35,1.5));
#963 = LINE('',#964,#965);
#964 = CARTESIAN_POINT('',(17.73,-0.35,1.5));
#965 = VECTOR('',#966,1.);
#966 = DIRECTION('',(0.,0.,1.));
#967 = ORIENTED_EDGE('',*,*,#968,.T.);
#968 = EDGE_CURVE('',#961,#969,#971,.T.);
#969 = VERTEX_POINT('',#970);
#970 = CARTESIAN_POINT('',(18.13,-0.35,1.5));
#971 = LINE('',#972,#973);
#972 = CARTESIAN_POINT('',(17.73,-0.35,1.5));
#973 = VECTOR('',#974,1.);
#974 = DIRECTION('',(1.,0.,0.));
#975 = ORIENTED_EDGE('',*,*,#976,.T.);
#976 = EDGE_CURVE('',#969,#977,#979,.T.);
#977 = VERTEX_POINT('',#978);
#978 = CARTESIAN_POINT('',(18.13,-0.35,2.5));
#979 = LINE('',#980,#981);
#980 = CARTESIAN_POINT('',(18.13,-0.35,1.5));
#981 = VECTOR('',#982,1.);
#982 = DIRECTION('',(0.,0.,1.));
#983 = ORIENTED_EDGE('',*,*,#984,.T.);
#984 = EDGE_CURVE('',#977,#985,#987,.T.);
#985 = VERTEX_POINT('',#986);
#986 = CARTESIAN_POINT('',(19.,-0.35,2.5));
#987 = LINE('',#988,#989);
#988 = CARTESIAN_POINT('',(12.3,-0.35,2.5));
#989 = VECTOR('',#990,1.);
#990 = DIRECTION('',(1.,0.,0.));
#991 = ORIENTED_EDGE('',*,*,#992,.F.);
#992 = EDGE_CURVE('',#993,#985,#995,.T.);
#993 = VERTEX_POINT('',#994);
#994 = CARTESIAN_POINT('',(19.,-0.35,1.5));
#995 = LINE('',#996,#997);
#996 = CARTESIAN_POINT('',(19.,-0.35,1.5));
#997 = VECTOR('',#998,1.);
#998 = DIRECTION('',(0.,0.,1.));
#999 = ORIENTED_EDGE('',*,*,#1000,.T.);
#1000 = EDGE_CURVE('',#993,#1001,#1003,.T.);
#1001 = VERTEX_POINT('',#1002);
#1002 = CARTESIAN_POINT('',(19.4,-0.35,1.5));
#1003 = LINE('',#1004,#1005);
#1004 = CARTESIAN_POINT('',(19.,-0.35,1.5));
#1005 = VECTOR('',#1006,1.);
#1006 = DIRECTION('',(1.,0.,0.));
#1007 = ORIENTED_EDGE('',*,*,#1008,.T.);
#1008 = EDGE_CURVE('',#1001,#1009,#1011,.T.);
#1009 = VERTEX_POINT('',#1010);
#1010 = CARTESIAN_POINT('',(19.4,-0.35,2.5));
#1011 = LINE('',#1012,#1013);
#1012 = CARTESIAN_POINT('',(19.4,-0.35,1.5));
#1013 = VECTOR('',#1014,1.);
#1014 = DIRECTION('',(0.,0.,1.));
#1015 = ORIENTED_EDGE('',*,*,#1016,.T.);
#1016 = EDGE_CURVE('',#1009,#1017,#1019,.T.);
#1017 = VERTEX_POINT('',#1018);
#1018 = CARTESIAN_POINT('',(20.27,-0.35,2.5));
#1019 = LINE('',#1020,#1021);
#1020 = CARTESIAN_POINT('',(12.3,-0.35,2.5));
#1021 = VECTOR('',#1022,1.);
#1022 = DIRECTION('',(1.,0.,0.));
#1023 = ORIENTED_EDGE('',*,*,#1024,.F.);
#1024 = EDGE_CURVE('',#1025,#1017,#1027,.T.);
#1025 = VERTEX_POINT('',#1026);
#1026 = CARTESIAN_POINT('',(20.27,-0.35,1.5));
#1027 = LINE('',#1028,#1029);
#1028 = CARTESIAN_POINT('',(20.27,-0.35,1.5));
#1029 = VECTOR('',#1030,1.);
#1030 = DIRECTION('',(0.,0.,1.));
#1031 = ORIENTED_EDGE('',*,*,#1032,.T.);
#1032 = EDGE_CURVE('',#1025,#1033,#1035,.T.);
#1033 = VERTEX_POINT('',#1034);
#1034 = CARTESIAN_POINT('',(20.67,-0.35,1.5));
#1035 = LINE('',#1036,#1037);
#1036 = CARTESIAN_POINT('',(20.27,-0.35,1.5));
#1037 = VECTOR('',#1038,1.);
#1038 = DIRECTION('',(1.,0.,0.));
#1039 = ORIENTED_EDGE('',*,*,#1040,.T.);
#1040 = EDGE_CURVE('',#1033,#1041,#1043,.T.);
#1041 = VERTEX_POINT('',#1042);
#1042 = CARTESIAN_POINT('',(20.67,-0.35,2.5));
#1043 = LINE('',#1044,#1045);
#1044 = CARTESIAN_POINT('',(20.67,-0.35,1.5));
#1045 = VECTOR('',#1046,1.);
#1046 = DIRECTION('',(0.,0.,1.));
#1047 = ORIENTED_EDGE('',*,*,#1048,.T.);
#1048 = EDGE_CURVE('',#1041,#1049,#1051,.T.);
#1049 = VERTEX_POINT('',#1050);
#1050 = CARTESIAN_POINT('',(21.54,-0.35,2.5));
#1051 = LINE('',#1052,#1053);
#1052 = CARTESIAN_POINT('',(12.3,-0.35,2.5));
#1053 = VECTOR('',#1054,1.);
#1054 = DIRECTION('',(1.,0.,0.));
#1055 = ORIENTED_EDGE('',*,*,#1056,.F.);
#1056 = EDGE_CURVE('',#1057,#1049,#1059,.T.);
#1057 = VERTEX_POINT('',#1058);
#1058 = CARTESIAN_POINT('',(21.54,-0.35,1.5));
#1059 = LINE('',#1060,#1061);
#1060 = CARTESIAN_POINT('',(21.54,-0.35,1.5));
#1061 = VECTOR('',#1062,1.);
#1062 = DIRECTION('',(0.,0.,1.));
#1063 = ORIENTED_EDGE('',*,*,#1064,.T.);
#1064 = EDGE_CURVE('',#1057,#1065,#1067,.T.);
#1065 = VERTEX_POINT('',#1066);
#1066 = CARTESIAN_POINT('',(21.94,-0.35,1.5));
#1067 = LINE('',#1068,#1069);
#1068 = CARTESIAN_POINT('',(21.54,-0.35,1.5));
#1069 = VECTOR('',#1070,1.);
#1070 = DIRECTION('',(1.,0.,0.));
#1071 = ORIENTED_EDGE('',*,*,#1072,.T.);
#1072 = EDGE_CURVE('',#1065,#1073,#1075,.T.);
#1073 = VERTEX_POINT('',#1074);
#1074 = CARTESIAN_POINT('',(21.94,-0.35,2.5));
#1075 = LINE('',#1076,#1077);
#1076 = CARTESIAN_POINT('',(21.94,-0.35,1.5));
#1077 = VECTOR('',#1078,1.);
#1078 = DIRECTION('',(0.,0.,1.));
#1079 = ORIENTED_EDGE('',*,*,#1080,.T.);
#1080 = EDGE_CURVE('',#1073,#1081,#1083,.T.);
#1081 = VERTEX_POINT('',#1082);
#1082 = CARTESIAN_POINT('',(22.3,-0.35,2.5));
#1083 = LINE('',#1084,#1085);
#1084 = CARTESIAN_POINT('',(12.3,-0.35,2.5));
#1085 = VECTOR('',#1086,1.);
#1086 = DIRECTION('',(1.,0.,0.));
#1087 = ORIENTED_EDGE('',*,*,#1088,.T.);
#1088 = EDGE_CURVE('',#1081,#1089,#1091,.T.);
#1089 = VERTEX_POINT('',#1090);
#1090 = CARTESIAN_POINT('',(22.3,-0.35,6.3));
#1091 = LINE('',#1092,#1093);
#1092 = CARTESIAN_POINT('',(22.3,-0.35,2.5));
#1093 = VECTOR('',#1094,1.);
#1094 = DIRECTION('',(0.,0.,1.));
#1095 = ORIENTED_EDGE('',*,*,#1096,.F.);
#1096 = EDGE_CURVE('',#1097,#1089,#1099,.T.);
#1097 = VERTEX_POINT('',#1098);
#1098 = CARTESIAN_POINT('',(21.94,-0.35,6.3));
#1099 = LINE('',#1100,#1101);
#1100 = CARTESIAN_POINT('',(12.3,-0.35,6.3));
#1101 = VECTOR('',#1102,1.);
#1102 = DIRECTION('',(1.,0.,0.));
#1103 = ORIENTED_EDGE('',*,*,#1104,.T.);
#1104 = EDGE_CURVE('',#1097,#1105,#1107,.T.);
#1105 = VERTEX_POINT('',#1106);
#1106 = CARTESIAN_POINT('',(21.94,-0.35,7.3));
#1107 = LINE('',#1108,#1109);
#1108 = CARTESIAN_POINT('',(21.94,-0.35,1.5));
#1109 = VECTOR('',#1110,1.);
#1110 = DIRECTION('',(0.,0.,1.));
#1111 = ORIENTED_EDGE('',*,*,#1112,.F.);
#1112 = EDGE_CURVE('',#1113,#1105,#1115,.T.);
#1113 = VERTEX_POINT('',#1114);
#1114 = CARTESIAN_POINT('',(21.54,-0.35,7.3));
#1115 = LINE('',#1116,#1117);
#1116 = CARTESIAN_POINT('',(21.54,-0.35,7.3));
#1117 = VECTOR('',#1118,1.);
#1118 = DIRECTION('',(1.,0.,0.));
#1119 = ORIENTED_EDGE('',*,*,#1120,.F.);
#1120 = EDGE_CURVE('',#1121,#1113,#1123,.T.);
#1121 = VERTEX_POINT('',#1122);
#1122 = CARTESIAN_POINT('',(21.54,-0.35,6.3));
#1123 = LINE('',#1124,#1125);
#1124 = CARTESIAN_POINT('',(21.54,-0.35,1.5));
#1125 = VECTOR('',#1126,1.);
#1126 = DIRECTION('',(0.,0.,1.));
#1127 = ORIENTED_EDGE('',*,*,#1128,.F.);
#1128 = EDGE_CURVE('',#1129,#1121,#1131,.T.);
#1129 = VERTEX_POINT('',#1130);
#1130 = CARTESIAN_POINT('',(20.67,-0.35,6.3));
#1131 = LINE('',#1132,#1133);
#1132 = CARTESIAN_POINT('',(12.3,-0.35,6.3));
#1133 = VECTOR('',#1134,1.);
#1134 = DIRECTION('',(1.,0.,0.));
#1135 = ORIENTED_EDGE('',*,*,#1136,.T.);
#1136 = EDGE_CURVE('',#1129,#1137,#1139,.T.);
#1137 = VERTEX_POINT('',#1138);
#1138 = CARTESIAN_POINT('',(20.67,-0.35,7.3));
#1139 = LINE('',#1140,#1141);
#1140 = CARTESIAN_POINT('',(20.67,-0.35,1.5));
#1141 = VECTOR('',#1142,1.);
#1142 = DIRECTION('',(0.,0.,1.));
#1143 = ORIENTED_EDGE('',*,*,#1144,.F.);
#1144 = EDGE_CURVE('',#1145,#1137,#1147,.T.);
#1145 = VERTEX_POINT('',#1146);
#1146 = CARTESIAN_POINT('',(20.27,-0.35,7.3));
#1147 = LINE('',#1148,#1149);
#1148 = CARTESIAN_POINT('',(20.27,-0.35,7.3));
#1149 = VECTOR('',#1150,1.);
#1150 = DIRECTION('',(1.,0.,0.));
#1151 = ORIENTED_EDGE('',*,*,#1152,.F.);
#1152 = EDGE_CURVE('',#1153,#1145,#1155,.T.);
#1153 = VERTEX_POINT('',#1154);
#1154 = CARTESIAN_POINT('',(20.27,-0.35,6.3));
#1155 = LINE('',#1156,#1157);
#1156 = CARTESIAN_POINT('',(20.27,-0.35,1.5));
#1157 = VECTOR('',#1158,1.);
#1158 = DIRECTION('',(0.,0.,1.));
#1159 = ORIENTED_EDGE('',*,*,#1160,.F.);
#1160 = EDGE_CURVE('',#1161,#1153,#1163,.T.);
#1161 = VERTEX_POINT('',#1162);
#1162 = CARTESIAN_POINT('',(19.4,-0.35,6.3));
#1163 = LINE('',#1164,#1165);
#1164 = CARTESIAN_POINT('',(12.3,-0.35,6.3));
#1165 = VECTOR('',#1166,1.);
#1166 = DIRECTION('',(1.,0.,0.));
#1167 = ORIENTED_EDGE('',*,*,#1168,.T.);
#1168 = EDGE_CURVE('',#1161,#1169,#1171,.T.);
#1169 = VERTEX_POINT('',#1170);
#1170 = CARTESIAN_POINT('',(19.4,-0.35,7.3));
#1171 = LINE('',#1172,#1173);
#1172 = CARTESIAN_POINT('',(19.4,-0.35,1.5));
#1173 = VECTOR('',#1174,1.);
#1174 = DIRECTION('',(0.,0.,1.));
#1175 = ORIENTED_EDGE('',*,*,#1176,.F.);
#1176 = EDGE_CURVE('',#1177,#1169,#1179,.T.);
#1177 = VERTEX_POINT('',#1178);
#1178 = CARTESIAN_POINT('',(19.,-0.35,7.3));
#1179 = LINE('',#1180,#1181);
#1180 = CARTESIAN_POINT('',(19.,-0.35,7.3));
#1181 = VECTOR('',#1182,1.);
#1182 = DIRECTION('',(1.,0.,0.));
#1183 = ORIENTED_EDGE('',*,*,#1184,.F.);
#1184 = EDGE_CURVE('',#1185,#1177,#1187,.T.);
#1185 = VERTEX_POINT('',#1186);
#1186 = CARTESIAN_POINT('',(19.,-0.35,6.3));
#1187 = LINE('',#1188,#1189);
#1188 = CARTESIAN_POINT('',(19.,-0.35,1.5));
#1189 = VECTOR('',#1190,1.);
#1190 = DIRECTION('',(0.,0.,1.));
#1191 = ORIENTED_EDGE('',*,*,#1192,.F.);
#1192 = EDGE_CURVE('',#1193,#1185,#1195,.T.);
#1193 = VERTEX_POINT('',#1194);
#1194 = CARTESIAN_POINT('',(18.13,-0.35,6.3));
#1195 = LINE('',#1196,#1197);
#1196 = CARTESIAN_POINT('',(12.3,-0.35,6.3));
#1197 = VECTOR('',#1198,1.);
#1198 = DIRECTION('',(1.,0.,0.));
#1199 = ORIENTED_EDGE('',*,*,#1200,.T.);
#1200 = EDGE_CURVE('',#1193,#1201,#1203,.T.);
#1201 = VERTEX_POINT('',#1202);
#1202 = CARTESIAN_POINT('',(18.13,-0.35,7.3));
#1203 = LINE('',#1204,#1205);
#1204 = CARTESIAN_POINT('',(18.13,-0.35,1.5));
#1205 = VECTOR('',#1206,1.);
#1206 = DIRECTION('',(0.,0.,1.));
#1207 = ORIENTED_EDGE('',*,*,#1208,.F.);
#1208 = EDGE_CURVE('',#1209,#1201,#1211,.T.);
#1209 = VERTEX_POINT('',#1210);
#1210 = CARTESIAN_POINT('',(17.73,-0.35,7.3));
#1211 = LINE('',#1212,#1213);
#1212 = CARTESIAN_POINT('',(17.73,-0.35,7.3));
#1213 = VECTOR('',#1214,1.);
#1214 = DIRECTION('',(1.,0.,0.));
#1215 = ORIENTED_EDGE('',*,*,#1216,.F.);
#1216 = EDGE_CURVE('',#1217,#1209,#1219,.T.);
#1217 = VERTEX_POINT('',#1218);
#1218 = CARTESIAN_POINT('',(17.73,-0.35,6.3));
#1219 = LINE('',#1220,#1221);
#1220 = CARTESIAN_POINT('',(17.73,-0.35,1.5));
#1221 = VECTOR('',#1222,1.);
#1222 = DIRECTION('',(0.,0.,1.));
#1223 = ORIENTED_EDGE('',*,*,#1224,.F.);
#1224 = EDGE_CURVE('',#1225,#1217,#1227,.T.);
#1225 = VERTEX_POINT('',#1226);
#1226 = CARTESIAN_POINT('',(16.86,-0.35,6.3));
#1227 = LINE('',#1228,#1229);
#1228 = CARTESIAN_POINT('',(12.3,-0.35,6.3));
#1229 = VECTOR('',#1230,1.);
#1230 = DIRECTION('',(1.,0.,0.));
#1231 = ORIENTED_EDGE('',*,*,#1232,.T.);
#1232 = EDGE_CURVE('',#1225,#1233,#1235,.T.);
#1233 = VERTEX_POINT('',#1234);
#1234 = CARTESIAN_POINT('',(16.86,-0.35,7.3));
#1235 = LINE('',#1236,#1237);
#1236 = CARTESIAN_POINT('',(16.86,-0.35,1.5));
#1237 = VECTOR('',#1238,1.);
#1238 = DIRECTION('',(0.,0.,1.));
#1239 = ORIENTED_EDGE('',*,*,#1240,.F.);
#1240 = EDGE_CURVE('',#1241,#1233,#1243,.T.);
#1241 = VERTEX_POINT('',#1242);
#1242 = CARTESIAN_POINT('',(16.46,-0.35,7.3));
#1243 = LINE('',#1244,#1245);
#1244 = CARTESIAN_POINT('',(16.46,-0.35,7.3));
#1245 = VECTOR('',#1246,1.);
#1246 = DIRECTION('',(1.,0.,0.));
#1247 = ORIENTED_EDGE('',*,*,#1248,.F.);
#1248 = EDGE_CURVE('',#1249,#1241,#1251,.T.);
#1249 = VERTEX_POINT('',#1250);
#1250 = CARTESIAN_POINT('',(16.46,-0.35,6.3));
#1251 = LINE('',#1252,#1253);
#1252 = CARTESIAN_POINT('',(16.46,-0.35,1.5));
#1253 = VECTOR('',#1254,1.);
#1254 = DIRECTION('',(0.,0.,1.));
#1255 = ORIENTED_EDGE('',*,*,#1256,.F.);
#1256 = EDGE_CURVE('',#1257,#1249,#1259,.T.);
#1257 = VERTEX_POINT('',#1258);
#1258 = CARTESIAN_POINT('',(15.59,-0.35,6.3));
#1259 = LINE('',#1260,#1261);
#1260 = CARTESIAN_POINT('',(12.3,-0.35,6.3));
#1261 = VECTOR('',#1262,1.);
#1262 = DIRECTION('',(1.,0.,0.));
#1263 = ORIENTED_EDGE('',*,*,#1264,.T.);
#1264 = EDGE_CURVE('',#1257,#1265,#1267,.T.);
#1265 = VERTEX_POINT('',#1266);
#1266 = CARTESIAN_POINT('',(15.59,-0.35,7.3));
#1267 = LINE('',#1268,#1269);
#1268 = CARTESIAN_POINT('',(15.59,-0.35,1.5));
#1269 = VECTOR('',#1270,1.);
#1270 = DIRECTION('',(0.,0.,1.));
#1271 = ORIENTED_EDGE('',*,*,#1272,.F.);
#1272 = EDGE_CURVE('',#1273,#1265,#1275,.T.);
#1273 = VERTEX_POINT('',#1274);
#1274 = CARTESIAN_POINT('',(15.19,-0.35,7.3));
#1275 = LINE('',#1276,#1277);
#1276 = CARTESIAN_POINT('',(15.19,-0.35,7.3));
#1277 = VECTOR('',#1278,1.);
#1278 = DIRECTION('',(1.,0.,0.));
#1279 = ORIENTED_EDGE('',*,*,#1280,.F.);
#1280 = EDGE_CURVE('',#1281,#1273,#1283,.T.);
#1281 = VERTEX_POINT('',#1282);
#1282 = CARTESIAN_POINT('',(15.19,-0.35,6.3));
#1283 = LINE('',#1284,#1285);
#1284 = CARTESIAN_POINT('',(15.19,-0.35,1.5));
#1285 = VECTOR('',#1286,1.);
#1286 = DIRECTION('',(0.,0.,1.));
#1287 = ORIENTED_EDGE('',*,*,#1288,.F.);
#1288 = EDGE_CURVE('',#1289,#1281,#1291,.T.);
#1289 = VERTEX_POINT('',#1290);
#1290 = CARTESIAN_POINT('',(14.32,-0.35,6.3));
#1291 = LINE('',#1292,#1293);
#1292 = CARTESIAN_POINT('',(12.3,-0.35,6.3));
#1293 = VECTOR('',#1294,1.);
#1294 = DIRECTION('',(1.,0.,0.));
#1295 = ORIENTED_EDGE('',*,*,#1296,.T.);
#1296 = EDGE_CURVE('',#1289,#1297,#1299,.T.);
#1297 = VERTEX_POINT('',#1298);
#1298 = CARTESIAN_POINT('',(14.32,-0.35,7.3));
#1299 = LINE('',#1300,#1301);
#1300 = CARTESIAN_POINT('',(14.32,-0.35,1.5));
#1301 = VECTOR('',#1302,1.);
#1302 = DIRECTION('',(0.,0.,1.));
#1303 = ORIENTED_EDGE('',*,*,#1304,.F.);
#1304 = EDGE_CURVE('',#1305,#1297,#1307,.T.);
#1305 = VERTEX_POINT('',#1306);
#1306 = CARTESIAN_POINT('',(13.92,-0.35,7.3));
#1307 = LINE('',#1308,#1309);
#1308 = CARTESIAN_POINT('',(13.92,-0.35,7.3));
#1309 = VECTOR('',#1310,1.);
#1310 = DIRECTION('',(1.,0.,0.));
#1311 = ORIENTED_EDGE('',*,*,#1312,.F.);
#1312 = EDGE_CURVE('',#1313,#1305,#1315,.T.);
#1313 = VERTEX_POINT('',#1314);
#1314 = CARTESIAN_POINT('',(13.92,-0.35,6.3));
#1315 = LINE('',#1316,#1317);
#1316 = CARTESIAN_POINT('',(13.92,-0.35,1.5));
#1317 = VECTOR('',#1318,1.);
#1318 = DIRECTION('',(0.,0.,1.));
#1319 = ORIENTED_EDGE('',*,*,#1320,.F.);
#1320 = EDGE_CURVE('',#1321,#1313,#1323,.T.);
#1321 = VERTEX_POINT('',#1322);
#1322 = CARTESIAN_POINT('',(13.055,-0.35,6.3));
#1323 = LINE('',#1324,#1325);
#1324 = CARTESIAN_POINT('',(12.3,-0.35,6.3));
#1325 = VECTOR('',#1326,1.);
#1326 = DIRECTION('',(1.,0.,0.));
#1327 = ORIENTED_EDGE('',*,*,#1328,.T.);
#1328 = EDGE_CURVE('',#1321,#1329,#1331,.T.);
#1329 = VERTEX_POINT('',#1330);
#1330 = CARTESIAN_POINT('',(13.055,-0.35,7.3));
#1331 = LINE('',#1332,#1333);
#1332 = CARTESIAN_POINT('',(13.055,-0.35,1.5));
#1333 = VECTOR('',#1334,1.);
#1334 = DIRECTION('',(0.,0.,1.));
#1335 = ORIENTED_EDGE('',*,*,#1336,.F.);
#1336 = EDGE_CURVE('',#1337,#1329,#1339,.T.);
#1337 = VERTEX_POINT('',#1338);
#1338 = CARTESIAN_POINT('',(12.655,-0.35,7.3));
#1339 = LINE('',#1340,#1341);
#1340 = CARTESIAN_POINT('',(12.655,-0.35,7.3));
#1341 = VECTOR('',#1342,1.);
#1342 = DIRECTION('',(1.,0.,0.));
#1343 = ORIENTED_EDGE('',*,*,#1344,.F.);
#1344 = EDGE_CURVE('',#1345,#1337,#1347,.T.);
#1345 = VERTEX_POINT('',#1346);
#1346 = CARTESIAN_POINT('',(12.655,-0.35,6.3));
#1347 = LINE('',#1348,#1349);
#1348 = CARTESIAN_POINT('',(12.655,-0.35,1.5));
#1349 = VECTOR('',#1350,1.);
#1350 = DIRECTION('',(0.,0.,1.));
#1351 = ORIENTED_EDGE('',*,*,#1352,.F.);
#1352 = EDGE_CURVE('',#1353,#1345,#1355,.T.);
#1353 = VERTEX_POINT('',#1354);
#1354 = CARTESIAN_POINT('',(12.3,-0.35,6.3));
#1355 = LINE('',#1356,#1357);
#1356 = CARTESIAN_POINT('',(12.3,-0.35,6.3));
#1357 = VECTOR('',#1358,1.);
#1358 = DIRECTION('',(1.,0.,0.));
#1359 = ORIENTED_EDGE('',*,*,#1360,.F.);
#1360 = EDGE_CURVE('',#1361,#1353,#1363,.T.);
#1361 = VERTEX_POINT('',#1362);
#1362 = CARTESIAN_POINT('',(12.3,-0.35,2.5));
#1363 = LINE('',#1364,#1365);
#1364 = CARTESIAN_POINT('',(12.3,-0.35,2.5));
#1365 = VECTOR('',#1366,1.);
#1366 = DIRECTION('',(0.,0.,1.));
#1367 = ORIENTED_EDGE('',*,*,#1368,.T.);
#1368 = EDGE_CURVE('',#1361,#1369,#1371,.T.);
#1369 = VERTEX_POINT('',#1370);
#1370 = CARTESIAN_POINT('',(12.655,-0.35,2.5));
#1371 = LINE('',#1372,#1373);
#1372 = CARTESIAN_POINT('',(12.3,-0.35,2.5));
#1373 = VECTOR('',#1374,1.);
#1374 = DIRECTION('',(1.,0.,0.));
#1375 = ORIENTED_EDGE('',*,*,#1376,.F.);
#1376 = EDGE_CURVE('',#1377,#1369,#1379,.T.);
#1377 = VERTEX_POINT('',#1378);
#1378 = CARTESIAN_POINT('',(12.655,-0.35,1.5));
#1379 = LINE('',#1380,#1381);
#1380 = CARTESIAN_POINT('',(12.655,-0.35,1.5));
#1381 = VECTOR('',#1382,1.);
#1382 = DIRECTION('',(0.,0.,1.));
#1383 = ORIENTED_EDGE('',*,*,#1384,.T.);
#1384 = EDGE_CURVE('',#1377,#1385,#1387,.T.);
#1385 = VERTEX_POINT('',#1386);
#1386 = CARTESIAN_POINT('',(13.055,-0.35,1.5));
#1387 = LINE('',#1388,#1389);
#1388 = CARTESIAN_POINT('',(12.655,-0.35,1.5));
#1389 = VECTOR('',#1390,1.);
#1390 = DIRECTION('',(1.,0.,0.));
#1391 = ORIENTED_EDGE('',*,*,#1392,.T.);
#1392 = EDGE_CURVE('',#1385,#1393,#1395,.T.);
#1393 = VERTEX_POINT('',#1394);
#1394 = CARTESIAN_POINT('',(13.055,-0.35,2.5));
#1395 = LINE('',#1396,#1397);
#1396 = CARTESIAN_POINT('',(13.055,-0.35,1.5));
#1397 = VECTOR('',#1398,1.);
#1398 = DIRECTION('',(0.,0.,1.));
#1399 = ORIENTED_EDGE('',*,*,#1400,.T.);
#1400 = EDGE_CURVE('',#1393,#1401,#1403,.T.);
#1401 = VERTEX_POINT('',#1402);
#1402 = CARTESIAN_POINT('',(13.92,-0.35,2.5));
#1403 = LINE('',#1404,#1405);
#1404 = CARTESIAN_POINT('',(12.3,-0.35,2.5));
#1405 = VECTOR('',#1406,1.);
#1406 = DIRECTION('',(1.,0.,0.));
#1407 = ORIENTED_EDGE('',*,*,#1408,.F.);
#1408 = EDGE_CURVE('',#1409,#1401,#1411,.T.);
#1409 = VERTEX_POINT('',#1410);
#1410 = CARTESIAN_POINT('',(13.92,-0.35,1.5));
#1411 = LINE('',#1412,#1413);
#1412 = CARTESIAN_POINT('',(13.92,-0.35,1.5));
#1413 = VECTOR('',#1414,1.);
#1414 = DIRECTION('',(0.,0.,1.));
#1415 = ORIENTED_EDGE('',*,*,#1416,.T.);
#1416 = EDGE_CURVE('',#1409,#1417,#1419,.T.);
#1417 = VERTEX_POINT('',#1418);
#1418 = CARTESIAN_POINT('',(14.32,-0.35,1.5));
#1419 = LINE('',#1420,#1421);
#1420 = CARTESIAN_POINT('',(13.92,-0.35,1.5));
#1421 = VECTOR('',#1422,1.);
#1422 = DIRECTION('',(1.,0.,0.));
#1423 = ORIENTED_EDGE('',*,*,#1424,.T.);
#1424 = EDGE_CURVE('',#1417,#1425,#1427,.T.);
#1425 = VERTEX_POINT('',#1426);
#1426 = CARTESIAN_POINT('',(14.32,-0.35,2.5));
#1427 = LINE('',#1428,#1429);
#1428 = CARTESIAN_POINT('',(14.32,-0.35,1.5));
#1429 = VECTOR('',#1430,1.);
#1430 = DIRECTION('',(0.,0.,1.));
#1431 = ORIENTED_EDGE('',*,*,#1432,.T.);
#1432 = EDGE_CURVE('',#1425,#897,#1433,.T.);
#1433 = LINE('',#1434,#1435);
#1434 = CARTESIAN_POINT('',(12.3,-0.35,2.5));
#1435 = VECTOR('',#1436,1.);
#1436 = DIRECTION('',(1.,0.,0.));
#1437 = PLANE('',#1438);
#1438 = AXIS2_PLACEMENT_3D('',#1439,#1440,#1441);
#1439 = CARTESIAN_POINT('',(-1.57,-0.35,0.));
#1440 = DIRECTION('',(0.,1.,0.));
#1441 = DIRECTION('',(0.,0.,1.));
#1442 = ADVANCED_FACE('',(#1443),#1468,.F.);
#1443 = FACE_BOUND('',#1444,.F.);
#1444 = EDGE_LOOP('',(#1445,#1446,#1454,#1462));
#1445 = ORIENTED_EDGE('',*,*,#374,.T.);
#1446 = ORIENTED_EDGE('',*,*,#1447,.F.);
#1447 = EDGE_CURVE('',#1448,#367,#1450,.T.);
#1448 = VERTEX_POINT('',#1449);
#1449 = CARTESIAN_POINT('',(0.35,-0.35,-5.8));
#1450 = LINE('',#1451,#1452);
#1451 = CARTESIAN_POINT('',(0.35,-0.35,-6.));
#1452 = VECTOR('',#1453,1.);
#1453 = DIRECTION('',(0.,0.,1.));
#1454 = ORIENTED_EDGE('',*,*,#1455,.F.);
#1455 = EDGE_CURVE('',#1456,#1448,#1458,.T.);
#1456 = VERTEX_POINT('',#1457);
#1457 = CARTESIAN_POINT('',(-0.35,-0.35,-5.8));
#1458 = LINE('',#1459,#1460);
#1459 = CARTESIAN_POINT('',(-0.35,-0.35,-5.8));
#1460 = VECTOR('',#1461,1.);
#1461 = DIRECTION('',(1.,0.,0.));
#1462 = ORIENTED_EDGE('',*,*,#1463,.T.);
#1463 = EDGE_CURVE('',#1456,#375,#1464,.T.);
#1464 = LINE('',#1465,#1466);
#1465 = CARTESIAN_POINT('',(-0.35,-0.35,-6.));
#1466 = VECTOR('',#1467,1.);
#1467 = DIRECTION('',(0.,0.,1.));
#1468 = PLANE('',#1469);
#1469 = AXIS2_PLACEMENT_3D('',#1470,#1471,#1472);
#1470 = CARTESIAN_POINT('',(-0.35,-0.35,-6.));
#1471 = DIRECTION('',(0.,1.,0.));
#1472 = DIRECTION('',(0.,0.,1.));
#1473 = ADVANCED_FACE('',(#1474),#1499,.F.);
#1474 = FACE_BOUND('',#1475,.F.);
#1475 = EDGE_LOOP('',(#1476,#1477,#1485,#1493));
#1476 = ORIENTED_EDGE('',*,*,#358,.T.);
#1477 = ORIENTED_EDGE('',*,*,#1478,.F.);
#1478 = EDGE_CURVE('',#1479,#351,#1481,.T.);
#1479 = VERTEX_POINT('',#1480);
#1480 = CARTESIAN_POINT('',(2.89,-0.35,-5.8));
#1481 = LINE('',#1482,#1483);
#1482 = CARTESIAN_POINT('',(2.89,-0.35,-6.));
#1483 = VECTOR('',#1484,1.);
#1484 = DIRECTION('',(0.,0.,1.));
#1485 = ORIENTED_EDGE('',*,*,#1486,.F.);
#1486 = EDGE_CURVE('',#1487,#1479,#1489,.T.);
#1487 = VERTEX_POINT('',#1488);
#1488 = CARTESIAN_POINT('',(2.19,-0.35,-5.8));
#1489 = LINE('',#1490,#1491);
#1490 = CARTESIAN_POINT('',(2.19,-0.35,-5.8));
#1491 = VECTOR('',#1492,1.);
#1492 = DIRECTION('',(1.,0.,0.));
#1493 = ORIENTED_EDGE('',*,*,#1494,.T.);
#1494 = EDGE_CURVE('',#1487,#359,#1495,.T.);
#1495 = LINE('',#1496,#1497);
#1496 = CARTESIAN_POINT('',(2.19,-0.35,-6.));
#1497 = VECTOR('',#1498,1.);
#1498 = DIRECTION('',(0.,0.,1.));
#1499 = PLANE('',#1500);
#1500 = AXIS2_PLACEMENT_3D('',#1501,#1502,#1503);
#1501 = CARTESIAN_POINT('',(2.19,-0.35,-6.));
#1502 = DIRECTION('',(0.,1.,0.));
#1503 = DIRECTION('',(0.,0.,1.));
#1504 = ADVANCED_FACE('',(#1505),#1530,.F.);
#1505 = FACE_BOUND('',#1506,.F.);
#1506 = EDGE_LOOP('',(#1507,#1508,#1516,#1524));
#1507 = ORIENTED_EDGE('',*,*,#342,.T.);
#1508 = ORIENTED_EDGE('',*,*,#1509,.F.);
#1509 = EDGE_CURVE('',#1510,#335,#1512,.T.);
#1510 = VERTEX_POINT('',#1511);
#1511 = CARTESIAN_POINT('',(5.43,-0.35,-5.8));
#1512 = LINE('',#1513,#1514);
#1513 = CARTESIAN_POINT('',(5.43,-0.35,-6.));
#1514 = VECTOR('',#1515,1.);
#1515 = DIRECTION('',(0.,0.,1.));
#1516 = ORIENTED_EDGE('',*,*,#1517,.F.);
#1517 = EDGE_CURVE('',#1518,#1510,#1520,.T.);
#1518 = VERTEX_POINT('',#1519);
#1519 = CARTESIAN_POINT('',(4.73,-0.35,-5.8));
#1520 = LINE('',#1521,#1522);
#1521 = CARTESIAN_POINT('',(4.73,-0.35,-5.8));
#1522 = VECTOR('',#1523,1.);
#1523 = DIRECTION('',(1.,0.,0.));
#1524 = ORIENTED_EDGE('',*,*,#1525,.T.);
#1525 = EDGE_CURVE('',#1518,#343,#1526,.T.);
#1526 = LINE('',#1527,#1528);
#1527 = CARTESIAN_POINT('',(4.73,-0.35,-6.));
#1528 = VECTOR('',#1529,1.);
#1529 = DIRECTION('',(0.,0.,1.));
#1530 = PLANE('',#1531);
#1531 = AXIS2_PLACEMENT_3D('',#1532,#1533,#1534);
#1532 = CARTESIAN_POINT('',(4.73,-0.35,-6.));
#1533 = DIRECTION('',(0.,1.,0.));
#1534 = DIRECTION('',(0.,0.,1.));
#1535 = ADVANCED_FACE('',(#1536),#1561,.F.);
#1536 = FACE_BOUND('',#1537,.F.);
#1537 = EDGE_LOOP('',(#1538,#1539,#1547,#1555));
#1538 = ORIENTED_EDGE('',*,*,#326,.T.);
#1539 = ORIENTED_EDGE('',*,*,#1540,.F.);
#1540 = EDGE_CURVE('',#1541,#319,#1543,.T.);
#1541 = VERTEX_POINT('',#1542);
#1542 = CARTESIAN_POINT('',(7.97,-0.35,-5.8));
#1543 = LINE('',#1544,#1545);
#1544 = CARTESIAN_POINT('',(7.97,-0.35,-6.));
#1545 = VECTOR('',#1546,1.);
#1546 = DIRECTION('',(0.,0.,1.));
#1547 = ORIENTED_EDGE('',*,*,#1548,.F.);
#1548 = EDGE_CURVE('',#1549,#1541,#1551,.T.);
#1549 = VERTEX_POINT('',#1550);
#1550 = CARTESIAN_POINT('',(7.27,-0.35,-5.8));
#1551 = LINE('',#1552,#1553);
#1552 = CARTESIAN_POINT('',(7.27,-0.35,-5.8));
#1553 = VECTOR('',#1554,1.);
#1554 = DIRECTION('',(1.,0.,0.));
#1555 = ORIENTED_EDGE('',*,*,#1556,.T.);
#1556 = EDGE_CURVE('',#1549,#327,#1557,.T.);
#1557 = LINE('',#1558,#1559);
#1558 = CARTESIAN_POINT('',(7.27,-0.35,-6.));
#1559 = VECTOR('',#1560,1.);
#1560 = DIRECTION('',(0.,0.,1.));
#1561 = PLANE('',#1562);
#1562 = AXIS2_PLACEMENT_3D('',#1563,#1564,#1565);
#1563 = CARTESIAN_POINT('',(7.27,-0.35,-6.));
#1564 = DIRECTION('',(0.,1.,0.));
#1565 = DIRECTION('',(0.,0.,1.));
#1566 = ADVANCED_FACE('',(#1567),#1592,.F.);
#1567 = FACE_BOUND('',#1568,.F.);
#1568 = EDGE_LOOP('',(#1569,#1570,#1578,#1586));
#1569 = ORIENTED_EDGE('',*,*,#310,.T.);
#1570 = ORIENTED_EDGE('',*,*,#1571,.F.);
#1571 = EDGE_CURVE('',#1572,#303,#1574,.T.);
#1572 = VERTEX_POINT('',#1573);
#1573 = CARTESIAN_POINT('',(24.68,-0.35,-5.8));
#1574 = LINE('',#1575,#1576);
#1575 = CARTESIAN_POINT('',(24.68,-0.35,-6.));
#1576 = VECTOR('',#1577,1.);
#1577 = DIRECTION('',(0.,0.,1.));
#1578 = ORIENTED_EDGE('',*,*,#1579,.F.);
#1579 = EDGE_CURVE('',#1580,#1572,#1582,.T.);
#1580 = VERTEX_POINT('',#1581);
#1581 = CARTESIAN_POINT('',(23.98,-0.35,-5.8));
#1582 = LINE('',#1583,#1584);
#1583 = CARTESIAN_POINT('',(23.98,-0.35,-5.8));
#1584 = VECTOR('',#1585,1.);
#1585 = DIRECTION('',(1.,0.,0.));
#1586 = ORIENTED_EDGE('',*,*,#1587,.T.);
#1587 = EDGE_CURVE('',#1580,#311,#1588,.T.);
#1588 = LINE('',#1589,#1590);
#1589 = CARTESIAN_POINT('',(23.98,-0.35,-6.));
#1590 = VECTOR('',#1591,1.);
#1591 = DIRECTION('',(0.,0.,1.));
#1592 = PLANE('',#1593);
#1593 = AXIS2_PLACEMENT_3D('',#1594,#1595,#1596);
#1594 = CARTESIAN_POINT('',(23.98,-0.35,-6.));
#1595 = DIRECTION('',(0.,1.,0.));
#1596 = DIRECTION('',(0.,0.,1.));
#1597 = ADVANCED_FACE('',(#1598),#1623,.F.);
#1598 = FACE_BOUND('',#1599,.F.);
#1599 = EDGE_LOOP('',(#1600,#1601,#1609,#1617));
#1600 = ORIENTED_EDGE('',*,*,#294,.T.);
#1601 = ORIENTED_EDGE('',*,*,#1602,.F.);
#1602 = EDGE_CURVE('',#1603,#287,#1605,.T.);
#1603 = VERTEX_POINT('',#1604);
#1604 = CARTESIAN_POINT('',(27.22,-0.35,-5.8));
#1605 = LINE('',#1606,#1607);
#1606 = CARTESIAN_POINT('',(27.22,-0.35,-6.));
#1607 = VECTOR('',#1608,1.);
#1608 = DIRECTION('',(0.,0.,1.));
#1609 = ORIENTED_EDGE('',*,*,#1610,.F.);
#1610 = EDGE_CURVE('',#1611,#1603,#1613,.T.);
#1611 = VERTEX_POINT('',#1612);
#1612 = CARTESIAN_POINT('',(26.52,-0.35,-5.8));
#1613 = LINE('',#1614,#1615);
#1614 = CARTESIAN_POINT('',(26.52,-0.35,-5.8));
#1615 = VECTOR('',#1616,1.);
#1616 = DIRECTION('',(1.,0.,0.));
#1617 = ORIENTED_EDGE('',*,*,#1618,.T.);
#1618 = EDGE_CURVE('',#1611,#295,#1619,.T.);
#1619 = LINE('',#1620,#1621);
#1620 = CARTESIAN_POINT('',(26.52,-0.35,-6.));
#1621 = VECTOR('',#1622,1.);
#1622 = DIRECTION('',(0.,0.,1.));
#1623 = PLANE('',#1624);
#1624 = AXIS2_PLACEMENT_3D('',#1625,#1626,#1627);
#1625 = CARTESIAN_POINT('',(26.52,-0.35,-6.));
#1626 = DIRECTION('',(0.,1.,0.));
#1627 = DIRECTION('',(0.,0.,1.));
#1628 = ADVANCED_FACE('',(#1629,#1632),#1666,.F.);
#1629 = FACE_BOUND('',#1630,.F.);
#1630 = EDGE_LOOP('',(#1631));
#1631 = ORIENTED_EDGE('',*,*,#461,.T.);
#1632 = FACE_BOUND('',#1633,.F.);
#1633 = EDGE_LOOP('',(#1634,#1644,#1652,#1660));
#1634 = ORIENTED_EDGE('',*,*,#1635,.F.);
#1635 = EDGE_CURVE('',#1636,#1638,#1640,.T.);
#1636 = VERTEX_POINT('',#1637);
#1637 = CARTESIAN_POINT('',(-0.35,-1.56,1.5));
#1638 = VERTEX_POINT('',#1639);
#1639 = CARTESIAN_POINT('',(0.35,-1.56,1.5));
#1640 = LINE('',#1641,#1642);
#1641 = CARTESIAN_POINT('',(-0.175,-1.56,1.5));
#1642 = VECTOR('',#1643,1.);
#1643 = DIRECTION('',(1.,0.,0.));
#1644 = ORIENTED_EDGE('',*,*,#1645,.T.);
#1645 = EDGE_CURVE('',#1636,#1646,#1648,.T.);
#1646 = VERTEX_POINT('',#1647);
#1647 = CARTESIAN_POINT('',(-0.35,-1.56,0.8));
#1648 = LINE('',#1649,#1650);
#1649 = CARTESIAN_POINT('',(-0.35,-1.56,0.975));
#1650 = VECTOR('',#1651,1.);
#1651 = DIRECTION('',(0.,2.22044604925E-16,-1.));
#1652 = ORIENTED_EDGE('',*,*,#1653,.T.);
#1653 = EDGE_CURVE('',#1646,#1654,#1656,.T.);
#1654 = VERTEX_POINT('',#1655);
#1655 = CARTESIAN_POINT('',(0.35,-1.56,0.8));
#1656 = LINE('',#1657,#1658);
#1657 = CARTESIAN_POINT('',(-0.175,-1.56,0.8));
#1658 = VECTOR('',#1659,1.);
#1659 = DIRECTION('',(1.,0.,0.));
#1660 = ORIENTED_EDGE('',*,*,#1661,.F.);
#1661 = EDGE_CURVE('',#1638,#1654,#1662,.T.);
#1662 = LINE('',#1663,#1664);
#1663 = CARTESIAN_POINT('',(0.35,-1.56,0.975));
#1664 = VECTOR('',#1665,1.);
#1665 = DIRECTION('',(0.,2.22044604925E-16,-1.));
#1666 = PLANE('',#1667);
#1667 = AXIS2_PLACEMENT_3D('',#1668,#1669,#1670);
#1668 = CARTESIAN_POINT('',(0.,-1.56,1.15));
#1669 = DIRECTION('',(0.,1.,2.22044604925E-16));
#1670 = DIRECTION('',(1.,0.,0.));
#1671 = ADVANCED_FACE('',(#1672,#1675),#1709,.F.);
#1672 = FACE_BOUND('',#1673,.F.);
#1673 = EDGE_LOOP('',(#1674));
#1674 = ORIENTED_EDGE('',*,*,#486,.T.);
#1675 = FACE_BOUND('',#1676,.F.);
#1676 = EDGE_LOOP('',(#1677,#1687,#1695,#1703));
#1677 = ORIENTED_EDGE('',*,*,#1678,.F.);
#1678 = EDGE_CURVE('',#1679,#1681,#1683,.T.);
#1679 = VERTEX_POINT('',#1680);
#1680 = CARTESIAN_POINT('',(2.19,-1.56,1.5));
#1681 = VERTEX_POINT('',#1682);
#1682 = CARTESIAN_POINT('',(2.89,-1.56,1.5));
#1683 = LINE('',#1684,#1685);
#1684 = CARTESIAN_POINT('',(2.365,-1.56,1.5));
#1685 = VECTOR('',#1686,1.);
#1686 = DIRECTION('',(1.,0.,0.));
#1687 = ORIENTED_EDGE('',*,*,#1688,.T.);
#1688 = EDGE_CURVE('',#1679,#1689,#1691,.T.);
#1689 = VERTEX_POINT('',#1690);
#1690 = CARTESIAN_POINT('',(2.19,-1.56,0.8));
#1691 = LINE('',#1692,#1693);
#1692 = CARTESIAN_POINT('',(2.19,-1.56,0.975));
#1693 = VECTOR('',#1694,1.);
#1694 = DIRECTION('',(0.,2.22044604925E-16,-1.));
#1695 = ORIENTED_EDGE('',*,*,#1696,.T.);
#1696 = EDGE_CURVE('',#1689,#1697,#1699,.T.);
#1697 = VERTEX_POINT('',#1698);
#1698 = CARTESIAN_POINT('',(2.89,-1.56,0.8));
#1699 = LINE('',#1700,#1701);
#1700 = CARTESIAN_POINT('',(2.365,-1.56,0.8));
#1701 = VECTOR('',#1702,1.);
#1702 = DIRECTION('',(1.,0.,0.));
#1703 = ORIENTED_EDGE('',*,*,#1704,.F.);
#1704 = EDGE_CURVE('',#1681,#1697,#1705,.T.);
#1705 = LINE('',#1706,#1707);
#1706 = CARTESIAN_POINT('',(2.89,-1.56,0.975));
#1707 = VECTOR('',#1708,1.);
#1708 = DIRECTION('',(0.,2.22044604925E-16,-1.));
#1709 = PLANE('',#1710);
#1710 = AXIS2_PLACEMENT_3D('',#1711,#1712,#1713);
#1711 = CARTESIAN_POINT('',(2.54,-1.56,1.15));
#1712 = DIRECTION('',(0.,1.,2.22044604925E-16));
#1713 = DIRECTION('',(1.,0.,0.));
#1714 = ADVANCED_FACE('',(#1715,#1718),#1752,.F.);
#1715 = FACE_BOUND('',#1716,.F.);
#1716 = EDGE_LOOP('',(#1717));
#1717 = ORIENTED_EDGE('',*,*,#511,.T.);
#1718 = FACE_BOUND('',#1719,.F.);
#1719 = EDGE_LOOP('',(#1720,#1730,#1738,#1746));
#1720 = ORIENTED_EDGE('',*,*,#1721,.F.);
#1721 = EDGE_CURVE('',#1722,#1724,#1726,.T.);
#1722 = VERTEX_POINT('',#1723);
#1723 = CARTESIAN_POINT('',(7.27,-1.56,1.5));
#1724 = VERTEX_POINT('',#1725);
#1725 = CARTESIAN_POINT('',(7.97,-1.56,1.5));
#1726 = LINE('',#1727,#1728);
#1727 = CARTESIAN_POINT('',(7.445,-1.56,1.5));
#1728 = VECTOR('',#1729,1.);
#1729 = DIRECTION('',(1.,0.,0.));
#1730 = ORIENTED_EDGE('',*,*,#1731,.T.);
#1731 = EDGE_CURVE('',#1722,#1732,#1734,.T.);
#1732 = VERTEX_POINT('',#1733);
#1733 = CARTESIAN_POINT('',(7.27,-1.56,0.8));
#1734 = LINE('',#1735,#1736);
#1735 = CARTESIAN_POINT('',(7.27,-1.56,0.975));
#1736 = VECTOR('',#1737,1.);
#1737 = DIRECTION('',(0.,2.22044604925E-16,-1.));
#1738 = ORIENTED_EDGE('',*,*,#1739,.T.);
#1739 = EDGE_CURVE('',#1732,#1740,#1742,.T.);
#1740 = VERTEX_POINT('',#1741);
#1741 = CARTESIAN_POINT('',(7.97,-1.56,0.8));
#1742 = LINE('',#1743,#1744);
#1743 = CARTESIAN_POINT('',(7.445,-1.56,0.8));
#1744 = VECTOR('',#1745,1.);
#1745 = DIRECTION('',(1.,0.,0.));
#1746 = ORIENTED_EDGE('',*,*,#1747,.F.);
#1747 = EDGE_CURVE('',#1724,#1740,#1748,.T.);
#1748 = LINE('',#1749,#1750);
#1749 = CARTESIAN_POINT('',(7.97,-1.56,0.975));
#1750 = VECTOR('',#1751,1.);
#1751 = DIRECTION('',(0.,2.22044604925E-16,-1.));
#1752 = PLANE('',#1753);
#1753 = AXIS2_PLACEMENT_3D('',#1754,#1755,#1756);
#1754 = CARTESIAN_POINT('',(7.62,-1.56,1.15));
#1755 = DIRECTION('',(0.,1.,2.22044604925E-16));
#1756 = DIRECTION('',(1.,0.,0.));
#1757 = ADVANCED_FACE('',(#1758,#1761),#1795,.F.);
#1758 = FACE_BOUND('',#1759,.F.);
#1759 = EDGE_LOOP('',(#1760));
#1760 = ORIENTED_EDGE('',*,*,#536,.T.);
#1761 = FACE_BOUND('',#1762,.F.);
#1762 = EDGE_LOOP('',(#1763,#1773,#1781,#1789));
#1763 = ORIENTED_EDGE('',*,*,#1764,.F.);
#1764 = EDGE_CURVE('',#1765,#1767,#1769,.T.);
#1765 = VERTEX_POINT('',#1766);
#1766 = CARTESIAN_POINT('',(4.73,-1.56,1.5));
#1767 = VERTEX_POINT('',#1768);
#1768 = CARTESIAN_POINT('',(5.43,-1.56,1.5));
#1769 = LINE('',#1770,#1771);
#1770 = CARTESIAN_POINT('',(4.905,-1.56,1.5));
#1771 = VECTOR('',#1772,1.);
#1772 = DIRECTION('',(1.,0.,0.));
#1773 = ORIENTED_EDGE('',*,*,#1774,.T.);
#1774 = EDGE_CURVE('',#1765,#1775,#1777,.T.);
#1775 = VERTEX_POINT('',#1776);
#1776 = CARTESIAN_POINT('',(4.73,-1.56,0.8));
#1777 = LINE('',#1778,#1779);
#1778 = CARTESIAN_POINT('',(4.73,-1.56,0.975));
#1779 = VECTOR('',#1780,1.);
#1780 = DIRECTION('',(0.,2.22044604925E-16,-1.));
#1781 = ORIENTED_EDGE('',*,*,#1782,.T.);
#1782 = EDGE_CURVE('',#1775,#1783,#1785,.T.);
#1783 = VERTEX_POINT('',#1784);
#1784 = CARTESIAN_POINT('',(5.43,-1.56,0.8));
#1785 = LINE('',#1786,#1787);
#1786 = CARTESIAN_POINT('',(4.905,-1.56,0.8));
#1787 = VECTOR('',#1788,1.);
#1788 = DIRECTION('',(1.,0.,0.));
#1789 = ORIENTED_EDGE('',*,*,#1790,.F.);
#1790 = EDGE_CURVE('',#1767,#1783,#1791,.T.);
#1791 = LINE('',#1792,#1793);
#1792 = CARTESIAN_POINT('',(5.43,-1.56,0.975));
#1793 = VECTOR('',#1794,1.);
#1794 = DIRECTION('',(0.,2.22044604925E-16,-1.));
#1795 = PLANE('',#1796);
#1796 = AXIS2_PLACEMENT_3D('',#1797,#1798,#1799);
#1797 = CARTESIAN_POINT('',(5.08,-1.56,1.15));
#1798 = DIRECTION('',(0.,1.,2.22044604925E-16));
#1799 = DIRECTION('',(1.,0.,0.));
#1800 = ADVANCED_FACE('',(#1801,#1804),#1838,.F.);
#1801 = FACE_BOUND('',#1802,.F.);
#1802 = EDGE_LOOP('',(#1803));
#1803 = ORIENTED_EDGE('',*,*,#561,.T.);
#1804 = FACE_BOUND('',#1805,.F.);
#1805 = EDGE_LOOP('',(#1806,#1816,#1824,#1832));
#1806 = ORIENTED_EDGE('',*,*,#1807,.F.);
#1807 = EDGE_CURVE('',#1808,#1810,#1812,.T.);
#1808 = VERTEX_POINT('',#1809);
#1809 = CARTESIAN_POINT('',(26.52,-1.56,1.5));
#1810 = VERTEX_POINT('',#1811);
#1811 = CARTESIAN_POINT('',(27.22,-1.56,1.5));
#1812 = LINE('',#1813,#1814);
#1813 = CARTESIAN_POINT('',(26.695,-1.56,1.5));
#1814 = VECTOR('',#1815,1.);
#1815 = DIRECTION('',(1.,0.,0.));
#1816 = ORIENTED_EDGE('',*,*,#1817,.T.);
#1817 = EDGE_CURVE('',#1808,#1818,#1820,.T.);
#1818 = VERTEX_POINT('',#1819);
#1819 = CARTESIAN_POINT('',(26.52,-1.56,0.8));
#1820 = LINE('',#1821,#1822);
#1821 = CARTESIAN_POINT('',(26.52,-1.56,0.975));
#1822 = VECTOR('',#1823,1.);
#1823 = DIRECTION('',(0.,2.22044604925E-16,-1.));
#1824 = ORIENTED_EDGE('',*,*,#1825,.T.);
#1825 = EDGE_CURVE('',#1818,#1826,#1828,.T.);
#1826 = VERTEX_POINT('',#1827);
#1827 = CARTESIAN_POINT('',(27.22,-1.56,0.8));
#1828 = LINE('',#1829,#1830);
#1829 = CARTESIAN_POINT('',(26.695,-1.56,0.8));
#1830 = VECTOR('',#1831,1.);
#1831 = DIRECTION('',(1.,0.,0.));
#1832 = ORIENTED_EDGE('',*,*,#1833,.F.);
#1833 = EDGE_CURVE('',#1810,#1826,#1834,.T.);
#1834 = LINE('',#1835,#1836);
#1835 = CARTESIAN_POINT('',(27.22,-1.56,0.975));
#1836 = VECTOR('',#1837,1.);
#1837 = DIRECTION('',(0.,2.22044604925E-16,-1.));
#1838 = PLANE('',#1839);
#1839 = AXIS2_PLACEMENT_3D('',#1840,#1841,#1842);
#1840 = CARTESIAN_POINT('',(26.87,-1.56,1.15));
#1841 = DIRECTION('',(0.,1.,2.22044604925E-16));
#1842 = DIRECTION('',(1.,0.,0.));
#1843 = ADVANCED_FACE('',(#1844,#1847),#1881,.F.);
#1844 = FACE_BOUND('',#1845,.F.);
#1845 = EDGE_LOOP('',(#1846));
#1846 = ORIENTED_EDGE('',*,*,#586,.T.);
#1847 = FACE_BOUND('',#1848,.F.);
#1848 = EDGE_LOOP('',(#1849,#1859,#1867,#1875));
#1849 = ORIENTED_EDGE('',*,*,#1850,.F.);
#1850 = EDGE_CURVE('',#1851,#1853,#1855,.T.);
#1851 = VERTEX_POINT('',#1852);
#1852 = CARTESIAN_POINT('',(23.98,-1.56,1.5));
#1853 = VERTEX_POINT('',#1854);
#1854 = CARTESIAN_POINT('',(24.68,-1.56,1.5));
#1855 = LINE('',#1856,#1857);
#1856 = CARTESIAN_POINT('',(24.155,-1.56,1.5));
#1857 = VECTOR('',#1858,1.);
#1858 = DIRECTION('',(1.,0.,0.));
#1859 = ORIENTED_EDGE('',*,*,#1860,.T.);
#1860 = EDGE_CURVE('',#1851,#1861,#1863,.T.);
#1861 = VERTEX_POINT('',#1862);
#1862 = CARTESIAN_POINT('',(23.98,-1.56,0.8));
#1863 = LINE('',#1864,#1865);
#1864 = CARTESIAN_POINT('',(23.98,-1.56,0.975));
#1865 = VECTOR('',#1866,1.);
#1866 = DIRECTION('',(0.,2.22044604925E-16,-1.));
#1867 = ORIENTED_EDGE('',*,*,#1868,.T.);
#1868 = EDGE_CURVE('',#1861,#1869,#1871,.T.);
#1869 = VERTEX_POINT('',#1870);
#1870 = CARTESIAN_POINT('',(24.68,-1.56,0.8));
#1871 = LINE('',#1872,#1873);
#1872 = CARTESIAN_POINT('',(24.155,-1.56,0.8));
#1873 = VECTOR('',#1874,1.);
#1874 = DIRECTION('',(1.,0.,0.));
#1875 = ORIENTED_EDGE('',*,*,#1876,.F.);
#1876 = EDGE_CURVE('',#1853,#1869,#1877,.T.);
#1877 = LINE('',#1878,#1879);
#1878 = CARTESIAN_POINT('',(24.68,-1.56,0.975));
#1879 = VECTOR('',#1880,1.);
#1880 = DIRECTION('',(0.,2.22044604925E-16,-1.));
#1881 = PLANE('',#1882);
#1882 = AXIS2_PLACEMENT_3D('',#1883,#1884,#1885);
#1883 = CARTESIAN_POINT('',(24.33,-1.56,1.15));
#1884 = DIRECTION('',(0.,1.,2.22044604925E-16));
#1885 = DIRECTION('',(1.,0.,0.));
#1886 = ADVANCED_FACE('',(#1887),#1938,.F.);
#1887 = FACE_BOUND('',#1888,.F.);
#1888 = EDGE_LOOP('',(#1889,#1899,#1907,#1913,#1914,#1915,#1923,#1931));
#1889 = ORIENTED_EDGE('',*,*,#1890,.F.);
#1890 = EDGE_CURVE('',#1891,#1893,#1895,.T.);
#1891 = VERTEX_POINT('',#1892);
#1892 = CARTESIAN_POINT('',(-0.35,-0.34,1.5));
#1893 = VERTEX_POINT('',#1894);
#1894 = CARTESIAN_POINT('',(-0.35,-0.25,1.5));
#1895 = LINE('',#1896,#1897);
#1896 = CARTESIAN_POINT('',(-0.35,-0.35,1.5));
#1897 = VECTOR('',#1898,1.);
#1898 = DIRECTION('',(0.,1.,0.));
#1899 = ORIENTED_EDGE('',*,*,#1900,.T.);
#1900 = EDGE_CURVE('',#1891,#1901,#1903,.T.);
#1901 = VERTEX_POINT('',#1902);
#1902 = CARTESIAN_POINT('',(-0.35,-0.34,0.66266028276));
#1903 = LINE('',#1904,#1905);
#1904 = CARTESIAN_POINT('',(-0.35,-0.34,-2.425));
#1905 = VECTOR('',#1906,1.);
#1906 = DIRECTION('',(0.,2.22044604925E-16,-1.));
#1907 = ORIENTED_EDGE('',*,*,#1908,.F.);
#1908 = EDGE_CURVE('',#799,#1901,#1909,.T.);
#1909 = LINE('',#1910,#1911);
#1910 = CARTESIAN_POINT('',(-0.35,-1.56,0.66266028276));
#1911 = VECTOR('',#1912,1.);
#1912 = DIRECTION('',(0.,1.,2.22044604925E-16));
#1913 = ORIENTED_EDGE('',*,*,#807,.F.);
#1914 = ORIENTED_EDGE('',*,*,#1463,.F.);
#1915 = ORIENTED_EDGE('',*,*,#1916,.T.);
#1916 = EDGE_CURVE('',#1456,#1917,#1919,.T.);
#1917 = VERTEX_POINT('',#1918);
#1918 = CARTESIAN_POINT('',(-0.35,0.35,-5.8));
#1919 = LINE('',#1920,#1921);
#1920 = CARTESIAN_POINT('',(-0.35,-0.35,-5.8));
#1921 = VECTOR('',#1922,1.);
#1922 = DIRECTION('',(0.,1.,0.));
#1923 = ORIENTED_EDGE('',*,*,#1924,.T.);
#1924 = EDGE_CURVE('',#1917,#1925,#1927,.T.);
#1925 = VERTEX_POINT('',#1926);
#1926 = CARTESIAN_POINT('',(-0.35,0.35,0.9));
#1927 = LINE('',#1928,#1929);
#1928 = CARTESIAN_POINT('',(-0.35,0.35,-6.));
#1929 = VECTOR('',#1930,1.);
#1930 = DIRECTION('',(0.,0.,1.));
#1931 = ORIENTED_EDGE('',*,*,#1932,.F.);
#1932 = EDGE_CURVE('',#1893,#1925,#1933,.T.);
#1933 = CIRCLE('',#1934,0.6);
#1934 = AXIS2_PLACEMENT_3D('',#1935,#1936,#1937);
#1935 = CARTESIAN_POINT('',(-0.35,-0.25,0.9));
#1936 = DIRECTION('',(-1.,0.,0.));
#1937 = DIRECTION('',(0.,0.,1.));
#1938 = PLANE('',#1939);
#1939 = AXIS2_PLACEMENT_3D('',#1940,#1941,#1942);
#1940 = CARTESIAN_POINT('',(-0.35,-0.35,-6.));
#1941 = DIRECTION('',(1.,0.,0.));
#1942 = DIRECTION('',(0.,0.,1.));
#1943 = ADVANCED_FACE('',(#1944),#1995,.T.);
#1944 = FACE_BOUND('',#1945,.T.);
#1945 = EDGE_LOOP('',(#1946,#1956,#1964,#1970,#1971,#1972,#1980,#1988));
#1946 = ORIENTED_EDGE('',*,*,#1947,.F.);
#1947 = EDGE_CURVE('',#1948,#1950,#1952,.T.);
#1948 = VERTEX_POINT('',#1949);
#1949 = CARTESIAN_POINT('',(0.35,-0.34,1.5));
#1950 = VERTEX_POINT('',#1951);
#1951 = CARTESIAN_POINT('',(0.35,-0.25,1.5));
#1952 = LINE('',#1953,#1954);
#1953 = CARTESIAN_POINT('',(0.35,-0.35,1.5));
#1954 = VECTOR('',#1955,1.);
#1955 = DIRECTION('',(0.,1.,0.));
#1956 = ORIENTED_EDGE('',*,*,#1957,.T.);
#1957 = EDGE_CURVE('',#1948,#1958,#1960,.T.);
#1958 = VERTEX_POINT('',#1959);
#1959 = CARTESIAN_POINT('',(0.35,-0.34,0.66266028276));
#1960 = LINE('',#1961,#1962);
#1961 = CARTESIAN_POINT('',(0.35,-0.34,-2.425));
#1962 = VECTOR('',#1963,1.);
#1963 = DIRECTION('',(0.,2.22044604925E-16,-1.));
#1964 = ORIENTED_EDGE('',*,*,#1965,.F.);
#1965 = EDGE_CURVE('',#782,#1958,#1966,.T.);
#1966 = LINE('',#1967,#1968);
#1967 = CARTESIAN_POINT('',(0.35,-1.56,0.66266028276));
#1968 = VECTOR('',#1969,1.);
#1969 = DIRECTION('',(0.,1.,2.22044604925E-16));
#1970 = ORIENTED_EDGE('',*,*,#781,.F.);
#1971 = ORIENTED_EDGE('',*,*,#1447,.F.);
#1972 = ORIENTED_EDGE('',*,*,#1973,.T.);
#1973 = EDGE_CURVE('',#1448,#1974,#1976,.T.);
#1974 = VERTEX_POINT('',#1975);
#1975 = CARTESIAN_POINT('',(0.35,0.35,-5.8));
#1976 = LINE('',#1977,#1978);
#1977 = CARTESIAN_POINT('',(0.35,-0.35,-5.8));
#1978 = VECTOR('',#1979,1.);
#1979 = DIRECTION('',(0.,1.,0.));
#1980 = ORIENTED_EDGE('',*,*,#1981,.T.);
#1981 = EDGE_CURVE('',#1974,#1982,#1984,.T.);
#1982 = VERTEX_POINT('',#1983);
#1983 = CARTESIAN_POINT('',(0.35,0.35,0.9));
#1984 = LINE('',#1985,#1986);
#1985 = CARTESIAN_POINT('',(0.35,0.35,-6.));
#1986 = VECTOR('',#1987,1.);
#1987 = DIRECTION('',(0.,0.,1.));
#1988 = ORIENTED_EDGE('',*,*,#1989,.F.);
#1989 = EDGE_CURVE('',#1950,#1982,#1990,.T.);
#1990 = CIRCLE('',#1991,0.6);
#1991 = AXIS2_PLACEMENT_3D('',#1992,#1993,#1994);
#1992 = CARTESIAN_POINT('',(0.35,-0.25,0.9));
#1993 = DIRECTION('',(-1.,0.,0.));
#1994 = DIRECTION('',(0.,0.,1.));
#1995 = PLANE('',#1996);
#1996 = AXIS2_PLACEMENT_3D('',#1997,#1998,#1999);
#1997 = CARTESIAN_POINT('',(0.35,-0.35,-6.));
#1998 = DIRECTION('',(1.,0.,0.));
#1999 = DIRECTION('',(0.,0.,1.));
#2000 = ADVANCED_FACE('',(#2001),#2052,.F.);
#2001 = FACE_BOUND('',#2002,.F.);
#2002 = EDGE_LOOP('',(#2003,#2013,#2021,#2027,#2028,#2029,#2037,#2045));
#2003 = ORIENTED_EDGE('',*,*,#2004,.F.);
#2004 = EDGE_CURVE('',#2005,#2007,#2009,.T.);
#2005 = VERTEX_POINT('',#2006);
#2006 = CARTESIAN_POINT('',(2.19,-0.34,1.5));
#2007 = VERTEX_POINT('',#2008);
#2008 = CARTESIAN_POINT('',(2.19,-0.25,1.5));
#2009 = LINE('',#2010,#2011);
#2010 = CARTESIAN_POINT('',(2.19,-0.35,1.5));
#2011 = VECTOR('',#2012,1.);
#2012 = DIRECTION('',(0.,1.,0.));
#2013 = ORIENTED_EDGE('',*,*,#2014,.T.);
#2014 = EDGE_CURVE('',#2005,#2015,#2017,.T.);
#2015 = VERTEX_POINT('',#2016);
#2016 = CARTESIAN_POINT('',(2.19,-0.34,0.66266028276));
#2017 = LINE('',#2018,#2019);
#2018 = CARTESIAN_POINT('',(2.19,-0.34,-2.425));
#2019 = VECTOR('',#2020,1.);
#2020 = DIRECTION('',(0.,2.22044604925E-16,-1.));
#2021 = ORIENTED_EDGE('',*,*,#2022,.F.);
#2022 = EDGE_CURVE('',#766,#2015,#2023,.T.);
#2023 = LINE('',#2024,#2025);
#2024 = CARTESIAN_POINT('',(2.19,-1.56,0.66266028276));
#2025 = VECTOR('',#2026,1.);
#2026 = DIRECTION('',(0.,1.,2.22044604925E-16));
#2027 = ORIENTED_EDGE('',*,*,#774,.F.);
#2028 = ORIENTED_EDGE('',*,*,#1494,.F.);
#2029 = ORIENTED_EDGE('',*,*,#2030,.T.);
#2030 = EDGE_CURVE('',#1487,#2031,#2033,.T.);
#2031 = VERTEX_POINT('',#2032);
#2032 = CARTESIAN_POINT('',(2.19,0.35,-5.8));
#2033 = LINE('',#2034,#2035);
#2034 = CARTESIAN_POINT('',(2.19,-0.35,-5.8));
#2035 = VECTOR('',#2036,1.);
#2036 = DIRECTION('',(0.,1.,0.));
#2037 = ORIENTED_EDGE('',*,*,#2038,.T.);
#2038 = EDGE_CURVE('',#2031,#2039,#2041,.T.);
#2039 = VERTEX_POINT('',#2040);
#2040 = CARTESIAN_POINT('',(2.19,0.35,0.9));
#2041 = LINE('',#2042,#2043);
#2042 = CARTESIAN_POINT('',(2.19,0.35,-6.));
#2043 = VECTOR('',#2044,1.);
#2044 = DIRECTION('',(0.,0.,1.));
#2045 = ORIENTED_EDGE('',*,*,#2046,.F.);
#2046 = EDGE_CURVE('',#2007,#2039,#2047,.T.);
#2047 = CIRCLE('',#2048,0.6);
#2048 = AXIS2_PLACEMENT_3D('',#2049,#2050,#2051);
#2049 = CARTESIAN_POINT('',(2.19,-0.25,0.9));
#2050 = DIRECTION('',(-1.,0.,0.));
#2051 = DIRECTION('',(0.,0.,1.));
#2052 = PLANE('',#2053);
#2053 = AXIS2_PLACEMENT_3D('',#2054,#2055,#2056);
#2054 = CARTESIAN_POINT('',(2.19,-0.35,-6.));
#2055 = DIRECTION('',(1.,0.,0.));
#2056 = DIRECTION('',(0.,0.,1.));
#2057 = ADVANCED_FACE('',(#2058),#2109,.T.);
#2058 = FACE_BOUND('',#2059,.T.);
#2059 = EDGE_LOOP('',(#2060,#2070,#2078,#2084,#2085,#2086,#2094,#2102));
#2060 = ORIENTED_EDGE('',*,*,#2061,.F.);
#2061 = EDGE_CURVE('',#2062,#2064,#2066,.T.);
#2062 = VERTEX_POINT('',#2063);
#2063 = CARTESIAN_POINT('',(2.89,-0.34,1.5));
#2064 = VERTEX_POINT('',#2065);
#2065 = CARTESIAN_POINT('',(2.89,-0.25,1.5));
#2066 = LINE('',#2067,#2068);
#2067 = CARTESIAN_POINT('',(2.89,-0.35,1.5));
#2068 = VECTOR('',#2069,1.);
#2069 = DIRECTION('',(0.,1.,0.));
#2070 = ORIENTED_EDGE('',*,*,#2071,.T.);
#2071 = EDGE_CURVE('',#2062,#2072,#2074,.T.);
#2072 = VERTEX_POINT('',#2073);
#2073 = CARTESIAN_POINT('',(2.89,-0.34,0.66266028276));
#2074 = LINE('',#2075,#2076);
#2075 = CARTESIAN_POINT('',(2.89,-0.34,-2.425));
#2076 = VECTOR('',#2077,1.);
#2077 = DIRECTION('',(0.,2.22044604925E-16,-1.));
#2078 = ORIENTED_EDGE('',*,*,#2079,.F.);
#2079 = EDGE_CURVE('',#749,#2072,#2080,.T.);
#2080 = LINE('',#2081,#2082);
#2081 = CARTESIAN_POINT('',(2.89,-1.56,0.66266028276));
#2082 = VECTOR('',#2083,1.);
#2083 = DIRECTION('',(0.,1.,2.22044604925E-16));
#2084 = ORIENTED_EDGE('',*,*,#748,.F.);
#2085 = ORIENTED_EDGE('',*,*,#1478,.F.);
#2086 = ORIENTED_EDGE('',*,*,#2087,.T.);
#2087 = EDGE_CURVE('',#1479,#2088,#2090,.T.);
#2088 = VERTEX_POINT('',#2089);
#2089 = CARTESIAN_POINT('',(2.89,0.35,-5.8));
#2090 = LINE('',#2091,#2092);
#2091 = CARTESIAN_POINT('',(2.89,-0.35,-5.8));
#2092 = VECTOR('',#2093,1.);
#2093 = DIRECTION('',(0.,1.,0.));
#2094 = ORIENTED_EDGE('',*,*,#2095,.T.);
#2095 = EDGE_CURVE('',#2088,#2096,#2098,.T.);
#2096 = VERTEX_POINT('',#2097);
#2097 = CARTESIAN_POINT('',(2.89,0.35,0.9));
#2098 = LINE('',#2099,#2100);
#2099 = CARTESIAN_POINT('',(2.89,0.35,-6.));
#2100 = VECTOR('',#2101,1.);
#2101 = DIRECTION('',(0.,0.,1.));
#2102 = ORIENTED_EDGE('',*,*,#2103,.F.);
#2103 = EDGE_CURVE('',#2064,#2096,#2104,.T.);
#2104 = CIRCLE('',#2105,0.6);
#2105 = AXIS2_PLACEMENT_3D('',#2106,#2107,#2108);
#2106 = CARTESIAN_POINT('',(2.89,-0.25,0.9));
#2107 = DIRECTION('',(-1.,0.,0.));
#2108 = DIRECTION('',(0.,0.,1.));
#2109 = PLANE('',#2110);
#2110 = AXIS2_PLACEMENT_3D('',#2111,#2112,#2113);
#2111 = CARTESIAN_POINT('',(2.89,-0.35,-6.));
#2112 = DIRECTION('',(1.,0.,0.));
#2113 = DIRECTION('',(0.,0.,1.));
#2114 = ADVANCED_FACE('',(#2115),#2166,.F.);
#2115 = FACE_BOUND('',#2116,.F.);
#2116 = EDGE_LOOP('',(#2117,#2127,#2135,#2141,#2142,#2143,#2151,#2159));
#2117 = ORIENTED_EDGE('',*,*,#2118,.F.);
#2118 = EDGE_CURVE('',#2119,#2121,#2123,.T.);
#2119 = VERTEX_POINT('',#2120);
#2120 = CARTESIAN_POINT('',(4.73,-0.34,1.5));
#2121 = VERTEX_POINT('',#2122);
#2122 = CARTESIAN_POINT('',(4.73,-0.25,1.5));
#2123 = LINE('',#2124,#2125);
#2124 = CARTESIAN_POINT('',(4.73,-0.35,1.5));
#2125 = VECTOR('',#2126,1.);
#2126 = DIRECTION('',(0.,1.,0.));
#2127 = ORIENTED_EDGE('',*,*,#2128,.T.);
#2128 = EDGE_CURVE('',#2119,#2129,#2131,.T.);
#2129 = VERTEX_POINT('',#2130);
#2130 = CARTESIAN_POINT('',(4.73,-0.34,0.66266028276));
#2131 = LINE('',#2132,#2133);
#2132 = CARTESIAN_POINT('',(4.73,-0.34,-2.425));
#2133 = VECTOR('',#2134,1.);
#2134 = DIRECTION('',(0.,2.22044604925E-16,-1.));
#2135 = ORIENTED_EDGE('',*,*,#2136,.F.);
#2136 = EDGE_CURVE('',#733,#2129,#2137,.T.);
#2137 = LINE('',#2138,#2139);
#2138 = CARTESIAN_POINT('',(4.73,-1.56,0.66266028276));
#2139 = VECTOR('',#2140,1.);
#2140 = DIRECTION('',(0.,1.,2.22044604925E-16));
#2141 = ORIENTED_EDGE('',*,*,#741,.F.);
#2142 = ORIENTED_EDGE('',*,*,#1525,.F.);
#2143 = ORIENTED_EDGE('',*,*,#2144,.T.);
#2144 = EDGE_CURVE('',#1518,#2145,#2147,.T.);
#2145 = VERTEX_POINT('',#2146);
#2146 = CARTESIAN_POINT('',(4.73,0.35,-5.8));
#2147 = LINE('',#2148,#2149);
#2148 = CARTESIAN_POINT('',(4.73,-0.35,-5.8));
#2149 = VECTOR('',#2150,1.);
#2150 = DIRECTION('',(0.,1.,0.));
#2151 = ORIENTED_EDGE('',*,*,#2152,.T.);
#2152 = EDGE_CURVE('',#2145,#2153,#2155,.T.);
#2153 = VERTEX_POINT('',#2154);
#2154 = CARTESIAN_POINT('',(4.73,0.35,0.9));
#2155 = LINE('',#2156,#2157);
#2156 = CARTESIAN_POINT('',(4.73,0.35,-6.));
#2157 = VECTOR('',#2158,1.);
#2158 = DIRECTION('',(0.,0.,1.));
#2159 = ORIENTED_EDGE('',*,*,#2160,.F.);
#2160 = EDGE_CURVE('',#2121,#2153,#2161,.T.);
#2161 = CIRCLE('',#2162,0.6);
#2162 = AXIS2_PLACEMENT_3D('',#2163,#2164,#2165);
#2163 = CARTESIAN_POINT('',(4.73,-0.25,0.9));
#2164 = DIRECTION('',(-1.,0.,0.));
#2165 = DIRECTION('',(0.,0.,1.));
#2166 = PLANE('',#2167);
#2167 = AXIS2_PLACEMENT_3D('',#2168,#2169,#2170);
#2168 = CARTESIAN_POINT('',(4.73,-0.35,-6.));
#2169 = DIRECTION('',(1.,0.,0.));
#2170 = DIRECTION('',(0.,0.,1.));
#2171 = ADVANCED_FACE('',(#2172),#2223,.T.);
#2172 = FACE_BOUND('',#2173,.T.);
#2173 = EDGE_LOOP('',(#2174,#2184,#2192,#2198,#2199,#2200,#2208,#2216));
#2174 = ORIENTED_EDGE('',*,*,#2175,.F.);
#2175 = EDGE_CURVE('',#2176,#2178,#2180,.T.);
#2176 = VERTEX_POINT('',#2177);
#2177 = CARTESIAN_POINT('',(5.43,-0.34,1.5));
#2178 = VERTEX_POINT('',#2179);
#2179 = CARTESIAN_POINT('',(5.43,-0.25,1.5));
#2180 = LINE('',#2181,#2182);
#2181 = CARTESIAN_POINT('',(5.43,-0.35,1.5));
#2182 = VECTOR('',#2183,1.);
#2183 = DIRECTION('',(0.,1.,0.));
#2184 = ORIENTED_EDGE('',*,*,#2185,.T.);
#2185 = EDGE_CURVE('',#2176,#2186,#2188,.T.);
#2186 = VERTEX_POINT('',#2187);
#2187 = CARTESIAN_POINT('',(5.43,-0.34,0.66266028276));
#2188 = LINE('',#2189,#2190);
#2189 = CARTESIAN_POINT('',(5.43,-0.34,-2.425));
#2190 = VECTOR('',#2191,1.);
#2191 = DIRECTION('',(0.,2.22044604925E-16,-1.));
#2192 = ORIENTED_EDGE('',*,*,#2193,.F.);
#2193 = EDGE_CURVE('',#716,#2186,#2194,.T.);
#2194 = LINE('',#2195,#2196);
#2195 = CARTESIAN_POINT('',(5.43,-1.56,0.66266028276));
#2196 = VECTOR('',#2197,1.);
#2197 = DIRECTION('',(0.,1.,2.22044604925E-16));
#2198 = ORIENTED_EDGE('',*,*,#715,.F.);
#2199 = ORIENTED_EDGE('',*,*,#1509,.F.);
#2200 = ORIENTED_EDGE('',*,*,#2201,.T.);
#2201 = EDGE_CURVE('',#1510,#2202,#2204,.T.);
#2202 = VERTEX_POINT('',#2203);
#2203 = CARTESIAN_POINT('',(5.43,0.35,-5.8));
#2204 = LINE('',#2205,#2206);
#2205 = CARTESIAN_POINT('',(5.43,-0.35,-5.8));
#2206 = VECTOR('',#2207,1.);
#2207 = DIRECTION('',(0.,1.,0.));
#2208 = ORIENTED_EDGE('',*,*,#2209,.T.);
#2209 = EDGE_CURVE('',#2202,#2210,#2212,.T.);
#2210 = VERTEX_POINT('',#2211);
#2211 = CARTESIAN_POINT('',(5.43,0.35,0.9));
#2212 = LINE('',#2213,#2214);
#2213 = CARTESIAN_POINT('',(5.43,0.35,-6.));
#2214 = VECTOR('',#2215,1.);
#2215 = DIRECTION('',(0.,0.,1.));
#2216 = ORIENTED_EDGE('',*,*,#2217,.F.);
#2217 = EDGE_CURVE('',#2178,#2210,#2218,.T.);
#2218 = CIRCLE('',#2219,0.6);
#2219 = AXIS2_PLACEMENT_3D('',#2220,#2221,#2222);
#2220 = CARTESIAN_POINT('',(5.43,-0.25,0.9));
#2221 = DIRECTION('',(-1.,0.,0.));
#2222 = DIRECTION('',(0.,0.,1.));
#2223 = PLANE('',#2224);
#2224 = AXIS2_PLACEMENT_3D('',#2225,#2226,#2227);
#2225 = CARTESIAN_POINT('',(5.43,-0.35,-6.));
#2226 = DIRECTION('',(1.,0.,0.));
#2227 = DIRECTION('',(0.,0.,1.));
#2228 = ADVANCED_FACE('',(#2229),#2280,.F.);
#2229 = FACE_BOUND('',#2230,.F.);
#2230 = EDGE_LOOP('',(#2231,#2241,#2249,#2255,#2256,#2257,#2265,#2273));
#2231 = ORIENTED_EDGE('',*,*,#2232,.F.);
#2232 = EDGE_CURVE('',#2233,#2235,#2237,.T.);
#2233 = VERTEX_POINT('',#2234);
#2234 = CARTESIAN_POINT('',(7.27,-0.34,1.5));
#2235 = VERTEX_POINT('',#2236);
#2236 = CARTESIAN_POINT('',(7.27,-0.25,1.5));
#2237 = LINE('',#2238,#2239);
#2238 = CARTESIAN_POINT('',(7.27,-0.35,1.5));
#2239 = VECTOR('',#2240,1.);
#2240 = DIRECTION('',(0.,1.,0.));
#2241 = ORIENTED_EDGE('',*,*,#2242,.T.);
#2242 = EDGE_CURVE('',#2233,#2243,#2245,.T.);
#2243 = VERTEX_POINT('',#2244);
#2244 = CARTESIAN_POINT('',(7.27,-0.34,0.66266028276));
#2245 = LINE('',#2246,#2247);
#2246 = CARTESIAN_POINT('',(7.27,-0.34,-2.425));
#2247 = VECTOR('',#2248,1.);
#2248 = DIRECTION('',(0.,2.22044604925E-16,-1.));
#2249 = ORIENTED_EDGE('',*,*,#2250,.F.);
#2250 = EDGE_CURVE('',#700,#2243,#2251,.T.);
#2251 = LINE('',#2252,#2253);
#2252 = CARTESIAN_POINT('',(7.27,-1.56,0.66266028276));
#2253 = VECTOR('',#2254,1.);
#2254 = DIRECTION('',(0.,1.,2.22044604925E-16));
#2255 = ORIENTED_EDGE('',*,*,#708,.F.);
#2256 = ORIENTED_EDGE('',*,*,#1556,.F.);
#2257 = ORIENTED_EDGE('',*,*,#2258,.T.);
#2258 = EDGE_CURVE('',#1549,#2259,#2261,.T.);
#2259 = VERTEX_POINT('',#2260);
#2260 = CARTESIAN_POINT('',(7.27,0.35,-5.8));
#2261 = LINE('',#2262,#2263);
#2262 = CARTESIAN_POINT('',(7.27,-0.35,-5.8));
#2263 = VECTOR('',#2264,1.);
#2264 = DIRECTION('',(0.,1.,0.));
#2265 = ORIENTED_EDGE('',*,*,#2266,.T.);
#2266 = EDGE_CURVE('',#2259,#2267,#2269,.T.);
#2267 = VERTEX_POINT('',#2268);
#2268 = CARTESIAN_POINT('',(7.27,0.35,0.9));
#2269 = LINE('',#2270,#2271);
#2270 = CARTESIAN_POINT('',(7.27,0.35,-6.));
#2271 = VECTOR('',#2272,1.);
#2272 = DIRECTION('',(0.,0.,1.));
#2273 = ORIENTED_EDGE('',*,*,#2274,.F.);
#2274 = EDGE_CURVE('',#2235,#2267,#2275,.T.);
#2275 = CIRCLE('',#2276,0.6);
#2276 = AXIS2_PLACEMENT_3D('',#2277,#2278,#2279);
#2277 = CARTESIAN_POINT('',(7.27,-0.25,0.9));
#2278 = DIRECTION('',(-1.,0.,0.));
#2279 = DIRECTION('',(0.,0.,1.));
#2280 = PLANE('',#2281);
#2281 = AXIS2_PLACEMENT_3D('',#2282,#2283,#2284);
#2282 = CARTESIAN_POINT('',(7.27,-0.35,-6.));
#2283 = DIRECTION('',(1.,0.,0.));
#2284 = DIRECTION('',(0.,0.,1.));
#2285 = ADVANCED_FACE('',(#2286),#2337,.T.);
#2286 = FACE_BOUND('',#2287,.T.);
#2287 = EDGE_LOOP('',(#2288,#2298,#2306,#2312,#2313,#2314,#2322,#2330));
#2288 = ORIENTED_EDGE('',*,*,#2289,.F.);
#2289 = EDGE_CURVE('',#2290,#2292,#2294,.T.);
#2290 = VERTEX_POINT('',#2291);
#2291 = CARTESIAN_POINT('',(7.97,-0.34,1.5));
#2292 = VERTEX_POINT('',#2293);
#2293 = CARTESIAN_POINT('',(7.97,-0.25,1.5));
#2294 = LINE('',#2295,#2296);
#2295 = CARTESIAN_POINT('',(7.97,-0.35,1.5));
#2296 = VECTOR('',#2297,1.);
#2297 = DIRECTION('',(0.,1.,0.));
#2298 = ORIENTED_EDGE('',*,*,#2299,.T.);
#2299 = EDGE_CURVE('',#2290,#2300,#2302,.T.);
#2300 = VERTEX_POINT('',#2301);
#2301 = CARTESIAN_POINT('',(7.97,-0.34,0.66266028276));
#2302 = LINE('',#2303,#2304);
#2303 = CARTESIAN_POINT('',(7.97,-0.34,-2.425));
#2304 = VECTOR('',#2305,1.);
#2305 = DIRECTION('',(0.,2.22044604925E-16,-1.));
#2306 = ORIENTED_EDGE('',*,*,#2307,.F.);
#2307 = EDGE_CURVE('',#683,#2300,#2308,.T.);
#2308 = LINE('',#2309,#2310);
#2309 = CARTESIAN_POINT('',(7.97,-1.56,0.66266028276));
#2310 = VECTOR('',#2311,1.);
#2311 = DIRECTION('',(0.,1.,2.22044604925E-16));
#2312 = ORIENTED_EDGE('',*,*,#682,.F.);
#2313 = ORIENTED_EDGE('',*,*,#1540,.F.);
#2314 = ORIENTED_EDGE('',*,*,#2315,.T.);
#2315 = EDGE_CURVE('',#1541,#2316,#2318,.T.);
#2316 = VERTEX_POINT('',#2317);
#2317 = CARTESIAN_POINT('',(7.97,0.35,-5.8));
#2318 = LINE('',#2319,#2320);
#2319 = CARTESIAN_POINT('',(7.97,-0.35,-5.8));
#2320 = VECTOR('',#2321,1.);
#2321 = DIRECTION('',(0.,1.,0.));
#2322 = ORIENTED_EDGE('',*,*,#2323,.T.);
#2323 = EDGE_CURVE('',#2316,#2324,#2326,.T.);
#2324 = VERTEX_POINT('',#2325);
#2325 = CARTESIAN_POINT('',(7.97,0.35,0.9));
#2326 = LINE('',#2327,#2328);
#2327 = CARTESIAN_POINT('',(7.97,0.35,-6.));
#2328 = VECTOR('',#2329,1.);
#2329 = DIRECTION('',(0.,0.,1.));
#2330 = ORIENTED_EDGE('',*,*,#2331,.F.);
#2331 = EDGE_CURVE('',#2292,#2324,#2332,.T.);
#2332 = CIRCLE('',#2333,0.6);
#2333 = AXIS2_PLACEMENT_3D('',#2334,#2335,#2336);
#2334 = CARTESIAN_POINT('',(7.97,-0.25,0.9));
#2335 = DIRECTION('',(-1.,0.,0.));
#2336 = DIRECTION('',(0.,0.,1.));
#2337 = PLANE('',#2338);
#2338 = AXIS2_PLACEMENT_3D('',#2339,#2340,#2341);
#2339 = CARTESIAN_POINT('',(7.97,-0.35,-6.));
#2340 = DIRECTION('',(1.,0.,0.));
#2341 = DIRECTION('',(0.,0.,1.));
#2342 = ADVANCED_FACE('',(#2343),#2394,.F.);
#2343 = FACE_BOUND('',#2344,.F.);
#2344 = EDGE_LOOP('',(#2345,#2355,#2363,#2369,#2370,#2371,#2379,#2387));
#2345 = ORIENTED_EDGE('',*,*,#2346,.F.);
#2346 = EDGE_CURVE('',#2347,#2349,#2351,.T.);
#2347 = VERTEX_POINT('',#2348);
#2348 = CARTESIAN_POINT('',(23.98,-0.34,1.5));
#2349 = VERTEX_POINT('',#2350);
#2350 = CARTESIAN_POINT('',(23.98,-0.25,1.5));
#2351 = LINE('',#2352,#2353);
#2352 = CARTESIAN_POINT('',(23.98,-0.35,1.5));
#2353 = VECTOR('',#2354,1.);
#2354 = DIRECTION('',(0.,1.,0.));
#2355 = ORIENTED_EDGE('',*,*,#2356,.T.);
#2356 = EDGE_CURVE('',#2347,#2357,#2359,.T.);
#2357 = VERTEX_POINT('',#2358);
#2358 = CARTESIAN_POINT('',(23.98,-0.34,0.66266028276));
#2359 = LINE('',#2360,#2361);
#2360 = CARTESIAN_POINT('',(23.98,-0.34,-2.425));
#2361 = VECTOR('',#2362,1.);
#2362 = DIRECTION('',(0.,2.22044604925E-16,-1.));
#2363 = ORIENTED_EDGE('',*,*,#2364,.F.);
#2364 = EDGE_CURVE('',#667,#2357,#2365,.T.);
#2365 = LINE('',#2366,#2367);
#2366 = CARTESIAN_POINT('',(23.98,-1.56,0.66266028276));
#2367 = VECTOR('',#2368,1.);
#2368 = DIRECTION('',(0.,1.,2.22044604925E-16));
#2369 = ORIENTED_EDGE('',*,*,#675,.F.);
#2370 = ORIENTED_EDGE('',*,*,#1587,.F.);
#2371 = ORIENTED_EDGE('',*,*,#2372,.T.);
#2372 = EDGE_CURVE('',#1580,#2373,#2375,.T.);
#2373 = VERTEX_POINT('',#2374);
#2374 = CARTESIAN_POINT('',(23.98,0.35,-5.8));
#2375 = LINE('',#2376,#2377);
#2376 = CARTESIAN_POINT('',(23.98,-0.35,-5.8));
#2377 = VECTOR('',#2378,1.);
#2378 = DIRECTION('',(0.,1.,0.));
#2379 = ORIENTED_EDGE('',*,*,#2380,.T.);
#2380 = EDGE_CURVE('',#2373,#2381,#2383,.T.);
#2381 = VERTEX_POINT('',#2382);
#2382 = CARTESIAN_POINT('',(23.98,0.35,0.9));
#2383 = LINE('',#2384,#2385);
#2384 = CARTESIAN_POINT('',(23.98,0.35,-6.));
#2385 = VECTOR('',#2386,1.);
#2386 = DIRECTION('',(0.,0.,1.));
#2387 = ORIENTED_EDGE('',*,*,#2388,.F.);
#2388 = EDGE_CURVE('',#2349,#2381,#2389,.T.);
#2389 = CIRCLE('',#2390,0.6);
#2390 = AXIS2_PLACEMENT_3D('',#2391,#2392,#2393);
#2391 = CARTESIAN_POINT('',(23.98,-0.25,0.9));
#2392 = DIRECTION('',(-1.,0.,0.));
#2393 = DIRECTION('',(0.,0.,1.));
#2394 = PLANE('',#2395);
#2395 = AXIS2_PLACEMENT_3D('',#2396,#2397,#2398);
#2396 = CARTESIAN_POINT('',(23.98,-0.35,-6.));
#2397 = DIRECTION('',(1.,0.,0.));
#2398 = DIRECTION('',(0.,0.,1.));
#2399 = ADVANCED_FACE('',(#2400),#2451,.T.);
#2400 = FACE_BOUND('',#2401,.T.);
#2401 = EDGE_LOOP('',(#2402,#2412,#2420,#2426,#2427,#2428,#2436,#2444));
#2402 = ORIENTED_EDGE('',*,*,#2403,.F.);
#2403 = EDGE_CURVE('',#2404,#2406,#2408,.T.);
#2404 = VERTEX_POINT('',#2405);
#2405 = CARTESIAN_POINT('',(24.68,-0.34,1.5));
#2406 = VERTEX_POINT('',#2407);
#2407 = CARTESIAN_POINT('',(24.68,-0.25,1.5));
#2408 = LINE('',#2409,#2410);
#2409 = CARTESIAN_POINT('',(24.68,-0.35,1.5));
#2410 = VECTOR('',#2411,1.);
#2411 = DIRECTION('',(0.,1.,0.));
#2412 = ORIENTED_EDGE('',*,*,#2413,.T.);
#2413 = EDGE_CURVE('',#2404,#2414,#2416,.T.);
#2414 = VERTEX_POINT('',#2415);
#2415 = CARTESIAN_POINT('',(24.68,-0.34,0.66266028276));
#2416 = LINE('',#2417,#2418);
#2417 = CARTESIAN_POINT('',(24.68,-0.34,-2.425));
#2418 = VECTOR('',#2419,1.);
#2419 = DIRECTION('',(0.,2.22044604925E-16,-1.));
#2420 = ORIENTED_EDGE('',*,*,#2421,.F.);
#2421 = EDGE_CURVE('',#650,#2414,#2422,.T.);
#2422 = LINE('',#2423,#2424);
#2423 = CARTESIAN_POINT('',(24.68,-1.56,0.66266028276));
#2424 = VECTOR('',#2425,1.);
#2425 = DIRECTION('',(0.,1.,2.22044604925E-16));
#2426 = ORIENTED_EDGE('',*,*,#649,.F.);
#2427 = ORIENTED_EDGE('',*,*,#1571,.F.);
#2428 = ORIENTED_EDGE('',*,*,#2429,.T.);
#2429 = EDGE_CURVE('',#1572,#2430,#2432,.T.);
#2430 = VERTEX_POINT('',#2431);
#2431 = CARTESIAN_POINT('',(24.68,0.35,-5.8));
#2432 = LINE('',#2433,#2434);
#2433 = CARTESIAN_POINT('',(24.68,-0.35,-5.8));
#2434 = VECTOR('',#2435,1.);
#2435 = DIRECTION('',(0.,1.,0.));
#2436 = ORIENTED_EDGE('',*,*,#2437,.T.);
#2437 = EDGE_CURVE('',#2430,#2438,#2440,.T.);
#2438 = VERTEX_POINT('',#2439);
#2439 = CARTESIAN_POINT('',(24.68,0.35,0.9));
#2440 = LINE('',#2441,#2442);
#2441 = CARTESIAN_POINT('',(24.68,0.35,-6.));
#2442 = VECTOR('',#2443,1.);
#2443 = DIRECTION('',(0.,0.,1.));
#2444 = ORIENTED_EDGE('',*,*,#2445,.F.);
#2445 = EDGE_CURVE('',#2406,#2438,#2446,.T.);
#2446 = CIRCLE('',#2447,0.6);
#2447 = AXIS2_PLACEMENT_3D('',#2448,#2449,#2450);
#2448 = CARTESIAN_POINT('',(24.68,-0.25,0.9));
#2449 = DIRECTION('',(-1.,0.,0.));
#2450 = DIRECTION('',(0.,0.,1.));
#2451 = PLANE('',#2452);
#2452 = AXIS2_PLACEMENT_3D('',#2453,#2454,#2455);
#2453 = CARTESIAN_POINT('',(24.68,-0.35,-6.));
#2454 = DIRECTION('',(1.,0.,0.));
#2455 = DIRECTION('',(0.,0.,1.));
#2456 = ADVANCED_FACE('',(#2457),#2508,.F.);
#2457 = FACE_BOUND('',#2458,.F.);
#2458 = EDGE_LOOP('',(#2459,#2469,#2477,#2483,#2484,#2485,#2493,#2501));
#2459 = ORIENTED_EDGE('',*,*,#2460,.F.);
#2460 = EDGE_CURVE('',#2461,#2463,#2465,.T.);
#2461 = VERTEX_POINT('',#2462);
#2462 = CARTESIAN_POINT('',(26.52,-0.34,1.5));
#2463 = VERTEX_POINT('',#2464);
#2464 = CARTESIAN_POINT('',(26.52,-0.25,1.5));
#2465 = LINE('',#2466,#2467);
#2466 = CARTESIAN_POINT('',(26.52,-0.35,1.5));
#2467 = VECTOR('',#2468,1.);
#2468 = DIRECTION('',(0.,1.,0.));
#2469 = ORIENTED_EDGE('',*,*,#2470,.T.);
#2470 = EDGE_CURVE('',#2461,#2471,#2473,.T.);
#2471 = VERTEX_POINT('',#2472);
#2472 = CARTESIAN_POINT('',(26.52,-0.34,0.66266028276));
#2473 = LINE('',#2474,#2475);
#2474 = CARTESIAN_POINT('',(26.52,-0.34,-2.425));
#2475 = VECTOR('',#2476,1.);
#2476 = DIRECTION('',(0.,2.22044604925E-16,-1.));
#2477 = ORIENTED_EDGE('',*,*,#2478,.F.);
#2478 = EDGE_CURVE('',#634,#2471,#2479,.T.);
#2479 = LINE('',#2480,#2481);
#2480 = CARTESIAN_POINT('',(26.52,-1.56,0.66266028276));
#2481 = VECTOR('',#2482,1.);
#2482 = DIRECTION('',(0.,1.,2.22044604925E-16));
#2483 = ORIENTED_EDGE('',*,*,#642,.F.);
#2484 = ORIENTED_EDGE('',*,*,#1618,.F.);
#2485 = ORIENTED_EDGE('',*,*,#2486,.T.);
#2486 = EDGE_CURVE('',#1611,#2487,#2489,.T.);
#2487 = VERTEX_POINT('',#2488);
#2488 = CARTESIAN_POINT('',(26.52,0.35,-5.8));
#2489 = LINE('',#2490,#2491);
#2490 = CARTESIAN_POINT('',(26.52,-0.35,-5.8));
#2491 = VECTOR('',#2492,1.);
#2492 = DIRECTION('',(0.,1.,0.));
#2493 = ORIENTED_EDGE('',*,*,#2494,.T.);
#2494 = EDGE_CURVE('',#2487,#2495,#2497,.T.);
#2495 = VERTEX_POINT('',#2496);
#2496 = CARTESIAN_POINT('',(26.52,0.35,0.9));
#2497 = LINE('',#2498,#2499);
#2498 = CARTESIAN_POINT('',(26.52,0.35,-6.));
#2499 = VECTOR('',#2500,1.);
#2500 = DIRECTION('',(0.,0.,1.));
#2501 = ORIENTED_EDGE('',*,*,#2502,.F.);
#2502 = EDGE_CURVE('',#2463,#2495,#2503,.T.);
#2503 = CIRCLE('',#2504,0.6);
#2504 = AXIS2_PLACEMENT_3D('',#2505,#2506,#2507);
#2505 = CARTESIAN_POINT('',(26.52,-0.25,0.9));
#2506 = DIRECTION('',(-1.,0.,0.));
#2507 = DIRECTION('',(0.,0.,1.));
#2508 = PLANE('',#2509);
#2509 = AXIS2_PLACEMENT_3D('',#2510,#2511,#2512);
#2510 = CARTESIAN_POINT('',(26.52,-0.35,-6.));
#2511 = DIRECTION('',(1.,0.,0.));
#2512 = DIRECTION('',(0.,0.,1.));
#2513 = ADVANCED_FACE('',(#2514),#2565,.T.);
#2514 = FACE_BOUND('',#2515,.T.);
#2515 = EDGE_LOOP('',(#2516,#2526,#2534,#2540,#2541,#2542,#2550,#2558));
#2516 = ORIENTED_EDGE('',*,*,#2517,.F.);
#2517 = EDGE_CURVE('',#2518,#2520,#2522,.T.);
#2518 = VERTEX_POINT('',#2519);
#2519 = CARTESIAN_POINT('',(27.22,-0.34,1.5));
#2520 = VERTEX_POINT('',#2521);
#2521 = CARTESIAN_POINT('',(27.22,-0.25,1.5));
#2522 = LINE('',#2523,#2524);
#2523 = CARTESIAN_POINT('',(27.22,-0.35,1.5));
#2524 = VECTOR('',#2525,1.);
#2525 = DIRECTION('',(0.,1.,0.));
#2526 = ORIENTED_EDGE('',*,*,#2527,.T.);
#2527 = EDGE_CURVE('',#2518,#2528,#2530,.T.);
#2528 = VERTEX_POINT('',#2529);
#2529 = CARTESIAN_POINT('',(27.22,-0.34,0.66266028276));
#2530 = LINE('',#2531,#2532);
#2531 = CARTESIAN_POINT('',(27.22,-0.34,-2.425));
#2532 = VECTOR('',#2533,1.);
#2533 = DIRECTION('',(0.,2.22044604925E-16,-1.));
#2534 = ORIENTED_EDGE('',*,*,#2535,.F.);
#2535 = EDGE_CURVE('',#617,#2528,#2536,.T.);
#2536 = LINE('',#2537,#2538);
#2537 = CARTESIAN_POINT('',(27.22,-1.56,0.66266028276));
#2538 = VECTOR('',#2539,1.);
#2539 = DIRECTION('',(0.,1.,2.22044604925E-16));
#2540 = ORIENTED_EDGE('',*,*,#616,.F.);
#2541 = ORIENTED_EDGE('',*,*,#1602,.F.);
#2542 = ORIENTED_EDGE('',*,*,#2543,.T.);
#2543 = EDGE_CURVE('',#1603,#2544,#2546,.T.);
#2544 = VERTEX_POINT('',#2545);
#2545 = CARTESIAN_POINT('',(27.22,0.35,-5.8));
#2546 = LINE('',#2547,#2548);
#2547 = CARTESIAN_POINT('',(27.22,-0.35,-5.8));
#2548 = VECTOR('',#2549,1.);
#2549 = DIRECTION('',(0.,1.,0.));
#2550 = ORIENTED_EDGE('',*,*,#2551,.T.);
#2551 = EDGE_CURVE('',#2544,#2552,#2554,.T.);
#2552 = VERTEX_POINT('',#2553);
#2553 = CARTESIAN_POINT('',(27.22,0.35,0.9));
#2554 = LINE('',#2555,#2556);
#2555 = CARTESIAN_POINT('',(27.22,0.35,-6.));
#2556 = VECTOR('',#2557,1.);
#2557 = DIRECTION('',(0.,0.,1.));
#2558 = ORIENTED_EDGE('',*,*,#2559,.F.);
#2559 = EDGE_CURVE('',#2520,#2552,#2560,.T.);
#2560 = CIRCLE('',#2561,0.6);
#2561 = AXIS2_PLACEMENT_3D('',#2562,#2563,#2564);
#2562 = CARTESIAN_POINT('',(27.22,-0.25,0.9));
#2563 = DIRECTION('',(-1.,0.,0.));
#2564 = DIRECTION('',(0.,0.,1.));
#2565 = PLANE('',#2566);
#2566 = AXIS2_PLACEMENT_3D('',#2567,#2568,#2569);
#2567 = CARTESIAN_POINT('',(27.22,-0.35,-6.));
#2568 = DIRECTION('',(1.,0.,0.));
#2569 = DIRECTION('',(0.,0.,1.));
#2570 = ADVANCED_FACE('',(#2571),#2596,.F.);
#2571 = FACE_BOUND('',#2572,.F.);
#2572 = EDGE_LOOP('',(#2573,#2581,#2582,#2590));
#2573 = ORIENTED_EDGE('',*,*,#2574,.F.);
#2574 = EDGE_CURVE('',#818,#2575,#2577,.T.);
#2575 = VERTEX_POINT('',#2576);
#2576 = CARTESIAN_POINT('',(-5.E-02,-0.34,3.));
#2577 = LINE('',#2578,#2579);
#2578 = CARTESIAN_POINT('',(-5.E-02,-1.56,3.));
#2579 = VECTOR('',#2580,1.);
#2580 = DIRECTION('',(0.,1.,0.));
#2581 = ORIENTED_EDGE('',*,*,#815,.F.);
#2582 = ORIENTED_EDGE('',*,*,#2583,.T.);
#2583 = EDGE_CURVE('',#816,#2584,#2586,.T.);
#2584 = VERTEX_POINT('',#2585);
#2585 = CARTESIAN_POINT('',(-5.E-02,-0.34,2.));
#2586 = LINE('',#2587,#2588);
#2587 = CARTESIAN_POINT('',(-5.E-02,-1.56,2.));
#2588 = VECTOR('',#2589,1.);
#2589 = DIRECTION('',(0.,1.,0.));
#2590 = ORIENTED_EDGE('',*,*,#2591,.T.);
#2591 = EDGE_CURVE('',#2584,#2575,#2592,.T.);
#2592 = LINE('',#2593,#2594);
#2593 = CARTESIAN_POINT('',(-5.E-02,-0.34,2.));
#2594 = VECTOR('',#2595,1.);
#2595 = DIRECTION('',(0.,0.,1.));
#2596 = PLANE('',#2597);
#2597 = AXIS2_PLACEMENT_3D('',#2598,#2599,#2600);
#2598 = CARTESIAN_POINT('',(-5.E-02,-1.56,2.));
#2599 = DIRECTION('',(1.,0.,0.));
#2600 = DIRECTION('',(0.,0.,1.));
#2601 = ADVANCED_FACE('',(#2602),#2620,.T.);
#2602 = FACE_BOUND('',#2603,.T.);
#2603 = EDGE_LOOP('',(#2604,#2605,#2606,#2614));
#2604 = ORIENTED_EDGE('',*,*,#2574,.F.);
#2605 = ORIENTED_EDGE('',*,*,#841,.F.);
#2606 = ORIENTED_EDGE('',*,*,#2607,.T.);
#2607 = EDGE_CURVE('',#834,#2608,#2610,.T.);
#2608 = VERTEX_POINT('',#2609);
#2609 = CARTESIAN_POINT('',(0.15,-0.34,3.));
#2610 = LINE('',#2611,#2612);
#2611 = CARTESIAN_POINT('',(0.15,-1.56,3.));
#2612 = VECTOR('',#2613,1.);
#2613 = DIRECTION('',(0.,1.,0.));
#2614 = ORIENTED_EDGE('',*,*,#2615,.F.);
#2615 = EDGE_CURVE('',#2575,#2608,#2616,.T.);
#2616 = LINE('',#2617,#2618);
#2617 = CARTESIAN_POINT('',(-5.E-02,-0.34,3.));
#2618 = VECTOR('',#2619,1.);
#2619 = DIRECTION('',(1.,0.,0.));
#2620 = PLANE('',#2621);
#2621 = AXIS2_PLACEMENT_3D('',#2622,#2623,#2624);
#2622 = CARTESIAN_POINT('',(-5.E-02,-1.56,3.));
#2623 = DIRECTION('',(0.,0.,1.));
#2624 = DIRECTION('',(1.,0.,0.));
#2625 = ADVANCED_FACE('',(#2626),#2644,.T.);
#2626 = FACE_BOUND('',#2627,.T.);
#2627 = EDGE_LOOP('',(#2628,#2629,#2630,#2638));
#2628 = ORIENTED_EDGE('',*,*,#2607,.F.);
#2629 = ORIENTED_EDGE('',*,*,#833,.F.);
#2630 = ORIENTED_EDGE('',*,*,#2631,.T.);
#2631 = EDGE_CURVE('',#826,#2632,#2634,.T.);
#2632 = VERTEX_POINT('',#2633);
#2633 = CARTESIAN_POINT('',(0.15,-0.34,2.));
#2634 = LINE('',#2635,#2636);
#2635 = CARTESIAN_POINT('',(0.15,-1.56,2.));
#2636 = VECTOR('',#2637,1.);
#2637 = DIRECTION('',(0.,1.,0.));
#2638 = ORIENTED_EDGE('',*,*,#2639,.T.);
#2639 = EDGE_CURVE('',#2632,#2608,#2640,.T.);
#2640 = LINE('',#2641,#2642);
#2641 = CARTESIAN_POINT('',(0.15,-0.34,2.));
#2642 = VECTOR('',#2643,1.);
#2643 = DIRECTION('',(0.,0.,1.));
#2644 = PLANE('',#2645);
#2645 = AXIS2_PLACEMENT_3D('',#2646,#2647,#2648);
#2646 = CARTESIAN_POINT('',(0.15,-1.56,2.));
#2647 = DIRECTION('',(1.,0.,0.));
#2648 = DIRECTION('',(0.,0.,1.));
#2649 = ADVANCED_FACE('',(#2650),#2661,.F.);
#2650 = FACE_BOUND('',#2651,.F.);
#2651 = EDGE_LOOP('',(#2652,#2653,#2654,#2655));
#2652 = ORIENTED_EDGE('',*,*,#2583,.F.);
#2653 = ORIENTED_EDGE('',*,*,#825,.F.);
#2654 = ORIENTED_EDGE('',*,*,#2631,.T.);
#2655 = ORIENTED_EDGE('',*,*,#2656,.F.);
#2656 = EDGE_CURVE('',#2584,#2632,#2657,.T.);
#2657 = LINE('',#2658,#2659);
#2658 = CARTESIAN_POINT('',(-5.E-02,-0.34,2.));
#2659 = VECTOR('',#2660,1.);
#2660 = DIRECTION('',(1.,0.,0.));
#2661 = PLANE('',#2662);
#2662 = AXIS2_PLACEMENT_3D('',#2663,#2664,#2665);
#2663 = CARTESIAN_POINT('',(-5.E-02,-1.56,2.));
#2664 = DIRECTION('',(0.,0.,1.));
#2665 = DIRECTION('',(1.,0.,0.));
#2666 = ADVANCED_FACE('',(#2667),#2703,.T.);
#2667 = FACE_BOUND('',#2668,.T.);
#2668 = EDGE_LOOP('',(#2669,#2677,#2686,#2695,#2701,#2702));
#2669 = ORIENTED_EDGE('',*,*,#2670,.T.);
#2670 = EDGE_CURVE('',#878,#2671,#2673,.T.);
#2671 = VERTEX_POINT('',#2672);
#2672 = CARTESIAN_POINT('',(7.2,-5.E-02,3.9));
#2673 = LINE('',#2674,#2675);
#2674 = CARTESIAN_POINT('',(7.2,-0.35,3.9));
#2675 = VECTOR('',#2676,1.);
#2676 = DIRECTION('',(0.,1.,0.));
#2677 = ORIENTED_EDGE('',*,*,#2678,.F.);
#2678 = EDGE_CURVE('',#2679,#2671,#2681,.T.);
#2679 = VERTEX_POINT('',#2680);
#2680 = CARTESIAN_POINT('',(9.4,-5.E-02,6.1));
#2681 = CIRCLE('',#2682,2.2);
#2682 = AXIS2_PLACEMENT_3D('',#2683,#2684,#2685);
#2683 = CARTESIAN_POINT('',(7.2,-5.E-02,6.1));
#2684 = DIRECTION('',(1.044140700782E-32,1.,3.937297302025E-18));
#2685 = DIRECTION('',(1.,-1.043929305645E-32,-5.369041775489E-19));
#2686 = ORIENTED_EDGE('',*,*,#2687,.F.);
#2687 = EDGE_CURVE('',#2688,#2679,#2690,.T.);
#2688 = VERTEX_POINT('',#2689);
#2689 = CARTESIAN_POINT('',(7.2,-5.E-02,8.3));
#2690 = CIRCLE('',#2691,2.2);
#2691 = AXIS2_PLACEMENT_3D('',#2692,#2693,#2694);
#2692 = CARTESIAN_POINT('',(7.2,-5.E-02,6.1));
#2693 = DIRECTION('',(1.044140700782E-32,1.,3.937297302025E-18));
#2694 = DIRECTION('',(-1.423828228339E-33,-3.937297302025E-18,1.));
#2695 = ORIENTED_EDGE('',*,*,#2696,.F.);
#2696 = EDGE_CURVE('',#850,#2688,#2697,.T.);
#2697 = LINE('',#2698,#2699);
#2698 = CARTESIAN_POINT('',(7.2,-0.35,8.3));
#2699 = VECTOR('',#2700,1.);
#2700 = DIRECTION('',(0.,1.,0.));
#2701 = ORIENTED_EDGE('',*,*,#849,.T.);
#2702 = ORIENTED_EDGE('',*,*,#885,.T.);
#2703 = CYLINDRICAL_SURFACE('',#2704,2.2);
#2704 = AXIS2_PLACEMENT_3D('',#2705,#2706,#2707);
#2705 = CARTESIAN_POINT('',(7.2,-0.35,6.1));
#2706 = DIRECTION('',(0.,1.,2.22044604925E-16));
#2707 = DIRECTION('',(1.,0.,0.));
#2708 = ADVANCED_FACE('',(#2709),#2727,.F.);
#2709 = FACE_BOUND('',#2710,.F.);
#2710 = EDGE_LOOP('',(#2711,#2719,#2720,#2721));
#2711 = ORIENTED_EDGE('',*,*,#2712,.F.);
#2712 = EDGE_CURVE('',#869,#2713,#2715,.T.);
#2713 = VERTEX_POINT('',#2714);
#2714 = CARTESIAN_POINT('',(0.8,-5.E-02,3.9));
#2715 = LINE('',#2716,#2717);
#2716 = CARTESIAN_POINT('',(0.8,-0.35,3.9));
#2717 = VECTOR('',#2718,1.);
#2718 = DIRECTION('',(0.,1.,0.));
#2719 = ORIENTED_EDGE('',*,*,#877,.T.);
#2720 = ORIENTED_EDGE('',*,*,#2670,.T.);
#2721 = ORIENTED_EDGE('',*,*,#2722,.T.);
#2722 = EDGE_CURVE('',#2671,#2713,#2723,.T.);
#2723 = LINE('',#2724,#2725);
#2724 = CARTESIAN_POINT('',(7.2,-5.E-02,3.9));
#2725 = VECTOR('',#2726,1.);
#2726 = DIRECTION('',(-1.,-0.,-0.));
#2727 = PLANE('',#2728);
#2728 = AXIS2_PLACEMENT_3D('',#2729,#2730,#2731);
#2729 = CARTESIAN_POINT('',(0.8,-0.35,3.9));
#2730 = DIRECTION('',(0.,0.,1.));
#2731 = DIRECTION('',(1.,0.,0.));
#2732 = ADVANCED_FACE('',(#2733),#2752,.T.);
#2733 = FACE_BOUND('',#2734,.T.);
#2734 = EDGE_LOOP('',(#2735,#2743,#2750,#2751));
#2735 = ORIENTED_EDGE('',*,*,#2736,.T.);
#2736 = EDGE_CURVE('',#861,#2737,#2739,.T.);
#2737 = VERTEX_POINT('',#2738);
#2738 = CARTESIAN_POINT('',(0.8,-5.E-02,8.3));
#2739 = LINE('',#2740,#2741);
#2740 = CARTESIAN_POINT('',(0.8,-0.35,8.3));
#2741 = VECTOR('',#2742,1.);
#2742 = DIRECTION('',(0.,1.,0.));
#2743 = ORIENTED_EDGE('',*,*,#2744,.F.);
#2744 = EDGE_CURVE('',#2713,#2737,#2745,.T.);
#2745 = CIRCLE('',#2746,2.2);
#2746 = AXIS2_PLACEMENT_3D('',#2747,#2748,#2749);
#2747 = CARTESIAN_POINT('',(0.8,-5.E-02,6.1));
#2748 = DIRECTION('',(1.044140700782E-32,1.,3.937297302025E-18));
#2749 = DIRECTION('',(1.513940488125E-16,3.937297302025E-18,-1.));
#2750 = ORIENTED_EDGE('',*,*,#2712,.F.);
#2751 = ORIENTED_EDGE('',*,*,#868,.T.);
#2752 = CYLINDRICAL_SURFACE('',#2753,2.2);
#2753 = AXIS2_PLACEMENT_3D('',#2754,#2755,#2756);
#2754 = CARTESIAN_POINT('',(0.8,-0.35,6.1));
#2755 = DIRECTION('',(0.,1.,-2.22044604925E-16));
#2756 = DIRECTION('',(1.,0.,0.));
#2757 = ADVANCED_FACE('',(#2758),#2769,.T.);
#2758 = FACE_BOUND('',#2759,.T.);
#2759 = EDGE_LOOP('',(#2760,#2761,#2762,#2763));
#2760 = ORIENTED_EDGE('',*,*,#2736,.F.);
#2761 = ORIENTED_EDGE('',*,*,#860,.T.);
#2762 = ORIENTED_EDGE('',*,*,#2696,.T.);
#2763 = ORIENTED_EDGE('',*,*,#2764,.F.);
#2764 = EDGE_CURVE('',#2737,#2688,#2765,.T.);
#2765 = LINE('',#2766,#2767);
#2766 = CARTESIAN_POINT('',(0.8,-5.E-02,8.3));
#2767 = VECTOR('',#2768,1.);
#2768 = DIRECTION('',(1.,0.,0.));
#2769 = PLANE('',#2770);
#2770 = AXIS2_PLACEMENT_3D('',#2771,#2772,#2773);
#2771 = CARTESIAN_POINT('',(0.8,-0.35,8.3));
#2772 = DIRECTION('',(0.,0.,1.));
#2773 = DIRECTION('',(1.,0.,0.));
#2774 = ADVANCED_FACE('',(#2775),#2800,.F.);
#2775 = FACE_BOUND('',#2776,.F.);
#2776 = EDGE_LOOP('',(#2777,#2778,#2786,#2794));
#2777 = ORIENTED_EDGE('',*,*,#894,.F.);
#2778 = ORIENTED_EDGE('',*,*,#2779,.T.);
#2779 = EDGE_CURVE('',#895,#2780,#2782,.T.);
#2780 = VERTEX_POINT('',#2781);
#2781 = CARTESIAN_POINT('',(15.19,-5.E-02,1.5));
#2782 = LINE('',#2783,#2784);
#2783 = CARTESIAN_POINT('',(15.19,-0.35,1.5));
#2784 = VECTOR('',#2785,1.);
#2785 = DIRECTION('',(0.,1.,0.));
#2786 = ORIENTED_EDGE('',*,*,#2787,.T.);
#2787 = EDGE_CURVE('',#2780,#2788,#2790,.T.);
#2788 = VERTEX_POINT('',#2789);
#2789 = CARTESIAN_POINT('',(15.19,-5.E-02,2.5));
#2790 = LINE('',#2791,#2792);
#2791 = CARTESIAN_POINT('',(15.19,-5.E-02,1.5));
#2792 = VECTOR('',#2793,1.);
#2793 = DIRECTION('',(0.,0.,1.));
#2794 = ORIENTED_EDGE('',*,*,#2795,.T.);
#2795 = EDGE_CURVE('',#2788,#897,#2796,.T.);
#2796 = LINE('',#2797,#2798);
#2797 = CARTESIAN_POINT('',(15.19,-0.35,2.5));
#2798 = VECTOR('',#2799,1.);
#2799 = DIRECTION('',(0.,-1.,0.));
#2800 = PLANE('',#2801);
#2801 = AXIS2_PLACEMENT_3D('',#2802,#2803,#2804);
#2802 = CARTESIAN_POINT('',(15.19,-0.35,1.5));
#2803 = DIRECTION('',(1.,0.,0.));
#2804 = DIRECTION('',(0.,0.,1.));
#2805 = ADVANCED_FACE('',(#2806),#3008,.F.);
#2806 = FACE_BOUND('',#2807,.F.);
#2807 = EDGE_LOOP('',(#2808,#2818,#2824,#2825,#2833,#2841,#2847,#2848,
    #2856,#2864,#2870,#2871,#2872,#2880,#2886,#2887,#2895,#2903,#2909,
    #2910,#2918,#2926,#2932,#2933,#2941,#2949,#2955,#2956,#2964,#2972,
    #2978,#2979,#2987,#2995,#3001,#3002));
#2808 = ORIENTED_EDGE('',*,*,#2809,.F.);
#2809 = EDGE_CURVE('',#2810,#2812,#2814,.T.);
#2810 = VERTEX_POINT('',#2811);
#2811 = CARTESIAN_POINT('',(12.3,1.15,2.5));
#2812 = VERTEX_POINT('',#2813);
#2813 = CARTESIAN_POINT('',(22.3,1.15,2.5));
#2814 = LINE('',#2815,#2816);
#2815 = CARTESIAN_POINT('',(12.3,1.15,2.5));
#2816 = VECTOR('',#2817,1.);
#2817 = DIRECTION('',(1.,0.,0.));
#2818 = ORIENTED_EDGE('',*,*,#2819,.F.);
#2819 = EDGE_CURVE('',#1361,#2810,#2820,.T.);
#2820 = LINE('',#2821,#2822);
#2821 = CARTESIAN_POINT('',(12.3,-0.35,2.5));
#2822 = VECTOR('',#2823,1.);
#2823 = DIRECTION('',(0.,1.,0.));
#2824 = ORIENTED_EDGE('',*,*,#1368,.T.);
#2825 = ORIENTED_EDGE('',*,*,#2826,.F.);
#2826 = EDGE_CURVE('',#2827,#1369,#2829,.T.);
#2827 = VERTEX_POINT('',#2828);
#2828 = CARTESIAN_POINT('',(12.655,-5.E-02,2.5));
#2829 = LINE('',#2830,#2831);
#2830 = CARTESIAN_POINT('',(12.655,-0.35,2.5));
#2831 = VECTOR('',#2832,1.);
#2832 = DIRECTION('',(0.,-1.,0.));
#2833 = ORIENTED_EDGE('',*,*,#2834,.T.);
#2834 = EDGE_CURVE('',#2827,#2835,#2837,.T.);
#2835 = VERTEX_POINT('',#2836);
#2836 = CARTESIAN_POINT('',(13.055,-5.E-02,2.5));
#2837 = LINE('',#2838,#2839);
#2838 = CARTESIAN_POINT('',(12.4775,-5.E-02,2.5));
#2839 = VECTOR('',#2840,1.);
#2840 = DIRECTION('',(1.,0.,0.));
#2841 = ORIENTED_EDGE('',*,*,#2842,.T.);
#2842 = EDGE_CURVE('',#2835,#1393,#2843,.T.);
#2843 = LINE('',#2844,#2845);
#2844 = CARTESIAN_POINT('',(13.055,-0.35,2.5));
#2845 = VECTOR('',#2846,1.);
#2846 = DIRECTION('',(0.,-1.,0.));
#2847 = ORIENTED_EDGE('',*,*,#1400,.T.);
#2848 = ORIENTED_EDGE('',*,*,#2849,.F.);
#2849 = EDGE_CURVE('',#2850,#1401,#2852,.T.);
#2850 = VERTEX_POINT('',#2851);
#2851 = CARTESIAN_POINT('',(13.92,-5.E-02,2.5));
#2852 = LINE('',#2853,#2854);
#2853 = CARTESIAN_POINT('',(13.92,-0.35,2.5));
#2854 = VECTOR('',#2855,1.);
#2855 = DIRECTION('',(0.,-1.,0.));
#2856 = ORIENTED_EDGE('',*,*,#2857,.T.);
#2857 = EDGE_CURVE('',#2850,#2858,#2860,.T.);
#2858 = VERTEX_POINT('',#2859);
#2859 = CARTESIAN_POINT('',(14.32,-5.E-02,2.5));
#2860 = LINE('',#2861,#2862);
#2861 = CARTESIAN_POINT('',(13.11,-5.E-02,2.5));
#2862 = VECTOR('',#2863,1.);
#2863 = DIRECTION('',(1.,0.,0.));
#2864 = ORIENTED_EDGE('',*,*,#2865,.T.);
#2865 = EDGE_CURVE('',#2858,#1425,#2866,.T.);
#2866 = LINE('',#2867,#2868);
#2867 = CARTESIAN_POINT('',(14.32,-0.35,2.5));
#2868 = VECTOR('',#2869,1.);
#2869 = DIRECTION('',(0.,-1.,0.));
#2870 = ORIENTED_EDGE('',*,*,#1432,.T.);
#2871 = ORIENTED_EDGE('',*,*,#2795,.F.);
#2872 = ORIENTED_EDGE('',*,*,#2873,.T.);
#2873 = EDGE_CURVE('',#2788,#2874,#2876,.T.);
#2874 = VERTEX_POINT('',#2875);
#2875 = CARTESIAN_POINT('',(15.59,-5.E-02,2.5));
#2876 = LINE('',#2877,#2878);
#2877 = CARTESIAN_POINT('',(13.745,-5.E-02,2.5));
#2878 = VECTOR('',#2879,1.);
#2879 = DIRECTION('',(1.,0.,0.));
#2880 = ORIENTED_EDGE('',*,*,#2881,.T.);
#2881 = EDGE_CURVE('',#2874,#913,#2882,.T.);
#2882 = LINE('',#2883,#2884);
#2883 = CARTESIAN_POINT('',(15.59,-0.35,2.5));
#2884 = VECTOR('',#2885,1.);
#2885 = DIRECTION('',(0.,-1.,0.));
#2886 = ORIENTED_EDGE('',*,*,#920,.T.);
#2887 = ORIENTED_EDGE('',*,*,#2888,.T.);
#2888 = EDGE_CURVE('',#921,#2889,#2891,.T.);
#2889 = VERTEX_POINT('',#2890);
#2890 = CARTESIAN_POINT('',(16.46,-5.E-02,2.5));
#2891 = LINE('',#2892,#2893);
#2892 = CARTESIAN_POINT('',(16.46,-0.35,2.5));
#2893 = VECTOR('',#2894,1.);
#2894 = DIRECTION('',(0.,1.,0.));
#2895 = ORIENTED_EDGE('',*,*,#2896,.F.);
#2896 = EDGE_CURVE('',#2897,#2889,#2899,.T.);
#2897 = VERTEX_POINT('',#2898);
#2898 = CARTESIAN_POINT('',(16.86,-5.E-02,2.5));
#2899 = LINE('',#2900,#2901);
#2900 = CARTESIAN_POINT('',(14.38,-5.E-02,2.5));
#2901 = VECTOR('',#2902,1.);
#2902 = DIRECTION('',(-1.,0.,0.));
#2903 = ORIENTED_EDGE('',*,*,#2904,.F.);
#2904 = EDGE_CURVE('',#945,#2897,#2905,.T.);
#2905 = LINE('',#2906,#2907);
#2906 = CARTESIAN_POINT('',(16.86,-0.35,2.5));
#2907 = VECTOR('',#2908,1.);
#2908 = DIRECTION('',(0.,1.,0.));
#2909 = ORIENTED_EDGE('',*,*,#952,.T.);
#2910 = ORIENTED_EDGE('',*,*,#2911,.F.);
#2911 = EDGE_CURVE('',#2912,#953,#2914,.T.);
#2912 = VERTEX_POINT('',#2913);
#2913 = CARTESIAN_POINT('',(17.73,-5.E-02,2.5));
#2914 = LINE('',#2915,#2916);
#2915 = CARTESIAN_POINT('',(17.73,-0.35,2.5));
#2916 = VECTOR('',#2917,1.);
#2917 = DIRECTION('',(0.,-1.,0.));
#2918 = ORIENTED_EDGE('',*,*,#2919,.T.);
#2919 = EDGE_CURVE('',#2912,#2920,#2922,.T.);
#2920 = VERTEX_POINT('',#2921);
#2921 = CARTESIAN_POINT('',(18.13,-5.E-02,2.5));
#2922 = LINE('',#2923,#2924);
#2923 = CARTESIAN_POINT('',(15.015,-5.E-02,2.5));
#2924 = VECTOR('',#2925,1.);
#2925 = DIRECTION('',(1.,0.,0.));
#2926 = ORIENTED_EDGE('',*,*,#2927,.T.);
#2927 = EDGE_CURVE('',#2920,#977,#2928,.T.);
#2928 = LINE('',#2929,#2930);
#2929 = CARTESIAN_POINT('',(18.13,-0.35,2.5));
#2930 = VECTOR('',#2931,1.);
#2931 = DIRECTION('',(0.,-1.,0.));
#2932 = ORIENTED_EDGE('',*,*,#984,.T.);
#2933 = ORIENTED_EDGE('',*,*,#2934,.F.);
#2934 = EDGE_CURVE('',#2935,#985,#2937,.T.);
#2935 = VERTEX_POINT('',#2936);
#2936 = CARTESIAN_POINT('',(19.,-5.E-02,2.5));
#2937 = LINE('',#2938,#2939);
#2938 = CARTESIAN_POINT('',(19.,-0.35,2.5));
#2939 = VECTOR('',#2940,1.);
#2940 = DIRECTION('',(0.,-1.,0.));
#2941 = ORIENTED_EDGE('',*,*,#2942,.T.);
#2942 = EDGE_CURVE('',#2935,#2943,#2945,.T.);
#2943 = VERTEX_POINT('',#2944);
#2944 = CARTESIAN_POINT('',(19.4,-5.E-02,2.5));
#2945 = LINE('',#2946,#2947);
#2946 = CARTESIAN_POINT('',(15.65,-5.E-02,2.5));
#2947 = VECTOR('',#2948,1.);
#2948 = DIRECTION('',(1.,0.,0.));
#2949 = ORIENTED_EDGE('',*,*,#2950,.T.);
#2950 = EDGE_CURVE('',#2943,#1009,#2951,.T.);
#2951 = LINE('',#2952,#2953);
#2952 = CARTESIAN_POINT('',(19.4,-0.35,2.5));
#2953 = VECTOR('',#2954,1.);
#2954 = DIRECTION('',(0.,-1.,0.));
#2955 = ORIENTED_EDGE('',*,*,#1016,.T.);
#2956 = ORIENTED_EDGE('',*,*,#2957,.T.);
#2957 = EDGE_CURVE('',#1017,#2958,#2960,.T.);
#2958 = VERTEX_POINT('',#2959);
#2959 = CARTESIAN_POINT('',(20.27,-5.E-02,2.5));
#2960 = LINE('',#2961,#2962);
#2961 = CARTESIAN_POINT('',(20.27,-0.35,2.5));
#2962 = VECTOR('',#2963,1.);
#2963 = DIRECTION('',(0.,1.,0.));
#2964 = ORIENTED_EDGE('',*,*,#2965,.F.);
#2965 = EDGE_CURVE('',#2966,#2958,#2968,.T.);
#2966 = VERTEX_POINT('',#2967);
#2967 = CARTESIAN_POINT('',(20.67,-5.E-02,2.5));
#2968 = LINE('',#2969,#2970);
#2969 = CARTESIAN_POINT('',(16.285,-5.E-02,2.5));
#2970 = VECTOR('',#2971,1.);
#2971 = DIRECTION('',(-1.,0.,0.));
#2972 = ORIENTED_EDGE('',*,*,#2973,.F.);
#2973 = EDGE_CURVE('',#1041,#2966,#2974,.T.);
#2974 = LINE('',#2975,#2976);
#2975 = CARTESIAN_POINT('',(20.67,-0.35,2.5));
#2976 = VECTOR('',#2977,1.);
#2977 = DIRECTION('',(0.,1.,0.));
#2978 = ORIENTED_EDGE('',*,*,#1048,.T.);
#2979 = ORIENTED_EDGE('',*,*,#2980,.T.);
#2980 = EDGE_CURVE('',#1049,#2981,#2983,.T.);
#2981 = VERTEX_POINT('',#2982);
#2982 = CARTESIAN_POINT('',(21.54,-5.E-02,2.5));
#2983 = LINE('',#2984,#2985);
#2984 = CARTESIAN_POINT('',(21.54,-0.35,2.5));
#2985 = VECTOR('',#2986,1.);
#2986 = DIRECTION('',(0.,1.,0.));
#2987 = ORIENTED_EDGE('',*,*,#2988,.F.);
#2988 = EDGE_CURVE('',#2989,#2981,#2991,.T.);
#2989 = VERTEX_POINT('',#2990);
#2990 = CARTESIAN_POINT('',(21.94,-5.E-02,2.5));
#2991 = LINE('',#2992,#2993);
#2992 = CARTESIAN_POINT('',(16.92,-5.E-02,2.5));
#2993 = VECTOR('',#2994,1.);
#2994 = DIRECTION('',(-1.,0.,0.));
#2995 = ORIENTED_EDGE('',*,*,#2996,.F.);
#2996 = EDGE_CURVE('',#1073,#2989,#2997,.T.);
#2997 = LINE('',#2998,#2999);
#2998 = CARTESIAN_POINT('',(21.94,-0.35,2.5));
#2999 = VECTOR('',#3000,1.);
#3000 = DIRECTION('',(0.,1.,0.));
#3001 = ORIENTED_EDGE('',*,*,#1080,.T.);
#3002 = ORIENTED_EDGE('',*,*,#3003,.T.);
#3003 = EDGE_CURVE('',#1081,#2812,#3004,.T.);
#3004 = LINE('',#3005,#3006);
#3005 = CARTESIAN_POINT('',(22.3,-0.35,2.5));
#3006 = VECTOR('',#3007,1.);
#3007 = DIRECTION('',(0.,1.,0.));
#3008 = PLANE('',#3009);
#3009 = AXIS2_PLACEMENT_3D('',#3010,#3011,#3012);
#3010 = CARTESIAN_POINT('',(12.3,-0.35,2.5));
#3011 = DIRECTION('',(0.,0.,1.));
#3012 = DIRECTION('',(1.,0.,0.));
#3013 = ADVANCED_FACE('',(#3014),#3032,.T.);
#3014 = FACE_BOUND('',#3015,.T.);
#3015 = EDGE_LOOP('',(#3016,#3017,#3025,#3031));
#3016 = ORIENTED_EDGE('',*,*,#1424,.F.);
#3017 = ORIENTED_EDGE('',*,*,#3018,.T.);
#3018 = EDGE_CURVE('',#1417,#3019,#3021,.T.);
#3019 = VERTEX_POINT('',#3020);
#3020 = CARTESIAN_POINT('',(14.32,-5.E-02,1.5));
#3021 = LINE('',#3022,#3023);
#3022 = CARTESIAN_POINT('',(14.32,-0.35,1.5));
#3023 = VECTOR('',#3024,1.);
#3024 = DIRECTION('',(0.,1.,0.));
#3025 = ORIENTED_EDGE('',*,*,#3026,.T.);
#3026 = EDGE_CURVE('',#3019,#2858,#3027,.T.);
#3027 = LINE('',#3028,#3029);
#3028 = CARTESIAN_POINT('',(14.32,-5.E-02,1.5));
#3029 = VECTOR('',#3030,1.);
#3030 = DIRECTION('',(0.,0.,1.));
#3031 = ORIENTED_EDGE('',*,*,#2865,.T.);
#3032 = PLANE('',#3033);
#3033 = AXIS2_PLACEMENT_3D('',#3034,#3035,#3036);
#3034 = CARTESIAN_POINT('',(14.32,-0.35,1.5));
#3035 = DIRECTION('',(1.,0.,0.));
#3036 = DIRECTION('',(0.,0.,1.));
#3037 = ADVANCED_FACE('',(#3038),#3056,.F.);
#3038 = FACE_BOUND('',#3039,.F.);
#3039 = EDGE_LOOP('',(#3040,#3048,#3049,#3050));
#3040 = ORIENTED_EDGE('',*,*,#3041,.F.);
#3041 = EDGE_CURVE('',#1409,#3042,#3044,.T.);
#3042 = VERTEX_POINT('',#3043);
#3043 = CARTESIAN_POINT('',(13.92,-5.E-02,1.5));
#3044 = LINE('',#3045,#3046);
#3045 = CARTESIAN_POINT('',(13.92,-0.35,1.5));
#3046 = VECTOR('',#3047,1.);
#3047 = DIRECTION('',(0.,1.,0.));
#3048 = ORIENTED_EDGE('',*,*,#1416,.T.);
#3049 = ORIENTED_EDGE('',*,*,#3018,.T.);
#3050 = ORIENTED_EDGE('',*,*,#3051,.F.);
#3051 = EDGE_CURVE('',#3042,#3019,#3052,.T.);
#3052 = LINE('',#3053,#3054);
#3053 = CARTESIAN_POINT('',(13.92,-5.E-02,1.5));
#3054 = VECTOR('',#3055,1.);
#3055 = DIRECTION('',(1.,0.,0.));
#3056 = PLANE('',#3057);
#3057 = AXIS2_PLACEMENT_3D('',#3058,#3059,#3060);
#3058 = CARTESIAN_POINT('',(13.92,-0.35,1.5));
#3059 = DIRECTION('',(0.,0.,1.));
#3060 = DIRECTION('',(1.,0.,0.));
#3061 = ADVANCED_FACE('',(#3062),#3073,.F.);
#3062 = FACE_BOUND('',#3063,.F.);
#3063 = EDGE_LOOP('',(#3064,#3065,#3066,#3072));
#3064 = ORIENTED_EDGE('',*,*,#1408,.F.);
#3065 = ORIENTED_EDGE('',*,*,#3041,.T.);
#3066 = ORIENTED_EDGE('',*,*,#3067,.T.);
#3067 = EDGE_CURVE('',#3042,#2850,#3068,.T.);
#3068 = LINE('',#3069,#3070);
#3069 = CARTESIAN_POINT('',(13.92,-5.E-02,1.5));
#3070 = VECTOR('',#3071,1.);
#3071 = DIRECTION('',(0.,0.,1.));
#3072 = ORIENTED_EDGE('',*,*,#2849,.T.);
#3073 = PLANE('',#3074);
#3074 = AXIS2_PLACEMENT_3D('',#3075,#3076,#3077);
#3075 = CARTESIAN_POINT('',(13.92,-0.35,1.5));
#3076 = DIRECTION('',(1.,0.,0.));
#3077 = DIRECTION('',(0.,0.,1.));
#3078 = ADVANCED_FACE('',(#3079),#3097,.T.);
#3079 = FACE_BOUND('',#3080,.T.);
#3080 = EDGE_LOOP('',(#3081,#3082,#3090,#3096));
#3081 = ORIENTED_EDGE('',*,*,#1392,.F.);
#3082 = ORIENTED_EDGE('',*,*,#3083,.T.);
#3083 = EDGE_CURVE('',#1385,#3084,#3086,.T.);
#3084 = VERTEX_POINT('',#3085);
#3085 = CARTESIAN_POINT('',(13.055,-5.E-02,1.5));
#3086 = LINE('',#3087,#3088);
#3087 = CARTESIAN_POINT('',(13.055,-0.35,1.5));
#3088 = VECTOR('',#3089,1.);
#3089 = DIRECTION('',(0.,1.,0.));
#3090 = ORIENTED_EDGE('',*,*,#3091,.T.);
#3091 = EDGE_CURVE('',#3084,#2835,#3092,.T.);
#3092 = LINE('',#3093,#3094);
#3093 = CARTESIAN_POINT('',(13.055,-5.E-02,1.5));
#3094 = VECTOR('',#3095,1.);
#3095 = DIRECTION('',(0.,0.,1.));
#3096 = ORIENTED_EDGE('',*,*,#2842,.T.);
#3097 = PLANE('',#3098);
#3098 = AXIS2_PLACEMENT_3D('',#3099,#3100,#3101);
#3099 = CARTESIAN_POINT('',(13.055,-0.35,1.5));
#3100 = DIRECTION('',(1.,0.,0.));
#3101 = DIRECTION('',(0.,0.,1.));
#3102 = ADVANCED_FACE('',(#3103),#3121,.F.);
#3103 = FACE_BOUND('',#3104,.F.);
#3104 = EDGE_LOOP('',(#3105,#3113,#3114,#3115));
#3105 = ORIENTED_EDGE('',*,*,#3106,.F.);
#3106 = EDGE_CURVE('',#1377,#3107,#3109,.T.);
#3107 = VERTEX_POINT('',#3108);
#3108 = CARTESIAN_POINT('',(12.655,-5.E-02,1.5));
#3109 = LINE('',#3110,#3111);
#3110 = CARTESIAN_POINT('',(12.655,-0.35,1.5));
#3111 = VECTOR('',#3112,1.);
#3112 = DIRECTION('',(0.,1.,0.));
#3113 = ORIENTED_EDGE('',*,*,#1384,.T.);
#3114 = ORIENTED_EDGE('',*,*,#3083,.T.);
#3115 = ORIENTED_EDGE('',*,*,#3116,.F.);
#3116 = EDGE_CURVE('',#3107,#3084,#3117,.T.);
#3117 = LINE('',#3118,#3119);
#3118 = CARTESIAN_POINT('',(12.655,-5.E-02,1.5));
#3119 = VECTOR('',#3120,1.);
#3120 = DIRECTION('',(1.,0.,0.));
#3121 = PLANE('',#3122);
#3122 = AXIS2_PLACEMENT_3D('',#3123,#3124,#3125);
#3123 = CARTESIAN_POINT('',(12.655,-0.35,1.5));
#3124 = DIRECTION('',(0.,0.,1.));
#3125 = DIRECTION('',(1.,0.,0.));
#3126 = ADVANCED_FACE('',(#3127),#3138,.F.);
#3127 = FACE_BOUND('',#3128,.F.);
#3128 = EDGE_LOOP('',(#3129,#3130,#3131,#3137));
#3129 = ORIENTED_EDGE('',*,*,#1376,.F.);
#3130 = ORIENTED_EDGE('',*,*,#3106,.T.);
#3131 = ORIENTED_EDGE('',*,*,#3132,.T.);
#3132 = EDGE_CURVE('',#3107,#2827,#3133,.T.);
#3133 = LINE('',#3134,#3135);
#3134 = CARTESIAN_POINT('',(12.655,-5.E-02,1.5));
#3135 = VECTOR('',#3136,1.);
#3136 = DIRECTION('',(0.,0.,1.));
#3137 = ORIENTED_EDGE('',*,*,#2826,.T.);
#3138 = PLANE('',#3139);
#3139 = AXIS2_PLACEMENT_3D('',#3140,#3141,#3142);
#3140 = CARTESIAN_POINT('',(12.655,-0.35,1.5));
#3141 = DIRECTION('',(1.,0.,0.));
#3142 = DIRECTION('',(0.,0.,1.));
#3143 = ADVANCED_FACE('',(#3144),#3162,.F.);
#3144 = FACE_BOUND('',#3145,.F.);
#3145 = EDGE_LOOP('',(#3146,#3147,#3148,#3156));
#3146 = ORIENTED_EDGE('',*,*,#1360,.F.);
#3147 = ORIENTED_EDGE('',*,*,#2819,.T.);
#3148 = ORIENTED_EDGE('',*,*,#3149,.T.);
#3149 = EDGE_CURVE('',#2810,#3150,#3152,.T.);
#3150 = VERTEX_POINT('',#3151);
#3151 = CARTESIAN_POINT('',(12.3,1.15,6.3));
#3152 = LINE('',#3153,#3154);
#3153 = CARTESIAN_POINT('',(12.3,1.15,2.5));
#3154 = VECTOR('',#3155,1.);
#3155 = DIRECTION('',(0.,0.,1.));
#3156 = ORIENTED_EDGE('',*,*,#3157,.F.);
#3157 = EDGE_CURVE('',#1353,#3150,#3158,.T.);
#3158 = LINE('',#3159,#3160);
#3159 = CARTESIAN_POINT('',(12.3,-0.35,6.3));
#3160 = VECTOR('',#3161,1.);
#3161 = DIRECTION('',(0.,1.,0.));
#3162 = PLANE('',#3163);
#3163 = AXIS2_PLACEMENT_3D('',#3164,#3165,#3166);
#3164 = CARTESIAN_POINT('',(12.3,-0.35,2.5));
#3165 = DIRECTION('',(1.,0.,0.));
#3166 = DIRECTION('',(0.,0.,1.));
#3167 = ADVANCED_FACE('',(#3168),#3370,.T.);
#3168 = FACE_BOUND('',#3169,.T.);
#3169 = EDGE_LOOP('',(#3170,#3178,#3179,#3180,#3188,#3196,#3202,#3203,
    #3211,#3219,#3225,#3226,#3234,#3242,#3248,#3249,#3257,#3265,#3271,
    #3272,#3280,#3288,#3294,#3295,#3303,#3311,#3317,#3318,#3326,#3334,
    #3340,#3341,#3349,#3357,#3363,#3364));
#3170 = ORIENTED_EDGE('',*,*,#3171,.F.);
#3171 = EDGE_CURVE('',#3150,#3172,#3174,.T.);
#3172 = VERTEX_POINT('',#3173);
#3173 = CARTESIAN_POINT('',(22.3,1.15,6.3));
#3174 = LINE('',#3175,#3176);
#3175 = CARTESIAN_POINT('',(12.3,1.15,6.3));
#3176 = VECTOR('',#3177,1.);
#3177 = DIRECTION('',(1.,0.,0.));
#3178 = ORIENTED_EDGE('',*,*,#3157,.F.);
#3179 = ORIENTED_EDGE('',*,*,#1352,.T.);
#3180 = ORIENTED_EDGE('',*,*,#3181,.F.);
#3181 = EDGE_CURVE('',#3182,#1345,#3184,.T.);
#3182 = VERTEX_POINT('',#3183);
#3183 = CARTESIAN_POINT('',(12.655,-5.E-02,6.3));
#3184 = LINE('',#3185,#3186);
#3185 = CARTESIAN_POINT('',(12.655,-0.35,6.3));
#3186 = VECTOR('',#3187,1.);
#3187 = DIRECTION('',(0.,-1.,0.));
#3188 = ORIENTED_EDGE('',*,*,#3189,.T.);
#3189 = EDGE_CURVE('',#3182,#3190,#3192,.T.);
#3190 = VERTEX_POINT('',#3191);
#3191 = CARTESIAN_POINT('',(13.055,-5.E-02,6.3));
#3192 = LINE('',#3193,#3194);
#3193 = CARTESIAN_POINT('',(12.4775,-5.E-02,6.3));
#3194 = VECTOR('',#3195,1.);
#3195 = DIRECTION('',(1.,0.,0.));
#3196 = ORIENTED_EDGE('',*,*,#3197,.T.);
#3197 = EDGE_CURVE('',#3190,#1321,#3198,.T.);
#3198 = LINE('',#3199,#3200);
#3199 = CARTESIAN_POINT('',(13.055,-0.35,6.3));
#3200 = VECTOR('',#3201,1.);
#3201 = DIRECTION('',(0.,-1.,0.));
#3202 = ORIENTED_EDGE('',*,*,#1320,.T.);
#3203 = ORIENTED_EDGE('',*,*,#3204,.F.);
#3204 = EDGE_CURVE('',#3205,#1313,#3207,.T.);
#3205 = VERTEX_POINT('',#3206);
#3206 = CARTESIAN_POINT('',(13.92,-5.E-02,6.3));
#3207 = LINE('',#3208,#3209);
#3208 = CARTESIAN_POINT('',(13.92,-0.35,6.3));
#3209 = VECTOR('',#3210,1.);
#3210 = DIRECTION('',(0.,-1.,0.));
#3211 = ORIENTED_EDGE('',*,*,#3212,.T.);
#3212 = EDGE_CURVE('',#3205,#3213,#3215,.T.);
#3213 = VERTEX_POINT('',#3214);
#3214 = CARTESIAN_POINT('',(14.32,-5.E-02,6.3));
#3215 = LINE('',#3216,#3217);
#3216 = CARTESIAN_POINT('',(13.11,-5.E-02,6.3));
#3217 = VECTOR('',#3218,1.);
#3218 = DIRECTION('',(1.,0.,0.));
#3219 = ORIENTED_EDGE('',*,*,#3220,.T.);
#3220 = EDGE_CURVE('',#3213,#1289,#3221,.T.);
#3221 = LINE('',#3222,#3223);
#3222 = CARTESIAN_POINT('',(14.32,-0.35,6.3));
#3223 = VECTOR('',#3224,1.);
#3224 = DIRECTION('',(0.,-1.,0.));
#3225 = ORIENTED_EDGE('',*,*,#1288,.T.);
#3226 = ORIENTED_EDGE('',*,*,#3227,.F.);
#3227 = EDGE_CURVE('',#3228,#1281,#3230,.T.);
#3228 = VERTEX_POINT('',#3229);
#3229 = CARTESIAN_POINT('',(15.19,-5.E-02,6.3));
#3230 = LINE('',#3231,#3232);
#3231 = CARTESIAN_POINT('',(15.19,-0.35,6.3));
#3232 = VECTOR('',#3233,1.);
#3233 = DIRECTION('',(0.,-1.,0.));
#3234 = ORIENTED_EDGE('',*,*,#3235,.T.);
#3235 = EDGE_CURVE('',#3228,#3236,#3238,.T.);
#3236 = VERTEX_POINT('',#3237);
#3237 = CARTESIAN_POINT('',(15.59,-5.E-02,6.3));
#3238 = LINE('',#3239,#3240);
#3239 = CARTESIAN_POINT('',(13.745,-5.E-02,6.3));
#3240 = VECTOR('',#3241,1.);
#3241 = DIRECTION('',(1.,0.,0.));
#3242 = ORIENTED_EDGE('',*,*,#3243,.T.);
#3243 = EDGE_CURVE('',#3236,#1257,#3244,.T.);
#3244 = LINE('',#3245,#3246);
#3245 = CARTESIAN_POINT('',(15.59,-0.35,6.3));
#3246 = VECTOR('',#3247,1.);
#3247 = DIRECTION('',(0.,-1.,0.));
#3248 = ORIENTED_EDGE('',*,*,#1256,.T.);
#3249 = ORIENTED_EDGE('',*,*,#3250,.T.);
#3250 = EDGE_CURVE('',#1249,#3251,#3253,.T.);
#3251 = VERTEX_POINT('',#3252);
#3252 = CARTESIAN_POINT('',(16.46,-5.E-02,6.3));
#3253 = LINE('',#3254,#3255);
#3254 = CARTESIAN_POINT('',(16.46,-0.35,6.3));
#3255 = VECTOR('',#3256,1.);
#3256 = DIRECTION('',(0.,1.,0.));
#3257 = ORIENTED_EDGE('',*,*,#3258,.F.);
#3258 = EDGE_CURVE('',#3259,#3251,#3261,.T.);
#3259 = VERTEX_POINT('',#3260);
#3260 = CARTESIAN_POINT('',(16.86,-5.E-02,6.3));
#3261 = LINE('',#3262,#3263);
#3262 = CARTESIAN_POINT('',(14.38,-5.E-02,6.3));
#3263 = VECTOR('',#3264,1.);
#3264 = DIRECTION('',(-1.,0.,0.));
#3265 = ORIENTED_EDGE('',*,*,#3266,.F.);
#3266 = EDGE_CURVE('',#1225,#3259,#3267,.T.);
#3267 = LINE('',#3268,#3269);
#3268 = CARTESIAN_POINT('',(16.86,-0.35,6.3));
#3269 = VECTOR('',#3270,1.);
#3270 = DIRECTION('',(0.,1.,0.));
#3271 = ORIENTED_EDGE('',*,*,#1224,.T.);
#3272 = ORIENTED_EDGE('',*,*,#3273,.F.);
#3273 = EDGE_CURVE('',#3274,#1217,#3276,.T.);
#3274 = VERTEX_POINT('',#3275);
#3275 = CARTESIAN_POINT('',(17.73,-5.E-02,6.3));
#3276 = LINE('',#3277,#3278);
#3277 = CARTESIAN_POINT('',(17.73,-0.35,6.3));
#3278 = VECTOR('',#3279,1.);
#3279 = DIRECTION('',(0.,-1.,0.));
#3280 = ORIENTED_EDGE('',*,*,#3281,.T.);
#3281 = EDGE_CURVE('',#3274,#3282,#3284,.T.);
#3282 = VERTEX_POINT('',#3283);
#3283 = CARTESIAN_POINT('',(18.13,-5.E-02,6.3));
#3284 = LINE('',#3285,#3286);
#3285 = CARTESIAN_POINT('',(15.015,-5.E-02,6.3));
#3286 = VECTOR('',#3287,1.);
#3287 = DIRECTION('',(1.,0.,0.));
#3288 = ORIENTED_EDGE('',*,*,#3289,.T.);
#3289 = EDGE_CURVE('',#3282,#1193,#3290,.T.);
#3290 = LINE('',#3291,#3292);
#3291 = CARTESIAN_POINT('',(18.13,-0.35,6.3));
#3292 = VECTOR('',#3293,1.);
#3293 = DIRECTION('',(0.,-1.,0.));
#3294 = ORIENTED_EDGE('',*,*,#1192,.T.);
#3295 = ORIENTED_EDGE('',*,*,#3296,.F.);
#3296 = EDGE_CURVE('',#3297,#1185,#3299,.T.);
#3297 = VERTEX_POINT('',#3298);
#3298 = CARTESIAN_POINT('',(19.,-5.E-02,6.3));
#3299 = LINE('',#3300,#3301);
#3300 = CARTESIAN_POINT('',(19.,-0.35,6.3));
#3301 = VECTOR('',#3302,1.);
#3302 = DIRECTION('',(0.,-1.,0.));
#3303 = ORIENTED_EDGE('',*,*,#3304,.T.);
#3304 = EDGE_CURVE('',#3297,#3305,#3307,.T.);
#3305 = VERTEX_POINT('',#3306);
#3306 = CARTESIAN_POINT('',(19.4,-5.E-02,6.3));
#3307 = LINE('',#3308,#3309);
#3308 = CARTESIAN_POINT('',(15.65,-5.E-02,6.3));
#3309 = VECTOR('',#3310,1.);
#3310 = DIRECTION('',(1.,0.,0.));
#3311 = ORIENTED_EDGE('',*,*,#3312,.T.);
#3312 = EDGE_CURVE('',#3305,#1161,#3313,.T.);
#3313 = LINE('',#3314,#3315);
#3314 = CARTESIAN_POINT('',(19.4,-0.35,6.3));
#3315 = VECTOR('',#3316,1.);
#3316 = DIRECTION('',(0.,-1.,0.));
#3317 = ORIENTED_EDGE('',*,*,#1160,.T.);
#3318 = ORIENTED_EDGE('',*,*,#3319,.T.);
#3319 = EDGE_CURVE('',#1153,#3320,#3322,.T.);
#3320 = VERTEX_POINT('',#3321);
#3321 = CARTESIAN_POINT('',(20.27,-5.E-02,6.3));
#3322 = LINE('',#3323,#3324);
#3323 = CARTESIAN_POINT('',(20.27,-0.35,6.3));
#3324 = VECTOR('',#3325,1.);
#3325 = DIRECTION('',(0.,1.,0.));
#3326 = ORIENTED_EDGE('',*,*,#3327,.F.);
#3327 = EDGE_CURVE('',#3328,#3320,#3330,.T.);
#3328 = VERTEX_POINT('',#3329);
#3329 = CARTESIAN_POINT('',(20.67,-5.E-02,6.3));
#3330 = LINE('',#3331,#3332);
#3331 = CARTESIAN_POINT('',(16.285,-5.E-02,6.3));
#3332 = VECTOR('',#3333,1.);
#3333 = DIRECTION('',(-1.,0.,0.));
#3334 = ORIENTED_EDGE('',*,*,#3335,.F.);
#3335 = EDGE_CURVE('',#1129,#3328,#3336,.T.);
#3336 = LINE('',#3337,#3338);
#3337 = CARTESIAN_POINT('',(20.67,-0.35,6.3));
#3338 = VECTOR('',#3339,1.);
#3339 = DIRECTION('',(0.,1.,0.));
#3340 = ORIENTED_EDGE('',*,*,#1128,.T.);
#3341 = ORIENTED_EDGE('',*,*,#3342,.T.);
#3342 = EDGE_CURVE('',#1121,#3343,#3345,.T.);
#3343 = VERTEX_POINT('',#3344);
#3344 = CARTESIAN_POINT('',(21.54,-5.E-02,6.3));
#3345 = LINE('',#3346,#3347);
#3346 = CARTESIAN_POINT('',(21.54,-0.35,6.3));
#3347 = VECTOR('',#3348,1.);
#3348 = DIRECTION('',(0.,1.,0.));
#3349 = ORIENTED_EDGE('',*,*,#3350,.F.);
#3350 = EDGE_CURVE('',#3351,#3343,#3353,.T.);
#3351 = VERTEX_POINT('',#3352);
#3352 = CARTESIAN_POINT('',(21.94,-5.E-02,6.3));
#3353 = LINE('',#3354,#3355);
#3354 = CARTESIAN_POINT('',(16.92,-5.E-02,6.3));
#3355 = VECTOR('',#3356,1.);
#3356 = DIRECTION('',(-1.,0.,0.));
#3357 = ORIENTED_EDGE('',*,*,#3358,.F.);
#3358 = EDGE_CURVE('',#1097,#3351,#3359,.T.);
#3359 = LINE('',#3360,#3361);
#3360 = CARTESIAN_POINT('',(21.94,-0.35,6.3));
#3361 = VECTOR('',#3362,1.);
#3362 = DIRECTION('',(0.,1.,0.));
#3363 = ORIENTED_EDGE('',*,*,#1096,.T.);
#3364 = ORIENTED_EDGE('',*,*,#3365,.T.);
#3365 = EDGE_CURVE('',#1089,#3172,#3366,.T.);
#3366 = LINE('',#3367,#3368);
#3367 = CARTESIAN_POINT('',(22.3,-0.35,6.3));
#3368 = VECTOR('',#3369,1.);
#3369 = DIRECTION('',(0.,1.,0.));
#3370 = PLANE('',#3371);
#3371 = AXIS2_PLACEMENT_3D('',#3372,#3373,#3374);
#3372 = CARTESIAN_POINT('',(12.3,-0.35,6.3));
#3373 = DIRECTION('',(0.,0.,1.));
#3374 = DIRECTION('',(1.,0.,0.));
#3375 = ADVANCED_FACE('',(#3376),#3394,.F.);
#3376 = FACE_BOUND('',#3377,.F.);
#3377 = EDGE_LOOP('',(#3378,#3379,#3380,#3388));
#3378 = ORIENTED_EDGE('',*,*,#1344,.F.);
#3379 = ORIENTED_EDGE('',*,*,#3181,.F.);
#3380 = ORIENTED_EDGE('',*,*,#3381,.T.);
#3381 = EDGE_CURVE('',#3182,#3382,#3384,.T.);
#3382 = VERTEX_POINT('',#3383);
#3383 = CARTESIAN_POINT('',(12.655,-5.E-02,7.3));
#3384 = LINE('',#3385,#3386);
#3385 = CARTESIAN_POINT('',(12.655,-5.E-02,1.5));
#3386 = VECTOR('',#3387,1.);
#3387 = DIRECTION('',(0.,0.,1.));
#3388 = ORIENTED_EDGE('',*,*,#3389,.F.);
#3389 = EDGE_CURVE('',#1337,#3382,#3390,.T.);
#3390 = LINE('',#3391,#3392);
#3391 = CARTESIAN_POINT('',(12.655,-0.35,7.3));
#3392 = VECTOR('',#3393,1.);
#3393 = DIRECTION('',(0.,1.,0.));
#3394 = PLANE('',#3395);
#3395 = AXIS2_PLACEMENT_3D('',#3396,#3397,#3398);
#3396 = CARTESIAN_POINT('',(12.655,-0.35,1.5));
#3397 = DIRECTION('',(1.,0.,0.));
#3398 = DIRECTION('',(0.,0.,1.));
#3399 = ADVANCED_FACE('',(#3400),#3418,.T.);
#3400 = FACE_BOUND('',#3401,.T.);
#3401 = EDGE_LOOP('',(#3402,#3403,#3404,#3412));
#3402 = ORIENTED_EDGE('',*,*,#3389,.F.);
#3403 = ORIENTED_EDGE('',*,*,#1336,.T.);
#3404 = ORIENTED_EDGE('',*,*,#3405,.T.);
#3405 = EDGE_CURVE('',#1329,#3406,#3408,.T.);
#3406 = VERTEX_POINT('',#3407);
#3407 = CARTESIAN_POINT('',(13.055,-5.E-02,7.3));
#3408 = LINE('',#3409,#3410);
#3409 = CARTESIAN_POINT('',(13.055,-0.35,7.3));
#3410 = VECTOR('',#3411,1.);
#3411 = DIRECTION('',(0.,1.,0.));
#3412 = ORIENTED_EDGE('',*,*,#3413,.F.);
#3413 = EDGE_CURVE('',#3382,#3406,#3414,.T.);
#3414 = LINE('',#3415,#3416);
#3415 = CARTESIAN_POINT('',(12.655,-5.E-02,7.3));
#3416 = VECTOR('',#3417,1.);
#3417 = DIRECTION('',(1.,0.,0.));
#3418 = PLANE('',#3419);
#3419 = AXIS2_PLACEMENT_3D('',#3420,#3421,#3422);
#3420 = CARTESIAN_POINT('',(12.655,-0.35,7.3));
#3421 = DIRECTION('',(0.,0.,1.));
#3422 = DIRECTION('',(1.,0.,0.));
#3423 = ADVANCED_FACE('',(#3424),#3435,.T.);
#3424 = FACE_BOUND('',#3425,.T.);
#3425 = EDGE_LOOP('',(#3426,#3427,#3428,#3434));
#3426 = ORIENTED_EDGE('',*,*,#1328,.F.);
#3427 = ORIENTED_EDGE('',*,*,#3197,.F.);
#3428 = ORIENTED_EDGE('',*,*,#3429,.T.);
#3429 = EDGE_CURVE('',#3190,#3406,#3430,.T.);
#3430 = LINE('',#3431,#3432);
#3431 = CARTESIAN_POINT('',(13.055,-5.E-02,1.5));
#3432 = VECTOR('',#3433,1.);
#3433 = DIRECTION('',(0.,0.,1.));
#3434 = ORIENTED_EDGE('',*,*,#3405,.F.);
#3435 = PLANE('',#3436);
#3436 = AXIS2_PLACEMENT_3D('',#3437,#3438,#3439);
#3437 = CARTESIAN_POINT('',(13.055,-0.35,1.5));
#3438 = DIRECTION('',(1.,0.,0.));
#3439 = DIRECTION('',(0.,0.,1.));
#3440 = ADVANCED_FACE('',(#3441),#3459,.F.);
#3441 = FACE_BOUND('',#3442,.F.);
#3442 = EDGE_LOOP('',(#3443,#3444,#3445,#3453));
#3443 = ORIENTED_EDGE('',*,*,#1312,.F.);
#3444 = ORIENTED_EDGE('',*,*,#3204,.F.);
#3445 = ORIENTED_EDGE('',*,*,#3446,.T.);
#3446 = EDGE_CURVE('',#3205,#3447,#3449,.T.);
#3447 = VERTEX_POINT('',#3448);
#3448 = CARTESIAN_POINT('',(13.92,-5.E-02,7.3));
#3449 = LINE('',#3450,#3451);
#3450 = CARTESIAN_POINT('',(13.92,-5.E-02,1.5));
#3451 = VECTOR('',#3452,1.);
#3452 = DIRECTION('',(0.,0.,1.));
#3453 = ORIENTED_EDGE('',*,*,#3454,.F.);
#3454 = EDGE_CURVE('',#1305,#3447,#3455,.T.);
#3455 = LINE('',#3456,#3457);
#3456 = CARTESIAN_POINT('',(13.92,-0.35,7.3));
#3457 = VECTOR('',#3458,1.);
#3458 = DIRECTION('',(0.,1.,0.));
#3459 = PLANE('',#3460);
#3460 = AXIS2_PLACEMENT_3D('',#3461,#3462,#3463);
#3461 = CARTESIAN_POINT('',(13.92,-0.35,1.5));
#3462 = DIRECTION('',(1.,0.,0.));
#3463 = DIRECTION('',(0.,0.,1.));
#3464 = ADVANCED_FACE('',(#3465),#3483,.T.);
#3465 = FACE_BOUND('',#3466,.T.);
#3466 = EDGE_LOOP('',(#3467,#3468,#3469,#3477));
#3467 = ORIENTED_EDGE('',*,*,#3454,.F.);
#3468 = ORIENTED_EDGE('',*,*,#1304,.T.);
#3469 = ORIENTED_EDGE('',*,*,#3470,.T.);
#3470 = EDGE_CURVE('',#1297,#3471,#3473,.T.);
#3471 = VERTEX_POINT('',#3472);
#3472 = CARTESIAN_POINT('',(14.32,-5.E-02,7.3));
#3473 = LINE('',#3474,#3475);
#3474 = CARTESIAN_POINT('',(14.32,-0.35,7.3));
#3475 = VECTOR('',#3476,1.);
#3476 = DIRECTION('',(0.,1.,0.));
#3477 = ORIENTED_EDGE('',*,*,#3478,.F.);
#3478 = EDGE_CURVE('',#3447,#3471,#3479,.T.);
#3479 = LINE('',#3480,#3481);
#3480 = CARTESIAN_POINT('',(13.92,-5.E-02,7.3));
#3481 = VECTOR('',#3482,1.);
#3482 = DIRECTION('',(1.,0.,0.));
#3483 = PLANE('',#3484);
#3484 = AXIS2_PLACEMENT_3D('',#3485,#3486,#3487);
#3485 = CARTESIAN_POINT('',(13.92,-0.35,7.3));
#3486 = DIRECTION('',(0.,0.,1.));
#3487 = DIRECTION('',(1.,0.,0.));
#3488 = ADVANCED_FACE('',(#3489),#3500,.T.);
#3489 = FACE_BOUND('',#3490,.T.);
#3490 = EDGE_LOOP('',(#3491,#3492,#3493,#3499));
#3491 = ORIENTED_EDGE('',*,*,#1296,.F.);
#3492 = ORIENTED_EDGE('',*,*,#3220,.F.);
#3493 = ORIENTED_EDGE('',*,*,#3494,.T.);
#3494 = EDGE_CURVE('',#3213,#3471,#3495,.T.);
#3495 = LINE('',#3496,#3497);
#3496 = CARTESIAN_POINT('',(14.32,-5.E-02,1.5));
#3497 = VECTOR('',#3498,1.);
#3498 = DIRECTION('',(0.,0.,1.));
#3499 = ORIENTED_EDGE('',*,*,#3470,.F.);
#3500 = PLANE('',#3501);
#3501 = AXIS2_PLACEMENT_3D('',#3502,#3503,#3504);
#3502 = CARTESIAN_POINT('',(14.32,-0.35,1.5));
#3503 = DIRECTION('',(1.,0.,0.));
#3504 = DIRECTION('',(0.,0.,1.));
#3505 = ADVANCED_FACE('',(#3506),#3524,.F.);
#3506 = FACE_BOUND('',#3507,.F.);
#3507 = EDGE_LOOP('',(#3508,#3509,#3510,#3518));
#3508 = ORIENTED_EDGE('',*,*,#1280,.F.);
#3509 = ORIENTED_EDGE('',*,*,#3227,.F.);
#3510 = ORIENTED_EDGE('',*,*,#3511,.T.);
#3511 = EDGE_CURVE('',#3228,#3512,#3514,.T.);
#3512 = VERTEX_POINT('',#3513);
#3513 = CARTESIAN_POINT('',(15.19,-5.E-02,7.3));
#3514 = LINE('',#3515,#3516);
#3515 = CARTESIAN_POINT('',(15.19,-5.E-02,1.5));
#3516 = VECTOR('',#3517,1.);
#3517 = DIRECTION('',(0.,0.,1.));
#3518 = ORIENTED_EDGE('',*,*,#3519,.F.);
#3519 = EDGE_CURVE('',#1273,#3512,#3520,.T.);
#3520 = LINE('',#3521,#3522);
#3521 = CARTESIAN_POINT('',(15.19,-0.35,7.3));
#3522 = VECTOR('',#3523,1.);
#3523 = DIRECTION('',(0.,1.,0.));
#3524 = PLANE('',#3525);
#3525 = AXIS2_PLACEMENT_3D('',#3526,#3527,#3528);
#3526 = CARTESIAN_POINT('',(15.19,-0.35,1.5));
#3527 = DIRECTION('',(1.,0.,0.));
#3528 = DIRECTION('',(0.,0.,1.));
#3529 = ADVANCED_FACE('',(#3530),#3548,.T.);
#3530 = FACE_BOUND('',#3531,.T.);
#3531 = EDGE_LOOP('',(#3532,#3533,#3534,#3542));
#3532 = ORIENTED_EDGE('',*,*,#3519,.F.);
#3533 = ORIENTED_EDGE('',*,*,#1272,.T.);
#3534 = ORIENTED_EDGE('',*,*,#3535,.T.);
#3535 = EDGE_CURVE('',#1265,#3536,#3538,.T.);
#3536 = VERTEX_POINT('',#3537);
#3537 = CARTESIAN_POINT('',(15.59,-5.E-02,7.3));
#3538 = LINE('',#3539,#3540);
#3539 = CARTESIAN_POINT('',(15.59,-0.35,7.3));
#3540 = VECTOR('',#3541,1.);
#3541 = DIRECTION('',(0.,1.,0.));
#3542 = ORIENTED_EDGE('',*,*,#3543,.F.);
#3543 = EDGE_CURVE('',#3512,#3536,#3544,.T.);
#3544 = LINE('',#3545,#3546);
#3545 = CARTESIAN_POINT('',(15.19,-5.E-02,7.3));
#3546 = VECTOR('',#3547,1.);
#3547 = DIRECTION('',(1.,0.,0.));
#3548 = PLANE('',#3549);
#3549 = AXIS2_PLACEMENT_3D('',#3550,#3551,#3552);
#3550 = CARTESIAN_POINT('',(15.19,-0.35,7.3));
#3551 = DIRECTION('',(0.,0.,1.));
#3552 = DIRECTION('',(1.,0.,0.));
#3553 = ADVANCED_FACE('',(#3554),#3565,.T.);
#3554 = FACE_BOUND('',#3555,.T.);
#3555 = EDGE_LOOP('',(#3556,#3557,#3558,#3564));
#3556 = ORIENTED_EDGE('',*,*,#1264,.F.);
#3557 = ORIENTED_EDGE('',*,*,#3243,.F.);
#3558 = ORIENTED_EDGE('',*,*,#3559,.T.);
#3559 = EDGE_CURVE('',#3236,#3536,#3560,.T.);
#3560 = LINE('',#3561,#3562);
#3561 = CARTESIAN_POINT('',(15.59,-5.E-02,1.5));
#3562 = VECTOR('',#3563,1.);
#3563 = DIRECTION('',(0.,0.,1.));
#3564 = ORIENTED_EDGE('',*,*,#3535,.F.);
#3565 = PLANE('',#3566);
#3566 = AXIS2_PLACEMENT_3D('',#3567,#3568,#3569);
#3567 = CARTESIAN_POINT('',(15.59,-0.35,1.5));
#3568 = DIRECTION('',(1.,0.,0.));
#3569 = DIRECTION('',(0.,0.,1.));
#3570 = ADVANCED_FACE('',(#3571),#3589,.F.);
#3571 = FACE_BOUND('',#3572,.F.);
#3572 = EDGE_LOOP('',(#3573,#3574,#3575,#3583));
#3573 = ORIENTED_EDGE('',*,*,#1248,.F.);
#3574 = ORIENTED_EDGE('',*,*,#3250,.T.);
#3575 = ORIENTED_EDGE('',*,*,#3576,.T.);
#3576 = EDGE_CURVE('',#3251,#3577,#3579,.T.);
#3577 = VERTEX_POINT('',#3578);
#3578 = CARTESIAN_POINT('',(16.46,-5.E-02,7.3));
#3579 = LINE('',#3580,#3581);
#3580 = CARTESIAN_POINT('',(16.46,-5.E-02,1.5));
#3581 = VECTOR('',#3582,1.);
#3582 = DIRECTION('',(0.,0.,1.));
#3583 = ORIENTED_EDGE('',*,*,#3584,.F.);
#3584 = EDGE_CURVE('',#1241,#3577,#3585,.T.);
#3585 = LINE('',#3586,#3587);
#3586 = CARTESIAN_POINT('',(16.46,-0.35,7.3));
#3587 = VECTOR('',#3588,1.);
#3588 = DIRECTION('',(0.,1.,0.));
#3589 = PLANE('',#3590);
#3590 = AXIS2_PLACEMENT_3D('',#3591,#3592,#3593);
#3591 = CARTESIAN_POINT('',(16.46,-0.35,1.5));
#3592 = DIRECTION('',(1.,0.,0.));
#3593 = DIRECTION('',(0.,0.,1.));
#3594 = ADVANCED_FACE('',(#3595),#3613,.T.);
#3595 = FACE_BOUND('',#3596,.T.);
#3596 = EDGE_LOOP('',(#3597,#3598,#3599,#3607));
#3597 = ORIENTED_EDGE('',*,*,#3584,.F.);
#3598 = ORIENTED_EDGE('',*,*,#1240,.T.);
#3599 = ORIENTED_EDGE('',*,*,#3600,.T.);
#3600 = EDGE_CURVE('',#1233,#3601,#3603,.T.);
#3601 = VERTEX_POINT('',#3602);
#3602 = CARTESIAN_POINT('',(16.86,-5.E-02,7.3));
#3603 = LINE('',#3604,#3605);
#3604 = CARTESIAN_POINT('',(16.86,-0.35,7.3));
#3605 = VECTOR('',#3606,1.);
#3606 = DIRECTION('',(0.,1.,0.));
#3607 = ORIENTED_EDGE('',*,*,#3608,.F.);
#3608 = EDGE_CURVE('',#3577,#3601,#3609,.T.);
#3609 = LINE('',#3610,#3611);
#3610 = CARTESIAN_POINT('',(16.46,-5.E-02,7.3));
#3611 = VECTOR('',#3612,1.);
#3612 = DIRECTION('',(1.,0.,0.));
#3613 = PLANE('',#3614);
#3614 = AXIS2_PLACEMENT_3D('',#3615,#3616,#3617);
#3615 = CARTESIAN_POINT('',(16.46,-0.35,7.3));
#3616 = DIRECTION('',(0.,0.,1.));
#3617 = DIRECTION('',(1.,0.,0.));
#3618 = ADVANCED_FACE('',(#3619),#3630,.T.);
#3619 = FACE_BOUND('',#3620,.T.);
#3620 = EDGE_LOOP('',(#3621,#3622,#3623,#3629));
#3621 = ORIENTED_EDGE('',*,*,#1232,.F.);
#3622 = ORIENTED_EDGE('',*,*,#3266,.T.);
#3623 = ORIENTED_EDGE('',*,*,#3624,.T.);
#3624 = EDGE_CURVE('',#3259,#3601,#3625,.T.);
#3625 = LINE('',#3626,#3627);
#3626 = CARTESIAN_POINT('',(16.86,-5.E-02,1.5));
#3627 = VECTOR('',#3628,1.);
#3628 = DIRECTION('',(0.,0.,1.));
#3629 = ORIENTED_EDGE('',*,*,#3600,.F.);
#3630 = PLANE('',#3631);
#3631 = AXIS2_PLACEMENT_3D('',#3632,#3633,#3634);
#3632 = CARTESIAN_POINT('',(16.86,-0.35,1.5));
#3633 = DIRECTION('',(1.,0.,0.));
#3634 = DIRECTION('',(0.,0.,1.));
#3635 = ADVANCED_FACE('',(#3636),#3654,.F.);
#3636 = FACE_BOUND('',#3637,.F.);
#3637 = EDGE_LOOP('',(#3638,#3639,#3640,#3648));
#3638 = ORIENTED_EDGE('',*,*,#1216,.F.);
#3639 = ORIENTED_EDGE('',*,*,#3273,.F.);
#3640 = ORIENTED_EDGE('',*,*,#3641,.T.);
#3641 = EDGE_CURVE('',#3274,#3642,#3644,.T.);
#3642 = VERTEX_POINT('',#3643);
#3643 = CARTESIAN_POINT('',(17.73,-5.E-02,7.3));
#3644 = LINE('',#3645,#3646);
#3645 = CARTESIAN_POINT('',(17.73,-5.E-02,1.5));
#3646 = VECTOR('',#3647,1.);
#3647 = DIRECTION('',(0.,0.,1.));
#3648 = ORIENTED_EDGE('',*,*,#3649,.F.);
#3649 = EDGE_CURVE('',#1209,#3642,#3650,.T.);
#3650 = LINE('',#3651,#3652);
#3651 = CARTESIAN_POINT('',(17.73,-0.35,7.3));
#3652 = VECTOR('',#3653,1.);
#3653 = DIRECTION('',(0.,1.,0.));
#3654 = PLANE('',#3655);
#3655 = AXIS2_PLACEMENT_3D('',#3656,#3657,#3658);
#3656 = CARTESIAN_POINT('',(17.73,-0.35,1.5));
#3657 = DIRECTION('',(1.,0.,0.));
#3658 = DIRECTION('',(0.,0.,1.));
#3659 = ADVANCED_FACE('',(#3660),#3678,.T.);
#3660 = FACE_BOUND('',#3661,.T.);
#3661 = EDGE_LOOP('',(#3662,#3663,#3664,#3672));
#3662 = ORIENTED_EDGE('',*,*,#3649,.F.);
#3663 = ORIENTED_EDGE('',*,*,#1208,.T.);
#3664 = ORIENTED_EDGE('',*,*,#3665,.T.);
#3665 = EDGE_CURVE('',#1201,#3666,#3668,.T.);
#3666 = VERTEX_POINT('',#3667);
#3667 = CARTESIAN_POINT('',(18.13,-5.E-02,7.3));
#3668 = LINE('',#3669,#3670);
#3669 = CARTESIAN_POINT('',(18.13,-0.35,7.3));
#3670 = VECTOR('',#3671,1.);
#3671 = DIRECTION('',(0.,1.,0.));
#3672 = ORIENTED_EDGE('',*,*,#3673,.F.);
#3673 = EDGE_CURVE('',#3642,#3666,#3674,.T.);
#3674 = LINE('',#3675,#3676);
#3675 = CARTESIAN_POINT('',(17.73,-5.E-02,7.3));
#3676 = VECTOR('',#3677,1.);
#3677 = DIRECTION('',(1.,0.,0.));
#3678 = PLANE('',#3679);
#3679 = AXIS2_PLACEMENT_3D('',#3680,#3681,#3682);
#3680 = CARTESIAN_POINT('',(17.73,-0.35,7.3));
#3681 = DIRECTION('',(0.,0.,1.));
#3682 = DIRECTION('',(1.,0.,0.));
#3683 = ADVANCED_FACE('',(#3684),#3695,.T.);
#3684 = FACE_BOUND('',#3685,.T.);
#3685 = EDGE_LOOP('',(#3686,#3687,#3688,#3694));
#3686 = ORIENTED_EDGE('',*,*,#1200,.F.);
#3687 = ORIENTED_EDGE('',*,*,#3289,.F.);
#3688 = ORIENTED_EDGE('',*,*,#3689,.T.);
#3689 = EDGE_CURVE('',#3282,#3666,#3690,.T.);
#3690 = LINE('',#3691,#3692);
#3691 = CARTESIAN_POINT('',(18.13,-5.E-02,1.5));
#3692 = VECTOR('',#3693,1.);
#3693 = DIRECTION('',(0.,0.,1.));
#3694 = ORIENTED_EDGE('',*,*,#3665,.F.);
#3695 = PLANE('',#3696);
#3696 = AXIS2_PLACEMENT_3D('',#3697,#3698,#3699);
#3697 = CARTESIAN_POINT('',(18.13,-0.35,1.5));
#3698 = DIRECTION('',(1.,0.,0.));
#3699 = DIRECTION('',(0.,0.,1.));
#3700 = ADVANCED_FACE('',(#3701),#3719,.F.);
#3701 = FACE_BOUND('',#3702,.F.);
#3702 = EDGE_LOOP('',(#3703,#3704,#3705,#3713));
#3703 = ORIENTED_EDGE('',*,*,#1184,.F.);
#3704 = ORIENTED_EDGE('',*,*,#3296,.F.);
#3705 = ORIENTED_EDGE('',*,*,#3706,.T.);
#3706 = EDGE_CURVE('',#3297,#3707,#3709,.T.);
#3707 = VERTEX_POINT('',#3708);
#3708 = CARTESIAN_POINT('',(19.,-5.E-02,7.3));
#3709 = LINE('',#3710,#3711);
#3710 = CARTESIAN_POINT('',(19.,-5.E-02,1.5));
#3711 = VECTOR('',#3712,1.);
#3712 = DIRECTION('',(0.,0.,1.));
#3713 = ORIENTED_EDGE('',*,*,#3714,.F.);
#3714 = EDGE_CURVE('',#1177,#3707,#3715,.T.);
#3715 = LINE('',#3716,#3717);
#3716 = CARTESIAN_POINT('',(19.,-0.35,7.3));
#3717 = VECTOR('',#3718,1.);
#3718 = DIRECTION('',(0.,1.,0.));
#3719 = PLANE('',#3720);
#3720 = AXIS2_PLACEMENT_3D('',#3721,#3722,#3723);
#3721 = CARTESIAN_POINT('',(19.,-0.35,1.5));
#3722 = DIRECTION('',(1.,0.,0.));
#3723 = DIRECTION('',(0.,0.,1.));
#3724 = ADVANCED_FACE('',(#3725),#3743,.T.);
#3725 = FACE_BOUND('',#3726,.T.);
#3726 = EDGE_LOOP('',(#3727,#3728,#3729,#3737));
#3727 = ORIENTED_EDGE('',*,*,#3714,.F.);
#3728 = ORIENTED_EDGE('',*,*,#1176,.T.);
#3729 = ORIENTED_EDGE('',*,*,#3730,.T.);
#3730 = EDGE_CURVE('',#1169,#3731,#3733,.T.);
#3731 = VERTEX_POINT('',#3732);
#3732 = CARTESIAN_POINT('',(19.4,-5.E-02,7.3));
#3733 = LINE('',#3734,#3735);
#3734 = CARTESIAN_POINT('',(19.4,-0.35,7.3));
#3735 = VECTOR('',#3736,1.);
#3736 = DIRECTION('',(0.,1.,0.));
#3737 = ORIENTED_EDGE('',*,*,#3738,.F.);
#3738 = EDGE_CURVE('',#3707,#3731,#3739,.T.);
#3739 = LINE('',#3740,#3741);
#3740 = CARTESIAN_POINT('',(19.,-5.E-02,7.3));
#3741 = VECTOR('',#3742,1.);
#3742 = DIRECTION('',(1.,0.,0.));
#3743 = PLANE('',#3744);
#3744 = AXIS2_PLACEMENT_3D('',#3745,#3746,#3747);
#3745 = CARTESIAN_POINT('',(19.,-0.35,7.3));
#3746 = DIRECTION('',(0.,0.,1.));
#3747 = DIRECTION('',(1.,0.,0.));
#3748 = ADVANCED_FACE('',(#3749),#3760,.T.);
#3749 = FACE_BOUND('',#3750,.T.);
#3750 = EDGE_LOOP('',(#3751,#3752,#3753,#3759));
#3751 = ORIENTED_EDGE('',*,*,#1168,.F.);
#3752 = ORIENTED_EDGE('',*,*,#3312,.F.);
#3753 = ORIENTED_EDGE('',*,*,#3754,.T.);
#3754 = EDGE_CURVE('',#3305,#3731,#3755,.T.);
#3755 = LINE('',#3756,#3757);
#3756 = CARTESIAN_POINT('',(19.4,-5.E-02,1.5));
#3757 = VECTOR('',#3758,1.);
#3758 = DIRECTION('',(0.,0.,1.));
#3759 = ORIENTED_EDGE('',*,*,#3730,.F.);
#3760 = PLANE('',#3761);
#3761 = AXIS2_PLACEMENT_3D('',#3762,#3763,#3764);
#3762 = CARTESIAN_POINT('',(19.4,-0.35,1.5));
#3763 = DIRECTION('',(1.,0.,0.));
#3764 = DIRECTION('',(0.,0.,1.));
#3765 = ADVANCED_FACE('',(#3766),#3784,.F.);
#3766 = FACE_BOUND('',#3767,.F.);
#3767 = EDGE_LOOP('',(#3768,#3769,#3770,#3778));
#3768 = ORIENTED_EDGE('',*,*,#1152,.F.);
#3769 = ORIENTED_EDGE('',*,*,#3319,.T.);
#3770 = ORIENTED_EDGE('',*,*,#3771,.T.);
#3771 = EDGE_CURVE('',#3320,#3772,#3774,.T.);
#3772 = VERTEX_POINT('',#3773);
#3773 = CARTESIAN_POINT('',(20.27,-5.E-02,7.3));
#3774 = LINE('',#3775,#3776);
#3775 = CARTESIAN_POINT('',(20.27,-5.E-02,1.5));
#3776 = VECTOR('',#3777,1.);
#3777 = DIRECTION('',(0.,0.,1.));
#3778 = ORIENTED_EDGE('',*,*,#3779,.F.);
#3779 = EDGE_CURVE('',#1145,#3772,#3780,.T.);
#3780 = LINE('',#3781,#3782);
#3781 = CARTESIAN_POINT('',(20.27,-0.35,7.3));
#3782 = VECTOR('',#3783,1.);
#3783 = DIRECTION('',(0.,1.,0.));
#3784 = PLANE('',#3785);
#3785 = AXIS2_PLACEMENT_3D('',#3786,#3787,#3788);
#3786 = CARTESIAN_POINT('',(20.27,-0.35,1.5));
#3787 = DIRECTION('',(1.,0.,0.));
#3788 = DIRECTION('',(0.,0.,1.));
#3789 = ADVANCED_FACE('',(#3790),#3808,.T.);
#3790 = FACE_BOUND('',#3791,.T.);
#3791 = EDGE_LOOP('',(#3792,#3793,#3794,#3802));
#3792 = ORIENTED_EDGE('',*,*,#3779,.F.);
#3793 = ORIENTED_EDGE('',*,*,#1144,.T.);
#3794 = ORIENTED_EDGE('',*,*,#3795,.T.);
#3795 = EDGE_CURVE('',#1137,#3796,#3798,.T.);
#3796 = VERTEX_POINT('',#3797);
#3797 = CARTESIAN_POINT('',(20.67,-5.E-02,7.3));
#3798 = LINE('',#3799,#3800);
#3799 = CARTESIAN_POINT('',(20.67,-0.35,7.3));
#3800 = VECTOR('',#3801,1.);
#3801 = DIRECTION('',(0.,1.,0.));
#3802 = ORIENTED_EDGE('',*,*,#3803,.F.);
#3803 = EDGE_CURVE('',#3772,#3796,#3804,.T.);
#3804 = LINE('',#3805,#3806);
#3805 = CARTESIAN_POINT('',(20.27,-5.E-02,7.3));
#3806 = VECTOR('',#3807,1.);
#3807 = DIRECTION('',(1.,0.,0.));
#3808 = PLANE('',#3809);
#3809 = AXIS2_PLACEMENT_3D('',#3810,#3811,#3812);
#3810 = CARTESIAN_POINT('',(20.27,-0.35,7.3));
#3811 = DIRECTION('',(0.,0.,1.));
#3812 = DIRECTION('',(1.,0.,0.));
#3813 = ADVANCED_FACE('',(#3814),#3825,.T.);
#3814 = FACE_BOUND('',#3815,.T.);
#3815 = EDGE_LOOP('',(#3816,#3817,#3818,#3824));
#3816 = ORIENTED_EDGE('',*,*,#1136,.F.);
#3817 = ORIENTED_EDGE('',*,*,#3335,.T.);
#3818 = ORIENTED_EDGE('',*,*,#3819,.T.);
#3819 = EDGE_CURVE('',#3328,#3796,#3820,.T.);
#3820 = LINE('',#3821,#3822);
#3821 = CARTESIAN_POINT('',(20.67,-5.E-02,1.5));
#3822 = VECTOR('',#3823,1.);
#3823 = DIRECTION('',(0.,0.,1.));
#3824 = ORIENTED_EDGE('',*,*,#3795,.F.);
#3825 = PLANE('',#3826);
#3826 = AXIS2_PLACEMENT_3D('',#3827,#3828,#3829);
#3827 = CARTESIAN_POINT('',(20.67,-0.35,1.5));
#3828 = DIRECTION('',(1.,0.,0.));
#3829 = DIRECTION('',(0.,0.,1.));
#3830 = ADVANCED_FACE('',(#3831),#3849,.F.);
#3831 = FACE_BOUND('',#3832,.F.);
#3832 = EDGE_LOOP('',(#3833,#3834,#3835,#3843));
#3833 = ORIENTED_EDGE('',*,*,#1120,.F.);
#3834 = ORIENTED_EDGE('',*,*,#3342,.T.);
#3835 = ORIENTED_EDGE('',*,*,#3836,.T.);
#3836 = EDGE_CURVE('',#3343,#3837,#3839,.T.);
#3837 = VERTEX_POINT('',#3838);
#3838 = CARTESIAN_POINT('',(21.54,-5.E-02,7.3));
#3839 = LINE('',#3840,#3841);
#3840 = CARTESIAN_POINT('',(21.54,-5.E-02,1.5));
#3841 = VECTOR('',#3842,1.);
#3842 = DIRECTION('',(0.,0.,1.));
#3843 = ORIENTED_EDGE('',*,*,#3844,.F.);
#3844 = EDGE_CURVE('',#1113,#3837,#3845,.T.);
#3845 = LINE('',#3846,#3847);
#3846 = CARTESIAN_POINT('',(21.54,-0.35,7.3));
#3847 = VECTOR('',#3848,1.);
#3848 = DIRECTION('',(0.,1.,0.));
#3849 = PLANE('',#3850);
#3850 = AXIS2_PLACEMENT_3D('',#3851,#3852,#3853);
#3851 = CARTESIAN_POINT('',(21.54,-0.35,1.5));
#3852 = DIRECTION('',(1.,0.,0.));
#3853 = DIRECTION('',(0.,0.,1.));
#3854 = ADVANCED_FACE('',(#3855),#3873,.T.);
#3855 = FACE_BOUND('',#3856,.T.);
#3856 = EDGE_LOOP('',(#3857,#3858,#3859,#3867));
#3857 = ORIENTED_EDGE('',*,*,#3844,.F.);
#3858 = ORIENTED_EDGE('',*,*,#1112,.T.);
#3859 = ORIENTED_EDGE('',*,*,#3860,.T.);
#3860 = EDGE_CURVE('',#1105,#3861,#3863,.T.);
#3861 = VERTEX_POINT('',#3862);
#3862 = CARTESIAN_POINT('',(21.94,-5.E-02,7.3));
#3863 = LINE('',#3864,#3865);
#3864 = CARTESIAN_POINT('',(21.94,-0.35,7.3));
#3865 = VECTOR('',#3866,1.);
#3866 = DIRECTION('',(0.,1.,0.));
#3867 = ORIENTED_EDGE('',*,*,#3868,.F.);
#3868 = EDGE_CURVE('',#3837,#3861,#3869,.T.);
#3869 = LINE('',#3870,#3871);
#3870 = CARTESIAN_POINT('',(21.54,-5.E-02,7.3));
#3871 = VECTOR('',#3872,1.);
#3872 = DIRECTION('',(1.,0.,0.));
#3873 = PLANE('',#3874);
#3874 = AXIS2_PLACEMENT_3D('',#3875,#3876,#3877);
#3875 = CARTESIAN_POINT('',(21.54,-0.35,7.3));
#3876 = DIRECTION('',(0.,0.,1.));
#3877 = DIRECTION('',(1.,0.,0.));
#3878 = ADVANCED_FACE('',(#3879),#3890,.T.);
#3879 = FACE_BOUND('',#3880,.T.);
#3880 = EDGE_LOOP('',(#3881,#3882,#3883,#3889));
#3881 = ORIENTED_EDGE('',*,*,#1104,.F.);
#3882 = ORIENTED_EDGE('',*,*,#3358,.T.);
#3883 = ORIENTED_EDGE('',*,*,#3884,.T.);
#3884 = EDGE_CURVE('',#3351,#3861,#3885,.T.);
#3885 = LINE('',#3886,#3887);
#3886 = CARTESIAN_POINT('',(21.94,-5.E-02,1.5));
#3887 = VECTOR('',#3888,1.);
#3888 = DIRECTION('',(0.,0.,1.));
#3889 = ORIENTED_EDGE('',*,*,#3860,.F.);
#3890 = PLANE('',#3891);
#3891 = AXIS2_PLACEMENT_3D('',#3892,#3893,#3894);
#3892 = CARTESIAN_POINT('',(21.94,-0.35,1.5));
#3893 = DIRECTION('',(1.,0.,0.));
#3894 = DIRECTION('',(0.,0.,1.));
#3895 = ADVANCED_FACE('',(#3896),#3907,.T.);
#3896 = FACE_BOUND('',#3897,.T.);
#3897 = EDGE_LOOP('',(#3898,#3899,#3900,#3906));
#3898 = ORIENTED_EDGE('',*,*,#1088,.F.);
#3899 = ORIENTED_EDGE('',*,*,#3003,.T.);
#3900 = ORIENTED_EDGE('',*,*,#3901,.T.);
#3901 = EDGE_CURVE('',#2812,#3172,#3902,.T.);
#3902 = LINE('',#3903,#3904);
#3903 = CARTESIAN_POINT('',(22.3,1.15,2.5));
#3904 = VECTOR('',#3905,1.);
#3905 = DIRECTION('',(0.,0.,1.));
#3906 = ORIENTED_EDGE('',*,*,#3365,.F.);
#3907 = PLANE('',#3908);
#3908 = AXIS2_PLACEMENT_3D('',#3909,#3910,#3911);
#3909 = CARTESIAN_POINT('',(22.3,-0.35,2.5));
#3910 = DIRECTION('',(1.,0.,0.));
#3911 = DIRECTION('',(0.,0.,1.));
#3912 = ADVANCED_FACE('',(#3913),#3931,.T.);
#3913 = FACE_BOUND('',#3914,.T.);
#3914 = EDGE_LOOP('',(#3915,#3916,#3924,#3930));
#3915 = ORIENTED_EDGE('',*,*,#1072,.F.);
#3916 = ORIENTED_EDGE('',*,*,#3917,.T.);
#3917 = EDGE_CURVE('',#1065,#3918,#3920,.T.);
#3918 = VERTEX_POINT('',#3919);
#3919 = CARTESIAN_POINT('',(21.94,-5.E-02,1.5));
#3920 = LINE('',#3921,#3922);
#3921 = CARTESIAN_POINT('',(21.94,-0.35,1.5));
#3922 = VECTOR('',#3923,1.);
#3923 = DIRECTION('',(0.,1.,0.));
#3924 = ORIENTED_EDGE('',*,*,#3925,.T.);
#3925 = EDGE_CURVE('',#3918,#2989,#3926,.T.);
#3926 = LINE('',#3927,#3928);
#3927 = CARTESIAN_POINT('',(21.94,-5.E-02,1.5));
#3928 = VECTOR('',#3929,1.);
#3929 = DIRECTION('',(0.,0.,1.));
#3930 = ORIENTED_EDGE('',*,*,#2996,.F.);
#3931 = PLANE('',#3932);
#3932 = AXIS2_PLACEMENT_3D('',#3933,#3934,#3935);
#3933 = CARTESIAN_POINT('',(21.94,-0.35,1.5));
#3934 = DIRECTION('',(1.,0.,0.));
#3935 = DIRECTION('',(0.,0.,1.));
#3936 = ADVANCED_FACE('',(#3937),#3955,.F.);
#3937 = FACE_BOUND('',#3938,.F.);
#3938 = EDGE_LOOP('',(#3939,#3947,#3948,#3949));
#3939 = ORIENTED_EDGE('',*,*,#3940,.F.);
#3940 = EDGE_CURVE('',#1057,#3941,#3943,.T.);
#3941 = VERTEX_POINT('',#3942);
#3942 = CARTESIAN_POINT('',(21.54,-5.E-02,1.5));
#3943 = LINE('',#3944,#3945);
#3944 = CARTESIAN_POINT('',(21.54,-0.35,1.5));
#3945 = VECTOR('',#3946,1.);
#3946 = DIRECTION('',(0.,1.,0.));
#3947 = ORIENTED_EDGE('',*,*,#1064,.T.);
#3948 = ORIENTED_EDGE('',*,*,#3917,.T.);
#3949 = ORIENTED_EDGE('',*,*,#3950,.F.);
#3950 = EDGE_CURVE('',#3941,#3918,#3951,.T.);
#3951 = LINE('',#3952,#3953);
#3952 = CARTESIAN_POINT('',(21.54,-5.E-02,1.5));
#3953 = VECTOR('',#3954,1.);
#3954 = DIRECTION('',(1.,0.,0.));
#3955 = PLANE('',#3956);
#3956 = AXIS2_PLACEMENT_3D('',#3957,#3958,#3959);
#3957 = CARTESIAN_POINT('',(21.54,-0.35,1.5));
#3958 = DIRECTION('',(0.,0.,1.));
#3959 = DIRECTION('',(1.,0.,0.));
#3960 = ADVANCED_FACE('',(#3961),#3972,.F.);
#3961 = FACE_BOUND('',#3962,.F.);
#3962 = EDGE_LOOP('',(#3963,#3964,#3965,#3971));
#3963 = ORIENTED_EDGE('',*,*,#1056,.F.);
#3964 = ORIENTED_EDGE('',*,*,#3940,.T.);
#3965 = ORIENTED_EDGE('',*,*,#3966,.T.);
#3966 = EDGE_CURVE('',#3941,#2981,#3967,.T.);
#3967 = LINE('',#3968,#3969);
#3968 = CARTESIAN_POINT('',(21.54,-5.E-02,1.5));
#3969 = VECTOR('',#3970,1.);
#3970 = DIRECTION('',(0.,0.,1.));
#3971 = ORIENTED_EDGE('',*,*,#2980,.F.);
#3972 = PLANE('',#3973);
#3973 = AXIS2_PLACEMENT_3D('',#3974,#3975,#3976);
#3974 = CARTESIAN_POINT('',(21.54,-0.35,1.5));
#3975 = DIRECTION('',(1.,0.,0.));
#3976 = DIRECTION('',(0.,0.,1.));
#3977 = ADVANCED_FACE('',(#3978),#3996,.T.);
#3978 = FACE_BOUND('',#3979,.T.);
#3979 = EDGE_LOOP('',(#3980,#3981,#3989,#3995));
#3980 = ORIENTED_EDGE('',*,*,#1040,.F.);
#3981 = ORIENTED_EDGE('',*,*,#3982,.T.);
#3982 = EDGE_CURVE('',#1033,#3983,#3985,.T.);
#3983 = VERTEX_POINT('',#3984);
#3984 = CARTESIAN_POINT('',(20.67,-5.E-02,1.5));
#3985 = LINE('',#3986,#3987);
#3986 = CARTESIAN_POINT('',(20.67,-0.35,1.5));
#3987 = VECTOR('',#3988,1.);
#3988 = DIRECTION('',(0.,1.,0.));
#3989 = ORIENTED_EDGE('',*,*,#3990,.T.);
#3990 = EDGE_CURVE('',#3983,#2966,#3991,.T.);
#3991 = LINE('',#3992,#3993);
#3992 = CARTESIAN_POINT('',(20.67,-5.E-02,1.5));
#3993 = VECTOR('',#3994,1.);
#3994 = DIRECTION('',(0.,0.,1.));
#3995 = ORIENTED_EDGE('',*,*,#2973,.F.);
#3996 = PLANE('',#3997);
#3997 = AXIS2_PLACEMENT_3D('',#3998,#3999,#4000);
#3998 = CARTESIAN_POINT('',(20.67,-0.35,1.5));
#3999 = DIRECTION('',(1.,0.,0.));
#4000 = DIRECTION('',(0.,0.,1.));
#4001 = ADVANCED_FACE('',(#4002),#4020,.F.);
#4002 = FACE_BOUND('',#4003,.F.);
#4003 = EDGE_LOOP('',(#4004,#4012,#4013,#4014));
#4004 = ORIENTED_EDGE('',*,*,#4005,.F.);
#4005 = EDGE_CURVE('',#1025,#4006,#4008,.T.);
#4006 = VERTEX_POINT('',#4007);
#4007 = CARTESIAN_POINT('',(20.27,-5.E-02,1.5));
#4008 = LINE('',#4009,#4010);
#4009 = CARTESIAN_POINT('',(20.27,-0.35,1.5));
#4010 = VECTOR('',#4011,1.);
#4011 = DIRECTION('',(0.,1.,0.));
#4012 = ORIENTED_EDGE('',*,*,#1032,.T.);
#4013 = ORIENTED_EDGE('',*,*,#3982,.T.);
#4014 = ORIENTED_EDGE('',*,*,#4015,.F.);
#4015 = EDGE_CURVE('',#4006,#3983,#4016,.T.);
#4016 = LINE('',#4017,#4018);
#4017 = CARTESIAN_POINT('',(20.27,-5.E-02,1.5));
#4018 = VECTOR('',#4019,1.);
#4019 = DIRECTION('',(1.,0.,0.));
#4020 = PLANE('',#4021);
#4021 = AXIS2_PLACEMENT_3D('',#4022,#4023,#4024);
#4022 = CARTESIAN_POINT('',(20.27,-0.35,1.5));
#4023 = DIRECTION('',(0.,0.,1.));
#4024 = DIRECTION('',(1.,0.,0.));
#4025 = ADVANCED_FACE('',(#4026),#4037,.F.);
#4026 = FACE_BOUND('',#4027,.F.);
#4027 = EDGE_LOOP('',(#4028,#4029,#4030,#4036));
#4028 = ORIENTED_EDGE('',*,*,#1024,.F.);
#4029 = ORIENTED_EDGE('',*,*,#4005,.T.);
#4030 = ORIENTED_EDGE('',*,*,#4031,.T.);
#4031 = EDGE_CURVE('',#4006,#2958,#4032,.T.);
#4032 = LINE('',#4033,#4034);
#4033 = CARTESIAN_POINT('',(20.27,-5.E-02,1.5));
#4034 = VECTOR('',#4035,1.);
#4035 = DIRECTION('',(0.,0.,1.));
#4036 = ORIENTED_EDGE('',*,*,#2957,.F.);
#4037 = PLANE('',#4038);
#4038 = AXIS2_PLACEMENT_3D('',#4039,#4040,#4041);
#4039 = CARTESIAN_POINT('',(20.27,-0.35,1.5));
#4040 = DIRECTION('',(1.,0.,0.));
#4041 = DIRECTION('',(0.,0.,1.));
#4042 = ADVANCED_FACE('',(#4043),#4061,.T.);
#4043 = FACE_BOUND('',#4044,.T.);
#4044 = EDGE_LOOP('',(#4045,#4046,#4054,#4060));
#4045 = ORIENTED_EDGE('',*,*,#1008,.F.);
#4046 = ORIENTED_EDGE('',*,*,#4047,.T.);
#4047 = EDGE_CURVE('',#1001,#4048,#4050,.T.);
#4048 = VERTEX_POINT('',#4049);
#4049 = CARTESIAN_POINT('',(19.4,-5.E-02,1.5));
#4050 = LINE('',#4051,#4052);
#4051 = CARTESIAN_POINT('',(19.4,-0.35,1.5));
#4052 = VECTOR('',#4053,1.);
#4053 = DIRECTION('',(0.,1.,0.));
#4054 = ORIENTED_EDGE('',*,*,#4055,.T.);
#4055 = EDGE_CURVE('',#4048,#2943,#4056,.T.);
#4056 = LINE('',#4057,#4058);
#4057 = CARTESIAN_POINT('',(19.4,-5.E-02,1.5));
#4058 = VECTOR('',#4059,1.);
#4059 = DIRECTION('',(0.,0.,1.));
#4060 = ORIENTED_EDGE('',*,*,#2950,.T.);
#4061 = PLANE('',#4062);
#4062 = AXIS2_PLACEMENT_3D('',#4063,#4064,#4065);
#4063 = CARTESIAN_POINT('',(19.4,-0.35,1.5));
#4064 = DIRECTION('',(1.,0.,0.));
#4065 = DIRECTION('',(0.,0.,1.));
#4066 = ADVANCED_FACE('',(#4067),#4085,.F.);
#4067 = FACE_BOUND('',#4068,.F.);
#4068 = EDGE_LOOP('',(#4069,#4077,#4078,#4079));
#4069 = ORIENTED_EDGE('',*,*,#4070,.F.);
#4070 = EDGE_CURVE('',#993,#4071,#4073,.T.);
#4071 = VERTEX_POINT('',#4072);
#4072 = CARTESIAN_POINT('',(19.,-5.E-02,1.5));
#4073 = LINE('',#4074,#4075);
#4074 = CARTESIAN_POINT('',(19.,-0.35,1.5));
#4075 = VECTOR('',#4076,1.);
#4076 = DIRECTION('',(0.,1.,0.));
#4077 = ORIENTED_EDGE('',*,*,#1000,.T.);
#4078 = ORIENTED_EDGE('',*,*,#4047,.T.);
#4079 = ORIENTED_EDGE('',*,*,#4080,.F.);
#4080 = EDGE_CURVE('',#4071,#4048,#4081,.T.);
#4081 = LINE('',#4082,#4083);
#4082 = CARTESIAN_POINT('',(19.,-5.E-02,1.5));
#4083 = VECTOR('',#4084,1.);
#4084 = DIRECTION('',(1.,0.,0.));
#4085 = PLANE('',#4086);
#4086 = AXIS2_PLACEMENT_3D('',#4087,#4088,#4089);
#4087 = CARTESIAN_POINT('',(19.,-0.35,1.5));
#4088 = DIRECTION('',(0.,0.,1.));
#4089 = DIRECTION('',(1.,0.,0.));
#4090 = ADVANCED_FACE('',(#4091),#4102,.F.);
#4091 = FACE_BOUND('',#4092,.F.);
#4092 = EDGE_LOOP('',(#4093,#4094,#4095,#4101));
#4093 = ORIENTED_EDGE('',*,*,#992,.F.);
#4094 = ORIENTED_EDGE('',*,*,#4070,.T.);
#4095 = ORIENTED_EDGE('',*,*,#4096,.T.);
#4096 = EDGE_CURVE('',#4071,#2935,#4097,.T.);
#4097 = LINE('',#4098,#4099);
#4098 = CARTESIAN_POINT('',(19.,-5.E-02,1.5));
#4099 = VECTOR('',#4100,1.);
#4100 = DIRECTION('',(0.,0.,1.));
#4101 = ORIENTED_EDGE('',*,*,#2934,.T.);
#4102 = PLANE('',#4103);
#4103 = AXIS2_PLACEMENT_3D('',#4104,#4105,#4106);
#4104 = CARTESIAN_POINT('',(19.,-0.35,1.5));
#4105 = DIRECTION('',(1.,0.,0.));
#4106 = DIRECTION('',(0.,0.,1.));
#4107 = ADVANCED_FACE('',(#4108),#4126,.T.);
#4108 = FACE_BOUND('',#4109,.T.);
#4109 = EDGE_LOOP('',(#4110,#4111,#4119,#4125));
#4110 = ORIENTED_EDGE('',*,*,#976,.F.);
#4111 = ORIENTED_EDGE('',*,*,#4112,.T.);
#4112 = EDGE_CURVE('',#969,#4113,#4115,.T.);
#4113 = VERTEX_POINT('',#4114);
#4114 = CARTESIAN_POINT('',(18.13,-5.E-02,1.5));
#4115 = LINE('',#4116,#4117);
#4116 = CARTESIAN_POINT('',(18.13,-0.35,1.5));
#4117 = VECTOR('',#4118,1.);
#4118 = DIRECTION('',(0.,1.,0.));
#4119 = ORIENTED_EDGE('',*,*,#4120,.T.);
#4120 = EDGE_CURVE('',#4113,#2920,#4121,.T.);
#4121 = LINE('',#4122,#4123);
#4122 = CARTESIAN_POINT('',(18.13,-5.E-02,1.5));
#4123 = VECTOR('',#4124,1.);
#4124 = DIRECTION('',(0.,0.,1.));
#4125 = ORIENTED_EDGE('',*,*,#2927,.T.);
#4126 = PLANE('',#4127);
#4127 = AXIS2_PLACEMENT_3D('',#4128,#4129,#4130);
#4128 = CARTESIAN_POINT('',(18.13,-0.35,1.5));
#4129 = DIRECTION('',(1.,0.,0.));
#4130 = DIRECTION('',(0.,0.,1.));
#4131 = ADVANCED_FACE('',(#4132),#4150,.F.);
#4132 = FACE_BOUND('',#4133,.F.);
#4133 = EDGE_LOOP('',(#4134,#4142,#4143,#4144));
#4134 = ORIENTED_EDGE('',*,*,#4135,.F.);
#4135 = EDGE_CURVE('',#961,#4136,#4138,.T.);
#4136 = VERTEX_POINT('',#4137);
#4137 = CARTESIAN_POINT('',(17.73,-5.E-02,1.5));
#4138 = LINE('',#4139,#4140);
#4139 = CARTESIAN_POINT('',(17.73,-0.35,1.5));
#4140 = VECTOR('',#4141,1.);
#4141 = DIRECTION('',(0.,1.,0.));
#4142 = ORIENTED_EDGE('',*,*,#968,.T.);
#4143 = ORIENTED_EDGE('',*,*,#4112,.T.);
#4144 = ORIENTED_EDGE('',*,*,#4145,.F.);
#4145 = EDGE_CURVE('',#4136,#4113,#4146,.T.);
#4146 = LINE('',#4147,#4148);
#4147 = CARTESIAN_POINT('',(17.73,-5.E-02,1.5));
#4148 = VECTOR('',#4149,1.);
#4149 = DIRECTION('',(1.,0.,0.));
#4150 = PLANE('',#4151);
#4151 = AXIS2_PLACEMENT_3D('',#4152,#4153,#4154);
#4152 = CARTESIAN_POINT('',(17.73,-0.35,1.5));
#4153 = DIRECTION('',(0.,0.,1.));
#4154 = DIRECTION('',(1.,0.,0.));
#4155 = ADVANCED_FACE('',(#4156),#4167,.F.);
#4156 = FACE_BOUND('',#4157,.F.);
#4157 = EDGE_LOOP('',(#4158,#4159,#4160,#4166));
#4158 = ORIENTED_EDGE('',*,*,#960,.F.);
#4159 = ORIENTED_EDGE('',*,*,#4135,.T.);
#4160 = ORIENTED_EDGE('',*,*,#4161,.T.);
#4161 = EDGE_CURVE('',#4136,#2912,#4162,.T.);
#4162 = LINE('',#4163,#4164);
#4163 = CARTESIAN_POINT('',(17.73,-5.E-02,1.5));
#4164 = VECTOR('',#4165,1.);
#4165 = DIRECTION('',(0.,0.,1.));
#4166 = ORIENTED_EDGE('',*,*,#2911,.T.);
#4167 = PLANE('',#4168);
#4168 = AXIS2_PLACEMENT_3D('',#4169,#4170,#4171);
#4169 = CARTESIAN_POINT('',(17.73,-0.35,1.5));
#4170 = DIRECTION('',(1.,0.,0.));
#4171 = DIRECTION('',(0.,0.,1.));
#4172 = ADVANCED_FACE('',(#4173),#4191,.T.);
#4173 = FACE_BOUND('',#4174,.T.);
#4174 = EDGE_LOOP('',(#4175,#4176,#4184,#4190));
#4175 = ORIENTED_EDGE('',*,*,#944,.F.);
#4176 = ORIENTED_EDGE('',*,*,#4177,.T.);
#4177 = EDGE_CURVE('',#937,#4178,#4180,.T.);
#4178 = VERTEX_POINT('',#4179);
#4179 = CARTESIAN_POINT('',(16.86,-5.E-02,1.5));
#4180 = LINE('',#4181,#4182);
#4181 = CARTESIAN_POINT('',(16.86,-0.35,1.5));
#4182 = VECTOR('',#4183,1.);
#4183 = DIRECTION('',(0.,1.,0.));
#4184 = ORIENTED_EDGE('',*,*,#4185,.T.);
#4185 = EDGE_CURVE('',#4178,#2897,#4186,.T.);
#4186 = LINE('',#4187,#4188);
#4187 = CARTESIAN_POINT('',(16.86,-5.E-02,1.5));
#4188 = VECTOR('',#4189,1.);
#4189 = DIRECTION('',(0.,0.,1.));
#4190 = ORIENTED_EDGE('',*,*,#2904,.F.);
#4191 = PLANE('',#4192);
#4192 = AXIS2_PLACEMENT_3D('',#4193,#4194,#4195);
#4193 = CARTESIAN_POINT('',(16.86,-0.35,1.5));
#4194 = DIRECTION('',(1.,0.,0.));
#4195 = DIRECTION('',(0.,0.,1.));
#4196 = ADVANCED_FACE('',(#4197),#4215,.F.);
#4197 = FACE_BOUND('',#4198,.F.);
#4198 = EDGE_LOOP('',(#4199,#4207,#4208,#4209));
#4199 = ORIENTED_EDGE('',*,*,#4200,.F.);
#4200 = EDGE_CURVE('',#929,#4201,#4203,.T.);
#4201 = VERTEX_POINT('',#4202);
#4202 = CARTESIAN_POINT('',(16.46,-5.E-02,1.5));
#4203 = LINE('',#4204,#4205);
#4204 = CARTESIAN_POINT('',(16.46,-0.35,1.5));
#4205 = VECTOR('',#4206,1.);
#4206 = DIRECTION('',(0.,1.,0.));
#4207 = ORIENTED_EDGE('',*,*,#936,.T.);
#4208 = ORIENTED_EDGE('',*,*,#4177,.T.);
#4209 = ORIENTED_EDGE('',*,*,#4210,.F.);
#4210 = EDGE_CURVE('',#4201,#4178,#4211,.T.);
#4211 = LINE('',#4212,#4213);
#4212 = CARTESIAN_POINT('',(16.46,-5.E-02,1.5));
#4213 = VECTOR('',#4214,1.);
#4214 = DIRECTION('',(1.,0.,0.));
#4215 = PLANE('',#4216);
#4216 = AXIS2_PLACEMENT_3D('',#4217,#4218,#4219);
#4217 = CARTESIAN_POINT('',(16.46,-0.35,1.5));
#4218 = DIRECTION('',(0.,0.,1.));
#4219 = DIRECTION('',(1.,0.,0.));
#4220 = ADVANCED_FACE('',(#4221),#4232,.F.);
#4221 = FACE_BOUND('',#4222,.F.);
#4222 = EDGE_LOOP('',(#4223,#4224,#4225,#4231));
#4223 = ORIENTED_EDGE('',*,*,#928,.F.);
#4224 = ORIENTED_EDGE('',*,*,#4200,.T.);
#4225 = ORIENTED_EDGE('',*,*,#4226,.T.);
#4226 = EDGE_CURVE('',#4201,#2889,#4227,.T.);
#4227 = LINE('',#4228,#4229);
#4228 = CARTESIAN_POINT('',(16.46,-5.E-02,1.5));
#4229 = VECTOR('',#4230,1.);
#4230 = DIRECTION('',(0.,0.,1.));
#4231 = ORIENTED_EDGE('',*,*,#2888,.F.);
#4232 = PLANE('',#4233);
#4233 = AXIS2_PLACEMENT_3D('',#4234,#4235,#4236);
#4234 = CARTESIAN_POINT('',(16.46,-0.35,1.5));
#4235 = DIRECTION('',(1.,0.,0.));
#4236 = DIRECTION('',(0.,0.,1.));
#4237 = ADVANCED_FACE('',(#4238),#4256,.T.);
#4238 = FACE_BOUND('',#4239,.T.);
#4239 = EDGE_LOOP('',(#4240,#4241,#4249,#4255));
#4240 = ORIENTED_EDGE('',*,*,#912,.F.);
#4241 = ORIENTED_EDGE('',*,*,#4242,.T.);
#4242 = EDGE_CURVE('',#905,#4243,#4245,.T.);
#4243 = VERTEX_POINT('',#4244);
#4244 = CARTESIAN_POINT('',(15.59,-5.E-02,1.5));
#4245 = LINE('',#4246,#4247);
#4246 = CARTESIAN_POINT('',(15.59,-0.35,1.5));
#4247 = VECTOR('',#4248,1.);
#4248 = DIRECTION('',(0.,1.,0.));
#4249 = ORIENTED_EDGE('',*,*,#4250,.T.);
#4250 = EDGE_CURVE('',#4243,#2874,#4251,.T.);
#4251 = LINE('',#4252,#4253);
#4252 = CARTESIAN_POINT('',(15.59,-5.E-02,1.5));
#4253 = VECTOR('',#4254,1.);
#4254 = DIRECTION('',(0.,0.,1.));
#4255 = ORIENTED_EDGE('',*,*,#2881,.T.);
#4256 = PLANE('',#4257);
#4257 = AXIS2_PLACEMENT_3D('',#4258,#4259,#4260);
#4258 = CARTESIAN_POINT('',(15.59,-0.35,1.5));
#4259 = DIRECTION('',(1.,0.,0.));
#4260 = DIRECTION('',(0.,0.,1.));
#4261 = ADVANCED_FACE('',(#4262),#4273,.F.);
#4262 = FACE_BOUND('',#4263,.F.);
#4263 = EDGE_LOOP('',(#4264,#4265,#4266,#4267));
#4264 = ORIENTED_EDGE('',*,*,#2779,.F.);
#4265 = ORIENTED_EDGE('',*,*,#904,.T.);
#4266 = ORIENTED_EDGE('',*,*,#4242,.T.);
#4267 = ORIENTED_EDGE('',*,*,#4268,.F.);
#4268 = EDGE_CURVE('',#2780,#4243,#4269,.T.);
#4269 = LINE('',#4270,#4271);
#4270 = CARTESIAN_POINT('',(15.19,-5.E-02,1.5));
#4271 = VECTOR('',#4272,1.);
#4272 = DIRECTION('',(1.,0.,0.));
#4273 = PLANE('',#4274);
#4274 = AXIS2_PLACEMENT_3D('',#4275,#4276,#4277);
#4275 = CARTESIAN_POINT('',(15.19,-0.35,1.5));
#4276 = DIRECTION('',(0.,0.,1.));
#4277 = DIRECTION('',(1.,0.,0.));
#4278 = ADVANCED_FACE('',(#4279),#4304,.T.);
#4279 = FACE_BOUND('',#4280,.F.);
#4280 = EDGE_LOOP('',(#4281,#4289,#4290,#4298));
#4281 = ORIENTED_EDGE('',*,*,#4282,.F.);
#4282 = EDGE_CURVE('',#1456,#4283,#4285,.T.);
#4283 = VERTEX_POINT('',#4284);
#4284 = CARTESIAN_POINT('',(-0.15,-0.15,-6.));
#4285 = LINE('',#4286,#4287);
#4286 = CARTESIAN_POINT('',(-0.283333333333,-0.283333333333,
    -5.866666666667));
#4287 = VECTOR('',#4288,1.);
#4288 = DIRECTION('',(0.57735026919,0.57735026919,-0.57735026919));
#4289 = ORIENTED_EDGE('',*,*,#1455,.T.);
#4290 = ORIENTED_EDGE('',*,*,#4291,.T.);
#4291 = EDGE_CURVE('',#1448,#4292,#4294,.T.);
#4292 = VERTEX_POINT('',#4293);
#4293 = CARTESIAN_POINT('',(0.15,-0.15,-6.));
#4294 = LINE('',#4295,#4296);
#4295 = CARTESIAN_POINT('',(0.166666666667,-0.166666666667,
    -5.983333333333));
#4296 = VECTOR('',#4297,1.);
#4297 = DIRECTION('',(-0.57735026919,0.57735026919,-0.57735026919));
#4298 = ORIENTED_EDGE('',*,*,#4299,.F.);
#4299 = EDGE_CURVE('',#4283,#4292,#4300,.T.);
#4300 = LINE('',#4301,#4302);
#4301 = CARTESIAN_POINT('',(-0.35,-0.15,-6.));
#4302 = VECTOR('',#4303,1.);
#4303 = DIRECTION('',(1.,0.,0.));
#4304 = PLANE('',#4305);
#4305 = AXIS2_PLACEMENT_3D('',#4306,#4307,#4308);
#4306 = CARTESIAN_POINT('',(-0.35,-0.25,-5.9));
#4307 = DIRECTION('',(1.735417226645E-18,-0.707106781187,-0.707106781187
    ));
#4308 = DIRECTION('',(-1.,-1.227125289148E-18,-1.227125289148E-18));
#4309 = ADVANCED_FACE('',(#4310),#4335,.T.);
#4310 = FACE_BOUND('',#4311,.F.);
#4311 = EDGE_LOOP('',(#4312,#4320,#4321,#4329));
#4312 = ORIENTED_EDGE('',*,*,#4313,.F.);
#4313 = EDGE_CURVE('',#1487,#4314,#4316,.T.);
#4314 = VERTEX_POINT('',#4315);
#4315 = CARTESIAN_POINT('',(2.39,-0.15,-6.));
#4316 = LINE('',#4317,#4318);
#4317 = CARTESIAN_POINT('',(2.256666666667,-0.283333333333,
    -5.866666666667));
#4318 = VECTOR('',#4319,1.);
#4319 = DIRECTION('',(0.57735026919,0.57735026919,-0.57735026919));
#4320 = ORIENTED_EDGE('',*,*,#1486,.T.);
#4321 = ORIENTED_EDGE('',*,*,#4322,.T.);
#4322 = EDGE_CURVE('',#1479,#4323,#4325,.T.);
#4323 = VERTEX_POINT('',#4324);
#4324 = CARTESIAN_POINT('',(2.69,-0.15,-6.));
#4325 = LINE('',#4326,#4327);
#4326 = CARTESIAN_POINT('',(2.706666666667,-0.166666666667,
    -5.983333333333));
#4327 = VECTOR('',#4328,1.);
#4328 = DIRECTION('',(-0.57735026919,0.57735026919,-0.57735026919));
#4329 = ORIENTED_EDGE('',*,*,#4330,.F.);
#4330 = EDGE_CURVE('',#4314,#4323,#4331,.T.);
#4331 = LINE('',#4332,#4333);
#4332 = CARTESIAN_POINT('',(2.19,-0.15,-6.));
#4333 = VECTOR('',#4334,1.);
#4334 = DIRECTION('',(1.,0.,0.));
#4335 = PLANE('',#4336);
#4336 = AXIS2_PLACEMENT_3D('',#4337,#4338,#4339);
#4337 = CARTESIAN_POINT('',(2.19,-0.25,-5.9));
#4338 = DIRECTION('',(1.735417226645E-18,-0.707106781187,-0.707106781187
    ));
#4339 = DIRECTION('',(-1.,-1.227125289148E-18,-1.227125289148E-18));
#4340 = ADVANCED_FACE('',(#4341),#4366,.T.);
#4341 = FACE_BOUND('',#4342,.F.);
#4342 = EDGE_LOOP('',(#4343,#4351,#4352,#4360));
#4343 = ORIENTED_EDGE('',*,*,#4344,.F.);
#4344 = EDGE_CURVE('',#1518,#4345,#4347,.T.);
#4345 = VERTEX_POINT('',#4346);
#4346 = CARTESIAN_POINT('',(4.93,-0.15,-6.));
#4347 = LINE('',#4348,#4349);
#4348 = CARTESIAN_POINT('',(4.796666666667,-0.283333333333,
    -5.866666666667));
#4349 = VECTOR('',#4350,1.);
#4350 = DIRECTION('',(0.57735026919,0.57735026919,-0.57735026919));
#4351 = ORIENTED_EDGE('',*,*,#1517,.T.);
#4352 = ORIENTED_EDGE('',*,*,#4353,.T.);
#4353 = EDGE_CURVE('',#1510,#4354,#4356,.T.);
#4354 = VERTEX_POINT('',#4355);
#4355 = CARTESIAN_POINT('',(5.23,-0.15,-6.));
#4356 = LINE('',#4357,#4358);
#4357 = CARTESIAN_POINT('',(5.246666666667,-0.166666666667,
    -5.983333333333));
#4358 = VECTOR('',#4359,1.);
#4359 = DIRECTION('',(-0.57735026919,0.57735026919,-0.57735026919));
#4360 = ORIENTED_EDGE('',*,*,#4361,.F.);
#4361 = EDGE_CURVE('',#4345,#4354,#4362,.T.);
#4362 = LINE('',#4363,#4364);
#4363 = CARTESIAN_POINT('',(4.73,-0.15,-6.));
#4364 = VECTOR('',#4365,1.);
#4365 = DIRECTION('',(1.,0.,0.));
#4366 = PLANE('',#4367);
#4367 = AXIS2_PLACEMENT_3D('',#4368,#4369,#4370);
#4368 = CARTESIAN_POINT('',(4.73,-0.25,-5.9));
#4369 = DIRECTION('',(1.735417226645E-18,-0.707106781187,-0.707106781187
    ));
#4370 = DIRECTION('',(-1.,-1.227125289148E-18,-1.227125289148E-18));
#4371 = ADVANCED_FACE('',(#4372),#4397,.T.);
#4372 = FACE_BOUND('',#4373,.F.);
#4373 = EDGE_LOOP('',(#4374,#4382,#4383,#4391));
#4374 = ORIENTED_EDGE('',*,*,#4375,.F.);
#4375 = EDGE_CURVE('',#1549,#4376,#4378,.T.);
#4376 = VERTEX_POINT('',#4377);
#4377 = CARTESIAN_POINT('',(7.47,-0.15,-6.));
#4378 = LINE('',#4379,#4380);
#4379 = CARTESIAN_POINT('',(7.336666666667,-0.283333333333,
    -5.866666666667));
#4380 = VECTOR('',#4381,1.);
#4381 = DIRECTION('',(0.57735026919,0.57735026919,-0.57735026919));
#4382 = ORIENTED_EDGE('',*,*,#1548,.T.);
#4383 = ORIENTED_EDGE('',*,*,#4384,.T.);
#4384 = EDGE_CURVE('',#1541,#4385,#4387,.T.);
#4385 = VERTEX_POINT('',#4386);
#4386 = CARTESIAN_POINT('',(7.77,-0.15,-6.));
#4387 = LINE('',#4388,#4389);
#4388 = CARTESIAN_POINT('',(7.786666666667,-0.166666666667,
    -5.983333333333));
#4389 = VECTOR('',#4390,1.);
#4390 = DIRECTION('',(-0.57735026919,0.57735026919,-0.57735026919));
#4391 = ORIENTED_EDGE('',*,*,#4392,.F.);
#4392 = EDGE_CURVE('',#4376,#4385,#4393,.T.);
#4393 = LINE('',#4394,#4395);
#4394 = CARTESIAN_POINT('',(7.27,-0.15,-6.));
#4395 = VECTOR('',#4396,1.);
#4396 = DIRECTION('',(1.,0.,0.));
#4397 = PLANE('',#4398);
#4398 = AXIS2_PLACEMENT_3D('',#4399,#4400,#4401);
#4399 = CARTESIAN_POINT('',(7.27,-0.25,-5.9));
#4400 = DIRECTION('',(1.735417226645E-18,-0.707106781187,-0.707106781187
    ));
#4401 = DIRECTION('',(-1.,-1.227125289148E-18,-1.227125289148E-18));
#4402 = ADVANCED_FACE('',(#4403),#4428,.T.);
#4403 = FACE_BOUND('',#4404,.F.);
#4404 = EDGE_LOOP('',(#4405,#4413,#4414,#4422));
#4405 = ORIENTED_EDGE('',*,*,#4406,.F.);
#4406 = EDGE_CURVE('',#1580,#4407,#4409,.T.);
#4407 = VERTEX_POINT('',#4408);
#4408 = CARTESIAN_POINT('',(24.18,-0.15,-6.));
#4409 = LINE('',#4410,#4411);
#4410 = CARTESIAN_POINT('',(24.046666666667,-0.283333333333,
    -5.866666666667));
#4411 = VECTOR('',#4412,1.);
#4412 = DIRECTION('',(0.57735026919,0.57735026919,-0.57735026919));
#4413 = ORIENTED_EDGE('',*,*,#1579,.T.);
#4414 = ORIENTED_EDGE('',*,*,#4415,.T.);
#4415 = EDGE_CURVE('',#1572,#4416,#4418,.T.);
#4416 = VERTEX_POINT('',#4417);
#4417 = CARTESIAN_POINT('',(24.48,-0.15,-6.));
#4418 = LINE('',#4419,#4420);
#4419 = CARTESIAN_POINT('',(24.496666666667,-0.166666666667,
    -5.983333333333));
#4420 = VECTOR('',#4421,1.);
#4421 = DIRECTION('',(-0.57735026919,0.57735026919,-0.57735026919));
#4422 = ORIENTED_EDGE('',*,*,#4423,.F.);
#4423 = EDGE_CURVE('',#4407,#4416,#4424,.T.);
#4424 = LINE('',#4425,#4426);
#4425 = CARTESIAN_POINT('',(23.98,-0.15,-6.));
#4426 = VECTOR('',#4427,1.);
#4427 = DIRECTION('',(1.,0.,0.));
#4428 = PLANE('',#4429);
#4429 = AXIS2_PLACEMENT_3D('',#4430,#4431,#4432);
#4430 = CARTESIAN_POINT('',(23.98,-0.25,-5.9));
#4431 = DIRECTION('',(1.735417226645E-18,-0.707106781187,-0.707106781187
    ));
#4432 = DIRECTION('',(-1.,-1.227125289148E-18,-1.227125289148E-18));
#4433 = ADVANCED_FACE('',(#4434),#4459,.T.);
#4434 = FACE_BOUND('',#4435,.F.);
#4435 = EDGE_LOOP('',(#4436,#4444,#4445,#4453));
#4436 = ORIENTED_EDGE('',*,*,#4437,.F.);
#4437 = EDGE_CURVE('',#1611,#4438,#4440,.T.);
#4438 = VERTEX_POINT('',#4439);
#4439 = CARTESIAN_POINT('',(26.72,-0.15,-6.));
#4440 = LINE('',#4441,#4442);
#4441 = CARTESIAN_POINT('',(26.586666666667,-0.283333333333,
    -5.866666666667));
#4442 = VECTOR('',#4443,1.);
#4443 = DIRECTION('',(0.57735026919,0.57735026919,-0.57735026919));
#4444 = ORIENTED_EDGE('',*,*,#1610,.T.);
#4445 = ORIENTED_EDGE('',*,*,#4446,.T.);
#4446 = EDGE_CURVE('',#1603,#4447,#4449,.T.);
#4447 = VERTEX_POINT('',#4448);
#4448 = CARTESIAN_POINT('',(27.02,-0.15,-6.));
#4449 = LINE('',#4450,#4451);
#4450 = CARTESIAN_POINT('',(27.036666666667,-0.166666666667,
    -5.983333333333));
#4451 = VECTOR('',#4452,1.);
#4452 = DIRECTION('',(-0.57735026919,0.57735026919,-0.57735026919));
#4453 = ORIENTED_EDGE('',*,*,#4454,.F.);
#4454 = EDGE_CURVE('',#4438,#4447,#4455,.T.);
#4455 = LINE('',#4456,#4457);
#4456 = CARTESIAN_POINT('',(26.52,-0.15,-6.));
#4457 = VECTOR('',#4458,1.);
#4458 = DIRECTION('',(1.,0.,0.));
#4459 = PLANE('',#4460);
#4460 = AXIS2_PLACEMENT_3D('',#4461,#4462,#4463);
#4461 = CARTESIAN_POINT('',(26.52,-0.25,-5.9));
#4462 = DIRECTION('',(1.735417226645E-18,-0.707106781187,-0.707106781187
    ));
#4463 = DIRECTION('',(-1.,-1.227125289148E-18,-1.227125289148E-18));
#4464 = ADVANCED_FACE('',(#4465),#4490,.T.);
#4465 = FACE_BOUND('',#4466,.T.);
#4466 = EDGE_LOOP('',(#4467,#4475,#4483,#4489));
#4467 = ORIENTED_EDGE('',*,*,#4468,.F.);
#4468 = EDGE_CURVE('',#4469,#1636,#4471,.T.);
#4469 = VERTEX_POINT('',#4470);
#4470 = CARTESIAN_POINT('',(-0.35,-1.95,1.5));
#4471 = LINE('',#4472,#4473);
#4472 = CARTESIAN_POINT('',(-0.35,-2.15,1.5));
#4473 = VECTOR('',#4474,1.);
#4474 = DIRECTION('',(0.,1.,0.));
#4475 = ORIENTED_EDGE('',*,*,#4476,.T.);
#4476 = EDGE_CURVE('',#4469,#4477,#4479,.T.);
#4477 = VERTEX_POINT('',#4478);
#4478 = CARTESIAN_POINT('',(0.35,-1.95,1.5));
#4479 = LINE('',#4480,#4481);
#4480 = CARTESIAN_POINT('',(-0.35,-1.95,1.5));
#4481 = VECTOR('',#4482,1.);
#4482 = DIRECTION('',(1.,0.,0.));
#4483 = ORIENTED_EDGE('',*,*,#4484,.T.);
#4484 = EDGE_CURVE('',#4477,#1638,#4485,.T.);
#4485 = LINE('',#4486,#4487);
#4486 = CARTESIAN_POINT('',(0.35,-2.15,1.5));
#4487 = VECTOR('',#4488,1.);
#4488 = DIRECTION('',(0.,1.,0.));
#4489 = ORIENTED_EDGE('',*,*,#1635,.F.);
#4490 = PLANE('',#4491);
#4491 = AXIS2_PLACEMENT_3D('',#4492,#4493,#4494);
#4492 = CARTESIAN_POINT('',(-0.35,-2.15,1.5));
#4493 = DIRECTION('',(0.,0.,1.));
#4494 = DIRECTION('',(1.,0.,0.));
#4495 = ADVANCED_FACE('',(#4496),#4514,.T.);
#4496 = FACE_BOUND('',#4497,.T.);
#4497 = EDGE_LOOP('',(#4498,#4499,#4507,#4513));
#4498 = ORIENTED_EDGE('',*,*,#4484,.F.);
#4499 = ORIENTED_EDGE('',*,*,#4500,.F.);
#4500 = EDGE_CURVE('',#4501,#4477,#4503,.T.);
#4501 = VERTEX_POINT('',#4502);
#4502 = CARTESIAN_POINT('',(0.35,-1.95,0.8));
#4503 = LINE('',#4504,#4505);
#4504 = CARTESIAN_POINT('',(0.35,-1.95,0.8));
#4505 = VECTOR('',#4506,1.);
#4506 = DIRECTION('',(0.,0.,1.));
#4507 = ORIENTED_EDGE('',*,*,#4508,.T.);
#4508 = EDGE_CURVE('',#4501,#1654,#4509,.T.);
#4509 = LINE('',#4510,#4511);
#4510 = CARTESIAN_POINT('',(0.35,-2.15,0.8));
#4511 = VECTOR('',#4512,1.);
#4512 = DIRECTION('',(0.,1.,0.));
#4513 = ORIENTED_EDGE('',*,*,#1661,.F.);
#4514 = PLANE('',#4515);
#4515 = AXIS2_PLACEMENT_3D('',#4516,#4517,#4518);
#4516 = CARTESIAN_POINT('',(0.35,-2.15,0.8));
#4517 = DIRECTION('',(1.,0.,0.));
#4518 = DIRECTION('',(0.,0.,1.));
#4519 = ADVANCED_FACE('',(#4520),#4538,.F.);
#4520 = FACE_BOUND('',#4521,.F.);
#4521 = EDGE_LOOP('',(#4522,#4530,#4536,#4537));
#4522 = ORIENTED_EDGE('',*,*,#4523,.F.);
#4523 = EDGE_CURVE('',#4524,#1646,#4526,.T.);
#4524 = VERTEX_POINT('',#4525);
#4525 = CARTESIAN_POINT('',(-0.35,-1.95,0.8));
#4526 = LINE('',#4527,#4528);
#4527 = CARTESIAN_POINT('',(-0.35,-2.15,0.8));
#4528 = VECTOR('',#4529,1.);
#4529 = DIRECTION('',(0.,1.,0.));
#4530 = ORIENTED_EDGE('',*,*,#4531,.T.);
#4531 = EDGE_CURVE('',#4524,#4501,#4532,.T.);
#4532 = LINE('',#4533,#4534);
#4533 = CARTESIAN_POINT('',(-0.35,-1.95,0.8));
#4534 = VECTOR('',#4535,1.);
#4535 = DIRECTION('',(1.,0.,0.));
#4536 = ORIENTED_EDGE('',*,*,#4508,.T.);
#4537 = ORIENTED_EDGE('',*,*,#1653,.F.);
#4538 = PLANE('',#4539);
#4539 = AXIS2_PLACEMENT_3D('',#4540,#4541,#4542);
#4540 = CARTESIAN_POINT('',(-0.35,-2.15,0.8));
#4541 = DIRECTION('',(0.,0.,1.));
#4542 = DIRECTION('',(1.,0.,0.));
#4543 = ADVANCED_FACE('',(#4544),#4555,.F.);
#4544 = FACE_BOUND('',#4545,.F.);
#4545 = EDGE_LOOP('',(#4546,#4547,#4553,#4554));
#4546 = ORIENTED_EDGE('',*,*,#4468,.F.);
#4547 = ORIENTED_EDGE('',*,*,#4548,.F.);
#4548 = EDGE_CURVE('',#4524,#4469,#4549,.T.);
#4549 = LINE('',#4550,#4551);
#4550 = CARTESIAN_POINT('',(-0.35,-1.95,0.8));
#4551 = VECTOR('',#4552,1.);
#4552 = DIRECTION('',(0.,0.,1.));
#4553 = ORIENTED_EDGE('',*,*,#4523,.T.);
#4554 = ORIENTED_EDGE('',*,*,#1645,.F.);
#4555 = PLANE('',#4556);
#4556 = AXIS2_PLACEMENT_3D('',#4557,#4558,#4559);
#4557 = CARTESIAN_POINT('',(-0.35,-2.15,0.8));
#4558 = DIRECTION('',(1.,0.,0.));
#4559 = DIRECTION('',(0.,0.,1.));
#4560 = ADVANCED_FACE('',(#4561),#4586,.T.);
#4561 = FACE_BOUND('',#4562,.T.);
#4562 = EDGE_LOOP('',(#4563,#4571,#4579,#4585));
#4563 = ORIENTED_EDGE('',*,*,#4564,.F.);
#4564 = EDGE_CURVE('',#4565,#1679,#4567,.T.);
#4565 = VERTEX_POINT('',#4566);
#4566 = CARTESIAN_POINT('',(2.19,-1.95,1.5));
#4567 = LINE('',#4568,#4569);
#4568 = CARTESIAN_POINT('',(2.19,-2.15,1.5));
#4569 = VECTOR('',#4570,1.);
#4570 = DIRECTION('',(0.,1.,0.));
#4571 = ORIENTED_EDGE('',*,*,#4572,.T.);
#4572 = EDGE_CURVE('',#4565,#4573,#4575,.T.);
#4573 = VERTEX_POINT('',#4574);
#4574 = CARTESIAN_POINT('',(2.89,-1.95,1.5));
#4575 = LINE('',#4576,#4577);
#4576 = CARTESIAN_POINT('',(2.19,-1.95,1.5));
#4577 = VECTOR('',#4578,1.);
#4578 = DIRECTION('',(1.,0.,0.));
#4579 = ORIENTED_EDGE('',*,*,#4580,.T.);
#4580 = EDGE_CURVE('',#4573,#1681,#4581,.T.);
#4581 = LINE('',#4582,#4583);
#4582 = CARTESIAN_POINT('',(2.89,-2.15,1.5));
#4583 = VECTOR('',#4584,1.);
#4584 = DIRECTION('',(0.,1.,0.));
#4585 = ORIENTED_EDGE('',*,*,#1678,.F.);
#4586 = PLANE('',#4587);
#4587 = AXIS2_PLACEMENT_3D('',#4588,#4589,#4590);
#4588 = CARTESIAN_POINT('',(2.19,-2.15,1.5));
#4589 = DIRECTION('',(0.,0.,1.));
#4590 = DIRECTION('',(1.,0.,0.));
#4591 = ADVANCED_FACE('',(#4592),#4610,.T.);
#4592 = FACE_BOUND('',#4593,.T.);
#4593 = EDGE_LOOP('',(#4594,#4595,#4603,#4609));
#4594 = ORIENTED_EDGE('',*,*,#4580,.F.);
#4595 = ORIENTED_EDGE('',*,*,#4596,.F.);
#4596 = EDGE_CURVE('',#4597,#4573,#4599,.T.);
#4597 = VERTEX_POINT('',#4598);
#4598 = CARTESIAN_POINT('',(2.89,-1.95,0.8));
#4599 = LINE('',#4600,#4601);
#4600 = CARTESIAN_POINT('',(2.89,-1.95,0.8));
#4601 = VECTOR('',#4602,1.);
#4602 = DIRECTION('',(0.,0.,1.));
#4603 = ORIENTED_EDGE('',*,*,#4604,.T.);
#4604 = EDGE_CURVE('',#4597,#1697,#4605,.T.);
#4605 = LINE('',#4606,#4607);
#4606 = CARTESIAN_POINT('',(2.89,-2.15,0.8));
#4607 = VECTOR('',#4608,1.);
#4608 = DIRECTION('',(0.,1.,0.));
#4609 = ORIENTED_EDGE('',*,*,#1704,.F.);
#4610 = PLANE('',#4611);
#4611 = AXIS2_PLACEMENT_3D('',#4612,#4613,#4614);
#4612 = CARTESIAN_POINT('',(2.89,-2.15,0.8));
#4613 = DIRECTION('',(1.,0.,0.));
#4614 = DIRECTION('',(0.,0.,1.));
#4615 = ADVANCED_FACE('',(#4616),#4634,.F.);
#4616 = FACE_BOUND('',#4617,.F.);
#4617 = EDGE_LOOP('',(#4618,#4626,#4632,#4633));
#4618 = ORIENTED_EDGE('',*,*,#4619,.F.);
#4619 = EDGE_CURVE('',#4620,#1689,#4622,.T.);
#4620 = VERTEX_POINT('',#4621);
#4621 = CARTESIAN_POINT('',(2.19,-1.95,0.8));
#4622 = LINE('',#4623,#4624);
#4623 = CARTESIAN_POINT('',(2.19,-2.15,0.8));
#4624 = VECTOR('',#4625,1.);
#4625 = DIRECTION('',(0.,1.,0.));
#4626 = ORIENTED_EDGE('',*,*,#4627,.T.);
#4627 = EDGE_CURVE('',#4620,#4597,#4628,.T.);
#4628 = LINE('',#4629,#4630);
#4629 = CARTESIAN_POINT('',(2.19,-1.95,0.8));
#4630 = VECTOR('',#4631,1.);
#4631 = DIRECTION('',(1.,0.,0.));
#4632 = ORIENTED_EDGE('',*,*,#4604,.T.);
#4633 = ORIENTED_EDGE('',*,*,#1696,.F.);
#4634 = PLANE('',#4635);
#4635 = AXIS2_PLACEMENT_3D('',#4636,#4637,#4638);
#4636 = CARTESIAN_POINT('',(2.19,-2.15,0.8));
#4637 = DIRECTION('',(0.,0.,1.));
#4638 = DIRECTION('',(1.,0.,0.));
#4639 = ADVANCED_FACE('',(#4640),#4651,.F.);
#4640 = FACE_BOUND('',#4641,.F.);
#4641 = EDGE_LOOP('',(#4642,#4643,#4649,#4650));
#4642 = ORIENTED_EDGE('',*,*,#4564,.F.);
#4643 = ORIENTED_EDGE('',*,*,#4644,.F.);
#4644 = EDGE_CURVE('',#4620,#4565,#4645,.T.);
#4645 = LINE('',#4646,#4647);
#4646 = CARTESIAN_POINT('',(2.19,-1.95,0.8));
#4647 = VECTOR('',#4648,1.);
#4648 = DIRECTION('',(0.,0.,1.));
#4649 = ORIENTED_EDGE('',*,*,#4619,.T.);
#4650 = ORIENTED_EDGE('',*,*,#1688,.F.);
#4651 = PLANE('',#4652);
#4652 = AXIS2_PLACEMENT_3D('',#4653,#4654,#4655);
#4653 = CARTESIAN_POINT('',(2.19,-2.15,0.8));
#4654 = DIRECTION('',(1.,0.,0.));
#4655 = DIRECTION('',(0.,0.,1.));
#4656 = ADVANCED_FACE('',(#4657),#4682,.T.);
#4657 = FACE_BOUND('',#4658,.T.);
#4658 = EDGE_LOOP('',(#4659,#4667,#4675,#4681));
#4659 = ORIENTED_EDGE('',*,*,#4660,.F.);
#4660 = EDGE_CURVE('',#4661,#1722,#4663,.T.);
#4661 = VERTEX_POINT('',#4662);
#4662 = CARTESIAN_POINT('',(7.27,-1.95,1.5));
#4663 = LINE('',#4664,#4665);
#4664 = CARTESIAN_POINT('',(7.27,-2.15,1.5));
#4665 = VECTOR('',#4666,1.);
#4666 = DIRECTION('',(0.,1.,0.));
#4667 = ORIENTED_EDGE('',*,*,#4668,.T.);
#4668 = EDGE_CURVE('',#4661,#4669,#4671,.T.);
#4669 = VERTEX_POINT('',#4670);
#4670 = CARTESIAN_POINT('',(7.97,-1.95,1.5));
#4671 = LINE('',#4672,#4673);
#4672 = CARTESIAN_POINT('',(7.27,-1.95,1.5));
#4673 = VECTOR('',#4674,1.);
#4674 = DIRECTION('',(1.,0.,0.));
#4675 = ORIENTED_EDGE('',*,*,#4676,.T.);
#4676 = EDGE_CURVE('',#4669,#1724,#4677,.T.);
#4677 = LINE('',#4678,#4679);
#4678 = CARTESIAN_POINT('',(7.97,-2.15,1.5));
#4679 = VECTOR('',#4680,1.);
#4680 = DIRECTION('',(0.,1.,0.));
#4681 = ORIENTED_EDGE('',*,*,#1721,.F.);
#4682 = PLANE('',#4683);
#4683 = AXIS2_PLACEMENT_3D('',#4684,#4685,#4686);
#4684 = CARTESIAN_POINT('',(7.27,-2.15,1.5));
#4685 = DIRECTION('',(0.,0.,1.));
#4686 = DIRECTION('',(1.,0.,0.));
#4687 = ADVANCED_FACE('',(#4688),#4706,.T.);
#4688 = FACE_BOUND('',#4689,.T.);
#4689 = EDGE_LOOP('',(#4690,#4691,#4699,#4705));
#4690 = ORIENTED_EDGE('',*,*,#4676,.F.);
#4691 = ORIENTED_EDGE('',*,*,#4692,.F.);
#4692 = EDGE_CURVE('',#4693,#4669,#4695,.T.);
#4693 = VERTEX_POINT('',#4694);
#4694 = CARTESIAN_POINT('',(7.97,-1.95,0.8));
#4695 = LINE('',#4696,#4697);
#4696 = CARTESIAN_POINT('',(7.97,-1.95,0.8));
#4697 = VECTOR('',#4698,1.);
#4698 = DIRECTION('',(0.,0.,1.));
#4699 = ORIENTED_EDGE('',*,*,#4700,.T.);
#4700 = EDGE_CURVE('',#4693,#1740,#4701,.T.);
#4701 = LINE('',#4702,#4703);
#4702 = CARTESIAN_POINT('',(7.97,-2.15,0.8));
#4703 = VECTOR('',#4704,1.);
#4704 = DIRECTION('',(0.,1.,0.));
#4705 = ORIENTED_EDGE('',*,*,#1747,.F.);
#4706 = PLANE('',#4707);
#4707 = AXIS2_PLACEMENT_3D('',#4708,#4709,#4710);
#4708 = CARTESIAN_POINT('',(7.97,-2.15,0.8));
#4709 = DIRECTION('',(1.,0.,0.));
#4710 = DIRECTION('',(0.,0.,1.));
#4711 = ADVANCED_FACE('',(#4712),#4730,.F.);
#4712 = FACE_BOUND('',#4713,.F.);
#4713 = EDGE_LOOP('',(#4714,#4722,#4728,#4729));
#4714 = ORIENTED_EDGE('',*,*,#4715,.F.);
#4715 = EDGE_CURVE('',#4716,#1732,#4718,.T.);
#4716 = VERTEX_POINT('',#4717);
#4717 = CARTESIAN_POINT('',(7.27,-1.95,0.8));
#4718 = LINE('',#4719,#4720);
#4719 = CARTESIAN_POINT('',(7.27,-2.15,0.8));
#4720 = VECTOR('',#4721,1.);
#4721 = DIRECTION('',(0.,1.,0.));
#4722 = ORIENTED_EDGE('',*,*,#4723,.T.);
#4723 = EDGE_CURVE('',#4716,#4693,#4724,.T.);
#4724 = LINE('',#4725,#4726);
#4725 = CARTESIAN_POINT('',(7.27,-1.95,0.8));
#4726 = VECTOR('',#4727,1.);
#4727 = DIRECTION('',(1.,0.,0.));
#4728 = ORIENTED_EDGE('',*,*,#4700,.T.);
#4729 = ORIENTED_EDGE('',*,*,#1739,.F.);
#4730 = PLANE('',#4731);
#4731 = AXIS2_PLACEMENT_3D('',#4732,#4733,#4734);
#4732 = CARTESIAN_POINT('',(7.27,-2.15,0.8));
#4733 = DIRECTION('',(0.,0.,1.));
#4734 = DIRECTION('',(1.,0.,0.));
#4735 = ADVANCED_FACE('',(#4736),#4747,.F.);
#4736 = FACE_BOUND('',#4737,.F.);
#4737 = EDGE_LOOP('',(#4738,#4739,#4745,#4746));
#4738 = ORIENTED_EDGE('',*,*,#4660,.F.);
#4739 = ORIENTED_EDGE('',*,*,#4740,.F.);
#4740 = EDGE_CURVE('',#4716,#4661,#4741,.T.);
#4741 = LINE('',#4742,#4743);
#4742 = CARTESIAN_POINT('',(7.27,-1.95,0.8));
#4743 = VECTOR('',#4744,1.);
#4744 = DIRECTION('',(0.,0.,1.));
#4745 = ORIENTED_EDGE('',*,*,#4715,.T.);
#4746 = ORIENTED_EDGE('',*,*,#1731,.F.);
#4747 = PLANE('',#4748);
#4748 = AXIS2_PLACEMENT_3D('',#4749,#4750,#4751);
#4749 = CARTESIAN_POINT('',(7.27,-2.15,0.8));
#4750 = DIRECTION('',(1.,0.,0.));
#4751 = DIRECTION('',(0.,0.,1.));
#4752 = ADVANCED_FACE('',(#4753),#4778,.T.);
#4753 = FACE_BOUND('',#4754,.T.);
#4754 = EDGE_LOOP('',(#4755,#4763,#4771,#4777));
#4755 = ORIENTED_EDGE('',*,*,#4756,.F.);
#4756 = EDGE_CURVE('',#4757,#1765,#4759,.T.);
#4757 = VERTEX_POINT('',#4758);
#4758 = CARTESIAN_POINT('',(4.73,-1.95,1.5));
#4759 = LINE('',#4760,#4761);
#4760 = CARTESIAN_POINT('',(4.73,-2.15,1.5));
#4761 = VECTOR('',#4762,1.);
#4762 = DIRECTION('',(0.,1.,0.));
#4763 = ORIENTED_EDGE('',*,*,#4764,.T.);
#4764 = EDGE_CURVE('',#4757,#4765,#4767,.T.);
#4765 = VERTEX_POINT('',#4766);
#4766 = CARTESIAN_POINT('',(5.43,-1.95,1.5));
#4767 = LINE('',#4768,#4769);
#4768 = CARTESIAN_POINT('',(4.73,-1.95,1.5));
#4769 = VECTOR('',#4770,1.);
#4770 = DIRECTION('',(1.,0.,0.));
#4771 = ORIENTED_EDGE('',*,*,#4772,.T.);
#4772 = EDGE_CURVE('',#4765,#1767,#4773,.T.);
#4773 = LINE('',#4774,#4775);
#4774 = CARTESIAN_POINT('',(5.43,-2.15,1.5));
#4775 = VECTOR('',#4776,1.);
#4776 = DIRECTION('',(0.,1.,0.));
#4777 = ORIENTED_EDGE('',*,*,#1764,.F.);
#4778 = PLANE('',#4779);
#4779 = AXIS2_PLACEMENT_3D('',#4780,#4781,#4782);
#4780 = CARTESIAN_POINT('',(4.73,-2.15,1.5));
#4781 = DIRECTION('',(0.,0.,1.));
#4782 = DIRECTION('',(1.,0.,0.));
#4783 = ADVANCED_FACE('',(#4784),#4802,.T.);
#4784 = FACE_BOUND('',#4785,.T.);
#4785 = EDGE_LOOP('',(#4786,#4787,#4795,#4801));
#4786 = ORIENTED_EDGE('',*,*,#4772,.F.);
#4787 = ORIENTED_EDGE('',*,*,#4788,.F.);
#4788 = EDGE_CURVE('',#4789,#4765,#4791,.T.);
#4789 = VERTEX_POINT('',#4790);
#4790 = CARTESIAN_POINT('',(5.43,-1.95,0.8));
#4791 = LINE('',#4792,#4793);
#4792 = CARTESIAN_POINT('',(5.43,-1.95,0.8));
#4793 = VECTOR('',#4794,1.);
#4794 = DIRECTION('',(0.,0.,1.));
#4795 = ORIENTED_EDGE('',*,*,#4796,.T.);
#4796 = EDGE_CURVE('',#4789,#1783,#4797,.T.);
#4797 = LINE('',#4798,#4799);
#4798 = CARTESIAN_POINT('',(5.43,-2.15,0.8));
#4799 = VECTOR('',#4800,1.);
#4800 = DIRECTION('',(0.,1.,0.));
#4801 = ORIENTED_EDGE('',*,*,#1790,.F.);
#4802 = PLANE('',#4803);
#4803 = AXIS2_PLACEMENT_3D('',#4804,#4805,#4806);
#4804 = CARTESIAN_POINT('',(5.43,-2.15,0.8));
#4805 = DIRECTION('',(1.,0.,0.));
#4806 = DIRECTION('',(0.,0.,1.));
#4807 = ADVANCED_FACE('',(#4808),#4826,.F.);
#4808 = FACE_BOUND('',#4809,.F.);
#4809 = EDGE_LOOP('',(#4810,#4818,#4824,#4825));
#4810 = ORIENTED_EDGE('',*,*,#4811,.F.);
#4811 = EDGE_CURVE('',#4812,#1775,#4814,.T.);
#4812 = VERTEX_POINT('',#4813);
#4813 = CARTESIAN_POINT('',(4.73,-1.95,0.8));
#4814 = LINE('',#4815,#4816);
#4815 = CARTESIAN_POINT('',(4.73,-2.15,0.8));
#4816 = VECTOR('',#4817,1.);
#4817 = DIRECTION('',(0.,1.,0.));
#4818 = ORIENTED_EDGE('',*,*,#4819,.T.);
#4819 = EDGE_CURVE('',#4812,#4789,#4820,.T.);
#4820 = LINE('',#4821,#4822);
#4821 = CARTESIAN_POINT('',(4.73,-1.95,0.8));
#4822 = VECTOR('',#4823,1.);
#4823 = DIRECTION('',(1.,0.,0.));
#4824 = ORIENTED_EDGE('',*,*,#4796,.T.);
#4825 = ORIENTED_EDGE('',*,*,#1782,.F.);
#4826 = PLANE('',#4827);
#4827 = AXIS2_PLACEMENT_3D('',#4828,#4829,#4830);
#4828 = CARTESIAN_POINT('',(4.73,-2.15,0.8));
#4829 = DIRECTION('',(0.,0.,1.));
#4830 = DIRECTION('',(1.,0.,0.));
#4831 = ADVANCED_FACE('',(#4832),#4843,.F.);
#4832 = FACE_BOUND('',#4833,.F.);
#4833 = EDGE_LOOP('',(#4834,#4835,#4841,#4842));
#4834 = ORIENTED_EDGE('',*,*,#4756,.F.);
#4835 = ORIENTED_EDGE('',*,*,#4836,.F.);
#4836 = EDGE_CURVE('',#4812,#4757,#4837,.T.);
#4837 = LINE('',#4838,#4839);
#4838 = CARTESIAN_POINT('',(4.73,-1.95,0.8));
#4839 = VECTOR('',#4840,1.);
#4840 = DIRECTION('',(0.,0.,1.));
#4841 = ORIENTED_EDGE('',*,*,#4811,.T.);
#4842 = ORIENTED_EDGE('',*,*,#1774,.F.);
#4843 = PLANE('',#4844);
#4844 = AXIS2_PLACEMENT_3D('',#4845,#4846,#4847);
#4845 = CARTESIAN_POINT('',(4.73,-2.15,0.8));
#4846 = DIRECTION('',(1.,0.,0.));
#4847 = DIRECTION('',(0.,0.,1.));
#4848 = ADVANCED_FACE('',(#4849),#4874,.T.);
#4849 = FACE_BOUND('',#4850,.T.);
#4850 = EDGE_LOOP('',(#4851,#4859,#4867,#4873));
#4851 = ORIENTED_EDGE('',*,*,#4852,.F.);
#4852 = EDGE_CURVE('',#4853,#1808,#4855,.T.);
#4853 = VERTEX_POINT('',#4854);
#4854 = CARTESIAN_POINT('',(26.52,-1.95,1.5));
#4855 = LINE('',#4856,#4857);
#4856 = CARTESIAN_POINT('',(26.52,-2.15,1.5));
#4857 = VECTOR('',#4858,1.);
#4858 = DIRECTION('',(0.,1.,0.));
#4859 = ORIENTED_EDGE('',*,*,#4860,.T.);
#4860 = EDGE_CURVE('',#4853,#4861,#4863,.T.);
#4861 = VERTEX_POINT('',#4862);
#4862 = CARTESIAN_POINT('',(27.22,-1.95,1.5));
#4863 = LINE('',#4864,#4865);
#4864 = CARTESIAN_POINT('',(26.52,-1.95,1.5));
#4865 = VECTOR('',#4866,1.);
#4866 = DIRECTION('',(1.,0.,0.));
#4867 = ORIENTED_EDGE('',*,*,#4868,.T.);
#4868 = EDGE_CURVE('',#4861,#1810,#4869,.T.);
#4869 = LINE('',#4870,#4871);
#4870 = CARTESIAN_POINT('',(27.22,-2.15,1.5));
#4871 = VECTOR('',#4872,1.);
#4872 = DIRECTION('',(0.,1.,0.));
#4873 = ORIENTED_EDGE('',*,*,#1807,.F.);
#4874 = PLANE('',#4875);
#4875 = AXIS2_PLACEMENT_3D('',#4876,#4877,#4878);
#4876 = CARTESIAN_POINT('',(26.52,-2.15,1.5));
#4877 = DIRECTION('',(0.,0.,1.));
#4878 = DIRECTION('',(1.,0.,0.));
#4879 = ADVANCED_FACE('',(#4880),#4898,.T.);
#4880 = FACE_BOUND('',#4881,.T.);
#4881 = EDGE_LOOP('',(#4882,#4883,#4891,#4897));
#4882 = ORIENTED_EDGE('',*,*,#4868,.F.);
#4883 = ORIENTED_EDGE('',*,*,#4884,.F.);
#4884 = EDGE_CURVE('',#4885,#4861,#4887,.T.);
#4885 = VERTEX_POINT('',#4886);
#4886 = CARTESIAN_POINT('',(27.22,-1.95,0.8));
#4887 = LINE('',#4888,#4889);
#4888 = CARTESIAN_POINT('',(27.22,-1.95,0.8));
#4889 = VECTOR('',#4890,1.);
#4890 = DIRECTION('',(0.,0.,1.));
#4891 = ORIENTED_EDGE('',*,*,#4892,.T.);
#4892 = EDGE_CURVE('',#4885,#1826,#4893,.T.);
#4893 = LINE('',#4894,#4895);
#4894 = CARTESIAN_POINT('',(27.22,-2.15,0.8));
#4895 = VECTOR('',#4896,1.);
#4896 = DIRECTION('',(0.,1.,0.));
#4897 = ORIENTED_EDGE('',*,*,#1833,.F.);
#4898 = PLANE('',#4899);
#4899 = AXIS2_PLACEMENT_3D('',#4900,#4901,#4902);
#4900 = CARTESIAN_POINT('',(27.22,-2.15,0.8));
#4901 = DIRECTION('',(1.,0.,0.));
#4902 = DIRECTION('',(0.,0.,1.));
#4903 = ADVANCED_FACE('',(#4904),#4922,.F.);
#4904 = FACE_BOUND('',#4905,.F.);
#4905 = EDGE_LOOP('',(#4906,#4914,#4920,#4921));
#4906 = ORIENTED_EDGE('',*,*,#4907,.F.);
#4907 = EDGE_CURVE('',#4908,#1818,#4910,.T.);
#4908 = VERTEX_POINT('',#4909);
#4909 = CARTESIAN_POINT('',(26.52,-1.95,0.8));
#4910 = LINE('',#4911,#4912);
#4911 = CARTESIAN_POINT('',(26.52,-2.15,0.8));
#4912 = VECTOR('',#4913,1.);
#4913 = DIRECTION('',(0.,1.,0.));
#4914 = ORIENTED_EDGE('',*,*,#4915,.T.);
#4915 = EDGE_CURVE('',#4908,#4885,#4916,.T.);
#4916 = LINE('',#4917,#4918);
#4917 = CARTESIAN_POINT('',(26.52,-1.95,0.8));
#4918 = VECTOR('',#4919,1.);
#4919 = DIRECTION('',(1.,0.,0.));
#4920 = ORIENTED_EDGE('',*,*,#4892,.T.);
#4921 = ORIENTED_EDGE('',*,*,#1825,.F.);
#4922 = PLANE('',#4923);
#4923 = AXIS2_PLACEMENT_3D('',#4924,#4925,#4926);
#4924 = CARTESIAN_POINT('',(26.52,-2.15,0.8));
#4925 = DIRECTION('',(0.,0.,1.));
#4926 = DIRECTION('',(1.,0.,0.));
#4927 = ADVANCED_FACE('',(#4928),#4939,.F.);
#4928 = FACE_BOUND('',#4929,.F.);
#4929 = EDGE_LOOP('',(#4930,#4931,#4937,#4938));
#4930 = ORIENTED_EDGE('',*,*,#4852,.F.);
#4931 = ORIENTED_EDGE('',*,*,#4932,.F.);
#4932 = EDGE_CURVE('',#4908,#4853,#4933,.T.);
#4933 = LINE('',#4934,#4935);
#4934 = CARTESIAN_POINT('',(26.52,-1.95,0.8));
#4935 = VECTOR('',#4936,1.);
#4936 = DIRECTION('',(0.,0.,1.));
#4937 = ORIENTED_EDGE('',*,*,#4907,.T.);
#4938 = ORIENTED_EDGE('',*,*,#1817,.F.);
#4939 = PLANE('',#4940);
#4940 = AXIS2_PLACEMENT_3D('',#4941,#4942,#4943);
#4941 = CARTESIAN_POINT('',(26.52,-2.15,0.8));
#4942 = DIRECTION('',(1.,0.,0.));
#4943 = DIRECTION('',(0.,0.,1.));
#4944 = ADVANCED_FACE('',(#4945),#4970,.T.);
#4945 = FACE_BOUND('',#4946,.T.);
#4946 = EDGE_LOOP('',(#4947,#4955,#4963,#4969));
#4947 = ORIENTED_EDGE('',*,*,#4948,.F.);
#4948 = EDGE_CURVE('',#4949,#1851,#4951,.T.);
#4949 = VERTEX_POINT('',#4950);
#4950 = CARTESIAN_POINT('',(23.98,-1.95,1.5));
#4951 = LINE('',#4952,#4953);
#4952 = CARTESIAN_POINT('',(23.98,-2.15,1.5));
#4953 = VECTOR('',#4954,1.);
#4954 = DIRECTION('',(0.,1.,0.));
#4955 = ORIENTED_EDGE('',*,*,#4956,.T.);
#4956 = EDGE_CURVE('',#4949,#4957,#4959,.T.);
#4957 = VERTEX_POINT('',#4958);
#4958 = CARTESIAN_POINT('',(24.68,-1.95,1.5));
#4959 = LINE('',#4960,#4961);
#4960 = CARTESIAN_POINT('',(23.98,-1.95,1.5));
#4961 = VECTOR('',#4962,1.);
#4962 = DIRECTION('',(1.,0.,0.));
#4963 = ORIENTED_EDGE('',*,*,#4964,.T.);
#4964 = EDGE_CURVE('',#4957,#1853,#4965,.T.);
#4965 = LINE('',#4966,#4967);
#4966 = CARTESIAN_POINT('',(24.68,-2.15,1.5));
#4967 = VECTOR('',#4968,1.);
#4968 = DIRECTION('',(0.,1.,0.));
#4969 = ORIENTED_EDGE('',*,*,#1850,.F.);
#4970 = PLANE('',#4971);
#4971 = AXIS2_PLACEMENT_3D('',#4972,#4973,#4974);
#4972 = CARTESIAN_POINT('',(23.98,-2.15,1.5));
#4973 = DIRECTION('',(0.,0.,1.));
#4974 = DIRECTION('',(1.,0.,0.));
#4975 = ADVANCED_FACE('',(#4976),#4994,.T.);
#4976 = FACE_BOUND('',#4977,.T.);
#4977 = EDGE_LOOP('',(#4978,#4979,#4987,#4993));
#4978 = ORIENTED_EDGE('',*,*,#4964,.F.);
#4979 = ORIENTED_EDGE('',*,*,#4980,.F.);
#4980 = EDGE_CURVE('',#4981,#4957,#4983,.T.);
#4981 = VERTEX_POINT('',#4982);
#4982 = CARTESIAN_POINT('',(24.68,-1.95,0.8));
#4983 = LINE('',#4984,#4985);
#4984 = CARTESIAN_POINT('',(24.68,-1.95,0.8));
#4985 = VECTOR('',#4986,1.);
#4986 = DIRECTION('',(0.,0.,1.));
#4987 = ORIENTED_EDGE('',*,*,#4988,.T.);
#4988 = EDGE_CURVE('',#4981,#1869,#4989,.T.);
#4989 = LINE('',#4990,#4991);
#4990 = CARTESIAN_POINT('',(24.68,-2.15,0.8));
#4991 = VECTOR('',#4992,1.);
#4992 = DIRECTION('',(0.,1.,0.));
#4993 = ORIENTED_EDGE('',*,*,#1876,.F.);
#4994 = PLANE('',#4995);
#4995 = AXIS2_PLACEMENT_3D('',#4996,#4997,#4998);
#4996 = CARTESIAN_POINT('',(24.68,-2.15,0.8));
#4997 = DIRECTION('',(1.,0.,0.));
#4998 = DIRECTION('',(0.,0.,1.));
#4999 = ADVANCED_FACE('',(#5000),#5018,.F.);
#5000 = FACE_BOUND('',#5001,.F.);
#5001 = EDGE_LOOP('',(#5002,#5010,#5016,#5017));
#5002 = ORIENTED_EDGE('',*,*,#5003,.F.);
#5003 = EDGE_CURVE('',#5004,#1861,#5006,.T.);
#5004 = VERTEX_POINT('',#5005);
#5005 = CARTESIAN_POINT('',(23.98,-1.95,0.8));
#5006 = LINE('',#5007,#5008);
#5007 = CARTESIAN_POINT('',(23.98,-2.15,0.8));
#5008 = VECTOR('',#5009,1.);
#5009 = DIRECTION('',(0.,1.,0.));
#5010 = ORIENTED_EDGE('',*,*,#5011,.T.);
#5011 = EDGE_CURVE('',#5004,#4981,#5012,.T.);
#5012 = LINE('',#5013,#5014);
#5013 = CARTESIAN_POINT('',(23.98,-1.95,0.8));
#5014 = VECTOR('',#5015,1.);
#5015 = DIRECTION('',(1.,0.,0.));
#5016 = ORIENTED_EDGE('',*,*,#4988,.T.);
#5017 = ORIENTED_EDGE('',*,*,#1868,.F.);
#5018 = PLANE('',#5019);
#5019 = AXIS2_PLACEMENT_3D('',#5020,#5021,#5022);
#5020 = CARTESIAN_POINT('',(23.98,-2.15,0.8));
#5021 = DIRECTION('',(0.,0.,1.));
#5022 = DIRECTION('',(1.,0.,0.));
#5023 = ADVANCED_FACE('',(#5024),#5035,.F.);
#5024 = FACE_BOUND('',#5025,.F.);
#5025 = EDGE_LOOP('',(#5026,#5027,#5033,#5034));
#5026 = ORIENTED_EDGE('',*,*,#4948,.F.);
#5027 = ORIENTED_EDGE('',*,*,#5028,.F.);
#5028 = EDGE_CURVE('',#5004,#4949,#5029,.T.);
#5029 = LINE('',#5030,#5031);
#5030 = CARTESIAN_POINT('',(23.98,-1.95,0.8));
#5031 = VECTOR('',#5032,1.);
#5032 = DIRECTION('',(0.,0.,1.));
#5033 = ORIENTED_EDGE('',*,*,#5003,.T.);
#5034 = ORIENTED_EDGE('',*,*,#1860,.F.);
#5035 = PLANE('',#5036);
#5036 = AXIS2_PLACEMENT_3D('',#5037,#5038,#5039);
#5037 = CARTESIAN_POINT('',(23.98,-2.15,0.8));
#5038 = DIRECTION('',(1.,0.,0.));
#5039 = DIRECTION('',(0.,0.,1.));
#5040 = ADVANCED_FACE('',(#5041),#5057,.T.);
#5041 = FACE_BOUND('',#5042,.T.);
#5042 = EDGE_LOOP('',(#5043,#5044,#5050,#5051));
#5043 = ORIENTED_EDGE('',*,*,#1890,.F.);
#5044 = ORIENTED_EDGE('',*,*,#5045,.T.);
#5045 = EDGE_CURVE('',#1891,#1948,#5046,.T.);
#5046 = LINE('',#5047,#5048);
#5047 = CARTESIAN_POINT('',(-0.175,-0.34,1.5));
#5048 = VECTOR('',#5049,1.);
#5049 = DIRECTION('',(1.,0.,0.));
#5050 = ORIENTED_EDGE('',*,*,#1947,.T.);
#5051 = ORIENTED_EDGE('',*,*,#5052,.F.);
#5052 = EDGE_CURVE('',#1893,#1950,#5053,.T.);
#5053 = LINE('',#5054,#5055);
#5054 = CARTESIAN_POINT('',(-0.35,-0.25,1.5));
#5055 = VECTOR('',#5056,1.);
#5056 = DIRECTION('',(1.,0.,0.));
#5057 = PLANE('',#5058);
#5058 = AXIS2_PLACEMENT_3D('',#5059,#5060,#5061);
#5059 = CARTESIAN_POINT('',(-0.35,-0.35,1.5));
#5060 = DIRECTION('',(0.,0.,1.));
#5061 = DIRECTION('',(1.,0.,0.));
#5062 = ADVANCED_FACE('',(#5063),#5074,.T.);
#5063 = FACE_BOUND('',#5064,.F.);
#5064 = EDGE_LOOP('',(#5065,#5066,#5072,#5073));
#5065 = ORIENTED_EDGE('',*,*,#1932,.T.);
#5066 = ORIENTED_EDGE('',*,*,#5067,.T.);
#5067 = EDGE_CURVE('',#1925,#1982,#5068,.T.);
#5068 = LINE('',#5069,#5070);
#5069 = CARTESIAN_POINT('',(-0.35,0.35,0.9));
#5070 = VECTOR('',#5071,1.);
#5071 = DIRECTION('',(1.,0.,0.));
#5072 = ORIENTED_EDGE('',*,*,#1989,.F.);
#5073 = ORIENTED_EDGE('',*,*,#5052,.F.);
#5074 = CYLINDRICAL_SURFACE('',#5075,0.6);
#5075 = AXIS2_PLACEMENT_3D('',#5076,#5077,#5078);
#5076 = CARTESIAN_POINT('',(-0.35,-0.25,0.9));
#5077 = DIRECTION('',(1.,0.,0.));
#5078 = DIRECTION('',(0.,0.,1.));
#5079 = ADVANCED_FACE('',(#5080),#5091,.T.);
#5080 = FACE_BOUND('',#5081,.T.);
#5081 = EDGE_LOOP('',(#5082,#5083,#5089,#5090));
#5082 = ORIENTED_EDGE('',*,*,#1981,.F.);
#5083 = ORIENTED_EDGE('',*,*,#5084,.F.);
#5084 = EDGE_CURVE('',#1917,#1974,#5085,.T.);
#5085 = LINE('',#5086,#5087);
#5086 = CARTESIAN_POINT('',(-0.35,0.35,-5.8));
#5087 = VECTOR('',#5088,1.);
#5088 = DIRECTION('',(1.,0.,0.));
#5089 = ORIENTED_EDGE('',*,*,#1924,.T.);
#5090 = ORIENTED_EDGE('',*,*,#5067,.T.);
#5091 = PLANE('',#5092);
#5092 = AXIS2_PLACEMENT_3D('',#5093,#5094,#5095);
#5093 = CARTESIAN_POINT('',(-0.35,0.35,-6.));
#5094 = DIRECTION('',(0.,1.,0.));
#5095 = DIRECTION('',(0.,0.,1.));
#5096 = ADVANCED_FACE('',(#5097),#5115,.T.);
#5097 = FACE_BOUND('',#5098,.T.);
#5098 = EDGE_LOOP('',(#5099,#5100,#5101,#5109));
#5099 = ORIENTED_EDGE('',*,*,#4282,.F.);
#5100 = ORIENTED_EDGE('',*,*,#1916,.T.);
#5101 = ORIENTED_EDGE('',*,*,#5102,.T.);
#5102 = EDGE_CURVE('',#1917,#5103,#5105,.T.);
#5103 = VERTEX_POINT('',#5104);
#5104 = CARTESIAN_POINT('',(-0.15,0.15,-6.));
#5105 = LINE('',#5106,#5107);
#5106 = CARTESIAN_POINT('',(-0.166666666667,0.166666666667,
    -5.983333333333));
#5107 = VECTOR('',#5108,1.);
#5108 = DIRECTION('',(0.57735026919,-0.57735026919,-0.57735026919));
#5109 = ORIENTED_EDGE('',*,*,#5110,.F.);
#5110 = EDGE_CURVE('',#4283,#5103,#5111,.T.);
#5111 = LINE('',#5112,#5113);
#5112 = CARTESIAN_POINT('',(-0.15,-0.35,-6.));
#5113 = VECTOR('',#5114,1.);
#5114 = DIRECTION('',(0.,1.,0.));
#5115 = PLANE('',#5116);
#5116 = AXIS2_PLACEMENT_3D('',#5117,#5118,#5119);
#5117 = CARTESIAN_POINT('',(-0.25,-0.35,-5.9));
#5118 = DIRECTION('',(-0.707106781187,-1.735417226645E-18,
    -0.707106781187));
#5119 = DIRECTION('',(-1.227125289148E-18,1.,-1.227125289148E-18));
#5120 = ADVANCED_FACE('',(#5121),#5142,.T.);
#5121 = FACE_BOUND('',#5122,.T.);
#5122 = EDGE_LOOP('',(#5123,#5132,#5139,#5140,#5141));
#5123 = ORIENTED_EDGE('',*,*,#5124,.T.);
#5124 = EDGE_CURVE('',#1901,#5125,#5127,.T.);
#5125 = VERTEX_POINT('',#5126);
#5126 = CARTESIAN_POINT('',(0.6,-0.34,1.15));
#5127 = CIRCLE('',#5128,0.6);
#5128 = AXIS2_PLACEMENT_3D('',#5129,#5130,#5131);
#5129 = CARTESIAN_POINT('',(0.,-0.34,1.15));
#5130 = DIRECTION('',(-0.,1.,2.22044604925E-16));
#5131 = DIRECTION('',(1.,0.,0.));
#5132 = ORIENTED_EDGE('',*,*,#5133,.T.);
#5133 = EDGE_CURVE('',#5125,#1958,#5134,.T.);
#5134 = CIRCLE('',#5135,0.6);
#5135 = AXIS2_PLACEMENT_3D('',#5136,#5137,#5138);
#5136 = CARTESIAN_POINT('',(0.,-0.34,1.15));
#5137 = DIRECTION('',(-0.,1.,2.22044604925E-16));
#5138 = DIRECTION('',(1.,0.,0.));
#5139 = ORIENTED_EDGE('',*,*,#1957,.F.);
#5140 = ORIENTED_EDGE('',*,*,#5045,.F.);
#5141 = ORIENTED_EDGE('',*,*,#1900,.T.);
#5142 = PLANE('',#5143);
#5143 = AXIS2_PLACEMENT_3D('',#5144,#5145,#5146);
#5144 = CARTESIAN_POINT('',(0.,-0.34,1.15));
#5145 = DIRECTION('',(0.,1.,2.22044604925E-16));
#5146 = DIRECTION('',(1.,0.,0.));
#5147 = ADVANCED_FACE('',(#5148),#5166,.F.);
#5148 = FACE_BOUND('',#5149,.F.);
#5149 = EDGE_LOOP('',(#5150,#5151,#5152,#5160));
#5150 = ORIENTED_EDGE('',*,*,#4291,.F.);
#5151 = ORIENTED_EDGE('',*,*,#1973,.T.);
#5152 = ORIENTED_EDGE('',*,*,#5153,.T.);
#5153 = EDGE_CURVE('',#1974,#5154,#5156,.T.);
#5154 = VERTEX_POINT('',#5155);
#5155 = CARTESIAN_POINT('',(0.15,0.15,-6.));
#5156 = LINE('',#5157,#5158);
#5157 = CARTESIAN_POINT('',(5.E-02,5.E-02,-6.1));
#5158 = VECTOR('',#5159,1.);
#5159 = DIRECTION('',(-0.57735026919,-0.57735026919,-0.57735026919));
#5160 = ORIENTED_EDGE('',*,*,#5161,.F.);
#5161 = EDGE_CURVE('',#4292,#5154,#5162,.T.);
#5162 = LINE('',#5163,#5164);
#5163 = CARTESIAN_POINT('',(0.15,-0.35,-6.));
#5164 = VECTOR('',#5165,1.);
#5165 = DIRECTION('',(0.,1.,0.));
#5166 = PLANE('',#5167);
#5167 = AXIS2_PLACEMENT_3D('',#5168,#5169,#5170);
#5168 = CARTESIAN_POINT('',(0.25,-0.35,-5.9));
#5169 = DIRECTION('',(-0.707106781187,1.735417226645E-18,0.707106781187)
  );
#5170 = DIRECTION('',(1.227125289148E-18,1.,-1.227125289148E-18));
#5171 = ADVANCED_FACE('',(#5172),#5188,.T.);
#5172 = FACE_BOUND('',#5173,.T.);
#5173 = EDGE_LOOP('',(#5174,#5175,#5181,#5182));
#5174 = ORIENTED_EDGE('',*,*,#2004,.F.);
#5175 = ORIENTED_EDGE('',*,*,#5176,.T.);
#5176 = EDGE_CURVE('',#2005,#2062,#5177,.T.);
#5177 = LINE('',#5178,#5179);
#5178 = CARTESIAN_POINT('',(2.365,-0.34,1.5));
#5179 = VECTOR('',#5180,1.);
#5180 = DIRECTION('',(1.,0.,0.));
#5181 = ORIENTED_EDGE('',*,*,#2061,.T.);
#5182 = ORIENTED_EDGE('',*,*,#5183,.F.);
#5183 = EDGE_CURVE('',#2007,#2064,#5184,.T.);
#5184 = LINE('',#5185,#5186);
#5185 = CARTESIAN_POINT('',(2.19,-0.25,1.5));
#5186 = VECTOR('',#5187,1.);
#5187 = DIRECTION('',(1.,0.,0.));
#5188 = PLANE('',#5189);
#5189 = AXIS2_PLACEMENT_3D('',#5190,#5191,#5192);
#5190 = CARTESIAN_POINT('',(2.19,-0.35,1.5));
#5191 = DIRECTION('',(0.,0.,1.));
#5192 = DIRECTION('',(1.,0.,0.));
#5193 = ADVANCED_FACE('',(#5194),#5205,.T.);
#5194 = FACE_BOUND('',#5195,.F.);
#5195 = EDGE_LOOP('',(#5196,#5197,#5203,#5204));
#5196 = ORIENTED_EDGE('',*,*,#2046,.T.);
#5197 = ORIENTED_EDGE('',*,*,#5198,.T.);
#5198 = EDGE_CURVE('',#2039,#2096,#5199,.T.);
#5199 = LINE('',#5200,#5201);
#5200 = CARTESIAN_POINT('',(2.19,0.35,0.9));
#5201 = VECTOR('',#5202,1.);
#5202 = DIRECTION('',(1.,0.,0.));
#5203 = ORIENTED_EDGE('',*,*,#2103,.F.);
#5204 = ORIENTED_EDGE('',*,*,#5183,.F.);
#5205 = CYLINDRICAL_SURFACE('',#5206,0.6);
#5206 = AXIS2_PLACEMENT_3D('',#5207,#5208,#5209);
#5207 = CARTESIAN_POINT('',(2.19,-0.25,0.9));
#5208 = DIRECTION('',(1.,0.,0.));
#5209 = DIRECTION('',(0.,0.,1.));
#5210 = ADVANCED_FACE('',(#5211),#5222,.T.);
#5211 = FACE_BOUND('',#5212,.T.);
#5212 = EDGE_LOOP('',(#5213,#5214,#5220,#5221));
#5213 = ORIENTED_EDGE('',*,*,#2095,.F.);
#5214 = ORIENTED_EDGE('',*,*,#5215,.F.);
#5215 = EDGE_CURVE('',#2031,#2088,#5216,.T.);
#5216 = LINE('',#5217,#5218);
#5217 = CARTESIAN_POINT('',(2.19,0.35,-5.8));
#5218 = VECTOR('',#5219,1.);
#5219 = DIRECTION('',(1.,0.,0.));
#5220 = ORIENTED_EDGE('',*,*,#2038,.T.);
#5221 = ORIENTED_EDGE('',*,*,#5198,.T.);
#5222 = PLANE('',#5223);
#5223 = AXIS2_PLACEMENT_3D('',#5224,#5225,#5226);
#5224 = CARTESIAN_POINT('',(2.19,0.35,-6.));
#5225 = DIRECTION('',(0.,1.,0.));
#5226 = DIRECTION('',(0.,0.,1.));
#5227 = ADVANCED_FACE('',(#5228),#5246,.T.);
#5228 = FACE_BOUND('',#5229,.T.);
#5229 = EDGE_LOOP('',(#5230,#5231,#5232,#5240));
#5230 = ORIENTED_EDGE('',*,*,#4313,.F.);
#5231 = ORIENTED_EDGE('',*,*,#2030,.T.);
#5232 = ORIENTED_EDGE('',*,*,#5233,.T.);
#5233 = EDGE_CURVE('',#2031,#5234,#5236,.T.);
#5234 = VERTEX_POINT('',#5235);
#5235 = CARTESIAN_POINT('',(2.39,0.15,-6.));
#5236 = LINE('',#5237,#5238);
#5237 = CARTESIAN_POINT('',(2.373333333333,0.166666666667,
    -5.983333333333));
#5238 = VECTOR('',#5239,1.);
#5239 = DIRECTION('',(0.57735026919,-0.57735026919,-0.57735026919));
#5240 = ORIENTED_EDGE('',*,*,#5241,.F.);
#5241 = EDGE_CURVE('',#4314,#5234,#5242,.T.);
#5242 = LINE('',#5243,#5244);
#5243 = CARTESIAN_POINT('',(2.39,-0.35,-6.));
#5244 = VECTOR('',#5245,1.);
#5245 = DIRECTION('',(0.,1.,0.));
#5246 = PLANE('',#5247);
#5247 = AXIS2_PLACEMENT_3D('',#5248,#5249,#5250);
#5248 = CARTESIAN_POINT('',(2.29,-0.35,-5.9));
#5249 = DIRECTION('',(-0.707106781187,-1.735417226645E-18,
    -0.707106781187));
#5250 = DIRECTION('',(-1.227125289148E-18,1.,-1.227125289148E-18));
#5251 = ADVANCED_FACE('',(#5252),#5273,.T.);
#5252 = FACE_BOUND('',#5253,.T.);
#5253 = EDGE_LOOP('',(#5254,#5263,#5270,#5271,#5272));
#5254 = ORIENTED_EDGE('',*,*,#5255,.T.);
#5255 = EDGE_CURVE('',#2015,#5256,#5258,.T.);
#5256 = VERTEX_POINT('',#5257);
#5257 = CARTESIAN_POINT('',(3.14,-0.34,1.15));
#5258 = CIRCLE('',#5259,0.6);
#5259 = AXIS2_PLACEMENT_3D('',#5260,#5261,#5262);
#5260 = CARTESIAN_POINT('',(2.54,-0.34,1.15));
#5261 = DIRECTION('',(-0.,1.,2.22044604925E-16));
#5262 = DIRECTION('',(1.,0.,0.));
#5263 = ORIENTED_EDGE('',*,*,#5264,.T.);
#5264 = EDGE_CURVE('',#5256,#2072,#5265,.T.);
#5265 = CIRCLE('',#5266,0.6);
#5266 = AXIS2_PLACEMENT_3D('',#5267,#5268,#5269);
#5267 = CARTESIAN_POINT('',(2.54,-0.34,1.15));
#5268 = DIRECTION('',(-0.,1.,2.22044604925E-16));
#5269 = DIRECTION('',(1.,0.,0.));
#5270 = ORIENTED_EDGE('',*,*,#2071,.F.);
#5271 = ORIENTED_EDGE('',*,*,#5176,.F.);
#5272 = ORIENTED_EDGE('',*,*,#2014,.T.);
#5273 = PLANE('',#5274);
#5274 = AXIS2_PLACEMENT_3D('',#5275,#5276,#5277);
#5275 = CARTESIAN_POINT('',(2.54,-0.34,1.15));
#5276 = DIRECTION('',(0.,1.,2.22044604925E-16));
#5277 = DIRECTION('',(1.,0.,0.));
#5278 = ADVANCED_FACE('',(#5279),#5297,.F.);
#5279 = FACE_BOUND('',#5280,.F.);
#5280 = EDGE_LOOP('',(#5281,#5282,#5283,#5291));
#5281 = ORIENTED_EDGE('',*,*,#4322,.F.);
#5282 = ORIENTED_EDGE('',*,*,#2087,.T.);
#5283 = ORIENTED_EDGE('',*,*,#5284,.T.);
#5284 = EDGE_CURVE('',#2088,#5285,#5287,.T.);
#5285 = VERTEX_POINT('',#5286);
#5286 = CARTESIAN_POINT('',(2.69,0.15,-6.));
#5287 = LINE('',#5288,#5289);
#5288 = CARTESIAN_POINT('',(2.59,5.E-02,-6.1));
#5289 = VECTOR('',#5290,1.);
#5290 = DIRECTION('',(-0.57735026919,-0.57735026919,-0.57735026919));
#5291 = ORIENTED_EDGE('',*,*,#5292,.F.);
#5292 = EDGE_CURVE('',#4323,#5285,#5293,.T.);
#5293 = LINE('',#5294,#5295);
#5294 = CARTESIAN_POINT('',(2.69,-0.35,-6.));
#5295 = VECTOR('',#5296,1.);
#5296 = DIRECTION('',(0.,1.,0.));
#5297 = PLANE('',#5298);
#5298 = AXIS2_PLACEMENT_3D('',#5299,#5300,#5301);
#5299 = CARTESIAN_POINT('',(2.79,-0.35,-5.9));
#5300 = DIRECTION('',(-0.707106781187,1.735417226645E-18,0.707106781187)
  );
#5301 = DIRECTION('',(1.227125289148E-18,1.,-1.227125289148E-18));
#5302 = ADVANCED_FACE('',(#5303),#5319,.T.);
#5303 = FACE_BOUND('',#5304,.T.);
#5304 = EDGE_LOOP('',(#5305,#5306,#5312,#5313));
#5305 = ORIENTED_EDGE('',*,*,#2118,.F.);
#5306 = ORIENTED_EDGE('',*,*,#5307,.T.);
#5307 = EDGE_CURVE('',#2119,#2176,#5308,.T.);
#5308 = LINE('',#5309,#5310);
#5309 = CARTESIAN_POINT('',(4.905,-0.34,1.5));
#5310 = VECTOR('',#5311,1.);
#5311 = DIRECTION('',(1.,0.,0.));
#5312 = ORIENTED_EDGE('',*,*,#2175,.T.);
#5313 = ORIENTED_EDGE('',*,*,#5314,.F.);
#5314 = EDGE_CURVE('',#2121,#2178,#5315,.T.);
#5315 = LINE('',#5316,#5317);
#5316 = CARTESIAN_POINT('',(4.73,-0.25,1.5));
#5317 = VECTOR('',#5318,1.);
#5318 = DIRECTION('',(1.,0.,0.));
#5319 = PLANE('',#5320);
#5320 = AXIS2_PLACEMENT_3D('',#5321,#5322,#5323);
#5321 = CARTESIAN_POINT('',(4.73,-0.35,1.5));
#5322 = DIRECTION('',(0.,0.,1.));
#5323 = DIRECTION('',(1.,0.,0.));
#5324 = ADVANCED_FACE('',(#5325),#5336,.T.);
#5325 = FACE_BOUND('',#5326,.F.);
#5326 = EDGE_LOOP('',(#5327,#5328,#5334,#5335));
#5327 = ORIENTED_EDGE('',*,*,#2160,.T.);
#5328 = ORIENTED_EDGE('',*,*,#5329,.T.);
#5329 = EDGE_CURVE('',#2153,#2210,#5330,.T.);
#5330 = LINE('',#5331,#5332);
#5331 = CARTESIAN_POINT('',(4.73,0.35,0.9));
#5332 = VECTOR('',#5333,1.);
#5333 = DIRECTION('',(1.,0.,0.));
#5334 = ORIENTED_EDGE('',*,*,#2217,.F.);
#5335 = ORIENTED_EDGE('',*,*,#5314,.F.);
#5336 = CYLINDRICAL_SURFACE('',#5337,0.6);
#5337 = AXIS2_PLACEMENT_3D('',#5338,#5339,#5340);
#5338 = CARTESIAN_POINT('',(4.73,-0.25,0.9));
#5339 = DIRECTION('',(1.,0.,0.));
#5340 = DIRECTION('',(0.,0.,1.));
#5341 = ADVANCED_FACE('',(#5342),#5353,.T.);
#5342 = FACE_BOUND('',#5343,.T.);
#5343 = EDGE_LOOP('',(#5344,#5345,#5351,#5352));
#5344 = ORIENTED_EDGE('',*,*,#2209,.F.);
#5345 = ORIENTED_EDGE('',*,*,#5346,.F.);
#5346 = EDGE_CURVE('',#2145,#2202,#5347,.T.);
#5347 = LINE('',#5348,#5349);
#5348 = CARTESIAN_POINT('',(4.73,0.35,-5.8));
#5349 = VECTOR('',#5350,1.);
#5350 = DIRECTION('',(1.,0.,0.));
#5351 = ORIENTED_EDGE('',*,*,#2152,.T.);
#5352 = ORIENTED_EDGE('',*,*,#5329,.T.);
#5353 = PLANE('',#5354);
#5354 = AXIS2_PLACEMENT_3D('',#5355,#5356,#5357);
#5355 = CARTESIAN_POINT('',(4.73,0.35,-6.));
#5356 = DIRECTION('',(0.,1.,0.));
#5357 = DIRECTION('',(0.,0.,1.));
#5358 = ADVANCED_FACE('',(#5359),#5377,.T.);
#5359 = FACE_BOUND('',#5360,.T.);
#5360 = EDGE_LOOP('',(#5361,#5362,#5363,#5371));
#5361 = ORIENTED_EDGE('',*,*,#4344,.F.);
#5362 = ORIENTED_EDGE('',*,*,#2144,.T.);
#5363 = ORIENTED_EDGE('',*,*,#5364,.T.);
#5364 = EDGE_CURVE('',#2145,#5365,#5367,.T.);
#5365 = VERTEX_POINT('',#5366);
#5366 = CARTESIAN_POINT('',(4.93,0.15,-6.));
#5367 = LINE('',#5368,#5369);
#5368 = CARTESIAN_POINT('',(4.913333333333,0.166666666667,
    -5.983333333333));
#5369 = VECTOR('',#5370,1.);
#5370 = DIRECTION('',(0.57735026919,-0.57735026919,-0.57735026919));
#5371 = ORIENTED_EDGE('',*,*,#5372,.F.);
#5372 = EDGE_CURVE('',#4345,#5365,#5373,.T.);
#5373 = LINE('',#5374,#5375);
#5374 = CARTESIAN_POINT('',(4.93,-0.35,-6.));
#5375 = VECTOR('',#5376,1.);
#5376 = DIRECTION('',(0.,1.,0.));
#5377 = PLANE('',#5378);
#5378 = AXIS2_PLACEMENT_3D('',#5379,#5380,#5381);
#5379 = CARTESIAN_POINT('',(4.83,-0.35,-5.9));
#5380 = DIRECTION('',(-0.707106781187,-1.735417226645E-18,
    -0.707106781187));
#5381 = DIRECTION('',(-1.227125289148E-18,1.,-1.227125289148E-18));
#5382 = ADVANCED_FACE('',(#5383),#5404,.T.);
#5383 = FACE_BOUND('',#5384,.T.);
#5384 = EDGE_LOOP('',(#5385,#5394,#5401,#5402,#5403));
#5385 = ORIENTED_EDGE('',*,*,#5386,.T.);
#5386 = EDGE_CURVE('',#2129,#5387,#5389,.T.);
#5387 = VERTEX_POINT('',#5388);
#5388 = CARTESIAN_POINT('',(5.68,-0.34,1.15));
#5389 = CIRCLE('',#5390,0.6);
#5390 = AXIS2_PLACEMENT_3D('',#5391,#5392,#5393);
#5391 = CARTESIAN_POINT('',(5.08,-0.34,1.15));
#5392 = DIRECTION('',(-0.,1.,2.22044604925E-16));
#5393 = DIRECTION('',(1.,0.,0.));
#5394 = ORIENTED_EDGE('',*,*,#5395,.T.);
#5395 = EDGE_CURVE('',#5387,#2186,#5396,.T.);
#5396 = CIRCLE('',#5397,0.6);
#5397 = AXIS2_PLACEMENT_3D('',#5398,#5399,#5400);
#5398 = CARTESIAN_POINT('',(5.08,-0.34,1.15));
#5399 = DIRECTION('',(-0.,1.,2.22044604925E-16));
#5400 = DIRECTION('',(1.,0.,0.));
#5401 = ORIENTED_EDGE('',*,*,#2185,.F.);
#5402 = ORIENTED_EDGE('',*,*,#5307,.F.);
#5403 = ORIENTED_EDGE('',*,*,#2128,.T.);
#5404 = PLANE('',#5405);
#5405 = AXIS2_PLACEMENT_3D('',#5406,#5407,#5408);
#5406 = CARTESIAN_POINT('',(5.08,-0.34,1.15));
#5407 = DIRECTION('',(0.,1.,2.22044604925E-16));
#5408 = DIRECTION('',(1.,0.,0.));
#5409 = ADVANCED_FACE('',(#5410),#5428,.F.);
#5410 = FACE_BOUND('',#5411,.F.);
#5411 = EDGE_LOOP('',(#5412,#5413,#5414,#5422));
#5412 = ORIENTED_EDGE('',*,*,#4353,.F.);
#5413 = ORIENTED_EDGE('',*,*,#2201,.T.);
#5414 = ORIENTED_EDGE('',*,*,#5415,.T.);
#5415 = EDGE_CURVE('',#2202,#5416,#5418,.T.);
#5416 = VERTEX_POINT('',#5417);
#5417 = CARTESIAN_POINT('',(5.23,0.15,-6.));
#5418 = LINE('',#5419,#5420);
#5419 = CARTESIAN_POINT('',(5.13,5.E-02,-6.1));
#5420 = VECTOR('',#5421,1.);
#5421 = DIRECTION('',(-0.57735026919,-0.57735026919,-0.57735026919));
#5422 = ORIENTED_EDGE('',*,*,#5423,.F.);
#5423 = EDGE_CURVE('',#4354,#5416,#5424,.T.);
#5424 = LINE('',#5425,#5426);
#5425 = CARTESIAN_POINT('',(5.23,-0.35,-6.));
#5426 = VECTOR('',#5427,1.);
#5427 = DIRECTION('',(0.,1.,0.));
#5428 = PLANE('',#5429);
#5429 = AXIS2_PLACEMENT_3D('',#5430,#5431,#5432);
#5430 = CARTESIAN_POINT('',(5.33,-0.35,-5.9));
#5431 = DIRECTION('',(-0.707106781187,1.735417226645E-18,0.707106781187)
  );
#5432 = DIRECTION('',(1.227125289148E-18,1.,-1.227125289148E-18));
#5433 = ADVANCED_FACE('',(#5434),#5450,.T.);
#5434 = FACE_BOUND('',#5435,.T.);
#5435 = EDGE_LOOP('',(#5436,#5437,#5443,#5444));
#5436 = ORIENTED_EDGE('',*,*,#2232,.F.);
#5437 = ORIENTED_EDGE('',*,*,#5438,.T.);
#5438 = EDGE_CURVE('',#2233,#2290,#5439,.T.);
#5439 = LINE('',#5440,#5441);
#5440 = CARTESIAN_POINT('',(7.445,-0.34,1.5));
#5441 = VECTOR('',#5442,1.);
#5442 = DIRECTION('',(1.,0.,0.));
#5443 = ORIENTED_EDGE('',*,*,#2289,.T.);
#5444 = ORIENTED_EDGE('',*,*,#5445,.F.);
#5445 = EDGE_CURVE('',#2235,#2292,#5446,.T.);
#5446 = LINE('',#5447,#5448);
#5447 = CARTESIAN_POINT('',(7.27,-0.25,1.5));
#5448 = VECTOR('',#5449,1.);
#5449 = DIRECTION('',(1.,0.,0.));
#5450 = PLANE('',#5451);
#5451 = AXIS2_PLACEMENT_3D('',#5452,#5453,#5454);
#5452 = CARTESIAN_POINT('',(7.27,-0.35,1.5));
#5453 = DIRECTION('',(0.,0.,1.));
#5454 = DIRECTION('',(1.,0.,0.));
#5455 = ADVANCED_FACE('',(#5456),#5467,.T.);
#5456 = FACE_BOUND('',#5457,.F.);
#5457 = EDGE_LOOP('',(#5458,#5459,#5465,#5466));
#5458 = ORIENTED_EDGE('',*,*,#2274,.T.);
#5459 = ORIENTED_EDGE('',*,*,#5460,.T.);
#5460 = EDGE_CURVE('',#2267,#2324,#5461,.T.);
#5461 = LINE('',#5462,#5463);
#5462 = CARTESIAN_POINT('',(7.27,0.35,0.9));
#5463 = VECTOR('',#5464,1.);
#5464 = DIRECTION('',(1.,0.,0.));
#5465 = ORIENTED_EDGE('',*,*,#2331,.F.);
#5466 = ORIENTED_EDGE('',*,*,#5445,.F.);
#5467 = CYLINDRICAL_SURFACE('',#5468,0.6);
#5468 = AXIS2_PLACEMENT_3D('',#5469,#5470,#5471);
#5469 = CARTESIAN_POINT('',(7.27,-0.25,0.9));
#5470 = DIRECTION('',(1.,0.,0.));
#5471 = DIRECTION('',(0.,0.,1.));
#5472 = ADVANCED_FACE('',(#5473),#5484,.T.);
#5473 = FACE_BOUND('',#5474,.T.);
#5474 = EDGE_LOOP('',(#5475,#5476,#5482,#5483));
#5475 = ORIENTED_EDGE('',*,*,#2323,.F.);
#5476 = ORIENTED_EDGE('',*,*,#5477,.F.);
#5477 = EDGE_CURVE('',#2259,#2316,#5478,.T.);
#5478 = LINE('',#5479,#5480);
#5479 = CARTESIAN_POINT('',(7.27,0.35,-5.8));
#5480 = VECTOR('',#5481,1.);
#5481 = DIRECTION('',(1.,0.,0.));
#5482 = ORIENTED_EDGE('',*,*,#2266,.T.);
#5483 = ORIENTED_EDGE('',*,*,#5460,.T.);
#5484 = PLANE('',#5485);
#5485 = AXIS2_PLACEMENT_3D('',#5486,#5487,#5488);
#5486 = CARTESIAN_POINT('',(7.27,0.35,-6.));
#5487 = DIRECTION('',(0.,1.,0.));
#5488 = DIRECTION('',(0.,0.,1.));
#5489 = ADVANCED_FACE('',(#5490),#5508,.T.);
#5490 = FACE_BOUND('',#5491,.T.);
#5491 = EDGE_LOOP('',(#5492,#5493,#5494,#5502));
#5492 = ORIENTED_EDGE('',*,*,#4375,.F.);
#5493 = ORIENTED_EDGE('',*,*,#2258,.T.);
#5494 = ORIENTED_EDGE('',*,*,#5495,.T.);
#5495 = EDGE_CURVE('',#2259,#5496,#5498,.T.);
#5496 = VERTEX_POINT('',#5497);
#5497 = CARTESIAN_POINT('',(7.47,0.15,-6.));
#5498 = LINE('',#5499,#5500);
#5499 = CARTESIAN_POINT('',(7.453333333333,0.166666666667,
    -5.983333333333));
#5500 = VECTOR('',#5501,1.);
#5501 = DIRECTION('',(0.57735026919,-0.57735026919,-0.57735026919));
#5502 = ORIENTED_EDGE('',*,*,#5503,.F.);
#5503 = EDGE_CURVE('',#4376,#5496,#5504,.T.);
#5504 = LINE('',#5505,#5506);
#5505 = CARTESIAN_POINT('',(7.47,-0.35,-6.));
#5506 = VECTOR('',#5507,1.);
#5507 = DIRECTION('',(0.,1.,0.));
#5508 = PLANE('',#5509);
#5509 = AXIS2_PLACEMENT_3D('',#5510,#5511,#5512);
#5510 = CARTESIAN_POINT('',(7.37,-0.35,-5.9));
#5511 = DIRECTION('',(-0.707106781187,-1.735417226645E-18,
    -0.707106781187));
#5512 = DIRECTION('',(-1.227125289148E-18,1.,-1.227125289148E-18));
#5513 = ADVANCED_FACE('',(#5514),#5535,.T.);
#5514 = FACE_BOUND('',#5515,.T.);
#5515 = EDGE_LOOP('',(#5516,#5525,#5532,#5533,#5534));
#5516 = ORIENTED_EDGE('',*,*,#5517,.T.);
#5517 = EDGE_CURVE('',#2243,#5518,#5520,.T.);
#5518 = VERTEX_POINT('',#5519);
#5519 = CARTESIAN_POINT('',(8.22,-0.34,1.15));
#5520 = CIRCLE('',#5521,0.6);
#5521 = AXIS2_PLACEMENT_3D('',#5522,#5523,#5524);
#5522 = CARTESIAN_POINT('',(7.62,-0.34,1.15));
#5523 = DIRECTION('',(-0.,1.,2.22044604925E-16));
#5524 = DIRECTION('',(1.,0.,0.));
#5525 = ORIENTED_EDGE('',*,*,#5526,.T.);
#5526 = EDGE_CURVE('',#5518,#2300,#5527,.T.);
#5527 = CIRCLE('',#5528,0.6);
#5528 = AXIS2_PLACEMENT_3D('',#5529,#5530,#5531);
#5529 = CARTESIAN_POINT('',(7.62,-0.34,1.15));
#5530 = DIRECTION('',(-0.,1.,2.22044604925E-16));
#5531 = DIRECTION('',(1.,0.,0.));
#5532 = ORIENTED_EDGE('',*,*,#2299,.F.);
#5533 = ORIENTED_EDGE('',*,*,#5438,.F.);
#5534 = ORIENTED_EDGE('',*,*,#2242,.T.);
#5535 = PLANE('',#5536);
#5536 = AXIS2_PLACEMENT_3D('',#5537,#5538,#5539);
#5537 = CARTESIAN_POINT('',(7.62,-0.34,1.15));
#5538 = DIRECTION('',(0.,1.,2.22044604925E-16));
#5539 = DIRECTION('',(1.,0.,0.));
#5540 = ADVANCED_FACE('',(#5541),#5559,.F.);
#5541 = FACE_BOUND('',#5542,.F.);
#5542 = EDGE_LOOP('',(#5543,#5544,#5545,#5553));
#5543 = ORIENTED_EDGE('',*,*,#4384,.F.);
#5544 = ORIENTED_EDGE('',*,*,#2315,.T.);
#5545 = ORIENTED_EDGE('',*,*,#5546,.T.);
#5546 = EDGE_CURVE('',#2316,#5547,#5549,.T.);
#5547 = VERTEX_POINT('',#5548);
#5548 = CARTESIAN_POINT('',(7.77,0.15,-6.));
#5549 = LINE('',#5550,#5551);
#5550 = CARTESIAN_POINT('',(7.67,5.E-02,-6.1));
#5551 = VECTOR('',#5552,1.);
#5552 = DIRECTION('',(-0.57735026919,-0.57735026919,-0.57735026919));
#5553 = ORIENTED_EDGE('',*,*,#5554,.F.);
#5554 = EDGE_CURVE('',#4385,#5547,#5555,.T.);
#5555 = LINE('',#5556,#5557);
#5556 = CARTESIAN_POINT('',(7.77,-0.35,-6.));
#5557 = VECTOR('',#5558,1.);
#5558 = DIRECTION('',(0.,1.,0.));
#5559 = PLANE('',#5560);
#5560 = AXIS2_PLACEMENT_3D('',#5561,#5562,#5563);
#5561 = CARTESIAN_POINT('',(7.87,-0.35,-5.9));
#5562 = DIRECTION('',(-0.707106781187,1.735417226645E-18,0.707106781187)
  );
#5563 = DIRECTION('',(1.227125289148E-18,1.,-1.227125289148E-18));
#5564 = ADVANCED_FACE('',(#5565),#5581,.T.);
#5565 = FACE_BOUND('',#5566,.T.);
#5566 = EDGE_LOOP('',(#5567,#5568,#5574,#5575));
#5567 = ORIENTED_EDGE('',*,*,#2346,.F.);
#5568 = ORIENTED_EDGE('',*,*,#5569,.T.);
#5569 = EDGE_CURVE('',#2347,#2404,#5570,.T.);
#5570 = LINE('',#5571,#5572);
#5571 = CARTESIAN_POINT('',(24.155,-0.34,1.5));
#5572 = VECTOR('',#5573,1.);
#5573 = DIRECTION('',(1.,0.,0.));
#5574 = ORIENTED_EDGE('',*,*,#2403,.T.);
#5575 = ORIENTED_EDGE('',*,*,#5576,.F.);
#5576 = EDGE_CURVE('',#2349,#2406,#5577,.T.);
#5577 = LINE('',#5578,#5579);
#5578 = CARTESIAN_POINT('',(23.98,-0.25,1.5));
#5579 = VECTOR('',#5580,1.);
#5580 = DIRECTION('',(1.,0.,0.));
#5581 = PLANE('',#5582);
#5582 = AXIS2_PLACEMENT_3D('',#5583,#5584,#5585);
#5583 = CARTESIAN_POINT('',(23.98,-0.35,1.5));
#5584 = DIRECTION('',(0.,0.,1.));
#5585 = DIRECTION('',(1.,0.,0.));
#5586 = ADVANCED_FACE('',(#5587),#5598,.T.);
#5587 = FACE_BOUND('',#5588,.F.);
#5588 = EDGE_LOOP('',(#5589,#5590,#5596,#5597));
#5589 = ORIENTED_EDGE('',*,*,#2388,.T.);
#5590 = ORIENTED_EDGE('',*,*,#5591,.T.);
#5591 = EDGE_CURVE('',#2381,#2438,#5592,.T.);
#5592 = LINE('',#5593,#5594);
#5593 = CARTESIAN_POINT('',(23.98,0.35,0.9));
#5594 = VECTOR('',#5595,1.);
#5595 = DIRECTION('',(1.,0.,0.));
#5596 = ORIENTED_EDGE('',*,*,#2445,.F.);
#5597 = ORIENTED_EDGE('',*,*,#5576,.F.);
#5598 = CYLINDRICAL_SURFACE('',#5599,0.6);
#5599 = AXIS2_PLACEMENT_3D('',#5600,#5601,#5602);
#5600 = CARTESIAN_POINT('',(23.98,-0.25,0.9));
#5601 = DIRECTION('',(1.,0.,0.));
#5602 = DIRECTION('',(0.,0.,1.));
#5603 = ADVANCED_FACE('',(#5604),#5615,.T.);
#5604 = FACE_BOUND('',#5605,.T.);
#5605 = EDGE_LOOP('',(#5606,#5607,#5613,#5614));
#5606 = ORIENTED_EDGE('',*,*,#2437,.F.);
#5607 = ORIENTED_EDGE('',*,*,#5608,.F.);
#5608 = EDGE_CURVE('',#2373,#2430,#5609,.T.);
#5609 = LINE('',#5610,#5611);
#5610 = CARTESIAN_POINT('',(23.98,0.35,-5.8));
#5611 = VECTOR('',#5612,1.);
#5612 = DIRECTION('',(1.,0.,0.));
#5613 = ORIENTED_EDGE('',*,*,#2380,.T.);
#5614 = ORIENTED_EDGE('',*,*,#5591,.T.);
#5615 = PLANE('',#5616);
#5616 = AXIS2_PLACEMENT_3D('',#5617,#5618,#5619);
#5617 = CARTESIAN_POINT('',(23.98,0.35,-6.));
#5618 = DIRECTION('',(0.,1.,0.));
#5619 = DIRECTION('',(0.,0.,1.));
#5620 = ADVANCED_FACE('',(#5621),#5639,.T.);
#5621 = FACE_BOUND('',#5622,.T.);
#5622 = EDGE_LOOP('',(#5623,#5624,#5625,#5633));
#5623 = ORIENTED_EDGE('',*,*,#4406,.F.);
#5624 = ORIENTED_EDGE('',*,*,#2372,.T.);
#5625 = ORIENTED_EDGE('',*,*,#5626,.T.);
#5626 = EDGE_CURVE('',#2373,#5627,#5629,.T.);
#5627 = VERTEX_POINT('',#5628);
#5628 = CARTESIAN_POINT('',(24.18,0.15,-6.));
#5629 = LINE('',#5630,#5631);
#5630 = CARTESIAN_POINT('',(24.163333333333,0.166666666667,
    -5.983333333333));
#5631 = VECTOR('',#5632,1.);
#5632 = DIRECTION('',(0.57735026919,-0.57735026919,-0.57735026919));
#5633 = ORIENTED_EDGE('',*,*,#5634,.F.);
#5634 = EDGE_CURVE('',#4407,#5627,#5635,.T.);
#5635 = LINE('',#5636,#5637);
#5636 = CARTESIAN_POINT('',(24.18,-0.35,-6.));
#5637 = VECTOR('',#5638,1.);
#5638 = DIRECTION('',(0.,1.,0.));
#5639 = PLANE('',#5640);
#5640 = AXIS2_PLACEMENT_3D('',#5641,#5642,#5643);
#5641 = CARTESIAN_POINT('',(24.08,-0.35,-5.9));
#5642 = DIRECTION('',(-0.707106781187,-1.735417226645E-18,
    -0.707106781187));
#5643 = DIRECTION('',(-1.227125289148E-18,1.,-1.227125289148E-18));
#5644 = ADVANCED_FACE('',(#5645),#5666,.T.);
#5645 = FACE_BOUND('',#5646,.T.);
#5646 = EDGE_LOOP('',(#5647,#5656,#5663,#5664,#5665));
#5647 = ORIENTED_EDGE('',*,*,#5648,.T.);
#5648 = EDGE_CURVE('',#2357,#5649,#5651,.T.);
#5649 = VERTEX_POINT('',#5650);
#5650 = CARTESIAN_POINT('',(24.93,-0.34,1.15));
#5651 = CIRCLE('',#5652,0.6);
#5652 = AXIS2_PLACEMENT_3D('',#5653,#5654,#5655);
#5653 = CARTESIAN_POINT('',(24.33,-0.34,1.15));
#5654 = DIRECTION('',(-0.,1.,2.22044604925E-16));
#5655 = DIRECTION('',(1.,0.,0.));
#5656 = ORIENTED_EDGE('',*,*,#5657,.T.);
#5657 = EDGE_CURVE('',#5649,#2414,#5658,.T.);
#5658 = CIRCLE('',#5659,0.6);
#5659 = AXIS2_PLACEMENT_3D('',#5660,#5661,#5662);
#5660 = CARTESIAN_POINT('',(24.33,-0.34,1.15));
#5661 = DIRECTION('',(-0.,1.,2.22044604925E-16));
#5662 = DIRECTION('',(1.,0.,0.));
#5663 = ORIENTED_EDGE('',*,*,#2413,.F.);
#5664 = ORIENTED_EDGE('',*,*,#5569,.F.);
#5665 = ORIENTED_EDGE('',*,*,#2356,.T.);
#5666 = PLANE('',#5667);
#5667 = AXIS2_PLACEMENT_3D('',#5668,#5669,#5670);
#5668 = CARTESIAN_POINT('',(24.33,-0.34,1.15));
#5669 = DIRECTION('',(0.,1.,2.22044604925E-16));
#5670 = DIRECTION('',(1.,0.,0.));
#5671 = ADVANCED_FACE('',(#5672),#5690,.F.);
#5672 = FACE_BOUND('',#5673,.F.);
#5673 = EDGE_LOOP('',(#5674,#5675,#5676,#5684));
#5674 = ORIENTED_EDGE('',*,*,#4415,.F.);
#5675 = ORIENTED_EDGE('',*,*,#2429,.T.);
#5676 = ORIENTED_EDGE('',*,*,#5677,.T.);
#5677 = EDGE_CURVE('',#2430,#5678,#5680,.T.);
#5678 = VERTEX_POINT('',#5679);
#5679 = CARTESIAN_POINT('',(24.48,0.15,-6.));
#5680 = LINE('',#5681,#5682);
#5681 = CARTESIAN_POINT('',(24.38,5.E-02,-6.1));
#5682 = VECTOR('',#5683,1.);
#5683 = DIRECTION('',(-0.57735026919,-0.57735026919,-0.57735026919));
#5684 = ORIENTED_EDGE('',*,*,#5685,.F.);
#5685 = EDGE_CURVE('',#4416,#5678,#5686,.T.);
#5686 = LINE('',#5687,#5688);
#5687 = CARTESIAN_POINT('',(24.48,-0.35,-6.));
#5688 = VECTOR('',#5689,1.);
#5689 = DIRECTION('',(0.,1.,0.));
#5690 = PLANE('',#5691);
#5691 = AXIS2_PLACEMENT_3D('',#5692,#5693,#5694);
#5692 = CARTESIAN_POINT('',(24.58,-0.35,-5.9));
#5693 = DIRECTION('',(-0.707106781187,1.735417226645E-18,0.707106781187)
  );
#5694 = DIRECTION('',(1.227125289148E-18,1.,-1.227125289148E-18));
#5695 = ADVANCED_FACE('',(#5696),#5712,.T.);
#5696 = FACE_BOUND('',#5697,.T.);
#5697 = EDGE_LOOP('',(#5698,#5699,#5705,#5706));
#5698 = ORIENTED_EDGE('',*,*,#2460,.F.);
#5699 = ORIENTED_EDGE('',*,*,#5700,.T.);
#5700 = EDGE_CURVE('',#2461,#2518,#5701,.T.);
#5701 = LINE('',#5702,#5703);
#5702 = CARTESIAN_POINT('',(26.695,-0.34,1.5));
#5703 = VECTOR('',#5704,1.);
#5704 = DIRECTION('',(1.,0.,0.));
#5705 = ORIENTED_EDGE('',*,*,#2517,.T.);
#5706 = ORIENTED_EDGE('',*,*,#5707,.F.);
#5707 = EDGE_CURVE('',#2463,#2520,#5708,.T.);
#5708 = LINE('',#5709,#5710);
#5709 = CARTESIAN_POINT('',(26.52,-0.25,1.5));
#5710 = VECTOR('',#5711,1.);
#5711 = DIRECTION('',(1.,0.,0.));
#5712 = PLANE('',#5713);
#5713 = AXIS2_PLACEMENT_3D('',#5714,#5715,#5716);
#5714 = CARTESIAN_POINT('',(26.52,-0.35,1.5));
#5715 = DIRECTION('',(0.,0.,1.));
#5716 = DIRECTION('',(1.,0.,0.));
#5717 = ADVANCED_FACE('',(#5718),#5729,.T.);
#5718 = FACE_BOUND('',#5719,.F.);
#5719 = EDGE_LOOP('',(#5720,#5721,#5727,#5728));
#5720 = ORIENTED_EDGE('',*,*,#2502,.T.);
#5721 = ORIENTED_EDGE('',*,*,#5722,.T.);
#5722 = EDGE_CURVE('',#2495,#2552,#5723,.T.);
#5723 = LINE('',#5724,#5725);
#5724 = CARTESIAN_POINT('',(26.52,0.35,0.9));
#5725 = VECTOR('',#5726,1.);
#5726 = DIRECTION('',(1.,0.,0.));
#5727 = ORIENTED_EDGE('',*,*,#2559,.F.);
#5728 = ORIENTED_EDGE('',*,*,#5707,.F.);
#5729 = CYLINDRICAL_SURFACE('',#5730,0.6);
#5730 = AXIS2_PLACEMENT_3D('',#5731,#5732,#5733);
#5731 = CARTESIAN_POINT('',(26.52,-0.25,0.9));
#5732 = DIRECTION('',(1.,0.,0.));
#5733 = DIRECTION('',(0.,0.,1.));
#5734 = ADVANCED_FACE('',(#5735),#5746,.T.);
#5735 = FACE_BOUND('',#5736,.T.);
#5736 = EDGE_LOOP('',(#5737,#5738,#5744,#5745));
#5737 = ORIENTED_EDGE('',*,*,#2551,.F.);
#5738 = ORIENTED_EDGE('',*,*,#5739,.F.);
#5739 = EDGE_CURVE('',#2487,#2544,#5740,.T.);
#5740 = LINE('',#5741,#5742);
#5741 = CARTESIAN_POINT('',(26.52,0.35,-5.8));
#5742 = VECTOR('',#5743,1.);
#5743 = DIRECTION('',(1.,0.,0.));
#5744 = ORIENTED_EDGE('',*,*,#2494,.T.);
#5745 = ORIENTED_EDGE('',*,*,#5722,.T.);
#5746 = PLANE('',#5747);
#5747 = AXIS2_PLACEMENT_3D('',#5748,#5749,#5750);
#5748 = CARTESIAN_POINT('',(26.52,0.35,-6.));
#5749 = DIRECTION('',(0.,1.,0.));
#5750 = DIRECTION('',(0.,0.,1.));
#5751 = ADVANCED_FACE('',(#5752),#5770,.T.);
#5752 = FACE_BOUND('',#5753,.T.);
#5753 = EDGE_LOOP('',(#5754,#5755,#5756,#5764));
#5754 = ORIENTED_EDGE('',*,*,#4437,.F.);
#5755 = ORIENTED_EDGE('',*,*,#2486,.T.);
#5756 = ORIENTED_EDGE('',*,*,#5757,.T.);
#5757 = EDGE_CURVE('',#2487,#5758,#5760,.T.);
#5758 = VERTEX_POINT('',#5759);
#5759 = CARTESIAN_POINT('',(26.72,0.15,-6.));
#5760 = LINE('',#5761,#5762);
#5761 = CARTESIAN_POINT('',(26.703333333333,0.166666666667,
    -5.983333333333));
#5762 = VECTOR('',#5763,1.);
#5763 = DIRECTION('',(0.57735026919,-0.57735026919,-0.57735026919));
#5764 = ORIENTED_EDGE('',*,*,#5765,.F.);
#5765 = EDGE_CURVE('',#4438,#5758,#5766,.T.);
#5766 = LINE('',#5767,#5768);
#5767 = CARTESIAN_POINT('',(26.72,-0.35,-6.));
#5768 = VECTOR('',#5769,1.);
#5769 = DIRECTION('',(0.,1.,0.));
#5770 = PLANE('',#5771);
#5771 = AXIS2_PLACEMENT_3D('',#5772,#5773,#5774);
#5772 = CARTESIAN_POINT('',(26.62,-0.35,-5.9));
#5773 = DIRECTION('',(-0.707106781187,-1.735417226645E-18,
    -0.707106781187));
#5774 = DIRECTION('',(-1.227125289148E-18,1.,-1.227125289148E-18));
#5775 = ADVANCED_FACE('',(#5776),#5797,.T.);
#5776 = FACE_BOUND('',#5777,.T.);
#5777 = EDGE_LOOP('',(#5778,#5787,#5794,#5795,#5796));
#5778 = ORIENTED_EDGE('',*,*,#5779,.T.);
#5779 = EDGE_CURVE('',#2471,#5780,#5782,.T.);
#5780 = VERTEX_POINT('',#5781);
#5781 = CARTESIAN_POINT('',(27.47,-0.34,1.15));
#5782 = CIRCLE('',#5783,0.6);
#5783 = AXIS2_PLACEMENT_3D('',#5784,#5785,#5786);
#5784 = CARTESIAN_POINT('',(26.87,-0.34,1.15));
#5785 = DIRECTION('',(-0.,1.,2.22044604925E-16));
#5786 = DIRECTION('',(1.,0.,0.));
#5787 = ORIENTED_EDGE('',*,*,#5788,.T.);
#5788 = EDGE_CURVE('',#5780,#2528,#5789,.T.);
#5789 = CIRCLE('',#5790,0.6);
#5790 = AXIS2_PLACEMENT_3D('',#5791,#5792,#5793);
#5791 = CARTESIAN_POINT('',(26.87,-0.34,1.15));
#5792 = DIRECTION('',(-0.,1.,2.22044604925E-16));
#5793 = DIRECTION('',(1.,0.,0.));
#5794 = ORIENTED_EDGE('',*,*,#2527,.F.);
#5795 = ORIENTED_EDGE('',*,*,#5700,.F.);
#5796 = ORIENTED_EDGE('',*,*,#2470,.T.);
#5797 = PLANE('',#5798);
#5798 = AXIS2_PLACEMENT_3D('',#5799,#5800,#5801);
#5799 = CARTESIAN_POINT('',(26.87,-0.34,1.15));
#5800 = DIRECTION('',(0.,1.,2.22044604925E-16));
#5801 = DIRECTION('',(1.,0.,0.));
#5802 = ADVANCED_FACE('',(#5803),#5821,.F.);
#5803 = FACE_BOUND('',#5804,.F.);
#5804 = EDGE_LOOP('',(#5805,#5806,#5807,#5815));
#5805 = ORIENTED_EDGE('',*,*,#4446,.F.);
#5806 = ORIENTED_EDGE('',*,*,#2543,.T.);
#5807 = ORIENTED_EDGE('',*,*,#5808,.T.);
#5808 = EDGE_CURVE('',#2544,#5809,#5811,.T.);
#5809 = VERTEX_POINT('',#5810);
#5810 = CARTESIAN_POINT('',(27.02,0.15,-6.));
#5811 = LINE('',#5812,#5813);
#5812 = CARTESIAN_POINT('',(26.92,5.E-02,-6.1));
#5813 = VECTOR('',#5814,1.);
#5814 = DIRECTION('',(-0.57735026919,-0.57735026919,-0.57735026919));
#5815 = ORIENTED_EDGE('',*,*,#5816,.F.);
#5816 = EDGE_CURVE('',#4447,#5809,#5817,.T.);
#5817 = LINE('',#5818,#5819);
#5818 = CARTESIAN_POINT('',(27.02,-0.35,-6.));
#5819 = VECTOR('',#5820,1.);
#5820 = DIRECTION('',(0.,1.,0.));
#5821 = PLANE('',#5822);
#5822 = AXIS2_PLACEMENT_3D('',#5823,#5824,#5825);
#5823 = CARTESIAN_POINT('',(27.12,-0.35,-5.9));
#5824 = DIRECTION('',(-0.707106781187,1.735417226645E-18,0.707106781187)
  );
#5825 = DIRECTION('',(1.227125289148E-18,1.,-1.227125289148E-18));
#5826 = ADVANCED_FACE('',(#5827),#5833,.T.);
#5827 = FACE_BOUND('',#5828,.T.);
#5828 = EDGE_LOOP('',(#5829,#5830,#5831,#5832));
#5829 = ORIENTED_EDGE('',*,*,#2656,.F.);
#5830 = ORIENTED_EDGE('',*,*,#2591,.T.);
#5831 = ORIENTED_EDGE('',*,*,#2615,.T.);
#5832 = ORIENTED_EDGE('',*,*,#2639,.F.);
#5833 = PLANE('',#5834);
#5834 = AXIS2_PLACEMENT_3D('',#5835,#5836,#5837);
#5835 = CARTESIAN_POINT('',(-5.E-02,-0.34,2.));
#5836 = DIRECTION('',(0.,1.,0.));
#5837 = DIRECTION('',(0.,0.,1.));
#5838 = ADVANCED_FACE('',(#5839),#5867,.T.);
#5839 = FACE_BOUND('',#5840,.T.);
#5840 = EDGE_LOOP('',(#5841,#5850,#5851,#5860));
#5841 = ORIENTED_EDGE('',*,*,#5842,.F.);
#5842 = EDGE_CURVE('',#2679,#5843,#5845,.T.);
#5843 = VERTEX_POINT('',#5844);
#5844 = CARTESIAN_POINT('',(9.1,0.25,6.1));
#5845 = CIRCLE('',#5846,0.3);
#5846 = AXIS2_PLACEMENT_3D('',#5847,#5848,#5849);
#5847 = CARTESIAN_POINT('',(9.1,-5.E-02,6.1));
#5848 = DIRECTION('',(-6.123233995737E-17,-3.937297302025E-18,1.));
#5849 = DIRECTION('',(1.,-1.068249693473E-32,6.123233995737E-17));
#5850 = ORIENTED_EDGE('',*,*,#2678,.T.);
#5851 = ORIENTED_EDGE('',*,*,#5852,.T.);
#5852 = EDGE_CURVE('',#2671,#5853,#5855,.T.);
#5853 = VERTEX_POINT('',#5854);
#5854 = CARTESIAN_POINT('',(7.2,0.25,4.2));
#5855 = CIRCLE('',#5856,0.3);
#5856 = AXIS2_PLACEMENT_3D('',#5857,#5858,#5859);
#5857 = CARTESIAN_POINT('',(7.2,-5.E-02,4.2));
#5858 = DIRECTION('',(1.,-1.068038298336E-32,6.069543577982E-17));
#5859 = DIRECTION('',(6.069543577982E-17,3.937297302025E-18,-1.));
#5860 = ORIENTED_EDGE('',*,*,#5861,.F.);
#5861 = EDGE_CURVE('',#5843,#5853,#5862,.T.);
#5862 = CIRCLE('',#5863,1.9);
#5863 = AXIS2_PLACEMENT_3D('',#5864,#5865,#5866);
#5864 = CARTESIAN_POINT('',(7.2,0.25,6.1));
#5865 = DIRECTION('',(1.044140700782E-32,1.,3.937297302025E-18));
#5866 = DIRECTION('',(1.,-1.043929305645E-32,-5.369041775489E-19));
#5867 = TOROIDAL_SURFACE('',#5868,1.9,0.3);
#5868 = AXIS2_PLACEMENT_3D('',#5869,#5870,#5871);
#5869 = CARTESIAN_POINT('',(7.2,-5.E-02,6.1));
#5870 = DIRECTION('',(1.044140700782E-32,1.,3.937297302025E-18));
#5871 = DIRECTION('',(1.,-1.043929305645E-32,-5.369041775489E-19));
#5872 = ADVANCED_FACE('',(#5873),#5893,.T.);
#5873 = FACE_BOUND('',#5874,.T.);
#5874 = EDGE_LOOP('',(#5875,#5884,#5885,#5886));
#5875 = ORIENTED_EDGE('',*,*,#5876,.F.);
#5876 = EDGE_CURVE('',#2688,#5877,#5879,.T.);
#5877 = VERTEX_POINT('',#5878);
#5878 = CARTESIAN_POINT('',(7.2,0.25,8.));
#5879 = CIRCLE('',#5880,0.3);
#5880 = AXIS2_PLACEMENT_3D('',#5881,#5882,#5883);
#5881 = CARTESIAN_POINT('',(7.2,-5.E-02,8.));
#5882 = DIRECTION('',(-1.,0.,0.));
#5883 = DIRECTION('',(0.,0.,1.));
#5884 = ORIENTED_EDGE('',*,*,#2687,.T.);
#5885 = ORIENTED_EDGE('',*,*,#5842,.T.);
#5886 = ORIENTED_EDGE('',*,*,#5887,.F.);
#5887 = EDGE_CURVE('',#5877,#5843,#5888,.T.);
#5888 = CIRCLE('',#5889,1.9);
#5889 = AXIS2_PLACEMENT_3D('',#5890,#5891,#5892);
#5890 = CARTESIAN_POINT('',(7.2,0.25,6.1));
#5891 = DIRECTION('',(1.044140700782E-32,1.,3.937297302025E-18));
#5892 = DIRECTION('',(-1.423828228339E-33,-3.937297302025E-18,1.));
#5893 = TOROIDAL_SURFACE('',#5894,1.9,0.3);
#5894 = AXIS2_PLACEMENT_3D('',#5895,#5896,#5897);
#5895 = CARTESIAN_POINT('',(7.2,-5.E-02,6.1));
#5896 = DIRECTION('',(1.044140700782E-32,1.,3.937297302025E-18));
#5897 = DIRECTION('',(-1.423828228339E-33,-3.937297302025E-18,1.));
#5898 = ADVANCED_FACE('',(#5899),#5918,.T.);
#5899 = FACE_BOUND('',#5900,.F.);
#5900 = EDGE_LOOP('',(#5901,#5902,#5910,#5917));
#5901 = ORIENTED_EDGE('',*,*,#5852,.T.);
#5902 = ORIENTED_EDGE('',*,*,#5903,.T.);
#5903 = EDGE_CURVE('',#5853,#5904,#5906,.T.);
#5904 = VERTEX_POINT('',#5905);
#5905 = CARTESIAN_POINT('',(0.8,0.25,4.2));
#5906 = LINE('',#5907,#5908);
#5907 = CARTESIAN_POINT('',(7.2,0.25,4.2));
#5908 = VECTOR('',#5909,1.);
#5909 = DIRECTION('',(-1.,-0.,-0.));
#5910 = ORIENTED_EDGE('',*,*,#5911,.F.);
#5911 = EDGE_CURVE('',#2713,#5904,#5912,.T.);
#5912 = CIRCLE('',#5913,0.3);
#5913 = AXIS2_PLACEMENT_3D('',#5914,#5915,#5916);
#5914 = CARTESIAN_POINT('',(0.8,-5.E-02,4.2));
#5915 = DIRECTION('',(1.,-0.,0.));
#5916 = DIRECTION('',(0.,0.,-1.));
#5917 = ORIENTED_EDGE('',*,*,#2722,.F.);
#5918 = CYLINDRICAL_SURFACE('',#5919,0.3);
#5919 = AXIS2_PLACEMENT_3D('',#5920,#5921,#5922);
#5920 = CARTESIAN_POINT('',(7.2,-5.E-02,4.2));
#5921 = DIRECTION('',(-1.,-0.,-0.));
#5922 = DIRECTION('',(0.,0.,-1.));
#5923 = ADVANCED_FACE('',(#5924),#5944,.T.);
#5924 = FACE_BOUND('',#5925,.T.);
#5925 = EDGE_LOOP('',(#5926,#5927,#5928,#5937));
#5926 = ORIENTED_EDGE('',*,*,#5911,.F.);
#5927 = ORIENTED_EDGE('',*,*,#2744,.T.);
#5928 = ORIENTED_EDGE('',*,*,#5929,.T.);
#5929 = EDGE_CURVE('',#2737,#5930,#5932,.T.);
#5930 = VERTEX_POINT('',#5931);
#5931 = CARTESIAN_POINT('',(0.8,0.25,8.));
#5932 = CIRCLE('',#5933,0.3);
#5933 = AXIS2_PLACEMENT_3D('',#5934,#5935,#5936);
#5934 = CARTESIAN_POINT('',(0.8,-5.E-02,8.));
#5935 = DIRECTION('',(-1.,0.,0.));
#5936 = DIRECTION('',(0.,0.,1.));
#5937 = ORIENTED_EDGE('',*,*,#5938,.F.);
#5938 = EDGE_CURVE('',#5904,#5930,#5939,.T.);
#5939 = CIRCLE('',#5940,1.9);
#5940 = AXIS2_PLACEMENT_3D('',#5941,#5942,#5943);
#5941 = CARTESIAN_POINT('',(0.8,0.25,6.1));
#5942 = DIRECTION('',(1.044140700782E-32,1.,3.937297302025E-18));
#5943 = DIRECTION('',(1.513940488125E-16,3.937297302025E-18,-1.));
#5944 = TOROIDAL_SURFACE('',#5945,1.9,0.3);
#5945 = AXIS2_PLACEMENT_3D('',#5946,#5947,#5948);
#5946 = CARTESIAN_POINT('',(0.8,-5.E-02,6.1));
#5947 = DIRECTION('',(1.044140700782E-32,1.,3.937297302025E-18));
#5948 = DIRECTION('',(1.513940488125E-16,3.937297302025E-18,-1.));
#5949 = ADVANCED_FACE('',(#5950),#5961,.T.);
#5950 = FACE_BOUND('',#5951,.F.);
#5951 = EDGE_LOOP('',(#5952,#5953,#5959,#5960));
#5952 = ORIENTED_EDGE('',*,*,#5929,.T.);
#5953 = ORIENTED_EDGE('',*,*,#5954,.T.);
#5954 = EDGE_CURVE('',#5930,#5877,#5955,.T.);
#5955 = LINE('',#5956,#5957);
#5956 = CARTESIAN_POINT('',(0.8,0.25,8.));
#5957 = VECTOR('',#5958,1.);
#5958 = DIRECTION('',(1.,0.,0.));
#5959 = ORIENTED_EDGE('',*,*,#5876,.F.);
#5960 = ORIENTED_EDGE('',*,*,#2764,.F.);
#5961 = CYLINDRICAL_SURFACE('',#5962,0.3);
#5962 = AXIS2_PLACEMENT_3D('',#5963,#5964,#5965);
#5963 = CARTESIAN_POINT('',(0.8,-5.E-02,8.));
#5964 = DIRECTION('',(1.,0.,0.));
#5965 = DIRECTION('',(0.,0.,1.));
#5966 = ADVANCED_FACE('',(#5967),#5973,.T.);
#5967 = FACE_BOUND('',#5968,.T.);
#5968 = EDGE_LOOP('',(#5969,#5970,#5971,#5972));
#5969 = ORIENTED_EDGE('',*,*,#4250,.F.);
#5970 = ORIENTED_EDGE('',*,*,#4268,.F.);
#5971 = ORIENTED_EDGE('',*,*,#2787,.T.);
#5972 = ORIENTED_EDGE('',*,*,#2873,.T.);
#5973 = PLANE('',#5974);
#5974 = AXIS2_PLACEMENT_3D('',#5975,#5976,#5977);
#5975 = CARTESIAN_POINT('',(15.19,-5.E-02,1.5));
#5976 = DIRECTION('',(0.,1.,0.));
#5977 = DIRECTION('',(0.,0.,1.));
#5978 = ADVANCED_FACE('',(#5979),#5985,.T.);
#5979 = FACE_BOUND('',#5980,.T.);
#5980 = EDGE_LOOP('',(#5981,#5982,#5983,#5984));
#5981 = ORIENTED_EDGE('',*,*,#2809,.F.);
#5982 = ORIENTED_EDGE('',*,*,#3149,.T.);
#5983 = ORIENTED_EDGE('',*,*,#3171,.T.);
#5984 = ORIENTED_EDGE('',*,*,#3901,.F.);
#5985 = PLANE('',#5986);
#5986 = AXIS2_PLACEMENT_3D('',#5987,#5988,#5989);
#5987 = CARTESIAN_POINT('',(12.3,1.15,2.5));
#5988 = DIRECTION('',(0.,1.,0.));
#5989 = DIRECTION('',(0.,0.,1.));
#5990 = ADVANCED_FACE('',(#5991),#5997,.T.);
#5991 = FACE_BOUND('',#5992,.T.);
#5992 = EDGE_LOOP('',(#5993,#5994,#5995,#5996));
#5993 = ORIENTED_EDGE('',*,*,#3925,.F.);
#5994 = ORIENTED_EDGE('',*,*,#3950,.F.);
#5995 = ORIENTED_EDGE('',*,*,#3966,.T.);
#5996 = ORIENTED_EDGE('',*,*,#2988,.F.);
#5997 = PLANE('',#5998);
#5998 = AXIS2_PLACEMENT_3D('',#5999,#6000,#6001);
#5999 = CARTESIAN_POINT('',(21.54,-5.E-02,1.5));
#6000 = DIRECTION('',(0.,1.,0.));
#6001 = DIRECTION('',(0.,0.,1.));
#6002 = ADVANCED_FACE('',(#6003),#6009,.T.);
#6003 = FACE_BOUND('',#6004,.T.);
#6004 = EDGE_LOOP('',(#6005,#6006,#6007,#6008));
#6005 = ORIENTED_EDGE('',*,*,#3990,.F.);
#6006 = ORIENTED_EDGE('',*,*,#4015,.F.);
#6007 = ORIENTED_EDGE('',*,*,#4031,.T.);
#6008 = ORIENTED_EDGE('',*,*,#2965,.F.);
#6009 = PLANE('',#6010);
#6010 = AXIS2_PLACEMENT_3D('',#6011,#6012,#6013);
#6011 = CARTESIAN_POINT('',(20.27,-5.E-02,1.5));
#6012 = DIRECTION('',(0.,1.,0.));
#6013 = DIRECTION('',(0.,0.,1.));
#6014 = ADVANCED_FACE('',(#6015),#6021,.T.);
#6015 = FACE_BOUND('',#6016,.T.);
#6016 = EDGE_LOOP('',(#6017,#6018,#6019,#6020));
#6017 = ORIENTED_EDGE('',*,*,#4055,.F.);
#6018 = ORIENTED_EDGE('',*,*,#4080,.F.);
#6019 = ORIENTED_EDGE('',*,*,#4096,.T.);
#6020 = ORIENTED_EDGE('',*,*,#2942,.T.);
#6021 = PLANE('',#6022);
#6022 = AXIS2_PLACEMENT_3D('',#6023,#6024,#6025);
#6023 = CARTESIAN_POINT('',(19.,-5.E-02,1.5));
#6024 = DIRECTION('',(0.,1.,0.));
#6025 = DIRECTION('',(0.,0.,1.));
#6026 = ADVANCED_FACE('',(#6027),#6033,.T.);
#6027 = FACE_BOUND('',#6028,.T.);
#6028 = EDGE_LOOP('',(#6029,#6030,#6031,#6032));
#6029 = ORIENTED_EDGE('',*,*,#4120,.F.);
#6030 = ORIENTED_EDGE('',*,*,#4145,.F.);
#6031 = ORIENTED_EDGE('',*,*,#4161,.T.);
#6032 = ORIENTED_EDGE('',*,*,#2919,.T.);
#6033 = PLANE('',#6034);
#6034 = AXIS2_PLACEMENT_3D('',#6035,#6036,#6037);
#6035 = CARTESIAN_POINT('',(17.73,-5.E-02,1.5));
#6036 = DIRECTION('',(0.,1.,0.));
#6037 = DIRECTION('',(0.,0.,1.));
#6038 = ADVANCED_FACE('',(#6039),#6045,.T.);
#6039 = FACE_BOUND('',#6040,.T.);
#6040 = EDGE_LOOP('',(#6041,#6042,#6043,#6044));
#6041 = ORIENTED_EDGE('',*,*,#4185,.F.);
#6042 = ORIENTED_EDGE('',*,*,#4210,.F.);
#6043 = ORIENTED_EDGE('',*,*,#4226,.T.);
#6044 = ORIENTED_EDGE('',*,*,#2896,.F.);
#6045 = PLANE('',#6046);
#6046 = AXIS2_PLACEMENT_3D('',#6047,#6048,#6049);
#6047 = CARTESIAN_POINT('',(16.46,-5.E-02,1.5));
#6048 = DIRECTION('',(0.,1.,0.));
#6049 = DIRECTION('',(0.,0.,1.));
#6050 = ADVANCED_FACE('',(#6051),#6057,.T.);
#6051 = FACE_BOUND('',#6052,.T.);
#6052 = EDGE_LOOP('',(#6053,#6054,#6055,#6056));
#6053 = ORIENTED_EDGE('',*,*,#3026,.F.);
#6054 = ORIENTED_EDGE('',*,*,#3051,.F.);
#6055 = ORIENTED_EDGE('',*,*,#3067,.T.);
#6056 = ORIENTED_EDGE('',*,*,#2857,.T.);
#6057 = PLANE('',#6058);
#6058 = AXIS2_PLACEMENT_3D('',#6059,#6060,#6061);
#6059 = CARTESIAN_POINT('',(13.92,-5.E-02,1.5));
#6060 = DIRECTION('',(0.,1.,0.));
#6061 = DIRECTION('',(0.,0.,1.));
#6062 = ADVANCED_FACE('',(#6063),#6069,.T.);
#6063 = FACE_BOUND('',#6064,.T.);
#6064 = EDGE_LOOP('',(#6065,#6066,#6067,#6068));
#6065 = ORIENTED_EDGE('',*,*,#3091,.F.);
#6066 = ORIENTED_EDGE('',*,*,#3116,.F.);
#6067 = ORIENTED_EDGE('',*,*,#3132,.T.);
#6068 = ORIENTED_EDGE('',*,*,#2834,.T.);
#6069 = PLANE('',#6070);
#6070 = AXIS2_PLACEMENT_3D('',#6071,#6072,#6073);
#6071 = CARTESIAN_POINT('',(12.655,-5.E-02,1.5));
#6072 = DIRECTION('',(0.,1.,0.));
#6073 = DIRECTION('',(0.,0.,1.));
#6074 = ADVANCED_FACE('',(#6075),#6081,.T.);
#6075 = FACE_BOUND('',#6076,.T.);
#6076 = EDGE_LOOP('',(#6077,#6078,#6079,#6080));
#6077 = ORIENTED_EDGE('',*,*,#3884,.F.);
#6078 = ORIENTED_EDGE('',*,*,#3350,.T.);
#6079 = ORIENTED_EDGE('',*,*,#3836,.T.);
#6080 = ORIENTED_EDGE('',*,*,#3868,.T.);
#6081 = PLANE('',#6082);
#6082 = AXIS2_PLACEMENT_3D('',#6083,#6084,#6085);
#6083 = CARTESIAN_POINT('',(21.54,-5.E-02,1.5));
#6084 = DIRECTION('',(0.,1.,0.));
#6085 = DIRECTION('',(0.,0.,1.));
#6086 = ADVANCED_FACE('',(#6087),#6093,.T.);
#6087 = FACE_BOUND('',#6088,.T.);
#6088 = EDGE_LOOP('',(#6089,#6090,#6091,#6092));
#6089 = ORIENTED_EDGE('',*,*,#3819,.F.);
#6090 = ORIENTED_EDGE('',*,*,#3327,.T.);
#6091 = ORIENTED_EDGE('',*,*,#3771,.T.);
#6092 = ORIENTED_EDGE('',*,*,#3803,.T.);
#6093 = PLANE('',#6094);
#6094 = AXIS2_PLACEMENT_3D('',#6095,#6096,#6097);
#6095 = CARTESIAN_POINT('',(20.27,-5.E-02,1.5));
#6096 = DIRECTION('',(0.,1.,0.));
#6097 = DIRECTION('',(0.,0.,1.));
#6098 = ADVANCED_FACE('',(#6099),#6105,.T.);
#6099 = FACE_BOUND('',#6100,.T.);
#6100 = EDGE_LOOP('',(#6101,#6102,#6103,#6104));
#6101 = ORIENTED_EDGE('',*,*,#3754,.F.);
#6102 = ORIENTED_EDGE('',*,*,#3304,.F.);
#6103 = ORIENTED_EDGE('',*,*,#3706,.T.);
#6104 = ORIENTED_EDGE('',*,*,#3738,.T.);
#6105 = PLANE('',#6106);
#6106 = AXIS2_PLACEMENT_3D('',#6107,#6108,#6109);
#6107 = CARTESIAN_POINT('',(19.,-5.E-02,1.5));
#6108 = DIRECTION('',(0.,1.,0.));
#6109 = DIRECTION('',(0.,0.,1.));
#6110 = ADVANCED_FACE('',(#6111),#6117,.T.);
#6111 = FACE_BOUND('',#6112,.T.);
#6112 = EDGE_LOOP('',(#6113,#6114,#6115,#6116));
#6113 = ORIENTED_EDGE('',*,*,#3689,.F.);
#6114 = ORIENTED_EDGE('',*,*,#3281,.F.);
#6115 = ORIENTED_EDGE('',*,*,#3641,.T.);
#6116 = ORIENTED_EDGE('',*,*,#3673,.T.);
#6117 = PLANE('',#6118);
#6118 = AXIS2_PLACEMENT_3D('',#6119,#6120,#6121);
#6119 = CARTESIAN_POINT('',(17.73,-5.E-02,1.5));
#6120 = DIRECTION('',(0.,1.,0.));
#6121 = DIRECTION('',(0.,0.,1.));
#6122 = ADVANCED_FACE('',(#6123),#6129,.T.);
#6123 = FACE_BOUND('',#6124,.T.);
#6124 = EDGE_LOOP('',(#6125,#6126,#6127,#6128));
#6125 = ORIENTED_EDGE('',*,*,#3624,.F.);
#6126 = ORIENTED_EDGE('',*,*,#3258,.T.);
#6127 = ORIENTED_EDGE('',*,*,#3576,.T.);
#6128 = ORIENTED_EDGE('',*,*,#3608,.T.);
#6129 = PLANE('',#6130);
#6130 = AXIS2_PLACEMENT_3D('',#6131,#6132,#6133);
#6131 = CARTESIAN_POINT('',(16.46,-5.E-02,1.5));
#6132 = DIRECTION('',(0.,1.,0.));
#6133 = DIRECTION('',(0.,0.,1.));
#6134 = ADVANCED_FACE('',(#6135),#6141,.T.);
#6135 = FACE_BOUND('',#6136,.T.);
#6136 = EDGE_LOOP('',(#6137,#6138,#6139,#6140));
#6137 = ORIENTED_EDGE('',*,*,#3559,.F.);
#6138 = ORIENTED_EDGE('',*,*,#3235,.F.);
#6139 = ORIENTED_EDGE('',*,*,#3511,.T.);
#6140 = ORIENTED_EDGE('',*,*,#3543,.T.);
#6141 = PLANE('',#6142);
#6142 = AXIS2_PLACEMENT_3D('',#6143,#6144,#6145);
#6143 = CARTESIAN_POINT('',(15.19,-5.E-02,1.5));
#6144 = DIRECTION('',(0.,1.,0.));
#6145 = DIRECTION('',(0.,0.,1.));
#6146 = ADVANCED_FACE('',(#6147),#6153,.T.);
#6147 = FACE_BOUND('',#6148,.T.);
#6148 = EDGE_LOOP('',(#6149,#6150,#6151,#6152));
#6149 = ORIENTED_EDGE('',*,*,#3494,.F.);
#6150 = ORIENTED_EDGE('',*,*,#3212,.F.);
#6151 = ORIENTED_EDGE('',*,*,#3446,.T.);
#6152 = ORIENTED_EDGE('',*,*,#3478,.T.);
#6153 = PLANE('',#6154);
#6154 = AXIS2_PLACEMENT_3D('',#6155,#6156,#6157);
#6155 = CARTESIAN_POINT('',(13.92,-5.E-02,1.5));
#6156 = DIRECTION('',(0.,1.,0.));
#6157 = DIRECTION('',(0.,0.,1.));
#6158 = ADVANCED_FACE('',(#6159),#6165,.T.);
#6159 = FACE_BOUND('',#6160,.T.);
#6160 = EDGE_LOOP('',(#6161,#6162,#6163,#6164));
#6161 = ORIENTED_EDGE('',*,*,#3429,.F.);
#6162 = ORIENTED_EDGE('',*,*,#3189,.F.);
#6163 = ORIENTED_EDGE('',*,*,#3381,.T.);
#6164 = ORIENTED_EDGE('',*,*,#3413,.T.);
#6165 = PLANE('',#6166);
#6166 = AXIS2_PLACEMENT_3D('',#6167,#6168,#6169);
#6167 = CARTESIAN_POINT('',(12.655,-5.E-02,1.5));
#6168 = DIRECTION('',(0.,1.,0.));
#6169 = DIRECTION('',(0.,0.,1.));
#6170 = ADVANCED_FACE('',(#6171),#6182,.F.);
#6171 = FACE_BOUND('',#6172,.F.);
#6172 = EDGE_LOOP('',(#6173,#6174,#6175,#6176));
#6173 = ORIENTED_EDGE('',*,*,#5110,.F.);
#6174 = ORIENTED_EDGE('',*,*,#4299,.T.);
#6175 = ORIENTED_EDGE('',*,*,#5161,.T.);
#6176 = ORIENTED_EDGE('',*,*,#6177,.F.);
#6177 = EDGE_CURVE('',#5103,#5154,#6178,.T.);
#6178 = LINE('',#6179,#6180);
#6179 = CARTESIAN_POINT('',(-0.35,0.15,-6.));
#6180 = VECTOR('',#6181,1.);
#6181 = DIRECTION('',(1.,0.,0.));
#6182 = PLANE('',#6183);
#6183 = AXIS2_PLACEMENT_3D('',#6184,#6185,#6186);
#6184 = CARTESIAN_POINT('',(-0.35,-0.35,-6.));
#6185 = DIRECTION('',(0.,0.,1.));
#6186 = DIRECTION('',(1.,0.,0.));
#6187 = ADVANCED_FACE('',(#6188),#6199,.F.);
#6188 = FACE_BOUND('',#6189,.F.);
#6189 = EDGE_LOOP('',(#6190,#6191,#6192,#6193));
#6190 = ORIENTED_EDGE('',*,*,#5241,.F.);
#6191 = ORIENTED_EDGE('',*,*,#4330,.T.);
#6192 = ORIENTED_EDGE('',*,*,#5292,.T.);
#6193 = ORIENTED_EDGE('',*,*,#6194,.F.);
#6194 = EDGE_CURVE('',#5234,#5285,#6195,.T.);
#6195 = LINE('',#6196,#6197);
#6196 = CARTESIAN_POINT('',(2.19,0.15,-6.));
#6197 = VECTOR('',#6198,1.);
#6198 = DIRECTION('',(1.,0.,0.));
#6199 = PLANE('',#6200);
#6200 = AXIS2_PLACEMENT_3D('',#6201,#6202,#6203);
#6201 = CARTESIAN_POINT('',(2.19,-0.35,-6.));
#6202 = DIRECTION('',(0.,0.,1.));
#6203 = DIRECTION('',(1.,0.,0.));
#6204 = ADVANCED_FACE('',(#6205),#6216,.F.);
#6205 = FACE_BOUND('',#6206,.F.);
#6206 = EDGE_LOOP('',(#6207,#6208,#6209,#6210));
#6207 = ORIENTED_EDGE('',*,*,#5372,.F.);
#6208 = ORIENTED_EDGE('',*,*,#4361,.T.);
#6209 = ORIENTED_EDGE('',*,*,#5423,.T.);
#6210 = ORIENTED_EDGE('',*,*,#6211,.F.);
#6211 = EDGE_CURVE('',#5365,#5416,#6212,.T.);
#6212 = LINE('',#6213,#6214);
#6213 = CARTESIAN_POINT('',(4.73,0.15,-6.));
#6214 = VECTOR('',#6215,1.);
#6215 = DIRECTION('',(1.,0.,0.));
#6216 = PLANE('',#6217);
#6217 = AXIS2_PLACEMENT_3D('',#6218,#6219,#6220);
#6218 = CARTESIAN_POINT('',(4.73,-0.35,-6.));
#6219 = DIRECTION('',(0.,0.,1.));
#6220 = DIRECTION('',(1.,0.,0.));
#6221 = ADVANCED_FACE('',(#6222),#6233,.F.);
#6222 = FACE_BOUND('',#6223,.F.);
#6223 = EDGE_LOOP('',(#6224,#6225,#6226,#6227));
#6224 = ORIENTED_EDGE('',*,*,#5503,.F.);
#6225 = ORIENTED_EDGE('',*,*,#4392,.T.);
#6226 = ORIENTED_EDGE('',*,*,#5554,.T.);
#6227 = ORIENTED_EDGE('',*,*,#6228,.F.);
#6228 = EDGE_CURVE('',#5496,#5547,#6229,.T.);
#6229 = LINE('',#6230,#6231);
#6230 = CARTESIAN_POINT('',(7.27,0.15,-6.));
#6231 = VECTOR('',#6232,1.);
#6232 = DIRECTION('',(1.,0.,0.));
#6233 = PLANE('',#6234);
#6234 = AXIS2_PLACEMENT_3D('',#6235,#6236,#6237);
#6235 = CARTESIAN_POINT('',(7.27,-0.35,-6.));
#6236 = DIRECTION('',(0.,0.,1.));
#6237 = DIRECTION('',(1.,0.,0.));
#6238 = ADVANCED_FACE('',(#6239),#6250,.F.);
#6239 = FACE_BOUND('',#6240,.F.);
#6240 = EDGE_LOOP('',(#6241,#6242,#6243,#6244));
#6241 = ORIENTED_EDGE('',*,*,#5634,.F.);
#6242 = ORIENTED_EDGE('',*,*,#4423,.T.);
#6243 = ORIENTED_EDGE('',*,*,#5685,.T.);
#6244 = ORIENTED_EDGE('',*,*,#6245,.F.);
#6245 = EDGE_CURVE('',#5627,#5678,#6246,.T.);
#6246 = LINE('',#6247,#6248);
#6247 = CARTESIAN_POINT('',(23.98,0.15,-6.));
#6248 = VECTOR('',#6249,1.);
#6249 = DIRECTION('',(1.,0.,0.));
#6250 = PLANE('',#6251);
#6251 = AXIS2_PLACEMENT_3D('',#6252,#6253,#6254);
#6252 = CARTESIAN_POINT('',(23.98,-0.35,-6.));
#6253 = DIRECTION('',(0.,0.,1.));
#6254 = DIRECTION('',(1.,0.,0.));
#6255 = ADVANCED_FACE('',(#6256),#6267,.F.);
#6256 = FACE_BOUND('',#6257,.F.);
#6257 = EDGE_LOOP('',(#6258,#6259,#6260,#6261));
#6258 = ORIENTED_EDGE('',*,*,#5765,.F.);
#6259 = ORIENTED_EDGE('',*,*,#4454,.T.);
#6260 = ORIENTED_EDGE('',*,*,#5816,.T.);
#6261 = ORIENTED_EDGE('',*,*,#6262,.F.);
#6262 = EDGE_CURVE('',#5758,#5809,#6263,.T.);
#6263 = LINE('',#6264,#6265);
#6264 = CARTESIAN_POINT('',(26.52,0.15,-6.));
#6265 = VECTOR('',#6266,1.);
#6266 = DIRECTION('',(1.,0.,0.));
#6267 = PLANE('',#6268);
#6268 = AXIS2_PLACEMENT_3D('',#6269,#6270,#6271);
#6269 = CARTESIAN_POINT('',(26.52,-0.35,-6.));
#6270 = DIRECTION('',(0.,0.,1.));
#6271 = DIRECTION('',(1.,0.,0.));
#6272 = ADVANCED_FACE('',(#6273),#6298,.F.);
#6273 = FACE_BOUND('',#6274,.T.);
#6274 = EDGE_LOOP('',(#6275,#6283,#6291,#6297));
#6275 = ORIENTED_EDGE('',*,*,#6276,.T.);
#6276 = EDGE_CURVE('',#4469,#6277,#6279,.T.);
#6277 = VERTEX_POINT('',#6278);
#6278 = CARTESIAN_POINT('',(-0.15,-2.15,1.3));
#6279 = LINE('',#6280,#6281);
#6280 = CARTESIAN_POINT('',(-0.166666666667,-2.133333333333,
    1.316666666667));
#6281 = VECTOR('',#6282,1.);
#6282 = DIRECTION('',(0.57735026919,-0.57735026919,-0.57735026919));
#6283 = ORIENTED_EDGE('',*,*,#6284,.T.);
#6284 = EDGE_CURVE('',#6277,#6285,#6287,.T.);
#6285 = VERTEX_POINT('',#6286);
#6286 = CARTESIAN_POINT('',(0.15,-2.15,1.3));
#6287 = LINE('',#6288,#6289);
#6288 = CARTESIAN_POINT('',(-0.35,-2.15,1.3));
#6289 = VECTOR('',#6290,1.);
#6290 = DIRECTION('',(1.,0.,0.));
#6291 = ORIENTED_EDGE('',*,*,#6292,.F.);
#6292 = EDGE_CURVE('',#4477,#6285,#6293,.T.);
#6293 = LINE('',#6294,#6295);
#6294 = CARTESIAN_POINT('',(5.E-02,-2.25,1.2));
#6295 = VECTOR('',#6296,1.);
#6296 = DIRECTION('',(-0.57735026919,-0.57735026919,-0.57735026919));
#6297 = ORIENTED_EDGE('',*,*,#4476,.F.);
#6298 = PLANE('',#6299);
#6299 = AXIS2_PLACEMENT_3D('',#6300,#6301,#6302);
#6300 = CARTESIAN_POINT('',(-0.35,-2.05,1.4));
#6301 = DIRECTION('',(0.,0.707106781187,-0.707106781187));
#6302 = DIRECTION('',(-1.,-0.,-0.));
#6303 = ADVANCED_FACE('',(#6304),#6322,.F.);
#6304 = FACE_BOUND('',#6305,.T.);
#6305 = EDGE_LOOP('',(#6306,#6314,#6315,#6316));
#6306 = ORIENTED_EDGE('',*,*,#6307,.F.);
#6307 = EDGE_CURVE('',#4501,#6308,#6310,.T.);
#6308 = VERTEX_POINT('',#6309);
#6309 = CARTESIAN_POINT('',(0.15,-2.15,1.));
#6310 = LINE('',#6311,#6312);
#6311 = CARTESIAN_POINT('',(0.166666666667,-2.133333333333,
    0.983333333333));
#6312 = VECTOR('',#6313,1.);
#6313 = DIRECTION('',(-0.57735026919,-0.57735026919,0.57735026919));
#6314 = ORIENTED_EDGE('',*,*,#4500,.T.);
#6315 = ORIENTED_EDGE('',*,*,#6292,.T.);
#6316 = ORIENTED_EDGE('',*,*,#6317,.F.);
#6317 = EDGE_CURVE('',#6308,#6285,#6318,.T.);
#6318 = LINE('',#6319,#6320);
#6319 = CARTESIAN_POINT('',(0.15,-2.15,0.8));
#6320 = VECTOR('',#6321,1.);
#6321 = DIRECTION('',(0.,0.,1.));
#6322 = PLANE('',#6323);
#6323 = AXIS2_PLACEMENT_3D('',#6324,#6325,#6326);
#6324 = CARTESIAN_POINT('',(0.25,-2.05,0.8));
#6325 = DIRECTION('',(-0.707106781187,0.707106781187,1.735417226645E-18)
  );
#6326 = DIRECTION('',(-1.227125289148E-18,1.227125289148E-18,-1.));
#6327 = ADVANCED_FACE('',(#6328),#6346,.T.);
#6328 = FACE_BOUND('',#6329,.F.);
#6329 = EDGE_LOOP('',(#6330,#6338,#6344,#6345));
#6330 = ORIENTED_EDGE('',*,*,#6331,.T.);
#6331 = EDGE_CURVE('',#4524,#6332,#6334,.T.);
#6332 = VERTEX_POINT('',#6333);
#6333 = CARTESIAN_POINT('',(-0.15,-2.15,1.));
#6334 = LINE('',#6335,#6336);
#6335 = CARTESIAN_POINT('',(-0.283333333333,-2.016666666667,
    0.866666666667));
#6336 = VECTOR('',#6337,1.);
#6337 = DIRECTION('',(0.57735026919,-0.57735026919,0.57735026919));
#6338 = ORIENTED_EDGE('',*,*,#6339,.T.);
#6339 = EDGE_CURVE('',#6332,#6308,#6340,.T.);
#6340 = LINE('',#6341,#6342);
#6341 = CARTESIAN_POINT('',(-0.35,-2.15,1.));
#6342 = VECTOR('',#6343,1.);
#6343 = DIRECTION('',(1.,0.,0.));
#6344 = ORIENTED_EDGE('',*,*,#6307,.F.);
#6345 = ORIENTED_EDGE('',*,*,#4531,.F.);
#6346 = PLANE('',#6347);
#6347 = AXIS2_PLACEMENT_3D('',#6348,#6349,#6350);
#6348 = CARTESIAN_POINT('',(-0.35,-2.05,0.9));
#6349 = DIRECTION('',(0.,-0.707106781187,-0.707106781187));
#6350 = DIRECTION('',(-1.,-0.,-0.));
#6351 = ADVANCED_FACE('',(#6352),#6363,.T.);
#6352 = FACE_BOUND('',#6353,.F.);
#6353 = EDGE_LOOP('',(#6354,#6355,#6356,#6357));
#6354 = ORIENTED_EDGE('',*,*,#6331,.F.);
#6355 = ORIENTED_EDGE('',*,*,#4548,.T.);
#6356 = ORIENTED_EDGE('',*,*,#6276,.T.);
#6357 = ORIENTED_EDGE('',*,*,#6358,.F.);
#6358 = EDGE_CURVE('',#6332,#6277,#6359,.T.);
#6359 = LINE('',#6360,#6361);
#6360 = CARTESIAN_POINT('',(-0.15,-2.15,0.8));
#6361 = VECTOR('',#6362,1.);
#6362 = DIRECTION('',(0.,0.,1.));
#6363 = PLANE('',#6364);
#6364 = AXIS2_PLACEMENT_3D('',#6365,#6366,#6367);
#6365 = CARTESIAN_POINT('',(-0.25,-2.05,0.8));
#6366 = DIRECTION('',(-0.707106781187,-0.707106781187,
    -1.735417226645E-18));
#6367 = DIRECTION('',(1.227125289148E-18,1.227125289148E-18,-1.));
#6368 = ADVANCED_FACE('',(#6369),#6394,.F.);
#6369 = FACE_BOUND('',#6370,.T.);
#6370 = EDGE_LOOP('',(#6371,#6379,#6387,#6393));
#6371 = ORIENTED_EDGE('',*,*,#6372,.T.);
#6372 = EDGE_CURVE('',#4565,#6373,#6375,.T.);
#6373 = VERTEX_POINT('',#6374);
#6374 = CARTESIAN_POINT('',(2.39,-2.15,1.3));
#6375 = LINE('',#6376,#6377);
#6376 = CARTESIAN_POINT('',(2.373333333333,-2.133333333333,
    1.316666666667));
#6377 = VECTOR('',#6378,1.);
#6378 = DIRECTION('',(0.57735026919,-0.57735026919,-0.57735026919));
#6379 = ORIENTED_EDGE('',*,*,#6380,.T.);
#6380 = EDGE_CURVE('',#6373,#6381,#6383,.T.);
#6381 = VERTEX_POINT('',#6382);
#6382 = CARTESIAN_POINT('',(2.69,-2.15,1.3));
#6383 = LINE('',#6384,#6385);
#6384 = CARTESIAN_POINT('',(2.19,-2.15,1.3));
#6385 = VECTOR('',#6386,1.);
#6386 = DIRECTION('',(1.,0.,0.));
#6387 = ORIENTED_EDGE('',*,*,#6388,.F.);
#6388 = EDGE_CURVE('',#4573,#6381,#6389,.T.);
#6389 = LINE('',#6390,#6391);
#6390 = CARTESIAN_POINT('',(2.59,-2.25,1.2));
#6391 = VECTOR('',#6392,1.);
#6392 = DIRECTION('',(-0.57735026919,-0.57735026919,-0.57735026919));
#6393 = ORIENTED_EDGE('',*,*,#4572,.F.);
#6394 = PLANE('',#6395);
#6395 = AXIS2_PLACEMENT_3D('',#6396,#6397,#6398);
#6396 = CARTESIAN_POINT('',(2.19,-2.05,1.4));
#6397 = DIRECTION('',(0.,0.707106781187,-0.707106781187));
#6398 = DIRECTION('',(-1.,-0.,-0.));
#6399 = ADVANCED_FACE('',(#6400),#6418,.F.);
#6400 = FACE_BOUND('',#6401,.T.);
#6401 = EDGE_LOOP('',(#6402,#6410,#6411,#6412));
#6402 = ORIENTED_EDGE('',*,*,#6403,.F.);
#6403 = EDGE_CURVE('',#4597,#6404,#6406,.T.);
#6404 = VERTEX_POINT('',#6405);
#6405 = CARTESIAN_POINT('',(2.69,-2.15,1.));
#6406 = LINE('',#6407,#6408);
#6407 = CARTESIAN_POINT('',(2.706666666667,-2.133333333333,
    0.983333333333));
#6408 = VECTOR('',#6409,1.);
#6409 = DIRECTION('',(-0.57735026919,-0.57735026919,0.57735026919));
#6410 = ORIENTED_EDGE('',*,*,#4596,.T.);
#6411 = ORIENTED_EDGE('',*,*,#6388,.T.);
#6412 = ORIENTED_EDGE('',*,*,#6413,.F.);
#6413 = EDGE_CURVE('',#6404,#6381,#6414,.T.);
#6414 = LINE('',#6415,#6416);
#6415 = CARTESIAN_POINT('',(2.69,-2.15,0.8));
#6416 = VECTOR('',#6417,1.);
#6417 = DIRECTION('',(0.,0.,1.));
#6418 = PLANE('',#6419);
#6419 = AXIS2_PLACEMENT_3D('',#6420,#6421,#6422);
#6420 = CARTESIAN_POINT('',(2.79,-2.05,0.8));
#6421 = DIRECTION('',(-0.707106781187,0.707106781187,1.735417226645E-18)
  );
#6422 = DIRECTION('',(-1.227125289148E-18,1.227125289148E-18,-1.));
#6423 = ADVANCED_FACE('',(#6424),#6442,.T.);
#6424 = FACE_BOUND('',#6425,.F.);
#6425 = EDGE_LOOP('',(#6426,#6434,#6440,#6441));
#6426 = ORIENTED_EDGE('',*,*,#6427,.T.);
#6427 = EDGE_CURVE('',#4620,#6428,#6430,.T.);
#6428 = VERTEX_POINT('',#6429);
#6429 = CARTESIAN_POINT('',(2.39,-2.15,1.));
#6430 = LINE('',#6431,#6432);
#6431 = CARTESIAN_POINT('',(2.256666666667,-2.016666666667,
    0.866666666667));
#6432 = VECTOR('',#6433,1.);
#6433 = DIRECTION('',(0.57735026919,-0.57735026919,0.57735026919));
#6434 = ORIENTED_EDGE('',*,*,#6435,.T.);
#6435 = EDGE_CURVE('',#6428,#6404,#6436,.T.);
#6436 = LINE('',#6437,#6438);
#6437 = CARTESIAN_POINT('',(2.19,-2.15,1.));
#6438 = VECTOR('',#6439,1.);
#6439 = DIRECTION('',(1.,0.,0.));
#6440 = ORIENTED_EDGE('',*,*,#6403,.F.);
#6441 = ORIENTED_EDGE('',*,*,#4627,.F.);
#6442 = PLANE('',#6443);
#6443 = AXIS2_PLACEMENT_3D('',#6444,#6445,#6446);
#6444 = CARTESIAN_POINT('',(2.19,-2.05,0.9));
#6445 = DIRECTION('',(0.,-0.707106781187,-0.707106781187));
#6446 = DIRECTION('',(-1.,-0.,-0.));
#6447 = ADVANCED_FACE('',(#6448),#6459,.T.);
#6448 = FACE_BOUND('',#6449,.F.);
#6449 = EDGE_LOOP('',(#6450,#6451,#6452,#6453));
#6450 = ORIENTED_EDGE('',*,*,#6427,.F.);
#6451 = ORIENTED_EDGE('',*,*,#4644,.T.);
#6452 = ORIENTED_EDGE('',*,*,#6372,.T.);
#6453 = ORIENTED_EDGE('',*,*,#6454,.F.);
#6454 = EDGE_CURVE('',#6428,#6373,#6455,.T.);
#6455 = LINE('',#6456,#6457);
#6456 = CARTESIAN_POINT('',(2.39,-2.15,0.8));
#6457 = VECTOR('',#6458,1.);
#6458 = DIRECTION('',(0.,0.,1.));
#6459 = PLANE('',#6460);
#6460 = AXIS2_PLACEMENT_3D('',#6461,#6462,#6463);
#6461 = CARTESIAN_POINT('',(2.29,-2.05,0.8));
#6462 = DIRECTION('',(-0.707106781187,-0.707106781187,
    -1.735417226645E-18));
#6463 = DIRECTION('',(1.227125289148E-18,1.227125289148E-18,-1.));
#6464 = ADVANCED_FACE('',(#6465),#6490,.F.);
#6465 = FACE_BOUND('',#6466,.T.);
#6466 = EDGE_LOOP('',(#6467,#6475,#6483,#6489));
#6467 = ORIENTED_EDGE('',*,*,#6468,.T.);
#6468 = EDGE_CURVE('',#4661,#6469,#6471,.T.);
#6469 = VERTEX_POINT('',#6470);
#6470 = CARTESIAN_POINT('',(7.47,-2.15,1.3));
#6471 = LINE('',#6472,#6473);
#6472 = CARTESIAN_POINT('',(7.453333333333,-2.133333333333,
    1.316666666667));
#6473 = VECTOR('',#6474,1.);
#6474 = DIRECTION('',(0.57735026919,-0.57735026919,-0.57735026919));
#6475 = ORIENTED_EDGE('',*,*,#6476,.T.);
#6476 = EDGE_CURVE('',#6469,#6477,#6479,.T.);
#6477 = VERTEX_POINT('',#6478);
#6478 = CARTESIAN_POINT('',(7.77,-2.15,1.3));
#6479 = LINE('',#6480,#6481);
#6480 = CARTESIAN_POINT('',(7.27,-2.15,1.3));
#6481 = VECTOR('',#6482,1.);
#6482 = DIRECTION('',(1.,0.,0.));
#6483 = ORIENTED_EDGE('',*,*,#6484,.F.);
#6484 = EDGE_CURVE('',#4669,#6477,#6485,.T.);
#6485 = LINE('',#6486,#6487);
#6486 = CARTESIAN_POINT('',(7.67,-2.25,1.2));
#6487 = VECTOR('',#6488,1.);
#6488 = DIRECTION('',(-0.57735026919,-0.57735026919,-0.57735026919));
#6489 = ORIENTED_EDGE('',*,*,#4668,.F.);
#6490 = PLANE('',#6491);
#6491 = AXIS2_PLACEMENT_3D('',#6492,#6493,#6494);
#6492 = CARTESIAN_POINT('',(7.27,-2.05,1.4));
#6493 = DIRECTION('',(0.,0.707106781187,-0.707106781187));
#6494 = DIRECTION('',(-1.,-0.,-0.));
#6495 = ADVANCED_FACE('',(#6496),#6514,.F.);
#6496 = FACE_BOUND('',#6497,.T.);
#6497 = EDGE_LOOP('',(#6498,#6506,#6507,#6508));
#6498 = ORIENTED_EDGE('',*,*,#6499,.F.);
#6499 = EDGE_CURVE('',#4693,#6500,#6502,.T.);
#6500 = VERTEX_POINT('',#6501);
#6501 = CARTESIAN_POINT('',(7.77,-2.15,1.));
#6502 = LINE('',#6503,#6504);
#6503 = CARTESIAN_POINT('',(7.786666666667,-2.133333333333,
    0.983333333333));
#6504 = VECTOR('',#6505,1.);
#6505 = DIRECTION('',(-0.57735026919,-0.57735026919,0.57735026919));
#6506 = ORIENTED_EDGE('',*,*,#4692,.T.);
#6507 = ORIENTED_EDGE('',*,*,#6484,.T.);
#6508 = ORIENTED_EDGE('',*,*,#6509,.F.);
#6509 = EDGE_CURVE('',#6500,#6477,#6510,.T.);
#6510 = LINE('',#6511,#6512);
#6511 = CARTESIAN_POINT('',(7.77,-2.15,0.8));
#6512 = VECTOR('',#6513,1.);
#6513 = DIRECTION('',(0.,0.,1.));
#6514 = PLANE('',#6515);
#6515 = AXIS2_PLACEMENT_3D('',#6516,#6517,#6518);
#6516 = CARTESIAN_POINT('',(7.87,-2.05,0.8));
#6517 = DIRECTION('',(-0.707106781187,0.707106781187,1.735417226645E-18)
  );
#6518 = DIRECTION('',(-1.227125289148E-18,1.227125289148E-18,-1.));
#6519 = ADVANCED_FACE('',(#6520),#6538,.T.);
#6520 = FACE_BOUND('',#6521,.F.);
#6521 = EDGE_LOOP('',(#6522,#6530,#6536,#6537));
#6522 = ORIENTED_EDGE('',*,*,#6523,.T.);
#6523 = EDGE_CURVE('',#4716,#6524,#6526,.T.);
#6524 = VERTEX_POINT('',#6525);
#6525 = CARTESIAN_POINT('',(7.47,-2.15,1.));
#6526 = LINE('',#6527,#6528);
#6527 = CARTESIAN_POINT('',(7.336666666667,-2.016666666667,
    0.866666666667));
#6528 = VECTOR('',#6529,1.);
#6529 = DIRECTION('',(0.57735026919,-0.57735026919,0.57735026919));
#6530 = ORIENTED_EDGE('',*,*,#6531,.T.);
#6531 = EDGE_CURVE('',#6524,#6500,#6532,.T.);
#6532 = LINE('',#6533,#6534);
#6533 = CARTESIAN_POINT('',(7.27,-2.15,1.));
#6534 = VECTOR('',#6535,1.);
#6535 = DIRECTION('',(1.,0.,0.));
#6536 = ORIENTED_EDGE('',*,*,#6499,.F.);
#6537 = ORIENTED_EDGE('',*,*,#4723,.F.);
#6538 = PLANE('',#6539);
#6539 = AXIS2_PLACEMENT_3D('',#6540,#6541,#6542);
#6540 = CARTESIAN_POINT('',(7.27,-2.05,0.9));
#6541 = DIRECTION('',(0.,-0.707106781187,-0.707106781187));
#6542 = DIRECTION('',(-1.,-0.,-0.));
#6543 = ADVANCED_FACE('',(#6544),#6555,.T.);
#6544 = FACE_BOUND('',#6545,.F.);
#6545 = EDGE_LOOP('',(#6546,#6547,#6548,#6549));
#6546 = ORIENTED_EDGE('',*,*,#6523,.F.);
#6547 = ORIENTED_EDGE('',*,*,#4740,.T.);
#6548 = ORIENTED_EDGE('',*,*,#6468,.T.);
#6549 = ORIENTED_EDGE('',*,*,#6550,.F.);
#6550 = EDGE_CURVE('',#6524,#6469,#6551,.T.);
#6551 = LINE('',#6552,#6553);
#6552 = CARTESIAN_POINT('',(7.47,-2.15,0.8));
#6553 = VECTOR('',#6554,1.);
#6554 = DIRECTION('',(0.,0.,1.));
#6555 = PLANE('',#6556);
#6556 = AXIS2_PLACEMENT_3D('',#6557,#6558,#6559);
#6557 = CARTESIAN_POINT('',(7.37,-2.05,0.8));
#6558 = DIRECTION('',(-0.707106781187,-0.707106781187,
    -1.735417226645E-18));
#6559 = DIRECTION('',(1.227125289148E-18,1.227125289148E-18,-1.));
#6560 = ADVANCED_FACE('',(#6561),#6586,.F.);
#6561 = FACE_BOUND('',#6562,.T.);
#6562 = EDGE_LOOP('',(#6563,#6571,#6579,#6585));
#6563 = ORIENTED_EDGE('',*,*,#6564,.T.);
#6564 = EDGE_CURVE('',#4757,#6565,#6567,.T.);
#6565 = VERTEX_POINT('',#6566);
#6566 = CARTESIAN_POINT('',(4.93,-2.15,1.3));
#6567 = LINE('',#6568,#6569);
#6568 = CARTESIAN_POINT('',(4.913333333333,-2.133333333333,
    1.316666666667));
#6569 = VECTOR('',#6570,1.);
#6570 = DIRECTION('',(0.57735026919,-0.57735026919,-0.57735026919));
#6571 = ORIENTED_EDGE('',*,*,#6572,.T.);
#6572 = EDGE_CURVE('',#6565,#6573,#6575,.T.);
#6573 = VERTEX_POINT('',#6574);
#6574 = CARTESIAN_POINT('',(5.23,-2.15,1.3));
#6575 = LINE('',#6576,#6577);
#6576 = CARTESIAN_POINT('',(4.73,-2.15,1.3));
#6577 = VECTOR('',#6578,1.);
#6578 = DIRECTION('',(1.,0.,0.));
#6579 = ORIENTED_EDGE('',*,*,#6580,.F.);
#6580 = EDGE_CURVE('',#4765,#6573,#6581,.T.);
#6581 = LINE('',#6582,#6583);
#6582 = CARTESIAN_POINT('',(5.13,-2.25,1.2));
#6583 = VECTOR('',#6584,1.);
#6584 = DIRECTION('',(-0.57735026919,-0.57735026919,-0.57735026919));
#6585 = ORIENTED_EDGE('',*,*,#4764,.F.);
#6586 = PLANE('',#6587);
#6587 = AXIS2_PLACEMENT_3D('',#6588,#6589,#6590);
#6588 = CARTESIAN_POINT('',(4.73,-2.05,1.4));
#6589 = DIRECTION('',(0.,0.707106781187,-0.707106781187));
#6590 = DIRECTION('',(-1.,-0.,-0.));
#6591 = ADVANCED_FACE('',(#6592),#6610,.F.);
#6592 = FACE_BOUND('',#6593,.T.);
#6593 = EDGE_LOOP('',(#6594,#6602,#6603,#6604));
#6594 = ORIENTED_EDGE('',*,*,#6595,.F.);
#6595 = EDGE_CURVE('',#4789,#6596,#6598,.T.);
#6596 = VERTEX_POINT('',#6597);
#6597 = CARTESIAN_POINT('',(5.23,-2.15,1.));
#6598 = LINE('',#6599,#6600);
#6599 = CARTESIAN_POINT('',(5.246666666667,-2.133333333333,
    0.983333333333));
#6600 = VECTOR('',#6601,1.);
#6601 = DIRECTION('',(-0.57735026919,-0.57735026919,0.57735026919));
#6602 = ORIENTED_EDGE('',*,*,#4788,.T.);
#6603 = ORIENTED_EDGE('',*,*,#6580,.T.);
#6604 = ORIENTED_EDGE('',*,*,#6605,.F.);
#6605 = EDGE_CURVE('',#6596,#6573,#6606,.T.);
#6606 = LINE('',#6607,#6608);
#6607 = CARTESIAN_POINT('',(5.23,-2.15,0.8));
#6608 = VECTOR('',#6609,1.);
#6609 = DIRECTION('',(0.,0.,1.));
#6610 = PLANE('',#6611);
#6611 = AXIS2_PLACEMENT_3D('',#6612,#6613,#6614);
#6612 = CARTESIAN_POINT('',(5.33,-2.05,0.8));
#6613 = DIRECTION('',(-0.707106781187,0.707106781187,1.735417226645E-18)
  );
#6614 = DIRECTION('',(-1.227125289148E-18,1.227125289148E-18,-1.));
#6615 = ADVANCED_FACE('',(#6616),#6634,.T.);
#6616 = FACE_BOUND('',#6617,.F.);
#6617 = EDGE_LOOP('',(#6618,#6626,#6632,#6633));
#6618 = ORIENTED_EDGE('',*,*,#6619,.T.);
#6619 = EDGE_CURVE('',#4812,#6620,#6622,.T.);
#6620 = VERTEX_POINT('',#6621);
#6621 = CARTESIAN_POINT('',(4.93,-2.15,1.));
#6622 = LINE('',#6623,#6624);
#6623 = CARTESIAN_POINT('',(4.796666666667,-2.016666666667,
    0.866666666667));
#6624 = VECTOR('',#6625,1.);
#6625 = DIRECTION('',(0.57735026919,-0.57735026919,0.57735026919));
#6626 = ORIENTED_EDGE('',*,*,#6627,.T.);
#6627 = EDGE_CURVE('',#6620,#6596,#6628,.T.);
#6628 = LINE('',#6629,#6630);
#6629 = CARTESIAN_POINT('',(4.73,-2.15,1.));
#6630 = VECTOR('',#6631,1.);
#6631 = DIRECTION('',(1.,0.,0.));
#6632 = ORIENTED_EDGE('',*,*,#6595,.F.);
#6633 = ORIENTED_EDGE('',*,*,#4819,.F.);
#6634 = PLANE('',#6635);
#6635 = AXIS2_PLACEMENT_3D('',#6636,#6637,#6638);
#6636 = CARTESIAN_POINT('',(4.73,-2.05,0.9));
#6637 = DIRECTION('',(0.,-0.707106781187,-0.707106781187));
#6638 = DIRECTION('',(-1.,-0.,-0.));
#6639 = ADVANCED_FACE('',(#6640),#6651,.T.);
#6640 = FACE_BOUND('',#6641,.F.);
#6641 = EDGE_LOOP('',(#6642,#6643,#6644,#6645));
#6642 = ORIENTED_EDGE('',*,*,#6619,.F.);
#6643 = ORIENTED_EDGE('',*,*,#4836,.T.);
#6644 = ORIENTED_EDGE('',*,*,#6564,.T.);
#6645 = ORIENTED_EDGE('',*,*,#6646,.F.);
#6646 = EDGE_CURVE('',#6620,#6565,#6647,.T.);
#6647 = LINE('',#6648,#6649);
#6648 = CARTESIAN_POINT('',(4.93,-2.15,0.8));
#6649 = VECTOR('',#6650,1.);
#6650 = DIRECTION('',(0.,0.,1.));
#6651 = PLANE('',#6652);
#6652 = AXIS2_PLACEMENT_3D('',#6653,#6654,#6655);
#6653 = CARTESIAN_POINT('',(4.83,-2.05,0.8));
#6654 = DIRECTION('',(-0.707106781187,-0.707106781187,
    -1.735417226645E-18));
#6655 = DIRECTION('',(1.227125289148E-18,1.227125289148E-18,-1.));
#6656 = ADVANCED_FACE('',(#6657),#6682,.F.);
#6657 = FACE_BOUND('',#6658,.T.);
#6658 = EDGE_LOOP('',(#6659,#6667,#6675,#6681));
#6659 = ORIENTED_EDGE('',*,*,#6660,.T.);
#6660 = EDGE_CURVE('',#4853,#6661,#6663,.T.);
#6661 = VERTEX_POINT('',#6662);
#6662 = CARTESIAN_POINT('',(26.72,-2.15,1.3));
#6663 = LINE('',#6664,#6665);
#6664 = CARTESIAN_POINT('',(26.703333333333,-2.133333333333,
    1.316666666667));
#6665 = VECTOR('',#6666,1.);
#6666 = DIRECTION('',(0.57735026919,-0.57735026919,-0.57735026919));
#6667 = ORIENTED_EDGE('',*,*,#6668,.T.);
#6668 = EDGE_CURVE('',#6661,#6669,#6671,.T.);
#6669 = VERTEX_POINT('',#6670);
#6670 = CARTESIAN_POINT('',(27.02,-2.15,1.3));
#6671 = LINE('',#6672,#6673);
#6672 = CARTESIAN_POINT('',(26.52,-2.15,1.3));
#6673 = VECTOR('',#6674,1.);
#6674 = DIRECTION('',(1.,0.,0.));
#6675 = ORIENTED_EDGE('',*,*,#6676,.F.);
#6676 = EDGE_CURVE('',#4861,#6669,#6677,.T.);
#6677 = LINE('',#6678,#6679);
#6678 = CARTESIAN_POINT('',(26.92,-2.25,1.2));
#6679 = VECTOR('',#6680,1.);
#6680 = DIRECTION('',(-0.57735026919,-0.57735026919,-0.57735026919));
#6681 = ORIENTED_EDGE('',*,*,#4860,.F.);
#6682 = PLANE('',#6683);
#6683 = AXIS2_PLACEMENT_3D('',#6684,#6685,#6686);
#6684 = CARTESIAN_POINT('',(26.52,-2.05,1.4));
#6685 = DIRECTION('',(0.,0.707106781187,-0.707106781187));
#6686 = DIRECTION('',(-1.,-0.,-0.));
#6687 = ADVANCED_FACE('',(#6688),#6706,.F.);
#6688 = FACE_BOUND('',#6689,.T.);
#6689 = EDGE_LOOP('',(#6690,#6698,#6699,#6700));
#6690 = ORIENTED_EDGE('',*,*,#6691,.F.);
#6691 = EDGE_CURVE('',#4885,#6692,#6694,.T.);
#6692 = VERTEX_POINT('',#6693);
#6693 = CARTESIAN_POINT('',(27.02,-2.15,1.));
#6694 = LINE('',#6695,#6696);
#6695 = CARTESIAN_POINT('',(27.036666666667,-2.133333333333,
    0.983333333333));
#6696 = VECTOR('',#6697,1.);
#6697 = DIRECTION('',(-0.57735026919,-0.57735026919,0.57735026919));
#6698 = ORIENTED_EDGE('',*,*,#4884,.T.);
#6699 = ORIENTED_EDGE('',*,*,#6676,.T.);
#6700 = ORIENTED_EDGE('',*,*,#6701,.F.);
#6701 = EDGE_CURVE('',#6692,#6669,#6702,.T.);
#6702 = LINE('',#6703,#6704);
#6703 = CARTESIAN_POINT('',(27.02,-2.15,0.8));
#6704 = VECTOR('',#6705,1.);
#6705 = DIRECTION('',(0.,0.,1.));
#6706 = PLANE('',#6707);
#6707 = AXIS2_PLACEMENT_3D('',#6708,#6709,#6710);
#6708 = CARTESIAN_POINT('',(27.12,-2.05,0.8));
#6709 = DIRECTION('',(-0.707106781187,0.707106781187,1.735417226645E-18)
  );
#6710 = DIRECTION('',(-1.227125289148E-18,1.227125289148E-18,-1.));
#6711 = ADVANCED_FACE('',(#6712),#6730,.T.);
#6712 = FACE_BOUND('',#6713,.F.);
#6713 = EDGE_LOOP('',(#6714,#6722,#6728,#6729));
#6714 = ORIENTED_EDGE('',*,*,#6715,.T.);
#6715 = EDGE_CURVE('',#4908,#6716,#6718,.T.);
#6716 = VERTEX_POINT('',#6717);
#6717 = CARTESIAN_POINT('',(26.72,-2.15,1.));
#6718 = LINE('',#6719,#6720);
#6719 = CARTESIAN_POINT('',(26.586666666667,-2.016666666667,
    0.866666666667));
#6720 = VECTOR('',#6721,1.);
#6721 = DIRECTION('',(0.57735026919,-0.57735026919,0.57735026919));
#6722 = ORIENTED_EDGE('',*,*,#6723,.T.);
#6723 = EDGE_CURVE('',#6716,#6692,#6724,.T.);
#6724 = LINE('',#6725,#6726);
#6725 = CARTESIAN_POINT('',(26.52,-2.15,1.));
#6726 = VECTOR('',#6727,1.);
#6727 = DIRECTION('',(1.,0.,0.));
#6728 = ORIENTED_EDGE('',*,*,#6691,.F.);
#6729 = ORIENTED_EDGE('',*,*,#4915,.F.);
#6730 = PLANE('',#6731);
#6731 = AXIS2_PLACEMENT_3D('',#6732,#6733,#6734);
#6732 = CARTESIAN_POINT('',(26.52,-2.05,0.9));
#6733 = DIRECTION('',(0.,-0.707106781187,-0.707106781187));
#6734 = DIRECTION('',(-1.,-0.,-0.));
#6735 = ADVANCED_FACE('',(#6736),#6747,.T.);
#6736 = FACE_BOUND('',#6737,.F.);
#6737 = EDGE_LOOP('',(#6738,#6739,#6740,#6741));
#6738 = ORIENTED_EDGE('',*,*,#6715,.F.);
#6739 = ORIENTED_EDGE('',*,*,#4932,.T.);
#6740 = ORIENTED_EDGE('',*,*,#6660,.T.);
#6741 = ORIENTED_EDGE('',*,*,#6742,.F.);
#6742 = EDGE_CURVE('',#6716,#6661,#6743,.T.);
#6743 = LINE('',#6744,#6745);
#6744 = CARTESIAN_POINT('',(26.72,-2.15,0.8));
#6745 = VECTOR('',#6746,1.);
#6746 = DIRECTION('',(0.,0.,1.));
#6747 = PLANE('',#6748);
#6748 = AXIS2_PLACEMENT_3D('',#6749,#6750,#6751);
#6749 = CARTESIAN_POINT('',(26.62,-2.05,0.8));
#6750 = DIRECTION('',(-0.707106781187,-0.707106781187,
    -1.735417226645E-18));
#6751 = DIRECTION('',(1.227125289148E-18,1.227125289148E-18,-1.));
#6752 = ADVANCED_FACE('',(#6753),#6778,.F.);
#6753 = FACE_BOUND('',#6754,.T.);
#6754 = EDGE_LOOP('',(#6755,#6763,#6771,#6777));
#6755 = ORIENTED_EDGE('',*,*,#6756,.T.);
#6756 = EDGE_CURVE('',#4949,#6757,#6759,.T.);
#6757 = VERTEX_POINT('',#6758);
#6758 = CARTESIAN_POINT('',(24.18,-2.15,1.3));
#6759 = LINE('',#6760,#6761);
#6760 = CARTESIAN_POINT('',(24.163333333333,-2.133333333333,
    1.316666666667));
#6761 = VECTOR('',#6762,1.);
#6762 = DIRECTION('',(0.57735026919,-0.57735026919,-0.57735026919));
#6763 = ORIENTED_EDGE('',*,*,#6764,.T.);
#6764 = EDGE_CURVE('',#6757,#6765,#6767,.T.);
#6765 = VERTEX_POINT('',#6766);
#6766 = CARTESIAN_POINT('',(24.48,-2.15,1.3));
#6767 = LINE('',#6768,#6769);
#6768 = CARTESIAN_POINT('',(23.98,-2.15,1.3));
#6769 = VECTOR('',#6770,1.);
#6770 = DIRECTION('',(1.,0.,0.));
#6771 = ORIENTED_EDGE('',*,*,#6772,.F.);
#6772 = EDGE_CURVE('',#4957,#6765,#6773,.T.);
#6773 = LINE('',#6774,#6775);
#6774 = CARTESIAN_POINT('',(24.38,-2.25,1.2));
#6775 = VECTOR('',#6776,1.);
#6776 = DIRECTION('',(-0.57735026919,-0.57735026919,-0.57735026919));
#6777 = ORIENTED_EDGE('',*,*,#4956,.F.);
#6778 = PLANE('',#6779);
#6779 = AXIS2_PLACEMENT_3D('',#6780,#6781,#6782);
#6780 = CARTESIAN_POINT('',(23.98,-2.05,1.4));
#6781 = DIRECTION('',(0.,0.707106781187,-0.707106781187));
#6782 = DIRECTION('',(-1.,-0.,-0.));
#6783 = ADVANCED_FACE('',(#6784),#6802,.F.);
#6784 = FACE_BOUND('',#6785,.T.);
#6785 = EDGE_LOOP('',(#6786,#6794,#6795,#6796));
#6786 = ORIENTED_EDGE('',*,*,#6787,.F.);
#6787 = EDGE_CURVE('',#4981,#6788,#6790,.T.);
#6788 = VERTEX_POINT('',#6789);
#6789 = CARTESIAN_POINT('',(24.48,-2.15,1.));
#6790 = LINE('',#6791,#6792);
#6791 = CARTESIAN_POINT('',(24.496666666667,-2.133333333333,
    0.983333333333));
#6792 = VECTOR('',#6793,1.);
#6793 = DIRECTION('',(-0.57735026919,-0.57735026919,0.57735026919));
#6794 = ORIENTED_EDGE('',*,*,#4980,.T.);
#6795 = ORIENTED_EDGE('',*,*,#6772,.T.);
#6796 = ORIENTED_EDGE('',*,*,#6797,.F.);
#6797 = EDGE_CURVE('',#6788,#6765,#6798,.T.);
#6798 = LINE('',#6799,#6800);
#6799 = CARTESIAN_POINT('',(24.48,-2.15,0.8));
#6800 = VECTOR('',#6801,1.);
#6801 = DIRECTION('',(0.,0.,1.));
#6802 = PLANE('',#6803);
#6803 = AXIS2_PLACEMENT_3D('',#6804,#6805,#6806);
#6804 = CARTESIAN_POINT('',(24.58,-2.05,0.8));
#6805 = DIRECTION('',(-0.707106781187,0.707106781187,1.735417226645E-18)
  );
#6806 = DIRECTION('',(-1.227125289148E-18,1.227125289148E-18,-1.));
#6807 = ADVANCED_FACE('',(#6808),#6826,.T.);
#6808 = FACE_BOUND('',#6809,.F.);
#6809 = EDGE_LOOP('',(#6810,#6818,#6824,#6825));
#6810 = ORIENTED_EDGE('',*,*,#6811,.T.);
#6811 = EDGE_CURVE('',#5004,#6812,#6814,.T.);
#6812 = VERTEX_POINT('',#6813);
#6813 = CARTESIAN_POINT('',(24.18,-2.15,1.));
#6814 = LINE('',#6815,#6816);
#6815 = CARTESIAN_POINT('',(24.046666666667,-2.016666666667,
    0.866666666667));
#6816 = VECTOR('',#6817,1.);
#6817 = DIRECTION('',(0.57735026919,-0.57735026919,0.57735026919));
#6818 = ORIENTED_EDGE('',*,*,#6819,.T.);
#6819 = EDGE_CURVE('',#6812,#6788,#6820,.T.);
#6820 = LINE('',#6821,#6822);
#6821 = CARTESIAN_POINT('',(23.98,-2.15,1.));
#6822 = VECTOR('',#6823,1.);
#6823 = DIRECTION('',(1.,0.,0.));
#6824 = ORIENTED_EDGE('',*,*,#6787,.F.);
#6825 = ORIENTED_EDGE('',*,*,#5011,.F.);
#6826 = PLANE('',#6827);
#6827 = AXIS2_PLACEMENT_3D('',#6828,#6829,#6830);
#6828 = CARTESIAN_POINT('',(23.98,-2.05,0.9));
#6829 = DIRECTION('',(0.,-0.707106781187,-0.707106781187));
#6830 = DIRECTION('',(-1.,-0.,-0.));
#6831 = ADVANCED_FACE('',(#6832),#6843,.T.);
#6832 = FACE_BOUND('',#6833,.F.);
#6833 = EDGE_LOOP('',(#6834,#6835,#6836,#6837));
#6834 = ORIENTED_EDGE('',*,*,#6811,.F.);
#6835 = ORIENTED_EDGE('',*,*,#5028,.T.);
#6836 = ORIENTED_EDGE('',*,*,#6756,.T.);
#6837 = ORIENTED_EDGE('',*,*,#6838,.F.);
#6838 = EDGE_CURVE('',#6812,#6757,#6839,.T.);
#6839 = LINE('',#6840,#6841);
#6840 = CARTESIAN_POINT('',(24.18,-2.15,0.8));
#6841 = VECTOR('',#6842,1.);
#6842 = DIRECTION('',(0.,0.,1.));
#6843 = PLANE('',#6844);
#6844 = AXIS2_PLACEMENT_3D('',#6845,#6846,#6847);
#6845 = CARTESIAN_POINT('',(24.08,-2.05,0.8));
#6846 = DIRECTION('',(-0.707106781187,-0.707106781187,
    -1.735417226645E-18));
#6847 = DIRECTION('',(1.227125289148E-18,1.227125289148E-18,-1.));
#6848 = ADVANCED_FACE('',(#6849),#6855,.F.);
#6849 = FACE_BOUND('',#6850,.T.);
#6850 = EDGE_LOOP('',(#6851,#6852,#6853,#6854));
#6851 = ORIENTED_EDGE('',*,*,#5102,.F.);
#6852 = ORIENTED_EDGE('',*,*,#5084,.T.);
#6853 = ORIENTED_EDGE('',*,*,#5153,.T.);
#6854 = ORIENTED_EDGE('',*,*,#6177,.F.);
#6855 = PLANE('',#6856);
#6856 = AXIS2_PLACEMENT_3D('',#6857,#6858,#6859);
#6857 = CARTESIAN_POINT('',(-0.35,0.25,-5.9));
#6858 = DIRECTION('',(-1.735417226645E-18,-0.707106781187,0.707106781187
    ));
#6859 = DIRECTION('',(-1.,1.227125289148E-18,-1.227125289148E-18));
#6860 = ADVANCED_FACE('',(#6861),#6867,.F.);
#6861 = FACE_BOUND('',#6862,.T.);
#6862 = EDGE_LOOP('',(#6863,#6864,#6865,#6866));
#6863 = ORIENTED_EDGE('',*,*,#5233,.F.);
#6864 = ORIENTED_EDGE('',*,*,#5215,.T.);
#6865 = ORIENTED_EDGE('',*,*,#5284,.T.);
#6866 = ORIENTED_EDGE('',*,*,#6194,.F.);
#6867 = PLANE('',#6868);
#6868 = AXIS2_PLACEMENT_3D('',#6869,#6870,#6871);
#6869 = CARTESIAN_POINT('',(2.19,0.25,-5.9));
#6870 = DIRECTION('',(-1.735417226645E-18,-0.707106781187,0.707106781187
    ));
#6871 = DIRECTION('',(-1.,1.227125289148E-18,-1.227125289148E-18));
#6872 = ADVANCED_FACE('',(#6873),#6879,.F.);
#6873 = FACE_BOUND('',#6874,.T.);
#6874 = EDGE_LOOP('',(#6875,#6876,#6877,#6878));
#6875 = ORIENTED_EDGE('',*,*,#5364,.F.);
#6876 = ORIENTED_EDGE('',*,*,#5346,.T.);
#6877 = ORIENTED_EDGE('',*,*,#5415,.T.);
#6878 = ORIENTED_EDGE('',*,*,#6211,.F.);
#6879 = PLANE('',#6880);
#6880 = AXIS2_PLACEMENT_3D('',#6881,#6882,#6883);
#6881 = CARTESIAN_POINT('',(4.73,0.25,-5.9));
#6882 = DIRECTION('',(-1.735417226645E-18,-0.707106781187,0.707106781187
    ));
#6883 = DIRECTION('',(-1.,1.227125289148E-18,-1.227125289148E-18));
#6884 = ADVANCED_FACE('',(#6885),#6891,.F.);
#6885 = FACE_BOUND('',#6886,.T.);
#6886 = EDGE_LOOP('',(#6887,#6888,#6889,#6890));
#6887 = ORIENTED_EDGE('',*,*,#5495,.F.);
#6888 = ORIENTED_EDGE('',*,*,#5477,.T.);
#6889 = ORIENTED_EDGE('',*,*,#5546,.T.);
#6890 = ORIENTED_EDGE('',*,*,#6228,.F.);
#6891 = PLANE('',#6892);
#6892 = AXIS2_PLACEMENT_3D('',#6893,#6894,#6895);
#6893 = CARTESIAN_POINT('',(7.27,0.25,-5.9));
#6894 = DIRECTION('',(-1.735417226645E-18,-0.707106781187,0.707106781187
    ));
#6895 = DIRECTION('',(-1.,1.227125289148E-18,-1.227125289148E-18));
#6896 = ADVANCED_FACE('',(#6897),#6903,.F.);
#6897 = FACE_BOUND('',#6898,.T.);
#6898 = EDGE_LOOP('',(#6899,#6900,#6901,#6902));
#6899 = ORIENTED_EDGE('',*,*,#5626,.F.);
#6900 = ORIENTED_EDGE('',*,*,#5608,.T.);
#6901 = ORIENTED_EDGE('',*,*,#5677,.T.);
#6902 = ORIENTED_EDGE('',*,*,#6245,.F.);
#6903 = PLANE('',#6904);
#6904 = AXIS2_PLACEMENT_3D('',#6905,#6906,#6907);
#6905 = CARTESIAN_POINT('',(23.98,0.25,-5.9));
#6906 = DIRECTION('',(-1.735417226645E-18,-0.707106781187,0.707106781187
    ));
#6907 = DIRECTION('',(-1.,1.227125289148E-18,-1.227125289148E-18));
#6908 = ADVANCED_FACE('',(#6909),#6915,.F.);
#6909 = FACE_BOUND('',#6910,.T.);
#6910 = EDGE_LOOP('',(#6911,#6912,#6913,#6914));
#6911 = ORIENTED_EDGE('',*,*,#5757,.F.);
#6912 = ORIENTED_EDGE('',*,*,#5739,.T.);
#6913 = ORIENTED_EDGE('',*,*,#5808,.T.);
#6914 = ORIENTED_EDGE('',*,*,#6262,.F.);
#6915 = PLANE('',#6916);
#6916 = AXIS2_PLACEMENT_3D('',#6917,#6918,#6919);
#6917 = CARTESIAN_POINT('',(26.52,0.25,-5.9));
#6918 = DIRECTION('',(-1.735417226645E-18,-0.707106781187,0.707106781187
    ));
#6919 = DIRECTION('',(-1.,1.227125289148E-18,-1.227125289148E-18));
#6920 = ADVANCED_FACE('',(#6921,#6928),#6973,.T.);
#6921 = FACE_BOUND('',#6922,.T.);
#6922 = EDGE_LOOP('',(#6923,#6924,#6925,#6926,#6927));
#6923 = ORIENTED_EDGE('',*,*,#5954,.T.);
#6924 = ORIENTED_EDGE('',*,*,#5887,.T.);
#6925 = ORIENTED_EDGE('',*,*,#5861,.T.);
#6926 = ORIENTED_EDGE('',*,*,#5903,.T.);
#6927 = ORIENTED_EDGE('',*,*,#5938,.T.);
#6928 = FACE_BOUND('',#6929,.T.);
#6929 = EDGE_LOOP('',(#6930,#6941,#6949,#6958,#6966));
#6930 = ORIENTED_EDGE('',*,*,#6931,.F.);
#6931 = EDGE_CURVE('',#6932,#6934,#6936,.T.);
#6932 = VERTEX_POINT('',#6933);
#6933 = CARTESIAN_POINT('',(7.2,0.25,7.8));
#6934 = VERTEX_POINT('',#6935);
#6935 = CARTESIAN_POINT('',(8.9,0.25,6.1));
#6936 = CIRCLE('',#6937,1.7);
#6937 = AXIS2_PLACEMENT_3D('',#6938,#6939,#6940);
#6938 = CARTESIAN_POINT('',(7.2,0.25,6.1));
#6939 = DIRECTION('',(-0.,1.,2.22044604925E-16));
#6940 = DIRECTION('',(1.,0.,0.));
#6941 = ORIENTED_EDGE('',*,*,#6942,.F.);
#6942 = EDGE_CURVE('',#6943,#6932,#6945,.T.);
#6943 = VERTEX_POINT('',#6944);
#6944 = CARTESIAN_POINT('',(0.8,0.25,7.8));
#6945 = LINE('',#6946,#6947);
#6946 = CARTESIAN_POINT('',(0.8,0.25,7.8));
#6947 = VECTOR('',#6948,1.);
#6948 = DIRECTION('',(1.,0.,0.));
#6949 = ORIENTED_EDGE('',*,*,#6950,.F.);
#6950 = EDGE_CURVE('',#6951,#6943,#6953,.T.);
#6951 = VERTEX_POINT('',#6952);
#6952 = CARTESIAN_POINT('',(0.8,0.25,4.4));
#6953 = CIRCLE('',#6954,1.7);
#6954 = AXIS2_PLACEMENT_3D('',#6955,#6956,#6957);
#6955 = CARTESIAN_POINT('',(0.8,0.25,6.1));
#6956 = DIRECTION('',(-0.,1.,2.22044604925E-16));
#6957 = DIRECTION('',(1.,0.,0.));
#6958 = ORIENTED_EDGE('',*,*,#6959,.T.);
#6959 = EDGE_CURVE('',#6951,#6960,#6962,.T.);
#6960 = VERTEX_POINT('',#6961);
#6961 = CARTESIAN_POINT('',(7.2,0.25,4.4));
#6962 = LINE('',#6963,#6964);
#6963 = CARTESIAN_POINT('',(0.8,0.25,4.4));
#6964 = VECTOR('',#6965,1.);
#6965 = DIRECTION('',(1.,0.,0.));
#6966 = ORIENTED_EDGE('',*,*,#6967,.F.);
#6967 = EDGE_CURVE('',#6934,#6960,#6968,.T.);
#6968 = CIRCLE('',#6969,1.7);
#6969 = AXIS2_PLACEMENT_3D('',#6970,#6971,#6972);
#6970 = CARTESIAN_POINT('',(7.2,0.25,6.1));
#6971 = DIRECTION('',(-0.,1.,2.22044604925E-16));
#6972 = DIRECTION('',(1.,0.,0.));
#6973 = PLANE('',#6974);
#6974 = AXIS2_PLACEMENT_3D('',#6975,#6976,#6977);
#6975 = CARTESIAN_POINT('',(4.065264384003,0.25,6.1));
#6976 = DIRECTION('',(1.044140700782E-32,1.,3.937297302025E-18));
#6977 = DIRECTION('',(0.,-3.937297302025E-18,1.));
#6978 = ADVANCED_FACE('',(#6979),#6985,.F.);
#6979 = FACE_BOUND('',#6980,.F.);
#6980 = EDGE_LOOP('',(#6981,#6982,#6983,#6984));
#6981 = ORIENTED_EDGE('',*,*,#6358,.T.);
#6982 = ORIENTED_EDGE('',*,*,#6284,.T.);
#6983 = ORIENTED_EDGE('',*,*,#6317,.F.);
#6984 = ORIENTED_EDGE('',*,*,#6339,.F.);
#6985 = PLANE('',#6986);
#6986 = AXIS2_PLACEMENT_3D('',#6987,#6988,#6989);
#6987 = CARTESIAN_POINT('',(-0.35,-2.15,0.8));
#6988 = DIRECTION('',(0.,1.,0.));
#6989 = DIRECTION('',(0.,0.,1.));
#6990 = ADVANCED_FACE('',(#6991),#6997,.F.);
#6991 = FACE_BOUND('',#6992,.F.);
#6992 = EDGE_LOOP('',(#6993,#6994,#6995,#6996));
#6993 = ORIENTED_EDGE('',*,*,#6454,.T.);
#6994 = ORIENTED_EDGE('',*,*,#6380,.T.);
#6995 = ORIENTED_EDGE('',*,*,#6413,.F.);
#6996 = ORIENTED_EDGE('',*,*,#6435,.F.);
#6997 = PLANE('',#6998);
#6998 = AXIS2_PLACEMENT_3D('',#6999,#7000,#7001);
#6999 = CARTESIAN_POINT('',(2.19,-2.15,0.8));
#7000 = DIRECTION('',(0.,1.,0.));
#7001 = DIRECTION('',(0.,0.,1.));
#7002 = ADVANCED_FACE('',(#7003),#7009,.F.);
#7003 = FACE_BOUND('',#7004,.F.);
#7004 = EDGE_LOOP('',(#7005,#7006,#7007,#7008));
#7005 = ORIENTED_EDGE('',*,*,#6550,.T.);
#7006 = ORIENTED_EDGE('',*,*,#6476,.T.);
#7007 = ORIENTED_EDGE('',*,*,#6509,.F.);
#7008 = ORIENTED_EDGE('',*,*,#6531,.F.);
#7009 = PLANE('',#7010);
#7010 = AXIS2_PLACEMENT_3D('',#7011,#7012,#7013);
#7011 = CARTESIAN_POINT('',(7.27,-2.15,0.8));
#7012 = DIRECTION('',(0.,1.,0.));
#7013 = DIRECTION('',(0.,0.,1.));
#7014 = ADVANCED_FACE('',(#7015),#7021,.F.);
#7015 = FACE_BOUND('',#7016,.F.);
#7016 = EDGE_LOOP('',(#7017,#7018,#7019,#7020));
#7017 = ORIENTED_EDGE('',*,*,#6646,.T.);
#7018 = ORIENTED_EDGE('',*,*,#6572,.T.);
#7019 = ORIENTED_EDGE('',*,*,#6605,.F.);
#7020 = ORIENTED_EDGE('',*,*,#6627,.F.);
#7021 = PLANE('',#7022);
#7022 = AXIS2_PLACEMENT_3D('',#7023,#7024,#7025);
#7023 = CARTESIAN_POINT('',(4.73,-2.15,0.8));
#7024 = DIRECTION('',(0.,1.,0.));
#7025 = DIRECTION('',(0.,0.,1.));
#7026 = ADVANCED_FACE('',(#7027),#7033,.F.);
#7027 = FACE_BOUND('',#7028,.F.);
#7028 = EDGE_LOOP('',(#7029,#7030,#7031,#7032));
#7029 = ORIENTED_EDGE('',*,*,#6742,.T.);
#7030 = ORIENTED_EDGE('',*,*,#6668,.T.);
#7031 = ORIENTED_EDGE('',*,*,#6701,.F.);
#7032 = ORIENTED_EDGE('',*,*,#6723,.F.);
#7033 = PLANE('',#7034);
#7034 = AXIS2_PLACEMENT_3D('',#7035,#7036,#7037);
#7035 = CARTESIAN_POINT('',(26.52,-2.15,0.8));
#7036 = DIRECTION('',(0.,1.,0.));
#7037 = DIRECTION('',(0.,0.,1.));
#7038 = ADVANCED_FACE('',(#7039),#7045,.F.);
#7039 = FACE_BOUND('',#7040,.F.);
#7040 = EDGE_LOOP('',(#7041,#7042,#7043,#7044));
#7041 = ORIENTED_EDGE('',*,*,#6838,.T.);
#7042 = ORIENTED_EDGE('',*,*,#6764,.T.);
#7043 = ORIENTED_EDGE('',*,*,#6797,.F.);
#7044 = ORIENTED_EDGE('',*,*,#6819,.F.);
#7045 = PLANE('',#7046);
#7046 = AXIS2_PLACEMENT_3D('',#7047,#7048,#7049);
#7047 = CARTESIAN_POINT('',(23.98,-2.15,0.8));
#7048 = DIRECTION('',(0.,1.,0.));
#7049 = DIRECTION('',(0.,0.,1.));
#7050 = ADVANCED_FACE('',(#7051),#7087,.T.);
#7051 = FACE_BOUND('',#7052,.T.);
#7052 = EDGE_LOOP('',(#7053,#7061,#7070,#7079,#7085,#7086));
#7053 = ORIENTED_EDGE('',*,*,#7054,.T.);
#7054 = EDGE_CURVE('',#6960,#7055,#7057,.T.);
#7055 = VERTEX_POINT('',#7056);
#7056 = CARTESIAN_POINT('',(7.2,2.85,4.4));
#7057 = LINE('',#7058,#7059);
#7058 = CARTESIAN_POINT('',(7.2,-0.35,4.4));
#7059 = VECTOR('',#7060,1.);
#7060 = DIRECTION('',(0.,1.,0.));
#7061 = ORIENTED_EDGE('',*,*,#7062,.F.);
#7062 = EDGE_CURVE('',#7063,#7055,#7065,.T.);
#7063 = VERTEX_POINT('',#7064);
#7064 = CARTESIAN_POINT('',(8.9,2.85,6.1));
#7065 = CIRCLE('',#7066,1.7);
#7066 = AXIS2_PLACEMENT_3D('',#7067,#7068,#7069);
#7067 = CARTESIAN_POINT('',(7.2,2.85,6.1));
#7068 = DIRECTION('',(-3.7607617902E-32,1.,5.959582652773E-17));
#7069 = DIRECTION('',(1.,7.306993190045E-33,5.08435346523E-16));
#7070 = ORIENTED_EDGE('',*,*,#7071,.F.);
#7071 = EDGE_CURVE('',#7072,#7063,#7074,.T.);
#7072 = VERTEX_POINT('',#7073);
#7073 = CARTESIAN_POINT('',(7.2,2.85,7.8));
#7074 = CIRCLE('',#7075,1.7);
#7075 = AXIS2_PLACEMENT_3D('',#7076,#7077,#7078);
#7076 = CARTESIAN_POINT('',(7.2,2.85,6.1));
#7077 = DIRECTION('',(-3.7607617902E-32,1.,5.959582652773E-17));
#7078 = DIRECTION('',(8.848851271058E-33,-5.959582652773E-17,1.));
#7079 = ORIENTED_EDGE('',*,*,#7080,.F.);
#7080 = EDGE_CURVE('',#6932,#7072,#7081,.T.);
#7081 = LINE('',#7082,#7083);
#7082 = CARTESIAN_POINT('',(7.2,-0.35,7.8));
#7083 = VECTOR('',#7084,1.);
#7084 = DIRECTION('',(0.,1.,0.));
#7085 = ORIENTED_EDGE('',*,*,#6931,.T.);
#7086 = ORIENTED_EDGE('',*,*,#6967,.T.);
#7087 = CYLINDRICAL_SURFACE('',#7088,1.7);
#7088 = AXIS2_PLACEMENT_3D('',#7089,#7090,#7091);
#7089 = CARTESIAN_POINT('',(7.2,-0.35,6.1));
#7090 = DIRECTION('',(0.,1.,2.22044604925E-16));
#7091 = DIRECTION('',(1.,0.,0.));
#7092 = ADVANCED_FACE('',(#7093),#7111,.T.);
#7093 = FACE_BOUND('',#7094,.T.);
#7094 = EDGE_LOOP('',(#7095,#7103,#7104,#7105));
#7095 = ORIENTED_EDGE('',*,*,#7096,.F.);
#7096 = EDGE_CURVE('',#6943,#7097,#7099,.T.);
#7097 = VERTEX_POINT('',#7098);
#7098 = CARTESIAN_POINT('',(0.8,2.85,7.8));
#7099 = LINE('',#7100,#7101);
#7100 = CARTESIAN_POINT('',(0.8,-0.35,7.8));
#7101 = VECTOR('',#7102,1.);
#7102 = DIRECTION('',(0.,1.,0.));
#7103 = ORIENTED_EDGE('',*,*,#6942,.T.);
#7104 = ORIENTED_EDGE('',*,*,#7080,.T.);
#7105 = ORIENTED_EDGE('',*,*,#7106,.F.);
#7106 = EDGE_CURVE('',#7097,#7072,#7107,.T.);
#7107 = LINE('',#7108,#7109);
#7108 = CARTESIAN_POINT('',(0.8,2.85,7.8));
#7109 = VECTOR('',#7110,1.);
#7110 = DIRECTION('',(1.,0.,0.));
#7111 = PLANE('',#7112);
#7112 = AXIS2_PLACEMENT_3D('',#7113,#7114,#7115);
#7113 = CARTESIAN_POINT('',(0.8,-0.35,7.8));
#7114 = DIRECTION('',(0.,0.,1.));
#7115 = DIRECTION('',(1.,0.,0.));
#7116 = ADVANCED_FACE('',(#7117),#7136,.T.);
#7117 = FACE_BOUND('',#7118,.T.);
#7118 = EDGE_LOOP('',(#7119,#7120,#7129,#7135));
#7119 = ORIENTED_EDGE('',*,*,#7096,.T.);
#7120 = ORIENTED_EDGE('',*,*,#7121,.F.);
#7121 = EDGE_CURVE('',#7122,#7097,#7124,.T.);
#7122 = VERTEX_POINT('',#7123);
#7123 = CARTESIAN_POINT('',(0.8,2.85,4.4));
#7124 = CIRCLE('',#7125,1.7);
#7125 = AXIS2_PLACEMENT_3D('',#7126,#7127,#7128);
#7126 = CARTESIAN_POINT('',(0.8,2.85,6.1));
#7127 = DIRECTION('',(-3.7607617902E-32,1.,5.959582652773E-17));
#7128 = DIRECTION('',(1.95921710228E-16,5.959582652773E-17,-1.));
#7129 = ORIENTED_EDGE('',*,*,#7130,.F.);
#7130 = EDGE_CURVE('',#6951,#7122,#7131,.T.);
#7131 = LINE('',#7132,#7133);
#7132 = CARTESIAN_POINT('',(0.8,-0.35,4.4));
#7133 = VECTOR('',#7134,1.);
#7134 = DIRECTION('',(0.,1.,0.));
#7135 = ORIENTED_EDGE('',*,*,#6950,.T.);
#7136 = CYLINDRICAL_SURFACE('',#7137,1.7);
#7137 = AXIS2_PLACEMENT_3D('',#7138,#7139,#7140);
#7138 = CARTESIAN_POINT('',(0.8,-0.35,6.1));
#7139 = DIRECTION('',(0.,1.,2.22044604925E-16));
#7140 = DIRECTION('',(1.,0.,0.));
#7141 = ADVANCED_FACE('',(#7142),#7153,.F.);
#7142 = FACE_BOUND('',#7143,.F.);
#7143 = EDGE_LOOP('',(#7144,#7145,#7146,#7147));
#7144 = ORIENTED_EDGE('',*,*,#7130,.F.);
#7145 = ORIENTED_EDGE('',*,*,#6959,.T.);
#7146 = ORIENTED_EDGE('',*,*,#7054,.T.);
#7147 = ORIENTED_EDGE('',*,*,#7148,.T.);
#7148 = EDGE_CURVE('',#7055,#7122,#7149,.T.);
#7149 = LINE('',#7150,#7151);
#7150 = CARTESIAN_POINT('',(7.2,2.85,4.4));
#7151 = VECTOR('',#7152,1.);
#7152 = DIRECTION('',(-1.,-0.,-0.));
#7153 = PLANE('',#7154);
#7154 = AXIS2_PLACEMENT_3D('',#7155,#7156,#7157);
#7155 = CARTESIAN_POINT('',(0.8,-0.35,4.4));
#7156 = DIRECTION('',(0.,0.,1.));
#7157 = DIRECTION('',(1.,0.,0.));
#7158 = ADVANCED_FACE('',(#7159),#7187,.T.);
#7159 = FACE_BOUND('',#7160,.T.);
#7160 = EDGE_LOOP('',(#7161,#7170,#7171,#7180));
#7161 = ORIENTED_EDGE('',*,*,#7162,.F.);
#7162 = EDGE_CURVE('',#7063,#7163,#7165,.T.);
#7163 = VERTEX_POINT('',#7164);
#7164 = CARTESIAN_POINT('',(8.5,3.25,6.1));
#7165 = CIRCLE('',#7166,0.4);
#7166 = AXIS2_PLACEMENT_3D('',#7167,#7168,#7169);
#7167 = CARTESIAN_POINT('',(8.5,2.85,6.1));
#7168 = DIRECTION('',(-5.08435346523E-16,-5.959582652773E-17,1.));
#7169 = DIRECTION('',(1.,7.306993190045E-33,5.08435346523E-16));
#7170 = ORIENTED_EDGE('',*,*,#7062,.T.);
#7171 = ORIENTED_EDGE('',*,*,#7172,.T.);
#7172 = EDGE_CURVE('',#7055,#7173,#7175,.T.);
#7173 = VERTEX_POINT('',#7174);
#7174 = CARTESIAN_POINT('',(7.2,3.25,4.8));
#7175 = CIRCLE('',#7176,0.4);
#7176 = AXIS2_PLACEMENT_3D('',#7177,#7178,#7179);
#7177 = CARTESIAN_POINT('',(7.2,2.85,4.8));
#7178 = DIRECTION('',(1.,3.657801280059E-33,5.696676864803E-16));
#7179 = DIRECTION('',(5.696676864803E-16,5.959582652773E-17,-1.));
#7180 = ORIENTED_EDGE('',*,*,#7181,.F.);
#7181 = EDGE_CURVE('',#7163,#7173,#7182,.T.);
#7182 = CIRCLE('',#7183,1.3);
#7183 = AXIS2_PLACEMENT_3D('',#7184,#7185,#7186);
#7184 = CARTESIAN_POINT('',(7.2,3.25,6.1));
#7185 = DIRECTION('',(-3.7607617902E-32,1.,5.959582652773E-17));
#7186 = DIRECTION('',(1.,7.306993190045E-33,5.08435346523E-16));
#7187 = TOROIDAL_SURFACE('',#7188,1.3,0.4);
#7188 = AXIS2_PLACEMENT_3D('',#7189,#7190,#7191);
#7189 = CARTESIAN_POINT('',(7.2,2.85,6.1));
#7190 = DIRECTION('',(-3.7607617902E-32,1.,5.959582652773E-17));
#7191 = DIRECTION('',(1.,7.306993190045E-33,5.08435346523E-16));
#7192 = ADVANCED_FACE('',(#7193),#7213,.T.);
#7193 = FACE_BOUND('',#7194,.T.);
#7194 = EDGE_LOOP('',(#7195,#7204,#7205,#7206));
#7195 = ORIENTED_EDGE('',*,*,#7196,.F.);
#7196 = EDGE_CURVE('',#7072,#7197,#7199,.T.);
#7197 = VERTEX_POINT('',#7198);
#7198 = CARTESIAN_POINT('',(7.2,3.25,7.4));
#7199 = CIRCLE('',#7200,0.4);
#7200 = AXIS2_PLACEMENT_3D('',#7201,#7202,#7203);
#7201 = CARTESIAN_POINT('',(7.2,2.85,7.4));
#7202 = DIRECTION('',(-1.,0.,0.));
#7203 = DIRECTION('',(0.,0.,1.));
#7204 = ORIENTED_EDGE('',*,*,#7071,.T.);
#7205 = ORIENTED_EDGE('',*,*,#7162,.T.);
#7206 = ORIENTED_EDGE('',*,*,#7207,.F.);
#7207 = EDGE_CURVE('',#7197,#7163,#7208,.T.);
#7208 = CIRCLE('',#7209,1.3);
#7209 = AXIS2_PLACEMENT_3D('',#7210,#7211,#7212);
#7210 = CARTESIAN_POINT('',(7.2,3.25,6.1));
#7211 = DIRECTION('',(-3.7607617902E-32,1.,5.959582652773E-17));
#7212 = DIRECTION('',(8.848851271058E-33,-5.959582652773E-17,1.));
#7213 = TOROIDAL_SURFACE('',#7214,1.3,0.4);
#7214 = AXIS2_PLACEMENT_3D('',#7215,#7216,#7217);
#7215 = CARTESIAN_POINT('',(7.2,2.85,6.1));
#7216 = DIRECTION('',(-3.7607617902E-32,1.,5.959582652773E-17));
#7217 = DIRECTION('',(8.848851271058E-33,-5.959582652773E-17,1.));
#7218 = ADVANCED_FACE('',(#7219),#7238,.T.);
#7219 = FACE_BOUND('',#7220,.F.);
#7220 = EDGE_LOOP('',(#7221,#7230,#7236,#7237));
#7221 = ORIENTED_EDGE('',*,*,#7222,.T.);
#7222 = EDGE_CURVE('',#7097,#7223,#7225,.T.);
#7223 = VERTEX_POINT('',#7224);
#7224 = CARTESIAN_POINT('',(0.8,3.25,7.4));
#7225 = CIRCLE('',#7226,0.4);
#7226 = AXIS2_PLACEMENT_3D('',#7227,#7228,#7229);
#7227 = CARTESIAN_POINT('',(0.8,2.85,7.4));
#7228 = DIRECTION('',(-1.,-1.863311782626E-32,-3.183863901427E-16));
#7229 = DIRECTION('',(-3.183863901427E-16,-5.959582652773E-17,1.));
#7230 = ORIENTED_EDGE('',*,*,#7231,.T.);
#7231 = EDGE_CURVE('',#7223,#7197,#7232,.T.);
#7232 = LINE('',#7233,#7234);
#7233 = CARTESIAN_POINT('',(0.8,3.25,7.4));
#7234 = VECTOR('',#7235,1.);
#7235 = DIRECTION('',(1.,0.,0.));
#7236 = ORIENTED_EDGE('',*,*,#7196,.F.);
#7237 = ORIENTED_EDGE('',*,*,#7106,.F.);
#7238 = CYLINDRICAL_SURFACE('',#7239,0.4);
#7239 = AXIS2_PLACEMENT_3D('',#7240,#7241,#7242);
#7240 = CARTESIAN_POINT('',(0.8,2.85,7.4));
#7241 = DIRECTION('',(1.,0.,0.));
#7242 = DIRECTION('',(0.,0.,1.));
#7243 = ADVANCED_FACE('',(#7244),#7264,.T.);
#7244 = FACE_BOUND('',#7245,.T.);
#7245 = EDGE_LOOP('',(#7246,#7255,#7256,#7257));
#7246 = ORIENTED_EDGE('',*,*,#7247,.F.);
#7247 = EDGE_CURVE('',#7122,#7248,#7250,.T.);
#7248 = VERTEX_POINT('',#7249);
#7249 = CARTESIAN_POINT('',(0.8,3.25,4.8));
#7250 = CIRCLE('',#7251,0.4);
#7251 = AXIS2_PLACEMENT_3D('',#7252,#7253,#7254);
#7252 = CARTESIAN_POINT('',(0.8,2.85,4.8));
#7253 = DIRECTION('',(1.,-0.,0.));
#7254 = DIRECTION('',(0.,0.,-1.));
#7255 = ORIENTED_EDGE('',*,*,#7121,.T.);
#7256 = ORIENTED_EDGE('',*,*,#7222,.T.);
#7257 = ORIENTED_EDGE('',*,*,#7258,.F.);
#7258 = EDGE_CURVE('',#7248,#7223,#7259,.T.);
#7259 = CIRCLE('',#7260,1.3);
#7260 = AXIS2_PLACEMENT_3D('',#7261,#7262,#7263);
#7261 = CARTESIAN_POINT('',(0.8,3.25,6.1));
#7262 = DIRECTION('',(-3.7607617902E-32,1.,5.959582652773E-17));
#7263 = DIRECTION('',(1.95921710228E-16,5.959582652773E-17,-1.));
#7264 = TOROIDAL_SURFACE('',#7265,1.3,0.4);
#7265 = AXIS2_PLACEMENT_3D('',#7266,#7267,#7268);
#7266 = CARTESIAN_POINT('',(0.8,2.85,6.1));
#7267 = DIRECTION('',(-3.7607617902E-32,1.,5.959582652773E-17));
#7268 = DIRECTION('',(1.95921710228E-16,5.959582652773E-17,-1.));
#7269 = ADVANCED_FACE('',(#7270),#7281,.T.);
#7270 = FACE_BOUND('',#7271,.F.);
#7271 = EDGE_LOOP('',(#7272,#7273,#7279,#7280));
#7272 = ORIENTED_EDGE('',*,*,#7172,.T.);
#7273 = ORIENTED_EDGE('',*,*,#7274,.T.);
#7274 = EDGE_CURVE('',#7173,#7248,#7275,.T.);
#7275 = LINE('',#7276,#7277);
#7276 = CARTESIAN_POINT('',(7.2,3.25,4.8));
#7277 = VECTOR('',#7278,1.);
#7278 = DIRECTION('',(-1.,-0.,-0.));
#7279 = ORIENTED_EDGE('',*,*,#7247,.F.);
#7280 = ORIENTED_EDGE('',*,*,#7148,.F.);
#7281 = CYLINDRICAL_SURFACE('',#7282,0.4);
#7282 = AXIS2_PLACEMENT_3D('',#7283,#7284,#7285);
#7283 = CARTESIAN_POINT('',(7.2,2.85,4.8));
#7284 = DIRECTION('',(-1.,-0.,-0.));
#7285 = DIRECTION('',(0.,0.,-1.));
#7286 = ADVANCED_FACE('',(#7287),#7294,.T.);
#7287 = FACE_BOUND('',#7288,.T.);
#7288 = EDGE_LOOP('',(#7289,#7290,#7291,#7292,#7293));
#7289 = ORIENTED_EDGE('',*,*,#7181,.T.);
#7290 = ORIENTED_EDGE('',*,*,#7274,.T.);
#7291 = ORIENTED_EDGE('',*,*,#7258,.T.);
#7292 = ORIENTED_EDGE('',*,*,#7231,.T.);
#7293 = ORIENTED_EDGE('',*,*,#7207,.T.);
#7294 = PLANE('',#7295);
#7295 = AXIS2_PLACEMENT_3D('',#7296,#7297,#7298);
#7296 = CARTESIAN_POINT('',(4.049747034393,3.25,6.1));
#7297 = DIRECTION('',(-3.7607617902E-32,1.,5.959582652773E-17));
#7298 = DIRECTION('',(0.,-5.959582652773E-17,1.));
#7299 = ADVANCED_FACE('',(#7300),#7308,.T.);
#7300 = FACE_BOUND('',#7301,.T.);
#7301 = EDGE_LOOP('',(#7302,#7303,#7304,#7305,#7306,#7307));
#7302 = ORIENTED_EDGE('',*,*,#789,.T.);
#7303 = ORIENTED_EDGE('',*,*,#1965,.T.);
#7304 = ORIENTED_EDGE('',*,*,#5133,.F.);
#7305 = ORIENTED_EDGE('',*,*,#5124,.F.);
#7306 = ORIENTED_EDGE('',*,*,#1908,.F.);
#7307 = ORIENTED_EDGE('',*,*,#798,.T.);
#7308 = CYLINDRICAL_SURFACE('',#7309,0.6);
#7309 = AXIS2_PLACEMENT_3D('',#7310,#7311,#7312);
#7310 = CARTESIAN_POINT('',(0.,-1.56,1.15));
#7311 = DIRECTION('',(0.,1.,2.22044604925E-16));
#7312 = DIRECTION('',(1.,0.,0.));
#7313 = ADVANCED_FACE('',(#7314),#7322,.T.);
#7314 = FACE_BOUND('',#7315,.T.);
#7315 = EDGE_LOOP('',(#7316,#7317,#7318,#7319,#7320,#7321));
#7316 = ORIENTED_EDGE('',*,*,#756,.T.);
#7317 = ORIENTED_EDGE('',*,*,#2079,.T.);
#7318 = ORIENTED_EDGE('',*,*,#5264,.F.);
#7319 = ORIENTED_EDGE('',*,*,#5255,.F.);
#7320 = ORIENTED_EDGE('',*,*,#2022,.F.);
#7321 = ORIENTED_EDGE('',*,*,#765,.T.);
#7322 = CYLINDRICAL_SURFACE('',#7323,0.6);
#7323 = AXIS2_PLACEMENT_3D('',#7324,#7325,#7326);
#7324 = CARTESIAN_POINT('',(2.54,-1.56,1.15));
#7325 = DIRECTION('',(0.,1.,2.22044604925E-16));
#7326 = DIRECTION('',(1.,0.,0.));
#7327 = ADVANCED_FACE('',(#7328),#7336,.T.);
#7328 = FACE_BOUND('',#7329,.T.);
#7329 = EDGE_LOOP('',(#7330,#7331,#7332,#7333,#7334,#7335));
#7330 = ORIENTED_EDGE('',*,*,#690,.T.);
#7331 = ORIENTED_EDGE('',*,*,#2307,.T.);
#7332 = ORIENTED_EDGE('',*,*,#5526,.F.);
#7333 = ORIENTED_EDGE('',*,*,#5517,.F.);
#7334 = ORIENTED_EDGE('',*,*,#2250,.F.);
#7335 = ORIENTED_EDGE('',*,*,#699,.T.);
#7336 = CYLINDRICAL_SURFACE('',#7337,0.6);
#7337 = AXIS2_PLACEMENT_3D('',#7338,#7339,#7340);
#7338 = CARTESIAN_POINT('',(7.62,-1.56,1.15));
#7339 = DIRECTION('',(0.,1.,2.22044604925E-16));
#7340 = DIRECTION('',(1.,0.,0.));
#7341 = ADVANCED_FACE('',(#7342),#7350,.T.);
#7342 = FACE_BOUND('',#7343,.T.);
#7343 = EDGE_LOOP('',(#7344,#7345,#7346,#7347,#7348,#7349));
#7344 = ORIENTED_EDGE('',*,*,#723,.T.);
#7345 = ORIENTED_EDGE('',*,*,#2193,.T.);
#7346 = ORIENTED_EDGE('',*,*,#5395,.F.);
#7347 = ORIENTED_EDGE('',*,*,#5386,.F.);
#7348 = ORIENTED_EDGE('',*,*,#2136,.F.);
#7349 = ORIENTED_EDGE('',*,*,#732,.T.);
#7350 = CYLINDRICAL_SURFACE('',#7351,0.6);
#7351 = AXIS2_PLACEMENT_3D('',#7352,#7353,#7354);
#7352 = CARTESIAN_POINT('',(5.08,-1.56,1.15));
#7353 = DIRECTION('',(0.,1.,2.22044604925E-16));
#7354 = DIRECTION('',(1.,0.,0.));
#7355 = ADVANCED_FACE('',(#7356),#7364,.T.);
#7356 = FACE_BOUND('',#7357,.T.);
#7357 = EDGE_LOOP('',(#7358,#7359,#7360,#7361,#7362,#7363));
#7358 = ORIENTED_EDGE('',*,*,#624,.T.);
#7359 = ORIENTED_EDGE('',*,*,#2535,.T.);
#7360 = ORIENTED_EDGE('',*,*,#5788,.F.);
#7361 = ORIENTED_EDGE('',*,*,#5779,.F.);
#7362 = ORIENTED_EDGE('',*,*,#2478,.F.);
#7363 = ORIENTED_EDGE('',*,*,#633,.T.);
#7364 = CYLINDRICAL_SURFACE('',#7365,0.6);
#7365 = AXIS2_PLACEMENT_3D('',#7366,#7367,#7368);
#7366 = CARTESIAN_POINT('',(26.87,-1.56,1.15));
#7367 = DIRECTION('',(0.,1.,2.22044604925E-16));
#7368 = DIRECTION('',(1.,0.,0.));
#7369 = ADVANCED_FACE('',(#7370),#7378,.T.);
#7370 = FACE_BOUND('',#7371,.T.);
#7371 = EDGE_LOOP('',(#7372,#7373,#7374,#7375,#7376,#7377));
#7372 = ORIENTED_EDGE('',*,*,#657,.T.);
#7373 = ORIENTED_EDGE('',*,*,#2421,.T.);
#7374 = ORIENTED_EDGE('',*,*,#5657,.F.);
#7375 = ORIENTED_EDGE('',*,*,#5648,.F.);
#7376 = ORIENTED_EDGE('',*,*,#2364,.F.);
#7377 = ORIENTED_EDGE('',*,*,#666,.T.);
#7378 = CYLINDRICAL_SURFACE('',#7379,0.6);
#7379 = AXIS2_PLACEMENT_3D('',#7380,#7381,#7382);
#7380 = CARTESIAN_POINT('',(24.33,-1.56,1.15));
#7381 = DIRECTION('',(0.,1.,2.22044604925E-16));
#7382 = DIRECTION('',(1.,0.,0.));
#7383 = ( GEOMETRIC_REPRESENTATION_CONTEXT(3) 
GLOBAL_UNCERTAINTY_ASSIGNED_CONTEXT((#7387)) 
GLOBAL_UNIT_ASSIGNED_CONTEXT((#7384,#7385,#7386)) REPRESENTATION_CONTEXT
('Context #1','3D Context with UNIT and UNCERTAINTY') );
#7384 = ( LENGTH_UNIT() NAMED_UNIT(*) SI_UNIT(.MILLI.,.METRE.) );
#7385 = ( NAMED_UNIT(*) PLANE_ANGLE_UNIT() SI_UNIT($,.RADIAN.) );
#7386 = ( NAMED_UNIT(*) SI_UNIT($,.STERADIAN.) SOLID_ANGLE_UNIT() );
#7387 = UNCERTAINTY_MEASURE_WITH_UNIT(LENGTH_MEASURE(2.E-05),#7384,
  'distance_accuracy_value','confusion accuracy');
#7388 = PRODUCT_RELATED_PRODUCT_CATEGORY('part',$,(#7));
#7389 = MECHANICAL_DESIGN_GEOMETRIC_PRESENTATION_REPRESENTATION('',(
    #7390,#7398,#7405,#7413,#7420,#7427,#7434,#7441,#7448,#7455,#7462,
    #7470,#7477,#7484,#7491,#7498,#7505,#7512,#7519,#7526,#7533,#7540,
    #7547,#7554,#7561,#7568,#7575,#7582,#7589,#7596,#7603,#7610,#7617,
    #7624,#7631,#7638,#7645,#7652,#7659,#7666,#7673,#7680,#7687,#7694,
    #7701,#7708,#7715,#7722,#7729,#7736,#7743,#7750,#7757,#7764,#7771,
    #7778,#7785,#7792,#7799,#7806,#7813,#7820,#7827,#7834,#7841,#7848,
    #7855,#7862,#7869,#7876,#7883,#7890,#7897,#7904,#7911,#7918,#7925,
    #7932,#7939,#7946,#7953,#7960,#7967,#7974,#7981,#7988,#7995,#8002,
    #8009,#8016,#8023,#8030,#8037,#8044,#8051,#8058,#8065,#8072,#8079,
    #8086,#8093,#8100,#8107,#8114,#8121,#8128,#8135,#8142,#8149,#8156,
    #8163,#8170,#8177,#8184,#8191,#8198,#8205,#8212,#8219,#8226,#8233,
    #8240,#8247,#8254,#8261,#8268,#8275,#8282,#8289,#8296,#8303,#8310,
    #8317,#8324,#8331,#8338,#8345,#8352,#8359,#8366,#8373,#8380,#8387,
    #8394,#8401,#8408,#8415,#8422,#8429,#8436,#8443,#8450,#8457,#8464,
    #8471,#8478,#8485,#8492,#8499,#8506,#8513,#8520,#8527,#8534,#8541,
    #8548,#8555,#8562,#8569,#8576,#8583,#8590,#8597,#8604,#8611,#8618,
    #8625,#8632,#8639,#8646,#8653,#8660,#8667,#8674,#8681,#8688,#8695,
    #8702,#8709,#8716,#8723,#8730,#8737,#8744,#8751,#8758,#8765,#8772,
    #8779,#8786,#8793,#8800,#8807,#8814,#8821,#8828,#8835,#8842,#8849,
    #8856,#8863,#8870,#8877,#8884,#8891,#8898,#8905,#8912,#8919,#8926,
    #8933,#8940,#8947,#8954,#8961,#8968,#8975,#8982,#8989,#8996,#9003,
    #9010,#9017,#9024,#9031,#9038,#9045,#9052,#9059,#9066,#9073,#9080,
    #9087,#9094,#9101,#9108,#9115,#9122,#9129),#7383);
#7390 = STYLED_ITEM('color',(#7391),#17);
#7391 = PRESENTATION_STYLE_ASSIGNMENT((#7392));
#7392 = SURFACE_STYLE_USAGE(.BOTH.,#7393);
#7393 = SURFACE_SIDE_STYLE('',(#7394));
#7394 = SURFACE_STYLE_FILL_AREA(#7395);
#7395 = FILL_AREA_STYLE('',(#7396));
#7396 = FILL_AREA_STYLE_COLOUR('',#7397);
#7397 = DRAUGHTING_PRE_DEFINED_COLOUR('black');
#7398 = STYLED_ITEM('color',(#7399),#57);
#7399 = PRESENTATION_STYLE_ASSIGNMENT((#7400));
#7400 = SURFACE_STYLE_USAGE(.BOTH.,#7401);
#7401 = SURFACE_SIDE_STYLE('',(#7402));
#7402 = SURFACE_STYLE_FILL_AREA(#7403);
#7403 = FILL_AREA_STYLE('',(#7404));
#7404 = FILL_AREA_STYLE_COLOUR('',#7397);
#7405 = STYLED_ITEM('color',(#7406),#88);
#7406 = PRESENTATION_STYLE_ASSIGNMENT((#7407));
#7407 = SURFACE_STYLE_USAGE(.BOTH.,#7408);
#7408 = SURFACE_SIDE_STYLE('',(#7409));
#7409 = SURFACE_STYLE_FILL_AREA(#7410);
#7410 = FILL_AREA_STYLE('',(#7411));
#7411 = FILL_AREA_STYLE_COLOUR('',#7412);
#7412 = COLOUR_RGB('',0.,0.501960813999,0.);
#7413 = STYLED_ITEM('color',(#7414),#212);
#7414 = PRESENTATION_STYLE_ASSIGNMENT((#7415));
#7415 = SURFACE_STYLE_USAGE(.BOTH.,#7416);
#7416 = SURFACE_SIDE_STYLE('',(#7417));
#7417 = SURFACE_STYLE_FILL_AREA(#7418);
#7418 = FILL_AREA_STYLE('',(#7419));
#7419 = FILL_AREA_STYLE_COLOUR('',#7397);
#7420 = STYLED_ITEM('color',(#7421),#236);
#7421 = PRESENTATION_STYLE_ASSIGNMENT((#7422));
#7422 = SURFACE_STYLE_USAGE(.BOTH.,#7423);
#7423 = SURFACE_SIDE_STYLE('',(#7424));
#7424 = SURFACE_STYLE_FILL_AREA(#7425);
#7425 = FILL_AREA_STYLE('',(#7426));
#7426 = FILL_AREA_STYLE_COLOUR('',#7397);
#7427 = STYLED_ITEM('color',(#7428),#253);
#7428 = PRESENTATION_STYLE_ASSIGNMENT((#7429));
#7429 = SURFACE_STYLE_USAGE(.BOTH.,#7430);
#7430 = SURFACE_SIDE_STYLE('',(#7431));
#7431 = SURFACE_STYLE_FILL_AREA(#7432);
#7432 = FILL_AREA_STYLE('',(#7433));
#7433 = FILL_AREA_STYLE_COLOUR('',#7397);
#7434 = STYLED_ITEM('color',(#7435),#265);
#7435 = PRESENTATION_STYLE_ASSIGNMENT((#7436));
#7436 = SURFACE_STYLE_USAGE(.BOTH.,#7437);
#7437 = SURFACE_SIDE_STYLE('',(#7438));
#7438 = SURFACE_STYLE_FILL_AREA(#7439);
#7439 = FILL_AREA_STYLE('',(#7440));
#7440 = FILL_AREA_STYLE_COLOUR('',#7412);
#7441 = STYLED_ITEM('color',(#7442),#392);
#7442 = PRESENTATION_STYLE_ASSIGNMENT((#7443));
#7443 = SURFACE_STYLE_USAGE(.BOTH.,#7444);
#7444 = SURFACE_SIDE_STYLE('',(#7445));
#7445 = SURFACE_STYLE_FILL_AREA(#7446);
#7446 = FILL_AREA_STYLE('',(#7447));
#7447 = FILL_AREA_STYLE_COLOUR('',#7412);
#7448 = STYLED_ITEM('color',(#7449),#416);
#7449 = PRESENTATION_STYLE_ASSIGNMENT((#7450));
#7450 = SURFACE_STYLE_USAGE(.BOTH.,#7451);
#7451 = SURFACE_SIDE_STYLE('',(#7452));
#7452 = SURFACE_STYLE_FILL_AREA(#7453);
#7453 = FILL_AREA_STYLE('',(#7454));
#7454 = FILL_AREA_STYLE_COLOUR('',#7412);
#7455 = STYLED_ITEM('color',(#7456),#440);
#7456 = PRESENTATION_STYLE_ASSIGNMENT((#7457));
#7457 = SURFACE_STYLE_USAGE(.BOTH.,#7458);
#7458 = SURFACE_SIDE_STYLE('',(#7459));
#7459 = SURFACE_STYLE_FILL_AREA(#7460);
#7460 = FILL_AREA_STYLE('',(#7461));
#7461 = FILL_AREA_STYLE_COLOUR('',#7412);
#7462 = STYLED_ITEM('color',(#7463),#457);
#7463 = PRESENTATION_STYLE_ASSIGNMENT((#7464));
#7464 = SURFACE_STYLE_USAGE(.BOTH.,#7465);
#7465 = SURFACE_SIDE_STYLE('',(#7466));
#7466 = SURFACE_STYLE_FILL_AREA(#7467);
#7467 = FILL_AREA_STYLE('',(#7468));
#7468 = FILL_AREA_STYLE_COLOUR('',#7469);
#7469 = COLOUR_RGB('',0.800000011921,0.800000011921,0.800000011921);
#7470 = STYLED_ITEM('color',(#7471),#482);
#7471 = PRESENTATION_STYLE_ASSIGNMENT((#7472));
#7472 = SURFACE_STYLE_USAGE(.BOTH.,#7473);
#7473 = SURFACE_SIDE_STYLE('',(#7474));
#7474 = SURFACE_STYLE_FILL_AREA(#7475);
#7475 = FILL_AREA_STYLE('',(#7476));
#7476 = FILL_AREA_STYLE_COLOUR('',#7469);
#7477 = STYLED_ITEM('color',(#7478),#507);
#7478 = PRESENTATION_STYLE_ASSIGNMENT((#7479));
#7479 = SURFACE_STYLE_USAGE(.BOTH.,#7480);
#7480 = SURFACE_SIDE_STYLE('',(#7481));
#7481 = SURFACE_STYLE_FILL_AREA(#7482);
#7482 = FILL_AREA_STYLE('',(#7483));
#7483 = FILL_AREA_STYLE_COLOUR('',#7469);
#7484 = STYLED_ITEM('color',(#7485),#532);
#7485 = PRESENTATION_STYLE_ASSIGNMENT((#7486));
#7486 = SURFACE_STYLE_USAGE(.BOTH.,#7487);
#7487 = SURFACE_SIDE_STYLE('',(#7488));
#7488 = SURFACE_STYLE_FILL_AREA(#7489);
#7489 = FILL_AREA_STYLE('',(#7490));
#7490 = FILL_AREA_STYLE_COLOUR('',#7469);
#7491 = STYLED_ITEM('color',(#7492),#557);
#7492 = PRESENTATION_STYLE_ASSIGNMENT((#7493));
#7493 = SURFACE_STYLE_USAGE(.BOTH.,#7494);
#7494 = SURFACE_SIDE_STYLE('',(#7495));
#7495 = SURFACE_STYLE_FILL_AREA(#7496);
#7496 = FILL_AREA_STYLE('',(#7497));
#7497 = FILL_AREA_STYLE_COLOUR('',#7469);
#7498 = STYLED_ITEM('color',(#7499),#582);
#7499 = PRESENTATION_STYLE_ASSIGNMENT((#7500));
#7500 = SURFACE_STYLE_USAGE(.BOTH.,#7501);
#7501 = SURFACE_SIDE_STYLE('',(#7502));
#7502 = SURFACE_STYLE_FILL_AREA(#7503);
#7503 = FILL_AREA_STYLE('',(#7504));
#7504 = FILL_AREA_STYLE_COLOUR('',#7469);
#7505 = STYLED_ITEM('color',(#7506),#607);
#7506 = PRESENTATION_STYLE_ASSIGNMENT((#7507));
#7507 = SURFACE_STYLE_USAGE(.BOTH.,#7508);
#7508 = SURFACE_SIDE_STYLE('',(#7509));
#7509 = SURFACE_STYLE_FILL_AREA(#7510);
#7510 = FILL_AREA_STYLE('',(#7511));
#7511 = FILL_AREA_STYLE_COLOUR('',#7412);
#7512 = STYLED_ITEM('color',(#7513),#1442);
#7513 = PRESENTATION_STYLE_ASSIGNMENT((#7514));
#7514 = SURFACE_STYLE_USAGE(.BOTH.,#7515);
#7515 = SURFACE_SIDE_STYLE('',(#7516));
#7516 = SURFACE_STYLE_FILL_AREA(#7517);
#7517 = FILL_AREA_STYLE('',(#7518));
#7518 = FILL_AREA_STYLE_COLOUR('',#7469);
#7519 = STYLED_ITEM('color',(#7520),#1473);
#7520 = PRESENTATION_STYLE_ASSIGNMENT((#7521));
#7521 = SURFACE_STYLE_USAGE(.BOTH.,#7522);
#7522 = SURFACE_SIDE_STYLE('',(#7523));
#7523 = SURFACE_STYLE_FILL_AREA(#7524);
#7524 = FILL_AREA_STYLE('',(#7525));
#7525 = FILL_AREA_STYLE_COLOUR('',#7469);
#7526 = STYLED_ITEM('color',(#7527),#1504);
#7527 = PRESENTATION_STYLE_ASSIGNMENT((#7528));
#7528 = SURFACE_STYLE_USAGE(.BOTH.,#7529);
#7529 = SURFACE_SIDE_STYLE('',(#7530));
#7530 = SURFACE_STYLE_FILL_AREA(#7531);
#7531 = FILL_AREA_STYLE('',(#7532));
#7532 = FILL_AREA_STYLE_COLOUR('',#7469);
#7533 = STYLED_ITEM('color',(#7534),#1535);
#7534 = PRESENTATION_STYLE_ASSIGNMENT((#7535));
#7535 = SURFACE_STYLE_USAGE(.BOTH.,#7536);
#7536 = SURFACE_SIDE_STYLE('',(#7537));
#7537 = SURFACE_STYLE_FILL_AREA(#7538);
#7538 = FILL_AREA_STYLE('',(#7539));
#7539 = FILL_AREA_STYLE_COLOUR('',#7469);
#7540 = STYLED_ITEM('color',(#7541),#1566);
#7541 = PRESENTATION_STYLE_ASSIGNMENT((#7542));
#7542 = SURFACE_STYLE_USAGE(.BOTH.,#7543);
#7543 = SURFACE_SIDE_STYLE('',(#7544));
#7544 = SURFACE_STYLE_FILL_AREA(#7545);
#7545 = FILL_AREA_STYLE('',(#7546));
#7546 = FILL_AREA_STYLE_COLOUR('',#7469);
#7547 = STYLED_ITEM('color',(#7548),#1597);
#7548 = PRESENTATION_STYLE_ASSIGNMENT((#7549));
#7549 = SURFACE_STYLE_USAGE(.BOTH.,#7550);
#7550 = SURFACE_SIDE_STYLE('',(#7551));
#7551 = SURFACE_STYLE_FILL_AREA(#7552);
#7552 = FILL_AREA_STYLE('',(#7553));
#7553 = FILL_AREA_STYLE_COLOUR('',#7469);
#7554 = STYLED_ITEM('color',(#7555),#1628);
#7555 = PRESENTATION_STYLE_ASSIGNMENT((#7556));
#7556 = SURFACE_STYLE_USAGE(.BOTH.,#7557);
#7557 = SURFACE_SIDE_STYLE('',(#7558));
#7558 = SURFACE_STYLE_FILL_AREA(#7559);
#7559 = FILL_AREA_STYLE('',(#7560));
#7560 = FILL_AREA_STYLE_COLOUR('',#7469);
#7561 = STYLED_ITEM('color',(#7562),#1671);
#7562 = PRESENTATION_STYLE_ASSIGNMENT((#7563));
#7563 = SURFACE_STYLE_USAGE(.BOTH.,#7564);
#7564 = SURFACE_SIDE_STYLE('',(#7565));
#7565 = SURFACE_STYLE_FILL_AREA(#7566);
#7566 = FILL_AREA_STYLE('',(#7567));
#7567 = FILL_AREA_STYLE_COLOUR('',#7469);
#7568 = STYLED_ITEM('color',(#7569),#1714);
#7569 = PRESENTATION_STYLE_ASSIGNMENT((#7570));
#7570 = SURFACE_STYLE_USAGE(.BOTH.,#7571);
#7571 = SURFACE_SIDE_STYLE('',(#7572));
#7572 = SURFACE_STYLE_FILL_AREA(#7573);
#7573 = FILL_AREA_STYLE('',(#7574));
#7574 = FILL_AREA_STYLE_COLOUR('',#7469);
#7575 = STYLED_ITEM('color',(#7576),#1757);
#7576 = PRESENTATION_STYLE_ASSIGNMENT((#7577));
#7577 = SURFACE_STYLE_USAGE(.BOTH.,#7578);
#7578 = SURFACE_SIDE_STYLE('',(#7579));
#7579 = SURFACE_STYLE_FILL_AREA(#7580);
#7580 = FILL_AREA_STYLE('',(#7581));
#7581 = FILL_AREA_STYLE_COLOUR('',#7469);
#7582 = STYLED_ITEM('color',(#7583),#1800);
#7583 = PRESENTATION_STYLE_ASSIGNMENT((#7584));
#7584 = SURFACE_STYLE_USAGE(.BOTH.,#7585);
#7585 = SURFACE_SIDE_STYLE('',(#7586));
#7586 = SURFACE_STYLE_FILL_AREA(#7587);
#7587 = FILL_AREA_STYLE('',(#7588));
#7588 = FILL_AREA_STYLE_COLOUR('',#7469);
#7589 = STYLED_ITEM('color',(#7590),#1843);
#7590 = PRESENTATION_STYLE_ASSIGNMENT((#7591));
#7591 = SURFACE_STYLE_USAGE(.BOTH.,#7592);
#7592 = SURFACE_SIDE_STYLE('',(#7593));
#7593 = SURFACE_STYLE_FILL_AREA(#7594);
#7594 = FILL_AREA_STYLE('',(#7595));
#7595 = FILL_AREA_STYLE_COLOUR('',#7469);
#7596 = STYLED_ITEM('color',(#7597),#1886);
#7597 = PRESENTATION_STYLE_ASSIGNMENT((#7598));
#7598 = SURFACE_STYLE_USAGE(.BOTH.,#7599);
#7599 = SURFACE_SIDE_STYLE('',(#7600));
#7600 = SURFACE_STYLE_FILL_AREA(#7601);
#7601 = FILL_AREA_STYLE('',(#7602));
#7602 = FILL_AREA_STYLE_COLOUR('',#7469);
#7603 = STYLED_ITEM('color',(#7604),#1943);
#7604 = PRESENTATION_STYLE_ASSIGNMENT((#7605));
#7605 = SURFACE_STYLE_USAGE(.BOTH.,#7606);
#7606 = SURFACE_SIDE_STYLE('',(#7607));
#7607 = SURFACE_STYLE_FILL_AREA(#7608);
#7608 = FILL_AREA_STYLE('',(#7609));
#7609 = FILL_AREA_STYLE_COLOUR('',#7469);
#7610 = STYLED_ITEM('color',(#7611),#2000);
#7611 = PRESENTATION_STYLE_ASSIGNMENT((#7612));
#7612 = SURFACE_STYLE_USAGE(.BOTH.,#7613);
#7613 = SURFACE_SIDE_STYLE('',(#7614));
#7614 = SURFACE_STYLE_FILL_AREA(#7615);
#7615 = FILL_AREA_STYLE('',(#7616));
#7616 = FILL_AREA_STYLE_COLOUR('',#7469);
#7617 = STYLED_ITEM('color',(#7618),#2057);
#7618 = PRESENTATION_STYLE_ASSIGNMENT((#7619));
#7619 = SURFACE_STYLE_USAGE(.BOTH.,#7620);
#7620 = SURFACE_SIDE_STYLE('',(#7621));
#7621 = SURFACE_STYLE_FILL_AREA(#7622);
#7622 = FILL_AREA_STYLE('',(#7623));
#7623 = FILL_AREA_STYLE_COLOUR('',#7469);
#7624 = STYLED_ITEM('color',(#7625),#2114);
#7625 = PRESENTATION_STYLE_ASSIGNMENT((#7626));
#7626 = SURFACE_STYLE_USAGE(.BOTH.,#7627);
#7627 = SURFACE_SIDE_STYLE('',(#7628));
#7628 = SURFACE_STYLE_FILL_AREA(#7629);
#7629 = FILL_AREA_STYLE('',(#7630));
#7630 = FILL_AREA_STYLE_COLOUR('',#7469);
#7631 = STYLED_ITEM('color',(#7632),#2171);
#7632 = PRESENTATION_STYLE_ASSIGNMENT((#7633));
#7633 = SURFACE_STYLE_USAGE(.BOTH.,#7634);
#7634 = SURFACE_SIDE_STYLE('',(#7635));
#7635 = SURFACE_STYLE_FILL_AREA(#7636);
#7636 = FILL_AREA_STYLE('',(#7637));
#7637 = FILL_AREA_STYLE_COLOUR('',#7469);
#7638 = STYLED_ITEM('color',(#7639),#2228);
#7639 = PRESENTATION_STYLE_ASSIGNMENT((#7640));
#7640 = SURFACE_STYLE_USAGE(.BOTH.,#7641);
#7641 = SURFACE_SIDE_STYLE('',(#7642));
#7642 = SURFACE_STYLE_FILL_AREA(#7643);
#7643 = FILL_AREA_STYLE('',(#7644));
#7644 = FILL_AREA_STYLE_COLOUR('',#7469);
#7645 = STYLED_ITEM('color',(#7646),#2285);
#7646 = PRESENTATION_STYLE_ASSIGNMENT((#7647));
#7647 = SURFACE_STYLE_USAGE(.BOTH.,#7648);
#7648 = SURFACE_SIDE_STYLE('',(#7649));
#7649 = SURFACE_STYLE_FILL_AREA(#7650);
#7650 = FILL_AREA_STYLE('',(#7651));
#7651 = FILL_AREA_STYLE_COLOUR('',#7469);
#7652 = STYLED_ITEM('color',(#7653),#2342);
#7653 = PRESENTATION_STYLE_ASSIGNMENT((#7654));
#7654 = SURFACE_STYLE_USAGE(.BOTH.,#7655);
#7655 = SURFACE_SIDE_STYLE('',(#7656));
#7656 = SURFACE_STYLE_FILL_AREA(#7657);
#7657 = FILL_AREA_STYLE('',(#7658));
#7658 = FILL_AREA_STYLE_COLOUR('',#7469);
#7659 = STYLED_ITEM('color',(#7660),#2399);
#7660 = PRESENTATION_STYLE_ASSIGNMENT((#7661));
#7661 = SURFACE_STYLE_USAGE(.BOTH.,#7662);
#7662 = SURFACE_SIDE_STYLE('',(#7663));
#7663 = SURFACE_STYLE_FILL_AREA(#7664);
#7664 = FILL_AREA_STYLE('',(#7665));
#7665 = FILL_AREA_STYLE_COLOUR('',#7469);
#7666 = STYLED_ITEM('color',(#7667),#2456);
#7667 = PRESENTATION_STYLE_ASSIGNMENT((#7668));
#7668 = SURFACE_STYLE_USAGE(.BOTH.,#7669);
#7669 = SURFACE_SIDE_STYLE('',(#7670));
#7670 = SURFACE_STYLE_FILL_AREA(#7671);
#7671 = FILL_AREA_STYLE('',(#7672));
#7672 = FILL_AREA_STYLE_COLOUR('',#7469);
#7673 = STYLED_ITEM('color',(#7674),#2513);
#7674 = PRESENTATION_STYLE_ASSIGNMENT((#7675));
#7675 = SURFACE_STYLE_USAGE(.BOTH.,#7676);
#7676 = SURFACE_SIDE_STYLE('',(#7677));
#7677 = SURFACE_STYLE_FILL_AREA(#7678);
#7678 = FILL_AREA_STYLE('',(#7679));
#7679 = FILL_AREA_STYLE_COLOUR('',#7469);
#7680 = STYLED_ITEM('color',(#7681),#2570);
#7681 = PRESENTATION_STYLE_ASSIGNMENT((#7682));
#7682 = SURFACE_STYLE_USAGE(.BOTH.,#7683);
#7683 = SURFACE_SIDE_STYLE('',(#7684));
#7684 = SURFACE_STYLE_FILL_AREA(#7685);
#7685 = FILL_AREA_STYLE('',(#7686));
#7686 = FILL_AREA_STYLE_COLOUR('',#7397);
#7687 = STYLED_ITEM('color',(#7688),#2601);
#7688 = PRESENTATION_STYLE_ASSIGNMENT((#7689));
#7689 = SURFACE_STYLE_USAGE(.BOTH.,#7690);
#7690 = SURFACE_SIDE_STYLE('',(#7691));
#7691 = SURFACE_STYLE_FILL_AREA(#7692);
#7692 = FILL_AREA_STYLE('',(#7693));
#7693 = FILL_AREA_STYLE_COLOUR('',#7397);
#7694 = STYLED_ITEM('color',(#7695),#2625);
#7695 = PRESENTATION_STYLE_ASSIGNMENT((#7696));
#7696 = SURFACE_STYLE_USAGE(.BOTH.,#7697);
#7697 = SURFACE_SIDE_STYLE('',(#7698));
#7698 = SURFACE_STYLE_FILL_AREA(#7699);
#7699 = FILL_AREA_STYLE('',(#7700));
#7700 = FILL_AREA_STYLE_COLOUR('',#7397);
#7701 = STYLED_ITEM('color',(#7702),#2649);
#7702 = PRESENTATION_STYLE_ASSIGNMENT((#7703));
#7703 = SURFACE_STYLE_USAGE(.BOTH.,#7704);
#7704 = SURFACE_SIDE_STYLE('',(#7705));
#7705 = SURFACE_STYLE_FILL_AREA(#7706);
#7706 = FILL_AREA_STYLE('',(#7707));
#7707 = FILL_AREA_STYLE_COLOUR('',#7397);
#7708 = STYLED_ITEM('color',(#7709),#2666);
#7709 = PRESENTATION_STYLE_ASSIGNMENT((#7710));
#7710 = SURFACE_STYLE_USAGE(.BOTH.,#7711);
#7711 = SURFACE_SIDE_STYLE('',(#7712));
#7712 = SURFACE_STYLE_FILL_AREA(#7713);
#7713 = FILL_AREA_STYLE('',(#7714));
#7714 = FILL_AREA_STYLE_COLOUR('',#7469);
#7715 = STYLED_ITEM('color',(#7716),#2708);
#7716 = PRESENTATION_STYLE_ASSIGNMENT((#7717));
#7717 = SURFACE_STYLE_USAGE(.BOTH.,#7718);
#7718 = SURFACE_SIDE_STYLE('',(#7719));
#7719 = SURFACE_STYLE_FILL_AREA(#7720);
#7720 = FILL_AREA_STYLE('',(#7721));
#7721 = FILL_AREA_STYLE_COLOUR('',#7469);
#7722 = STYLED_ITEM('color',(#7723),#2732);
#7723 = PRESENTATION_STYLE_ASSIGNMENT((#7724));
#7724 = SURFACE_STYLE_USAGE(.BOTH.,#7725);
#7725 = SURFACE_SIDE_STYLE('',(#7726));
#7726 = SURFACE_STYLE_FILL_AREA(#7727);
#7727 = FILL_AREA_STYLE('',(#7728));
#7728 = FILL_AREA_STYLE_COLOUR('',#7469);
#7729 = STYLED_ITEM('color',(#7730),#2757);
#7730 = PRESENTATION_STYLE_ASSIGNMENT((#7731));
#7731 = SURFACE_STYLE_USAGE(.BOTH.,#7732);
#7732 = SURFACE_SIDE_STYLE('',(#7733));
#7733 = SURFACE_STYLE_FILL_AREA(#7734);
#7734 = FILL_AREA_STYLE('',(#7735));
#7735 = FILL_AREA_STYLE_COLOUR('',#7469);
#7736 = STYLED_ITEM('color',(#7737),#2774);
#7737 = PRESENTATION_STYLE_ASSIGNMENT((#7738));
#7738 = SURFACE_STYLE_USAGE(.BOTH.,#7739);
#7739 = SURFACE_SIDE_STYLE('',(#7740));
#7740 = SURFACE_STYLE_FILL_AREA(#7741);
#7741 = FILL_AREA_STYLE('',(#7742));
#7742 = FILL_AREA_STYLE_COLOUR('',#7469);
#7743 = STYLED_ITEM('color',(#7744),#2805);
#7744 = PRESENTATION_STYLE_ASSIGNMENT((#7745));
#7745 = SURFACE_STYLE_USAGE(.BOTH.,#7746);
#7746 = SURFACE_SIDE_STYLE('',(#7747));
#7747 = SURFACE_STYLE_FILL_AREA(#7748);
#7748 = FILL_AREA_STYLE('',(#7749));
#7749 = FILL_AREA_STYLE_COLOUR('',#7397);
#7750 = STYLED_ITEM('color',(#7751),#3013);
#7751 = PRESENTATION_STYLE_ASSIGNMENT((#7752));
#7752 = SURFACE_STYLE_USAGE(.BOTH.,#7753);
#7753 = SURFACE_SIDE_STYLE('',(#7754));
#7754 = SURFACE_STYLE_FILL_AREA(#7755);
#7755 = FILL_AREA_STYLE('',(#7756));
#7756 = FILL_AREA_STYLE_COLOUR('',#7469);
#7757 = STYLED_ITEM('color',(#7758),#3037);
#7758 = PRESENTATION_STYLE_ASSIGNMENT((#7759));
#7759 = SURFACE_STYLE_USAGE(.BOTH.,#7760);
#7760 = SURFACE_SIDE_STYLE('',(#7761));
#7761 = SURFACE_STYLE_FILL_AREA(#7762);
#7762 = FILL_AREA_STYLE('',(#7763));
#7763 = FILL_AREA_STYLE_COLOUR('',#7469);
#7764 = STYLED_ITEM('color',(#7765),#3061);
#7765 = PRESENTATION_STYLE_ASSIGNMENT((#7766));
#7766 = SURFACE_STYLE_USAGE(.BOTH.,#7767);
#7767 = SURFACE_SIDE_STYLE('',(#7768));
#7768 = SURFACE_STYLE_FILL_AREA(#7769);
#7769 = FILL_AREA_STYLE('',(#7770));
#7770 = FILL_AREA_STYLE_COLOUR('',#7469);
#7771 = STYLED_ITEM('color',(#7772),#3078);
#7772 = PRESENTATION_STYLE_ASSIGNMENT((#7773));
#7773 = SURFACE_STYLE_USAGE(.BOTH.,#7774);
#7774 = SURFACE_SIDE_STYLE('',(#7775));
#7775 = SURFACE_STYLE_FILL_AREA(#7776);
#7776 = FILL_AREA_STYLE('',(#7777));
#7777 = FILL_AREA_STYLE_COLOUR('',#7469);
#7778 = STYLED_ITEM('color',(#7779),#3102);
#7779 = PRESENTATION_STYLE_ASSIGNMENT((#7780));
#7780 = SURFACE_STYLE_USAGE(.BOTH.,#7781);
#7781 = SURFACE_SIDE_STYLE('',(#7782));
#7782 = SURFACE_STYLE_FILL_AREA(#7783);
#7783 = FILL_AREA_STYLE('',(#7784));
#7784 = FILL_AREA_STYLE_COLOUR('',#7469);
#7785 = STYLED_ITEM('color',(#7786),#3126);
#7786 = PRESENTATION_STYLE_ASSIGNMENT((#7787));
#7787 = SURFACE_STYLE_USAGE(.BOTH.,#7788);
#7788 = SURFACE_SIDE_STYLE('',(#7789));
#7789 = SURFACE_STYLE_FILL_AREA(#7790);
#7790 = FILL_AREA_STYLE('',(#7791));
#7791 = FILL_AREA_STYLE_COLOUR('',#7469);
#7792 = STYLED_ITEM('color',(#7793),#3143);
#7793 = PRESENTATION_STYLE_ASSIGNMENT((#7794));
#7794 = SURFACE_STYLE_USAGE(.BOTH.,#7795);
#7795 = SURFACE_SIDE_STYLE('',(#7796));
#7796 = SURFACE_STYLE_FILL_AREA(#7797);
#7797 = FILL_AREA_STYLE('',(#7798));
#7798 = FILL_AREA_STYLE_COLOUR('',#7397);
#7799 = STYLED_ITEM('color',(#7800),#3167);
#7800 = PRESENTATION_STYLE_ASSIGNMENT((#7801));
#7801 = SURFACE_STYLE_USAGE(.BOTH.,#7802);
#7802 = SURFACE_SIDE_STYLE('',(#7803));
#7803 = SURFACE_STYLE_FILL_AREA(#7804);
#7804 = FILL_AREA_STYLE('',(#7805));
#7805 = FILL_AREA_STYLE_COLOUR('',#7397);
#7806 = STYLED_ITEM('color',(#7807),#3375);
#7807 = PRESENTATION_STYLE_ASSIGNMENT((#7808));
#7808 = SURFACE_STYLE_USAGE(.BOTH.,#7809);
#7809 = SURFACE_SIDE_STYLE('',(#7810));
#7810 = SURFACE_STYLE_FILL_AREA(#7811);
#7811 = FILL_AREA_STYLE('',(#7812));
#7812 = FILL_AREA_STYLE_COLOUR('',#7469);
#7813 = STYLED_ITEM('color',(#7814),#3399);
#7814 = PRESENTATION_STYLE_ASSIGNMENT((#7815));
#7815 = SURFACE_STYLE_USAGE(.BOTH.,#7816);
#7816 = SURFACE_SIDE_STYLE('',(#7817));
#7817 = SURFACE_STYLE_FILL_AREA(#7818);
#7818 = FILL_AREA_STYLE('',(#7819));
#7819 = FILL_AREA_STYLE_COLOUR('',#7469);
#7820 = STYLED_ITEM('color',(#7821),#3423);
#7821 = PRESENTATION_STYLE_ASSIGNMENT((#7822));
#7822 = SURFACE_STYLE_USAGE(.BOTH.,#7823);
#7823 = SURFACE_SIDE_STYLE('',(#7824));
#7824 = SURFACE_STYLE_FILL_AREA(#7825);
#7825 = FILL_AREA_STYLE('',(#7826));
#7826 = FILL_AREA_STYLE_COLOUR('',#7469);
#7827 = STYLED_ITEM('color',(#7828),#3440);
#7828 = PRESENTATION_STYLE_ASSIGNMENT((#7829));
#7829 = SURFACE_STYLE_USAGE(.BOTH.,#7830);
#7830 = SURFACE_SIDE_STYLE('',(#7831));
#7831 = SURFACE_STYLE_FILL_AREA(#7832);
#7832 = FILL_AREA_STYLE('',(#7833));
#7833 = FILL_AREA_STYLE_COLOUR('',#7469);
#7834 = STYLED_ITEM('color',(#7835),#3464);
#7835 = PRESENTATION_STYLE_ASSIGNMENT((#7836));
#7836 = SURFACE_STYLE_USAGE(.BOTH.,#7837);
#7837 = SURFACE_SIDE_STYLE('',(#7838));
#7838 = SURFACE_STYLE_FILL_AREA(#7839);
#7839 = FILL_AREA_STYLE('',(#7840));
#7840 = FILL_AREA_STYLE_COLOUR('',#7469);
#7841 = STYLED_ITEM('color',(#7842),#3488);
#7842 = PRESENTATION_STYLE_ASSIGNMENT((#7843));
#7843 = SURFACE_STYLE_USAGE(.BOTH.,#7844);
#7844 = SURFACE_SIDE_STYLE('',(#7845));
#7845 = SURFACE_STYLE_FILL_AREA(#7846);
#7846 = FILL_AREA_STYLE('',(#7847));
#7847 = FILL_AREA_STYLE_COLOUR('',#7469);
#7848 = STYLED_ITEM('color',(#7849),#3505);
#7849 = PRESENTATION_STYLE_ASSIGNMENT((#7850));
#7850 = SURFACE_STYLE_USAGE(.BOTH.,#7851);
#7851 = SURFACE_SIDE_STYLE('',(#7852));
#7852 = SURFACE_STYLE_FILL_AREA(#7853);
#7853 = FILL_AREA_STYLE('',(#7854));
#7854 = FILL_AREA_STYLE_COLOUR('',#7469);
#7855 = STYLED_ITEM('color',(#7856),#3529);
#7856 = PRESENTATION_STYLE_ASSIGNMENT((#7857));
#7857 = SURFACE_STYLE_USAGE(.BOTH.,#7858);
#7858 = SURFACE_SIDE_STYLE('',(#7859));
#7859 = SURFACE_STYLE_FILL_AREA(#7860);
#7860 = FILL_AREA_STYLE('',(#7861));
#7861 = FILL_AREA_STYLE_COLOUR('',#7469);
#7862 = STYLED_ITEM('color',(#7863),#3553);
#7863 = PRESENTATION_STYLE_ASSIGNMENT((#7864));
#7864 = SURFACE_STYLE_USAGE(.BOTH.,#7865);
#7865 = SURFACE_SIDE_STYLE('',(#7866));
#7866 = SURFACE_STYLE_FILL_AREA(#7867);
#7867 = FILL_AREA_STYLE('',(#7868));
#7868 = FILL_AREA_STYLE_COLOUR('',#7469);
#7869 = STYLED_ITEM('color',(#7870),#3570);
#7870 = PRESENTATION_STYLE_ASSIGNMENT((#7871));
#7871 = SURFACE_STYLE_USAGE(.BOTH.,#7872);
#7872 = SURFACE_SIDE_STYLE('',(#7873));
#7873 = SURFACE_STYLE_FILL_AREA(#7874);
#7874 = FILL_AREA_STYLE('',(#7875));
#7875 = FILL_AREA_STYLE_COLOUR('',#7469);
#7876 = STYLED_ITEM('color',(#7877),#3594);
#7877 = PRESENTATION_STYLE_ASSIGNMENT((#7878));
#7878 = SURFACE_STYLE_USAGE(.BOTH.,#7879);
#7879 = SURFACE_SIDE_STYLE('',(#7880));
#7880 = SURFACE_STYLE_FILL_AREA(#7881);
#7881 = FILL_AREA_STYLE('',(#7882));
#7882 = FILL_AREA_STYLE_COLOUR('',#7469);
#7883 = STYLED_ITEM('color',(#7884),#3618);
#7884 = PRESENTATION_STYLE_ASSIGNMENT((#7885));
#7885 = SURFACE_STYLE_USAGE(.BOTH.,#7886);
#7886 = SURFACE_SIDE_STYLE('',(#7887));
#7887 = SURFACE_STYLE_FILL_AREA(#7888);
#7888 = FILL_AREA_STYLE('',(#7889));
#7889 = FILL_AREA_STYLE_COLOUR('',#7469);
#7890 = STYLED_ITEM('color',(#7891),#3635);
#7891 = PRESENTATION_STYLE_ASSIGNMENT((#7892));
#7892 = SURFACE_STYLE_USAGE(.BOTH.,#7893);
#7893 = SURFACE_SIDE_STYLE('',(#7894));
#7894 = SURFACE_STYLE_FILL_AREA(#7895);
#7895 = FILL_AREA_STYLE('',(#7896));
#7896 = FILL_AREA_STYLE_COLOUR('',#7469);
#7897 = STYLED_ITEM('color',(#7898),#3659);
#7898 = PRESENTATION_STYLE_ASSIGNMENT((#7899));
#7899 = SURFACE_STYLE_USAGE(.BOTH.,#7900);
#7900 = SURFACE_SIDE_STYLE('',(#7901));
#7901 = SURFACE_STYLE_FILL_AREA(#7902);
#7902 = FILL_AREA_STYLE('',(#7903));
#7903 = FILL_AREA_STYLE_COLOUR('',#7469);
#7904 = STYLED_ITEM('color',(#7905),#3683);
#7905 = PRESENTATION_STYLE_ASSIGNMENT((#7906));
#7906 = SURFACE_STYLE_USAGE(.BOTH.,#7907);
#7907 = SURFACE_SIDE_STYLE('',(#7908));
#7908 = SURFACE_STYLE_FILL_AREA(#7909);
#7909 = FILL_AREA_STYLE('',(#7910));
#7910 = FILL_AREA_STYLE_COLOUR('',#7469);
#7911 = STYLED_ITEM('color',(#7912),#3700);
#7912 = PRESENTATION_STYLE_ASSIGNMENT((#7913));
#7913 = SURFACE_STYLE_USAGE(.BOTH.,#7914);
#7914 = SURFACE_SIDE_STYLE('',(#7915));
#7915 = SURFACE_STYLE_FILL_AREA(#7916);
#7916 = FILL_AREA_STYLE('',(#7917));
#7917 = FILL_AREA_STYLE_COLOUR('',#7469);
#7918 = STYLED_ITEM('color',(#7919),#3724);
#7919 = PRESENTATION_STYLE_ASSIGNMENT((#7920));
#7920 = SURFACE_STYLE_USAGE(.BOTH.,#7921);
#7921 = SURFACE_SIDE_STYLE('',(#7922));
#7922 = SURFACE_STYLE_FILL_AREA(#7923);
#7923 = FILL_AREA_STYLE('',(#7924));
#7924 = FILL_AREA_STYLE_COLOUR('',#7469);
#7925 = STYLED_ITEM('color',(#7926),#3748);
#7926 = PRESENTATION_STYLE_ASSIGNMENT((#7927));
#7927 = SURFACE_STYLE_USAGE(.BOTH.,#7928);
#7928 = SURFACE_SIDE_STYLE('',(#7929));
#7929 = SURFACE_STYLE_FILL_AREA(#7930);
#7930 = FILL_AREA_STYLE('',(#7931));
#7931 = FILL_AREA_STYLE_COLOUR('',#7469);
#7932 = STYLED_ITEM('color',(#7933),#3765);
#7933 = PRESENTATION_STYLE_ASSIGNMENT((#7934));
#7934 = SURFACE_STYLE_USAGE(.BOTH.,#7935);
#7935 = SURFACE_SIDE_STYLE('',(#7936));
#7936 = SURFACE_STYLE_FILL_AREA(#7937);
#7937 = FILL_AREA_STYLE('',(#7938));
#7938 = FILL_AREA_STYLE_COLOUR('',#7469);
#7939 = STYLED_ITEM('color',(#7940),#3789);
#7940 = PRESENTATION_STYLE_ASSIGNMENT((#7941));
#7941 = SURFACE_STYLE_USAGE(.BOTH.,#7942);
#7942 = SURFACE_SIDE_STYLE('',(#7943));
#7943 = SURFACE_STYLE_FILL_AREA(#7944);
#7944 = FILL_AREA_STYLE('',(#7945));
#7945 = FILL_AREA_STYLE_COLOUR('',#7469);
#7946 = STYLED_ITEM('color',(#7947),#3813);
#7947 = PRESENTATION_STYLE_ASSIGNMENT((#7948));
#7948 = SURFACE_STYLE_USAGE(.BOTH.,#7949);
#7949 = SURFACE_SIDE_STYLE('',(#7950));
#7950 = SURFACE_STYLE_FILL_AREA(#7951);
#7951 = FILL_AREA_STYLE('',(#7952));
#7952 = FILL_AREA_STYLE_COLOUR('',#7469);
#7953 = STYLED_ITEM('color',(#7954),#3830);
#7954 = PRESENTATION_STYLE_ASSIGNMENT((#7955));
#7955 = SURFACE_STYLE_USAGE(.BOTH.,#7956);
#7956 = SURFACE_SIDE_STYLE('',(#7957));
#7957 = SURFACE_STYLE_FILL_AREA(#7958);
#7958 = FILL_AREA_STYLE('',(#7959));
#7959 = FILL_AREA_STYLE_COLOUR('',#7469);
#7960 = STYLED_ITEM('color',(#7961),#3854);
#7961 = PRESENTATION_STYLE_ASSIGNMENT((#7962));
#7962 = SURFACE_STYLE_USAGE(.BOTH.,#7963);
#7963 = SURFACE_SIDE_STYLE('',(#7964));
#7964 = SURFACE_STYLE_FILL_AREA(#7965);
#7965 = FILL_AREA_STYLE('',(#7966));
#7966 = FILL_AREA_STYLE_COLOUR('',#7469);
#7967 = STYLED_ITEM('color',(#7968),#3878);
#7968 = PRESENTATION_STYLE_ASSIGNMENT((#7969));
#7969 = SURFACE_STYLE_USAGE(.BOTH.,#7970);
#7970 = SURFACE_SIDE_STYLE('',(#7971));
#7971 = SURFACE_STYLE_FILL_AREA(#7972);
#7972 = FILL_AREA_STYLE('',(#7973));
#7973 = FILL_AREA_STYLE_COLOUR('',#7469);
#7974 = STYLED_ITEM('color',(#7975),#3895);
#7975 = PRESENTATION_STYLE_ASSIGNMENT((#7976));
#7976 = SURFACE_STYLE_USAGE(.BOTH.,#7977);
#7977 = SURFACE_SIDE_STYLE('',(#7978));
#7978 = SURFACE_STYLE_FILL_AREA(#7979);
#7979 = FILL_AREA_STYLE('',(#7980));
#7980 = FILL_AREA_STYLE_COLOUR('',#7397);
#7981 = STYLED_ITEM('color',(#7982),#3912);
#7982 = PRESENTATION_STYLE_ASSIGNMENT((#7983));
#7983 = SURFACE_STYLE_USAGE(.BOTH.,#7984);
#7984 = SURFACE_SIDE_STYLE('',(#7985));
#7985 = SURFACE_STYLE_FILL_AREA(#7986);
#7986 = FILL_AREA_STYLE('',(#7987));
#7987 = FILL_AREA_STYLE_COLOUR('',#7469);
#7988 = STYLED_ITEM('color',(#7989),#3936);
#7989 = PRESENTATION_STYLE_ASSIGNMENT((#7990));
#7990 = SURFACE_STYLE_USAGE(.BOTH.,#7991);
#7991 = SURFACE_SIDE_STYLE('',(#7992));
#7992 = SURFACE_STYLE_FILL_AREA(#7993);
#7993 = FILL_AREA_STYLE('',(#7994));
#7994 = FILL_AREA_STYLE_COLOUR('',#7469);
#7995 = STYLED_ITEM('color',(#7996),#3960);
#7996 = PRESENTATION_STYLE_ASSIGNMENT((#7997));
#7997 = SURFACE_STYLE_USAGE(.BOTH.,#7998);
#7998 = SURFACE_SIDE_STYLE('',(#7999));
#7999 = SURFACE_STYLE_FILL_AREA(#8000);
#8000 = FILL_AREA_STYLE('',(#8001));
#8001 = FILL_AREA_STYLE_COLOUR('',#7469);
#8002 = STYLED_ITEM('color',(#8003),#3977);
#8003 = PRESENTATION_STYLE_ASSIGNMENT((#8004));
#8004 = SURFACE_STYLE_USAGE(.BOTH.,#8005);
#8005 = SURFACE_SIDE_STYLE('',(#8006));
#8006 = SURFACE_STYLE_FILL_AREA(#8007);
#8007 = FILL_AREA_STYLE('',(#8008));
#8008 = FILL_AREA_STYLE_COLOUR('',#7469);
#8009 = STYLED_ITEM('color',(#8010),#4001);
#8010 = PRESENTATION_STYLE_ASSIGNMENT((#8011));
#8011 = SURFACE_STYLE_USAGE(.BOTH.,#8012);
#8012 = SURFACE_SIDE_STYLE('',(#8013));
#8013 = SURFACE_STYLE_FILL_AREA(#8014);
#8014 = FILL_AREA_STYLE('',(#8015));
#8015 = FILL_AREA_STYLE_COLOUR('',#7469);
#8016 = STYLED_ITEM('color',(#8017),#4025);
#8017 = PRESENTATION_STYLE_ASSIGNMENT((#8018));
#8018 = SURFACE_STYLE_USAGE(.BOTH.,#8019);
#8019 = SURFACE_SIDE_STYLE('',(#8020));
#8020 = SURFACE_STYLE_FILL_AREA(#8021);
#8021 = FILL_AREA_STYLE('',(#8022));
#8022 = FILL_AREA_STYLE_COLOUR('',#7469);
#8023 = STYLED_ITEM('color',(#8024),#4042);
#8024 = PRESENTATION_STYLE_ASSIGNMENT((#8025));
#8025 = SURFACE_STYLE_USAGE(.BOTH.,#8026);
#8026 = SURFACE_SIDE_STYLE('',(#8027));
#8027 = SURFACE_STYLE_FILL_AREA(#8028);
#8028 = FILL_AREA_STYLE('',(#8029));
#8029 = FILL_AREA_STYLE_COLOUR('',#7469);
#8030 = STYLED_ITEM('color',(#8031),#4066);
#8031 = PRESENTATION_STYLE_ASSIGNMENT((#8032));
#8032 = SURFACE_STYLE_USAGE(.BOTH.,#8033);
#8033 = SURFACE_SIDE_STYLE('',(#8034));
#8034 = SURFACE_STYLE_FILL_AREA(#8035);
#8035 = FILL_AREA_STYLE('',(#8036));
#8036 = FILL_AREA_STYLE_COLOUR('',#7469);
#8037 = STYLED_ITEM('color',(#8038),#4090);
#8038 = PRESENTATION_STYLE_ASSIGNMENT((#8039));
#8039 = SURFACE_STYLE_USAGE(.BOTH.,#8040);
#8040 = SURFACE_SIDE_STYLE('',(#8041));
#8041 = SURFACE_STYLE_FILL_AREA(#8042);
#8042 = FILL_AREA_STYLE('',(#8043));
#8043 = FILL_AREA_STYLE_COLOUR('',#7469);
#8044 = STYLED_ITEM('color',(#8045),#4107);
#8045 = PRESENTATION_STYLE_ASSIGNMENT((#8046));
#8046 = SURFACE_STYLE_USAGE(.BOTH.,#8047);
#8047 = SURFACE_SIDE_STYLE('',(#8048));
#8048 = SURFACE_STYLE_FILL_AREA(#8049);
#8049 = FILL_AREA_STYLE('',(#8050));
#8050 = FILL_AREA_STYLE_COLOUR('',#7469);
#8051 = STYLED_ITEM('color',(#8052),#4131);
#8052 = PRESENTATION_STYLE_ASSIGNMENT((#8053));
#8053 = SURFACE_STYLE_USAGE(.BOTH.,#8054);
#8054 = SURFACE_SIDE_STYLE('',(#8055));
#8055 = SURFACE_STYLE_FILL_AREA(#8056);
#8056 = FILL_AREA_STYLE('',(#8057));
#8057 = FILL_AREA_STYLE_COLOUR('',#7469);
#8058 = STYLED_ITEM('color',(#8059),#4155);
#8059 = PRESENTATION_STYLE_ASSIGNMENT((#8060));
#8060 = SURFACE_STYLE_USAGE(.BOTH.,#8061);
#8061 = SURFACE_SIDE_STYLE('',(#8062));
#8062 = SURFACE_STYLE_FILL_AREA(#8063);
#8063 = FILL_AREA_STYLE('',(#8064));
#8064 = FILL_AREA_STYLE_COLOUR('',#7469);
#8065 = STYLED_ITEM('color',(#8066),#4172);
#8066 = PRESENTATION_STYLE_ASSIGNMENT((#8067));
#8067 = SURFACE_STYLE_USAGE(.BOTH.,#8068);
#8068 = SURFACE_SIDE_STYLE('',(#8069));
#8069 = SURFACE_STYLE_FILL_AREA(#8070);
#8070 = FILL_AREA_STYLE('',(#8071));
#8071 = FILL_AREA_STYLE_COLOUR('',#7469);
#8072 = STYLED_ITEM('color',(#8073),#4196);
#8073 = PRESENTATION_STYLE_ASSIGNMENT((#8074));
#8074 = SURFACE_STYLE_USAGE(.BOTH.,#8075);
#8075 = SURFACE_SIDE_STYLE('',(#8076));
#8076 = SURFACE_STYLE_FILL_AREA(#8077);
#8077 = FILL_AREA_STYLE('',(#8078));
#8078 = FILL_AREA_STYLE_COLOUR('',#7469);
#8079 = STYLED_ITEM('color',(#8080),#4220);
#8080 = PRESENTATION_STYLE_ASSIGNMENT((#8081));
#8081 = SURFACE_STYLE_USAGE(.BOTH.,#8082);
#8082 = SURFACE_SIDE_STYLE('',(#8083));
#8083 = SURFACE_STYLE_FILL_AREA(#8084);
#8084 = FILL_AREA_STYLE('',(#8085));
#8085 = FILL_AREA_STYLE_COLOUR('',#7469);
#8086 = STYLED_ITEM('color',(#8087),#4237);
#8087 = PRESENTATION_STYLE_ASSIGNMENT((#8088));
#8088 = SURFACE_STYLE_USAGE(.BOTH.,#8089);
#8089 = SURFACE_SIDE_STYLE('',(#8090));
#8090 = SURFACE_STYLE_FILL_AREA(#8091);
#8091 = FILL_AREA_STYLE('',(#8092));
#8092 = FILL_AREA_STYLE_COLOUR('',#7469);
#8093 = STYLED_ITEM('color',(#8094),#4261);
#8094 = PRESENTATION_STYLE_ASSIGNMENT((#8095));
#8095 = SURFACE_STYLE_USAGE(.BOTH.,#8096);
#8096 = SURFACE_SIDE_STYLE('',(#8097));
#8097 = SURFACE_STYLE_FILL_AREA(#8098);
#8098 = FILL_AREA_STYLE('',(#8099));
#8099 = FILL_AREA_STYLE_COLOUR('',#7469);
#8100 = STYLED_ITEM('color',(#8101),#4278);
#8101 = PRESENTATION_STYLE_ASSIGNMENT((#8102));
#8102 = SURFACE_STYLE_USAGE(.BOTH.,#8103);
#8103 = SURFACE_SIDE_STYLE('',(#8104));
#8104 = SURFACE_STYLE_FILL_AREA(#8105);
#8105 = FILL_AREA_STYLE('',(#8106));
#8106 = FILL_AREA_STYLE_COLOUR('',#7469);
#8107 = STYLED_ITEM('color',(#8108),#4309);
#8108 = PRESENTATION_STYLE_ASSIGNMENT((#8109));
#8109 = SURFACE_STYLE_USAGE(.BOTH.,#8110);
#8110 = SURFACE_SIDE_STYLE('',(#8111));
#8111 = SURFACE_STYLE_FILL_AREA(#8112);
#8112 = FILL_AREA_STYLE('',(#8113));
#8113 = FILL_AREA_STYLE_COLOUR('',#7469);
#8114 = STYLED_ITEM('color',(#8115),#4340);
#8115 = PRESENTATION_STYLE_ASSIGNMENT((#8116));
#8116 = SURFACE_STYLE_USAGE(.BOTH.,#8117);
#8117 = SURFACE_SIDE_STYLE('',(#8118));
#8118 = SURFACE_STYLE_FILL_AREA(#8119);
#8119 = FILL_AREA_STYLE('',(#8120));
#8120 = FILL_AREA_STYLE_COLOUR('',#7469);
#8121 = STYLED_ITEM('color',(#8122),#4371);
#8122 = PRESENTATION_STYLE_ASSIGNMENT((#8123));
#8123 = SURFACE_STYLE_USAGE(.BOTH.,#8124);
#8124 = SURFACE_SIDE_STYLE('',(#8125));
#8125 = SURFACE_STYLE_FILL_AREA(#8126);
#8126 = FILL_AREA_STYLE('',(#8127));
#8127 = FILL_AREA_STYLE_COLOUR('',#7469);
#8128 = STYLED_ITEM('color',(#8129),#4402);
#8129 = PRESENTATION_STYLE_ASSIGNMENT((#8130));
#8130 = SURFACE_STYLE_USAGE(.BOTH.,#8131);
#8131 = SURFACE_SIDE_STYLE('',(#8132));
#8132 = SURFACE_STYLE_FILL_AREA(#8133);
#8133 = FILL_AREA_STYLE('',(#8134));
#8134 = FILL_AREA_STYLE_COLOUR('',#7469);
#8135 = STYLED_ITEM('color',(#8136),#4433);
#8136 = PRESENTATION_STYLE_ASSIGNMENT((#8137));
#8137 = SURFACE_STYLE_USAGE(.BOTH.,#8138);
#8138 = SURFACE_SIDE_STYLE('',(#8139));
#8139 = SURFACE_STYLE_FILL_AREA(#8140);
#8140 = FILL_AREA_STYLE('',(#8141));
#8141 = FILL_AREA_STYLE_COLOUR('',#7469);
#8142 = STYLED_ITEM('color',(#8143),#4464);
#8143 = PRESENTATION_STYLE_ASSIGNMENT((#8144));
#8144 = SURFACE_STYLE_USAGE(.BOTH.,#8145);
#8145 = SURFACE_SIDE_STYLE('',(#8146));
#8146 = SURFACE_STYLE_FILL_AREA(#8147);
#8147 = FILL_AREA_STYLE('',(#8148));
#8148 = FILL_AREA_STYLE_COLOUR('',#7469);
#8149 = STYLED_ITEM('color',(#8150),#4495);
#8150 = PRESENTATION_STYLE_ASSIGNMENT((#8151));
#8151 = SURFACE_STYLE_USAGE(.BOTH.,#8152);
#8152 = SURFACE_SIDE_STYLE('',(#8153));
#8153 = SURFACE_STYLE_FILL_AREA(#8154);
#8154 = FILL_AREA_STYLE('',(#8155));
#8155 = FILL_AREA_STYLE_COLOUR('',#7469);
#8156 = STYLED_ITEM('color',(#8157),#4519);
#8157 = PRESENTATION_STYLE_ASSIGNMENT((#8158));
#8158 = SURFACE_STYLE_USAGE(.BOTH.,#8159);
#8159 = SURFACE_SIDE_STYLE('',(#8160));
#8160 = SURFACE_STYLE_FILL_AREA(#8161);
#8161 = FILL_AREA_STYLE('',(#8162));
#8162 = FILL_AREA_STYLE_COLOUR('',#7469);
#8163 = STYLED_ITEM('color',(#8164),#4543);
#8164 = PRESENTATION_STYLE_ASSIGNMENT((#8165));
#8165 = SURFACE_STYLE_USAGE(.BOTH.,#8166);
#8166 = SURFACE_SIDE_STYLE('',(#8167));
#8167 = SURFACE_STYLE_FILL_AREA(#8168);
#8168 = FILL_AREA_STYLE('',(#8169));
#8169 = FILL_AREA_STYLE_COLOUR('',#7469);
#8170 = STYLED_ITEM('color',(#8171),#4560);
#8171 = PRESENTATION_STYLE_ASSIGNMENT((#8172));
#8172 = SURFACE_STYLE_USAGE(.BOTH.,#8173);
#8173 = SURFACE_SIDE_STYLE('',(#8174));
#8174 = SURFACE_STYLE_FILL_AREA(#8175);
#8175 = FILL_AREA_STYLE('',(#8176));
#8176 = FILL_AREA_STYLE_COLOUR('',#7469);
#8177 = STYLED_ITEM('color',(#8178),#4591);
#8178 = PRESENTATION_STYLE_ASSIGNMENT((#8179));
#8179 = SURFACE_STYLE_USAGE(.BOTH.,#8180);
#8180 = SURFACE_SIDE_STYLE('',(#8181));
#8181 = SURFACE_STYLE_FILL_AREA(#8182);
#8182 = FILL_AREA_STYLE('',(#8183));
#8183 = FILL_AREA_STYLE_COLOUR('',#7469);
#8184 = STYLED_ITEM('color',(#8185),#4615);
#8185 = PRESENTATION_STYLE_ASSIGNMENT((#8186));
#8186 = SURFACE_STYLE_USAGE(.BOTH.,#8187);
#8187 = SURFACE_SIDE_STYLE('',(#8188));
#8188 = SURFACE_STYLE_FILL_AREA(#8189);
#8189 = FILL_AREA_STYLE('',(#8190));
#8190 = FILL_AREA_STYLE_COLOUR('',#7469);
#8191 = STYLED_ITEM('color',(#8192),#4639);
#8192 = PRESENTATION_STYLE_ASSIGNMENT((#8193));
#8193 = SURFACE_STYLE_USAGE(.BOTH.,#8194);
#8194 = SURFACE_SIDE_STYLE('',(#8195));
#8195 = SURFACE_STYLE_FILL_AREA(#8196);
#8196 = FILL_AREA_STYLE('',(#8197));
#8197 = FILL_AREA_STYLE_COLOUR('',#7469);
#8198 = STYLED_ITEM('color',(#8199),#4656);
#8199 = PRESENTATION_STYLE_ASSIGNMENT((#8200));
#8200 = SURFACE_STYLE_USAGE(.BOTH.,#8201);
#8201 = SURFACE_SIDE_STYLE('',(#8202));
#8202 = SURFACE_STYLE_FILL_AREA(#8203);
#8203 = FILL_AREA_STYLE('',(#8204));
#8204 = FILL_AREA_STYLE_COLOUR('',#7469);
#8205 = STYLED_ITEM('color',(#8206),#4687);
#8206 = PRESENTATION_STYLE_ASSIGNMENT((#8207));
#8207 = SURFACE_STYLE_USAGE(.BOTH.,#8208);
#8208 = SURFACE_SIDE_STYLE('',(#8209));
#8209 = SURFACE_STYLE_FILL_AREA(#8210);
#8210 = FILL_AREA_STYLE('',(#8211));
#8211 = FILL_AREA_STYLE_COLOUR('',#7469);
#8212 = STYLED_ITEM('color',(#8213),#4711);
#8213 = PRESENTATION_STYLE_ASSIGNMENT((#8214));
#8214 = SURFACE_STYLE_USAGE(.BOTH.,#8215);
#8215 = SURFACE_SIDE_STYLE('',(#8216));
#8216 = SURFACE_STYLE_FILL_AREA(#8217);
#8217 = FILL_AREA_STYLE('',(#8218));
#8218 = FILL_AREA_STYLE_COLOUR('',#7469);
#8219 = STYLED_ITEM('color',(#8220),#4735);
#8220 = PRESENTATION_STYLE_ASSIGNMENT((#8221));
#8221 = SURFACE_STYLE_USAGE(.BOTH.,#8222);
#8222 = SURFACE_SIDE_STYLE('',(#8223));
#8223 = SURFACE_STYLE_FILL_AREA(#8224);
#8224 = FILL_AREA_STYLE('',(#8225));
#8225 = FILL_AREA_STYLE_COLOUR('',#7469);
#8226 = STYLED_ITEM('color',(#8227),#4752);
#8227 = PRESENTATION_STYLE_ASSIGNMENT((#8228));
#8228 = SURFACE_STYLE_USAGE(.BOTH.,#8229);
#8229 = SURFACE_SIDE_STYLE('',(#8230));
#8230 = SURFACE_STYLE_FILL_AREA(#8231);
#8231 = FILL_AREA_STYLE('',(#8232));
#8232 = FILL_AREA_STYLE_COLOUR('',#7469);
#8233 = STYLED_ITEM('color',(#8234),#4783);
#8234 = PRESENTATION_STYLE_ASSIGNMENT((#8235));
#8235 = SURFACE_STYLE_USAGE(.BOTH.,#8236);
#8236 = SURFACE_SIDE_STYLE('',(#8237));
#8237 = SURFACE_STYLE_FILL_AREA(#8238);
#8238 = FILL_AREA_STYLE('',(#8239));
#8239 = FILL_AREA_STYLE_COLOUR('',#7469);
#8240 = STYLED_ITEM('color',(#8241),#4807);
#8241 = PRESENTATION_STYLE_ASSIGNMENT((#8242));
#8242 = SURFACE_STYLE_USAGE(.BOTH.,#8243);
#8243 = SURFACE_SIDE_STYLE('',(#8244));
#8244 = SURFACE_STYLE_FILL_AREA(#8245);
#8245 = FILL_AREA_STYLE('',(#8246));
#8246 = FILL_AREA_STYLE_COLOUR('',#7469);
#8247 = STYLED_ITEM('color',(#8248),#4831);
#8248 = PRESENTATION_STYLE_ASSIGNMENT((#8249));
#8249 = SURFACE_STYLE_USAGE(.BOTH.,#8250);
#8250 = SURFACE_SIDE_STYLE('',(#8251));
#8251 = SURFACE_STYLE_FILL_AREA(#8252);
#8252 = FILL_AREA_STYLE('',(#8253));
#8253 = FILL_AREA_STYLE_COLOUR('',#7469);
#8254 = STYLED_ITEM('color',(#8255),#4848);
#8255 = PRESENTATION_STYLE_ASSIGNMENT((#8256));
#8256 = SURFACE_STYLE_USAGE(.BOTH.,#8257);
#8257 = SURFACE_SIDE_STYLE('',(#8258));
#8258 = SURFACE_STYLE_FILL_AREA(#8259);
#8259 = FILL_AREA_STYLE('',(#8260));
#8260 = FILL_AREA_STYLE_COLOUR('',#7469);
#8261 = STYLED_ITEM('color',(#8262),#4879);
#8262 = PRESENTATION_STYLE_ASSIGNMENT((#8263));
#8263 = SURFACE_STYLE_USAGE(.BOTH.,#8264);
#8264 = SURFACE_SIDE_STYLE('',(#8265));
#8265 = SURFACE_STYLE_FILL_AREA(#8266);
#8266 = FILL_AREA_STYLE('',(#8267));
#8267 = FILL_AREA_STYLE_COLOUR('',#7469);
#8268 = STYLED_ITEM('color',(#8269),#4903);
#8269 = PRESENTATION_STYLE_ASSIGNMENT((#8270));
#8270 = SURFACE_STYLE_USAGE(.BOTH.,#8271);
#8271 = SURFACE_SIDE_STYLE('',(#8272));
#8272 = SURFACE_STYLE_FILL_AREA(#8273);
#8273 = FILL_AREA_STYLE('',(#8274));
#8274 = FILL_AREA_STYLE_COLOUR('',#7469);
#8275 = STYLED_ITEM('color',(#8276),#4927);
#8276 = PRESENTATION_STYLE_ASSIGNMENT((#8277));
#8277 = SURFACE_STYLE_USAGE(.BOTH.,#8278);
#8278 = SURFACE_SIDE_STYLE('',(#8279));
#8279 = SURFACE_STYLE_FILL_AREA(#8280);
#8280 = FILL_AREA_STYLE('',(#8281));
#8281 = FILL_AREA_STYLE_COLOUR('',#7469);
#8282 = STYLED_ITEM('color',(#8283),#4944);
#8283 = PRESENTATION_STYLE_ASSIGNMENT((#8284));
#8284 = SURFACE_STYLE_USAGE(.BOTH.,#8285);
#8285 = SURFACE_SIDE_STYLE('',(#8286));
#8286 = SURFACE_STYLE_FILL_AREA(#8287);
#8287 = FILL_AREA_STYLE('',(#8288));
#8288 = FILL_AREA_STYLE_COLOUR('',#7469);
#8289 = STYLED_ITEM('color',(#8290),#4975);
#8290 = PRESENTATION_STYLE_ASSIGNMENT((#8291));
#8291 = SURFACE_STYLE_USAGE(.BOTH.,#8292);
#8292 = SURFACE_SIDE_STYLE('',(#8293));
#8293 = SURFACE_STYLE_FILL_AREA(#8294);
#8294 = FILL_AREA_STYLE('',(#8295));
#8295 = FILL_AREA_STYLE_COLOUR('',#7469);
#8296 = STYLED_ITEM('color',(#8297),#4999);
#8297 = PRESENTATION_STYLE_ASSIGNMENT((#8298));
#8298 = SURFACE_STYLE_USAGE(.BOTH.,#8299);
#8299 = SURFACE_SIDE_STYLE('',(#8300));
#8300 = SURFACE_STYLE_FILL_AREA(#8301);
#8301 = FILL_AREA_STYLE('',(#8302));
#8302 = FILL_AREA_STYLE_COLOUR('',#7469);
#8303 = STYLED_ITEM('color',(#8304),#5023);
#8304 = PRESENTATION_STYLE_ASSIGNMENT((#8305));
#8305 = SURFACE_STYLE_USAGE(.BOTH.,#8306);
#8306 = SURFACE_SIDE_STYLE('',(#8307));
#8307 = SURFACE_STYLE_FILL_AREA(#8308);
#8308 = FILL_AREA_STYLE('',(#8309));
#8309 = FILL_AREA_STYLE_COLOUR('',#7469);
#8310 = STYLED_ITEM('color',(#8311),#5040);
#8311 = PRESENTATION_STYLE_ASSIGNMENT((#8312));
#8312 = SURFACE_STYLE_USAGE(.BOTH.,#8313);
#8313 = SURFACE_SIDE_STYLE('',(#8314));
#8314 = SURFACE_STYLE_FILL_AREA(#8315);
#8315 = FILL_AREA_STYLE('',(#8316));
#8316 = FILL_AREA_STYLE_COLOUR('',#7469);
#8317 = STYLED_ITEM('color',(#8318),#5062);
#8318 = PRESENTATION_STYLE_ASSIGNMENT((#8319));
#8319 = SURFACE_STYLE_USAGE(.BOTH.,#8320);
#8320 = SURFACE_SIDE_STYLE('',(#8321));
#8321 = SURFACE_STYLE_FILL_AREA(#8322);
#8322 = FILL_AREA_STYLE('',(#8323));
#8323 = FILL_AREA_STYLE_COLOUR('',#7469);
#8324 = STYLED_ITEM('color',(#8325),#5079);
#8325 = PRESENTATION_STYLE_ASSIGNMENT((#8326));
#8326 = SURFACE_STYLE_USAGE(.BOTH.,#8327);
#8327 = SURFACE_SIDE_STYLE('',(#8328));
#8328 = SURFACE_STYLE_FILL_AREA(#8329);
#8329 = FILL_AREA_STYLE('',(#8330));
#8330 = FILL_AREA_STYLE_COLOUR('',#7469);
#8331 = STYLED_ITEM('color',(#8332),#5096);
#8332 = PRESENTATION_STYLE_ASSIGNMENT((#8333));
#8333 = SURFACE_STYLE_USAGE(.BOTH.,#8334);
#8334 = SURFACE_SIDE_STYLE('',(#8335));
#8335 = SURFACE_STYLE_FILL_AREA(#8336);
#8336 = FILL_AREA_STYLE('',(#8337));
#8337 = FILL_AREA_STYLE_COLOUR('',#7469);
#8338 = STYLED_ITEM('color',(#8339),#5120);
#8339 = PRESENTATION_STYLE_ASSIGNMENT((#8340));
#8340 = SURFACE_STYLE_USAGE(.BOTH.,#8341);
#8341 = SURFACE_SIDE_STYLE('',(#8342));
#8342 = SURFACE_STYLE_FILL_AREA(#8343);
#8343 = FILL_AREA_STYLE('',(#8344));
#8344 = FILL_AREA_STYLE_COLOUR('',#7469);
#8345 = STYLED_ITEM('color',(#8346),#5147);
#8346 = PRESENTATION_STYLE_ASSIGNMENT((#8347));
#8347 = SURFACE_STYLE_USAGE(.BOTH.,#8348);
#8348 = SURFACE_SIDE_STYLE('',(#8349));
#8349 = SURFACE_STYLE_FILL_AREA(#8350);
#8350 = FILL_AREA_STYLE('',(#8351));
#8351 = FILL_AREA_STYLE_COLOUR('',#7469);
#8352 = STYLED_ITEM('color',(#8353),#5171);
#8353 = PRESENTATION_STYLE_ASSIGNMENT((#8354));
#8354 = SURFACE_STYLE_USAGE(.BOTH.,#8355);
#8355 = SURFACE_SIDE_STYLE('',(#8356));
#8356 = SURFACE_STYLE_FILL_AREA(#8357);
#8357 = FILL_AREA_STYLE('',(#8358));
#8358 = FILL_AREA_STYLE_COLOUR('',#7469);
#8359 = STYLED_ITEM('color',(#8360),#5193);
#8360 = PRESENTATION_STYLE_ASSIGNMENT((#8361));
#8361 = SURFACE_STYLE_USAGE(.BOTH.,#8362);
#8362 = SURFACE_SIDE_STYLE('',(#8363));
#8363 = SURFACE_STYLE_FILL_AREA(#8364);
#8364 = FILL_AREA_STYLE('',(#8365));
#8365 = FILL_AREA_STYLE_COLOUR('',#7469);
#8366 = STYLED_ITEM('color',(#8367),#5210);
#8367 = PRESENTATION_STYLE_ASSIGNMENT((#8368));
#8368 = SURFACE_STYLE_USAGE(.BOTH.,#8369);
#8369 = SURFACE_SIDE_STYLE('',(#8370));
#8370 = SURFACE_STYLE_FILL_AREA(#8371);
#8371 = FILL_AREA_STYLE('',(#8372));
#8372 = FILL_AREA_STYLE_COLOUR('',#7469);
#8373 = STYLED_ITEM('color',(#8374),#5227);
#8374 = PRESENTATION_STYLE_ASSIGNMENT((#8375));
#8375 = SURFACE_STYLE_USAGE(.BOTH.,#8376);
#8376 = SURFACE_SIDE_STYLE('',(#8377));
#8377 = SURFACE_STYLE_FILL_AREA(#8378);
#8378 = FILL_AREA_STYLE('',(#8379));
#8379 = FILL_AREA_STYLE_COLOUR('',#7469);
#8380 = STYLED_ITEM('color',(#8381),#5251);
#8381 = PRESENTATION_STYLE_ASSIGNMENT((#8382));
#8382 = SURFACE_STYLE_USAGE(.BOTH.,#8383);
#8383 = SURFACE_SIDE_STYLE('',(#8384));
#8384 = SURFACE_STYLE_FILL_AREA(#8385);
#8385 = FILL_AREA_STYLE('',(#8386));
#8386 = FILL_AREA_STYLE_COLOUR('',#7469);
#8387 = STYLED_ITEM('color',(#8388),#5278);
#8388 = PRESENTATION_STYLE_ASSIGNMENT((#8389));
#8389 = SURFACE_STYLE_USAGE(.BOTH.,#8390);
#8390 = SURFACE_SIDE_STYLE('',(#8391));
#8391 = SURFACE_STYLE_FILL_AREA(#8392);
#8392 = FILL_AREA_STYLE('',(#8393));
#8393 = FILL_AREA_STYLE_COLOUR('',#7469);
#8394 = STYLED_ITEM('color',(#8395),#5302);
#8395 = PRESENTATION_STYLE_ASSIGNMENT((#8396));
#8396 = SURFACE_STYLE_USAGE(.BOTH.,#8397);
#8397 = SURFACE_SIDE_STYLE('',(#8398));
#8398 = SURFACE_STYLE_FILL_AREA(#8399);
#8399 = FILL_AREA_STYLE('',(#8400));
#8400 = FILL_AREA_STYLE_COLOUR('',#7469);
#8401 = STYLED_ITEM('color',(#8402),#5324);
#8402 = PRESENTATION_STYLE_ASSIGNMENT((#8403));
#8403 = SURFACE_STYLE_USAGE(.BOTH.,#8404);
#8404 = SURFACE_SIDE_STYLE('',(#8405));
#8405 = SURFACE_STYLE_FILL_AREA(#8406);
#8406 = FILL_AREA_STYLE('',(#8407));
#8407 = FILL_AREA_STYLE_COLOUR('',#7469);
#8408 = STYLED_ITEM('color',(#8409),#5341);
#8409 = PRESENTATION_STYLE_ASSIGNMENT((#8410));
#8410 = SURFACE_STYLE_USAGE(.BOTH.,#8411);
#8411 = SURFACE_SIDE_STYLE('',(#8412));
#8412 = SURFACE_STYLE_FILL_AREA(#8413);
#8413 = FILL_AREA_STYLE('',(#8414));
#8414 = FILL_AREA_STYLE_COLOUR('',#7469);
#8415 = STYLED_ITEM('color',(#8416),#5358);
#8416 = PRESENTATION_STYLE_ASSIGNMENT((#8417));
#8417 = SURFACE_STYLE_USAGE(.BOTH.,#8418);
#8418 = SURFACE_SIDE_STYLE('',(#8419));
#8419 = SURFACE_STYLE_FILL_AREA(#8420);
#8420 = FILL_AREA_STYLE('',(#8421));
#8421 = FILL_AREA_STYLE_COLOUR('',#7469);
#8422 = STYLED_ITEM('color',(#8423),#5382);
#8423 = PRESENTATION_STYLE_ASSIGNMENT((#8424));
#8424 = SURFACE_STYLE_USAGE(.BOTH.,#8425);
#8425 = SURFACE_SIDE_STYLE('',(#8426));
#8426 = SURFACE_STYLE_FILL_AREA(#8427);
#8427 = FILL_AREA_STYLE('',(#8428));
#8428 = FILL_AREA_STYLE_COLOUR('',#7469);
#8429 = STYLED_ITEM('color',(#8430),#5409);
#8430 = PRESENTATION_STYLE_ASSIGNMENT((#8431));
#8431 = SURFACE_STYLE_USAGE(.BOTH.,#8432);
#8432 = SURFACE_SIDE_STYLE('',(#8433));
#8433 = SURFACE_STYLE_FILL_AREA(#8434);
#8434 = FILL_AREA_STYLE('',(#8435));
#8435 = FILL_AREA_STYLE_COLOUR('',#7469);
#8436 = STYLED_ITEM('color',(#8437),#5433);
#8437 = PRESENTATION_STYLE_ASSIGNMENT((#8438));
#8438 = SURFACE_STYLE_USAGE(.BOTH.,#8439);
#8439 = SURFACE_SIDE_STYLE('',(#8440));
#8440 = SURFACE_STYLE_FILL_AREA(#8441);
#8441 = FILL_AREA_STYLE('',(#8442));
#8442 = FILL_AREA_STYLE_COLOUR('',#7469);
#8443 = STYLED_ITEM('color',(#8444),#5455);
#8444 = PRESENTATION_STYLE_ASSIGNMENT((#8445));
#8445 = SURFACE_STYLE_USAGE(.BOTH.,#8446);
#8446 = SURFACE_SIDE_STYLE('',(#8447));
#8447 = SURFACE_STYLE_FILL_AREA(#8448);
#8448 = FILL_AREA_STYLE('',(#8449));
#8449 = FILL_AREA_STYLE_COLOUR('',#7469);
#8450 = STYLED_ITEM('color',(#8451),#5472);
#8451 = PRESENTATION_STYLE_ASSIGNMENT((#8452));
#8452 = SURFACE_STYLE_USAGE(.BOTH.,#8453);
#8453 = SURFACE_SIDE_STYLE('',(#8454));
#8454 = SURFACE_STYLE_FILL_AREA(#8455);
#8455 = FILL_AREA_STYLE('',(#8456));
#8456 = FILL_AREA_STYLE_COLOUR('',#7469);
#8457 = STYLED_ITEM('color',(#8458),#5489);
#8458 = PRESENTATION_STYLE_ASSIGNMENT((#8459));
#8459 = SURFACE_STYLE_USAGE(.BOTH.,#8460);
#8460 = SURFACE_SIDE_STYLE('',(#8461));
#8461 = SURFACE_STYLE_FILL_AREA(#8462);
#8462 = FILL_AREA_STYLE('',(#8463));
#8463 = FILL_AREA_STYLE_COLOUR('',#7469);
#8464 = STYLED_ITEM('color',(#8465),#5513);
#8465 = PRESENTATION_STYLE_ASSIGNMENT((#8466));
#8466 = SURFACE_STYLE_USAGE(.BOTH.,#8467);
#8467 = SURFACE_SIDE_STYLE('',(#8468));
#8468 = SURFACE_STYLE_FILL_AREA(#8469);
#8469 = FILL_AREA_STYLE('',(#8470));
#8470 = FILL_AREA_STYLE_COLOUR('',#7469);
#8471 = STYLED_ITEM('color',(#8472),#5540);
#8472 = PRESENTATION_STYLE_ASSIGNMENT((#8473));
#8473 = SURFACE_STYLE_USAGE(.BOTH.,#8474);
#8474 = SURFACE_SIDE_STYLE('',(#8475));
#8475 = SURFACE_STYLE_FILL_AREA(#8476);
#8476 = FILL_AREA_STYLE('',(#8477));
#8477 = FILL_AREA_STYLE_COLOUR('',#7469);
#8478 = STYLED_ITEM('color',(#8479),#5564);
#8479 = PRESENTATION_STYLE_ASSIGNMENT((#8480));
#8480 = SURFACE_STYLE_USAGE(.BOTH.,#8481);
#8481 = SURFACE_SIDE_STYLE('',(#8482));
#8482 = SURFACE_STYLE_FILL_AREA(#8483);
#8483 = FILL_AREA_STYLE('',(#8484));
#8484 = FILL_AREA_STYLE_COLOUR('',#7469);
#8485 = STYLED_ITEM('color',(#8486),#5586);
#8486 = PRESENTATION_STYLE_ASSIGNMENT((#8487));
#8487 = SURFACE_STYLE_USAGE(.BOTH.,#8488);
#8488 = SURFACE_SIDE_STYLE('',(#8489));
#8489 = SURFACE_STYLE_FILL_AREA(#8490);
#8490 = FILL_AREA_STYLE('',(#8491));
#8491 = FILL_AREA_STYLE_COLOUR('',#7469);
#8492 = STYLED_ITEM('color',(#8493),#5603);
#8493 = PRESENTATION_STYLE_ASSIGNMENT((#8494));
#8494 = SURFACE_STYLE_USAGE(.BOTH.,#8495);
#8495 = SURFACE_SIDE_STYLE('',(#8496));
#8496 = SURFACE_STYLE_FILL_AREA(#8497);
#8497 = FILL_AREA_STYLE('',(#8498));
#8498 = FILL_AREA_STYLE_COLOUR('',#7469);
#8499 = STYLED_ITEM('color',(#8500),#5620);
#8500 = PRESENTATION_STYLE_ASSIGNMENT((#8501));
#8501 = SURFACE_STYLE_USAGE(.BOTH.,#8502);
#8502 = SURFACE_SIDE_STYLE('',(#8503));
#8503 = SURFACE_STYLE_FILL_AREA(#8504);
#8504 = FILL_AREA_STYLE('',(#8505));
#8505 = FILL_AREA_STYLE_COLOUR('',#7469);
#8506 = STYLED_ITEM('color',(#8507),#5644);
#8507 = PRESENTATION_STYLE_ASSIGNMENT((#8508));
#8508 = SURFACE_STYLE_USAGE(.BOTH.,#8509);
#8509 = SURFACE_SIDE_STYLE('',(#8510));
#8510 = SURFACE_STYLE_FILL_AREA(#8511);
#8511 = FILL_AREA_STYLE('',(#8512));
#8512 = FILL_AREA_STYLE_COLOUR('',#7469);
#8513 = STYLED_ITEM('color',(#8514),#5671);
#8514 = PRESENTATION_STYLE_ASSIGNMENT((#8515));
#8515 = SURFACE_STYLE_USAGE(.BOTH.,#8516);
#8516 = SURFACE_SIDE_STYLE('',(#8517));
#8517 = SURFACE_STYLE_FILL_AREA(#8518);
#8518 = FILL_AREA_STYLE('',(#8519));
#8519 = FILL_AREA_STYLE_COLOUR('',#7469);
#8520 = STYLED_ITEM('color',(#8521),#5695);
#8521 = PRESENTATION_STYLE_ASSIGNMENT((#8522));
#8522 = SURFACE_STYLE_USAGE(.BOTH.,#8523);
#8523 = SURFACE_SIDE_STYLE('',(#8524));
#8524 = SURFACE_STYLE_FILL_AREA(#8525);
#8525 = FILL_AREA_STYLE('',(#8526));
#8526 = FILL_AREA_STYLE_COLOUR('',#7469);
#8527 = STYLED_ITEM('color',(#8528),#5717);
#8528 = PRESENTATION_STYLE_ASSIGNMENT((#8529));
#8529 = SURFACE_STYLE_USAGE(.BOTH.,#8530);
#8530 = SURFACE_SIDE_STYLE('',(#8531));
#8531 = SURFACE_STYLE_FILL_AREA(#8532);
#8532 = FILL_AREA_STYLE('',(#8533));
#8533 = FILL_AREA_STYLE_COLOUR('',#7469);
#8534 = STYLED_ITEM('color',(#8535),#5734);
#8535 = PRESENTATION_STYLE_ASSIGNMENT((#8536));
#8536 = SURFACE_STYLE_USAGE(.BOTH.,#8537);
#8537 = SURFACE_SIDE_STYLE('',(#8538));
#8538 = SURFACE_STYLE_FILL_AREA(#8539);
#8539 = FILL_AREA_STYLE('',(#8540));
#8540 = FILL_AREA_STYLE_COLOUR('',#7469);
#8541 = STYLED_ITEM('color',(#8542),#5751);
#8542 = PRESENTATION_STYLE_ASSIGNMENT((#8543));
#8543 = SURFACE_STYLE_USAGE(.BOTH.,#8544);
#8544 = SURFACE_SIDE_STYLE('',(#8545));
#8545 = SURFACE_STYLE_FILL_AREA(#8546);
#8546 = FILL_AREA_STYLE('',(#8547));
#8547 = FILL_AREA_STYLE_COLOUR('',#7469);
#8548 = STYLED_ITEM('color',(#8549),#5775);
#8549 = PRESENTATION_STYLE_ASSIGNMENT((#8550));
#8550 = SURFACE_STYLE_USAGE(.BOTH.,#8551);
#8551 = SURFACE_SIDE_STYLE('',(#8552));
#8552 = SURFACE_STYLE_FILL_AREA(#8553);
#8553 = FILL_AREA_STYLE('',(#8554));
#8554 = FILL_AREA_STYLE_COLOUR('',#7469);
#8555 = STYLED_ITEM('color',(#8556),#5802);
#8556 = PRESENTATION_STYLE_ASSIGNMENT((#8557));
#8557 = SURFACE_STYLE_USAGE(.BOTH.,#8558);
#8558 = SURFACE_SIDE_STYLE('',(#8559));
#8559 = SURFACE_STYLE_FILL_AREA(#8560);
#8560 = FILL_AREA_STYLE('',(#8561));
#8561 = FILL_AREA_STYLE_COLOUR('',#7469);
#8562 = STYLED_ITEM('color',(#8563),#5826);
#8563 = PRESENTATION_STYLE_ASSIGNMENT((#8564));
#8564 = SURFACE_STYLE_USAGE(.BOTH.,#8565);
#8565 = SURFACE_SIDE_STYLE('',(#8566));
#8566 = SURFACE_STYLE_FILL_AREA(#8567);
#8567 = FILL_AREA_STYLE('',(#8568));
#8568 = FILL_AREA_STYLE_COLOUR('',#7397);
#8569 = STYLED_ITEM('color',(#8570),#5838);
#8570 = PRESENTATION_STYLE_ASSIGNMENT((#8571));
#8571 = SURFACE_STYLE_USAGE(.BOTH.,#8572);
#8572 = SURFACE_SIDE_STYLE('',(#8573));
#8573 = SURFACE_STYLE_FILL_AREA(#8574);
#8574 = FILL_AREA_STYLE('',(#8575));
#8575 = FILL_AREA_STYLE_COLOUR('',#7469);
#8576 = STYLED_ITEM('color',(#8577),#5872);
#8577 = PRESENTATION_STYLE_ASSIGNMENT((#8578));
#8578 = SURFACE_STYLE_USAGE(.BOTH.,#8579);
#8579 = SURFACE_SIDE_STYLE('',(#8580));
#8580 = SURFACE_STYLE_FILL_AREA(#8581);
#8581 = FILL_AREA_STYLE('',(#8582));
#8582 = FILL_AREA_STYLE_COLOUR('',#7469);
#8583 = STYLED_ITEM('color',(#8584),#5898);
#8584 = PRESENTATION_STYLE_ASSIGNMENT((#8585));
#8585 = SURFACE_STYLE_USAGE(.BOTH.,#8586);
#8586 = SURFACE_SIDE_STYLE('',(#8587));
#8587 = SURFACE_STYLE_FILL_AREA(#8588);
#8588 = FILL_AREA_STYLE('',(#8589));
#8589 = FILL_AREA_STYLE_COLOUR('',#7469);
#8590 = STYLED_ITEM('color',(#8591),#5923);
#8591 = PRESENTATION_STYLE_ASSIGNMENT((#8592));
#8592 = SURFACE_STYLE_USAGE(.BOTH.,#8593);
#8593 = SURFACE_SIDE_STYLE('',(#8594));
#8594 = SURFACE_STYLE_FILL_AREA(#8595);
#8595 = FILL_AREA_STYLE('',(#8596));
#8596 = FILL_AREA_STYLE_COLOUR('',#7469);
#8597 = STYLED_ITEM('color',(#8598),#5949);
#8598 = PRESENTATION_STYLE_ASSIGNMENT((#8599));
#8599 = SURFACE_STYLE_USAGE(.BOTH.,#8600);
#8600 = SURFACE_SIDE_STYLE('',(#8601));
#8601 = SURFACE_STYLE_FILL_AREA(#8602);
#8602 = FILL_AREA_STYLE('',(#8603));
#8603 = FILL_AREA_STYLE_COLOUR('',#7469);
#8604 = STYLED_ITEM('color',(#8605),#5966);
#8605 = PRESENTATION_STYLE_ASSIGNMENT((#8606));
#8606 = SURFACE_STYLE_USAGE(.BOTH.,#8607);
#8607 = SURFACE_SIDE_STYLE('',(#8608));
#8608 = SURFACE_STYLE_FILL_AREA(#8609);
#8609 = FILL_AREA_STYLE('',(#8610));
#8610 = FILL_AREA_STYLE_COLOUR('',#7469);
#8611 = STYLED_ITEM('color',(#8612),#5978);
#8612 = PRESENTATION_STYLE_ASSIGNMENT((#8613));
#8613 = SURFACE_STYLE_USAGE(.BOTH.,#8614);
#8614 = SURFACE_SIDE_STYLE('',(#8615));
#8615 = SURFACE_STYLE_FILL_AREA(#8616);
#8616 = FILL_AREA_STYLE('',(#8617));
#8617 = FILL_AREA_STYLE_COLOUR('',#7397);
#8618 = STYLED_ITEM('color',(#8619),#5990);
#8619 = PRESENTATION_STYLE_ASSIGNMENT((#8620));
#8620 = SURFACE_STYLE_USAGE(.BOTH.,#8621);
#8621 = SURFACE_SIDE_STYLE('',(#8622));
#8622 = SURFACE_STYLE_FILL_AREA(#8623);
#8623 = FILL_AREA_STYLE('',(#8624));
#8624 = FILL_AREA_STYLE_COLOUR('',#7469);
#8625 = STYLED_ITEM('color',(#8626),#6002);
#8626 = PRESENTATION_STYLE_ASSIGNMENT((#8627));
#8627 = SURFACE_STYLE_USAGE(.BOTH.,#8628);
#8628 = SURFACE_SIDE_STYLE('',(#8629));
#8629 = SURFACE_STYLE_FILL_AREA(#8630);
#8630 = FILL_AREA_STYLE('',(#8631));
#8631 = FILL_AREA_STYLE_COLOUR('',#7469);
#8632 = STYLED_ITEM('color',(#8633),#6014);
#8633 = PRESENTATION_STYLE_ASSIGNMENT((#8634));
#8634 = SURFACE_STYLE_USAGE(.BOTH.,#8635);
#8635 = SURFACE_SIDE_STYLE('',(#8636));
#8636 = SURFACE_STYLE_FILL_AREA(#8637);
#8637 = FILL_AREA_STYLE('',(#8638));
#8638 = FILL_AREA_STYLE_COLOUR('',#7469);
#8639 = STYLED_ITEM('color',(#8640),#6026);
#8640 = PRESENTATION_STYLE_ASSIGNMENT((#8641));
#8641 = SURFACE_STYLE_USAGE(.BOTH.,#8642);
#8642 = SURFACE_SIDE_STYLE('',(#8643));
#8643 = SURFACE_STYLE_FILL_AREA(#8644);
#8644 = FILL_AREA_STYLE('',(#8645));
#8645 = FILL_AREA_STYLE_COLOUR('',#7469);
#8646 = STYLED_ITEM('color',(#8647),#6038);
#8647 = PRESENTATION_STYLE_ASSIGNMENT((#8648));
#8648 = SURFACE_STYLE_USAGE(.BOTH.,#8649);
#8649 = SURFACE_SIDE_STYLE('',(#8650));
#8650 = SURFACE_STYLE_FILL_AREA(#8651);
#8651 = FILL_AREA_STYLE('',(#8652));
#8652 = FILL_AREA_STYLE_COLOUR('',#7469);
#8653 = STYLED_ITEM('color',(#8654),#6050);
#8654 = PRESENTATION_STYLE_ASSIGNMENT((#8655));
#8655 = SURFACE_STYLE_USAGE(.BOTH.,#8656);
#8656 = SURFACE_SIDE_STYLE('',(#8657));
#8657 = SURFACE_STYLE_FILL_AREA(#8658);
#8658 = FILL_AREA_STYLE('',(#8659));
#8659 = FILL_AREA_STYLE_COLOUR('',#7469);
#8660 = STYLED_ITEM('color',(#8661),#6062);
#8661 = PRESENTATION_STYLE_ASSIGNMENT((#8662));
#8662 = SURFACE_STYLE_USAGE(.BOTH.,#8663);
#8663 = SURFACE_SIDE_STYLE('',(#8664));
#8664 = SURFACE_STYLE_FILL_AREA(#8665);
#8665 = FILL_AREA_STYLE('',(#8666));
#8666 = FILL_AREA_STYLE_COLOUR('',#7469);
#8667 = STYLED_ITEM('color',(#8668),#6074);
#8668 = PRESENTATION_STYLE_ASSIGNMENT((#8669));
#8669 = SURFACE_STYLE_USAGE(.BOTH.,#8670);
#8670 = SURFACE_SIDE_STYLE('',(#8671));
#8671 = SURFACE_STYLE_FILL_AREA(#8672);
#8672 = FILL_AREA_STYLE('',(#8673));
#8673 = FILL_AREA_STYLE_COLOUR('',#7469);
#8674 = STYLED_ITEM('color',(#8675),#6086);
#8675 = PRESENTATION_STYLE_ASSIGNMENT((#8676));
#8676 = SURFACE_STYLE_USAGE(.BOTH.,#8677);
#8677 = SURFACE_SIDE_STYLE('',(#8678));
#8678 = SURFACE_STYLE_FILL_AREA(#8679);
#8679 = FILL_AREA_STYLE('',(#8680));
#8680 = FILL_AREA_STYLE_COLOUR('',#7469);
#8681 = STYLED_ITEM('color',(#8682),#6098);
#8682 = PRESENTATION_STYLE_ASSIGNMENT((#8683));
#8683 = SURFACE_STYLE_USAGE(.BOTH.,#8684);
#8684 = SURFACE_SIDE_STYLE('',(#8685));
#8685 = SURFACE_STYLE_FILL_AREA(#8686);
#8686 = FILL_AREA_STYLE('',(#8687));
#8687 = FILL_AREA_STYLE_COLOUR('',#7469);
#8688 = STYLED_ITEM('color',(#8689),#6110);
#8689 = PRESENTATION_STYLE_ASSIGNMENT((#8690));
#8690 = SURFACE_STYLE_USAGE(.BOTH.,#8691);
#8691 = SURFACE_SIDE_STYLE('',(#8692));
#8692 = SURFACE_STYLE_FILL_AREA(#8693);
#8693 = FILL_AREA_STYLE('',(#8694));
#8694 = FILL_AREA_STYLE_COLOUR('',#7469);
#8695 = STYLED_ITEM('color',(#8696),#6122);
#8696 = PRESENTATION_STYLE_ASSIGNMENT((#8697));
#8697 = SURFACE_STYLE_USAGE(.BOTH.,#8698);
#8698 = SURFACE_SIDE_STYLE('',(#8699));
#8699 = SURFACE_STYLE_FILL_AREA(#8700);
#8700 = FILL_AREA_STYLE('',(#8701));
#8701 = FILL_AREA_STYLE_COLOUR('',#7469);
#8702 = STYLED_ITEM('color',(#8703),#6134);
#8703 = PRESENTATION_STYLE_ASSIGNMENT((#8704));
#8704 = SURFACE_STYLE_USAGE(.BOTH.,#8705);
#8705 = SURFACE_SIDE_STYLE('',(#8706));
#8706 = SURFACE_STYLE_FILL_AREA(#8707);
#8707 = FILL_AREA_STYLE('',(#8708));
#8708 = FILL_AREA_STYLE_COLOUR('',#7469);
#8709 = STYLED_ITEM('color',(#8710),#6146);
#8710 = PRESENTATION_STYLE_ASSIGNMENT((#8711));
#8711 = SURFACE_STYLE_USAGE(.BOTH.,#8712);
#8712 = SURFACE_SIDE_STYLE('',(#8713));
#8713 = SURFACE_STYLE_FILL_AREA(#8714);
#8714 = FILL_AREA_STYLE('',(#8715));
#8715 = FILL_AREA_STYLE_COLOUR('',#7469);
#8716 = STYLED_ITEM('color',(#8717),#6158);
#8717 = PRESENTATION_STYLE_ASSIGNMENT((#8718));
#8718 = SURFACE_STYLE_USAGE(.BOTH.,#8719);
#8719 = SURFACE_SIDE_STYLE('',(#8720));
#8720 = SURFACE_STYLE_FILL_AREA(#8721);
#8721 = FILL_AREA_STYLE('',(#8722));
#8722 = FILL_AREA_STYLE_COLOUR('',#7469);
#8723 = STYLED_ITEM('color',(#8724),#6170);
#8724 = PRESENTATION_STYLE_ASSIGNMENT((#8725));
#8725 = SURFACE_STYLE_USAGE(.BOTH.,#8726);
#8726 = SURFACE_SIDE_STYLE('',(#8727));
#8727 = SURFACE_STYLE_FILL_AREA(#8728);
#8728 = FILL_AREA_STYLE('',(#8729));
#8729 = FILL_AREA_STYLE_COLOUR('',#7469);
#8730 = STYLED_ITEM('color',(#8731),#6187);
#8731 = PRESENTATION_STYLE_ASSIGNMENT((#8732));
#8732 = SURFACE_STYLE_USAGE(.BOTH.,#8733);
#8733 = SURFACE_SIDE_STYLE('',(#8734));
#8734 = SURFACE_STYLE_FILL_AREA(#8735);
#8735 = FILL_AREA_STYLE('',(#8736));
#8736 = FILL_AREA_STYLE_COLOUR('',#7469);
#8737 = STYLED_ITEM('color',(#8738),#6204);
#8738 = PRESENTATION_STYLE_ASSIGNMENT((#8739));
#8739 = SURFACE_STYLE_USAGE(.BOTH.,#8740);
#8740 = SURFACE_SIDE_STYLE('',(#8741));
#8741 = SURFACE_STYLE_FILL_AREA(#8742);
#8742 = FILL_AREA_STYLE('',(#8743));
#8743 = FILL_AREA_STYLE_COLOUR('',#7469);
#8744 = STYLED_ITEM('color',(#8745),#6221);
#8745 = PRESENTATION_STYLE_ASSIGNMENT((#8746));
#8746 = SURFACE_STYLE_USAGE(.BOTH.,#8747);
#8747 = SURFACE_SIDE_STYLE('',(#8748));
#8748 = SURFACE_STYLE_FILL_AREA(#8749);
#8749 = FILL_AREA_STYLE('',(#8750));
#8750 = FILL_AREA_STYLE_COLOUR('',#7469);
#8751 = STYLED_ITEM('color',(#8752),#6238);
#8752 = PRESENTATION_STYLE_ASSIGNMENT((#8753));
#8753 = SURFACE_STYLE_USAGE(.BOTH.,#8754);
#8754 = SURFACE_SIDE_STYLE('',(#8755));
#8755 = SURFACE_STYLE_FILL_AREA(#8756);
#8756 = FILL_AREA_STYLE('',(#8757));
#8757 = FILL_AREA_STYLE_COLOUR('',#7469);
#8758 = STYLED_ITEM('color',(#8759),#6255);
#8759 = PRESENTATION_STYLE_ASSIGNMENT((#8760));
#8760 = SURFACE_STYLE_USAGE(.BOTH.,#8761);
#8761 = SURFACE_SIDE_STYLE('',(#8762));
#8762 = SURFACE_STYLE_FILL_AREA(#8763);
#8763 = FILL_AREA_STYLE('',(#8764));
#8764 = FILL_AREA_STYLE_COLOUR('',#7469);
#8765 = STYLED_ITEM('color',(#8766),#6272);
#8766 = PRESENTATION_STYLE_ASSIGNMENT((#8767));
#8767 = SURFACE_STYLE_USAGE(.BOTH.,#8768);
#8768 = SURFACE_SIDE_STYLE('',(#8769));
#8769 = SURFACE_STYLE_FILL_AREA(#8770);
#8770 = FILL_AREA_STYLE('',(#8771));
#8771 = FILL_AREA_STYLE_COLOUR('',#7469);
#8772 = STYLED_ITEM('color',(#8773),#6303);
#8773 = PRESENTATION_STYLE_ASSIGNMENT((#8774));
#8774 = SURFACE_STYLE_USAGE(.BOTH.,#8775);
#8775 = SURFACE_SIDE_STYLE('',(#8776));
#8776 = SURFACE_STYLE_FILL_AREA(#8777);
#8777 = FILL_AREA_STYLE('',(#8778));
#8778 = FILL_AREA_STYLE_COLOUR('',#7469);
#8779 = STYLED_ITEM('color',(#8780),#6327);
#8780 = PRESENTATION_STYLE_ASSIGNMENT((#8781));
#8781 = SURFACE_STYLE_USAGE(.BOTH.,#8782);
#8782 = SURFACE_SIDE_STYLE('',(#8783));
#8783 = SURFACE_STYLE_FILL_AREA(#8784);
#8784 = FILL_AREA_STYLE('',(#8785));
#8785 = FILL_AREA_STYLE_COLOUR('',#7469);
#8786 = STYLED_ITEM('color',(#8787),#6351);
#8787 = PRESENTATION_STYLE_ASSIGNMENT((#8788));
#8788 = SURFACE_STYLE_USAGE(.BOTH.,#8789);
#8789 = SURFACE_SIDE_STYLE('',(#8790));
#8790 = SURFACE_STYLE_FILL_AREA(#8791);
#8791 = FILL_AREA_STYLE('',(#8792));
#8792 = FILL_AREA_STYLE_COLOUR('',#7469);
#8793 = STYLED_ITEM('color',(#8794),#6368);
#8794 = PRESENTATION_STYLE_ASSIGNMENT((#8795));
#8795 = SURFACE_STYLE_USAGE(.BOTH.,#8796);
#8796 = SURFACE_SIDE_STYLE('',(#8797));
#8797 = SURFACE_STYLE_FILL_AREA(#8798);
#8798 = FILL_AREA_STYLE('',(#8799));
#8799 = FILL_AREA_STYLE_COLOUR('',#7469);
#8800 = STYLED_ITEM('color',(#8801),#6399);
#8801 = PRESENTATION_STYLE_ASSIGNMENT((#8802));
#8802 = SURFACE_STYLE_USAGE(.BOTH.,#8803);
#8803 = SURFACE_SIDE_STYLE('',(#8804));
#8804 = SURFACE_STYLE_FILL_AREA(#8805);
#8805 = FILL_AREA_STYLE('',(#8806));
#8806 = FILL_AREA_STYLE_COLOUR('',#7469);
#8807 = STYLED_ITEM('color',(#8808),#6423);
#8808 = PRESENTATION_STYLE_ASSIGNMENT((#8809));
#8809 = SURFACE_STYLE_USAGE(.BOTH.,#8810);
#8810 = SURFACE_SIDE_STYLE('',(#8811));
#8811 = SURFACE_STYLE_FILL_AREA(#8812);
#8812 = FILL_AREA_STYLE('',(#8813));
#8813 = FILL_AREA_STYLE_COLOUR('',#7469);
#8814 = STYLED_ITEM('color',(#8815),#6447);
#8815 = PRESENTATION_STYLE_ASSIGNMENT((#8816));
#8816 = SURFACE_STYLE_USAGE(.BOTH.,#8817);
#8817 = SURFACE_SIDE_STYLE('',(#8818));
#8818 = SURFACE_STYLE_FILL_AREA(#8819);
#8819 = FILL_AREA_STYLE('',(#8820));
#8820 = FILL_AREA_STYLE_COLOUR('',#7469);
#8821 = STYLED_ITEM('color',(#8822),#6464);
#8822 = PRESENTATION_STYLE_ASSIGNMENT((#8823));
#8823 = SURFACE_STYLE_USAGE(.BOTH.,#8824);
#8824 = SURFACE_SIDE_STYLE('',(#8825));
#8825 = SURFACE_STYLE_FILL_AREA(#8826);
#8826 = FILL_AREA_STYLE('',(#8827));
#8827 = FILL_AREA_STYLE_COLOUR('',#7469);
#8828 = STYLED_ITEM('color',(#8829),#6495);
#8829 = PRESENTATION_STYLE_ASSIGNMENT((#8830));
#8830 = SURFACE_STYLE_USAGE(.BOTH.,#8831);
#8831 = SURFACE_SIDE_STYLE('',(#8832));
#8832 = SURFACE_STYLE_FILL_AREA(#8833);
#8833 = FILL_AREA_STYLE('',(#8834));
#8834 = FILL_AREA_STYLE_COLOUR('',#7469);
#8835 = STYLED_ITEM('color',(#8836),#6519);
#8836 = PRESENTATION_STYLE_ASSIGNMENT((#8837));
#8837 = SURFACE_STYLE_USAGE(.BOTH.,#8838);
#8838 = SURFACE_SIDE_STYLE('',(#8839));
#8839 = SURFACE_STYLE_FILL_AREA(#8840);
#8840 = FILL_AREA_STYLE('',(#8841));
#8841 = FILL_AREA_STYLE_COLOUR('',#7469);
#8842 = STYLED_ITEM('color',(#8843),#6543);
#8843 = PRESENTATION_STYLE_ASSIGNMENT((#8844));
#8844 = SURFACE_STYLE_USAGE(.BOTH.,#8845);
#8845 = SURFACE_SIDE_STYLE('',(#8846));
#8846 = SURFACE_STYLE_FILL_AREA(#8847);
#8847 = FILL_AREA_STYLE('',(#8848));
#8848 = FILL_AREA_STYLE_COLOUR('',#7469);
#8849 = STYLED_ITEM('color',(#8850),#6560);
#8850 = PRESENTATION_STYLE_ASSIGNMENT((#8851));
#8851 = SURFACE_STYLE_USAGE(.BOTH.,#8852);
#8852 = SURFACE_SIDE_STYLE('',(#8853));
#8853 = SURFACE_STYLE_FILL_AREA(#8854);
#8854 = FILL_AREA_STYLE('',(#8855));
#8855 = FILL_AREA_STYLE_COLOUR('',#7469);
#8856 = STYLED_ITEM('color',(#8857),#6591);
#8857 = PRESENTATION_STYLE_ASSIGNMENT((#8858));
#8858 = SURFACE_STYLE_USAGE(.BOTH.,#8859);
#8859 = SURFACE_SIDE_STYLE('',(#8860));
#8860 = SURFACE_STYLE_FILL_AREA(#8861);
#8861 = FILL_AREA_STYLE('',(#8862));
#8862 = FILL_AREA_STYLE_COLOUR('',#7469);
#8863 = STYLED_ITEM('color',(#8864),#6615);
#8864 = PRESENTATION_STYLE_ASSIGNMENT((#8865));
#8865 = SURFACE_STYLE_USAGE(.BOTH.,#8866);
#8866 = SURFACE_SIDE_STYLE('',(#8867));
#8867 = SURFACE_STYLE_FILL_AREA(#8868);
#8868 = FILL_AREA_STYLE('',(#8869));
#8869 = FILL_AREA_STYLE_COLOUR('',#7469);
#8870 = STYLED_ITEM('color',(#8871),#6639);
#8871 = PRESENTATION_STYLE_ASSIGNMENT((#8872));
#8872 = SURFACE_STYLE_USAGE(.BOTH.,#8873);
#8873 = SURFACE_SIDE_STYLE('',(#8874));
#8874 = SURFACE_STYLE_FILL_AREA(#8875);
#8875 = FILL_AREA_STYLE('',(#8876));
#8876 = FILL_AREA_STYLE_COLOUR('',#7469);
#8877 = STYLED_ITEM('color',(#8878),#6656);
#8878 = PRESENTATION_STYLE_ASSIGNMENT((#8879));
#8879 = SURFACE_STYLE_USAGE(.BOTH.,#8880);
#8880 = SURFACE_SIDE_STYLE('',(#8881));
#8881 = SURFACE_STYLE_FILL_AREA(#8882);
#8882 = FILL_AREA_STYLE('',(#8883));
#8883 = FILL_AREA_STYLE_COLOUR('',#7469);
#8884 = STYLED_ITEM('color',(#8885),#6687);
#8885 = PRESENTATION_STYLE_ASSIGNMENT((#8886));
#8886 = SURFACE_STYLE_USAGE(.BOTH.,#8887);
#8887 = SURFACE_SIDE_STYLE('',(#8888));
#8888 = SURFACE_STYLE_FILL_AREA(#8889);
#8889 = FILL_AREA_STYLE('',(#8890));
#8890 = FILL_AREA_STYLE_COLOUR('',#7469);
#8891 = STYLED_ITEM('color',(#8892),#6711);
#8892 = PRESENTATION_STYLE_ASSIGNMENT((#8893));
#8893 = SURFACE_STYLE_USAGE(.BOTH.,#8894);
#8894 = SURFACE_SIDE_STYLE('',(#8895));
#8895 = SURFACE_STYLE_FILL_AREA(#8896);
#8896 = FILL_AREA_STYLE('',(#8897));
#8897 = FILL_AREA_STYLE_COLOUR('',#7469);
#8898 = STYLED_ITEM('color',(#8899),#6735);
#8899 = PRESENTATION_STYLE_ASSIGNMENT((#8900));
#8900 = SURFACE_STYLE_USAGE(.BOTH.,#8901);
#8901 = SURFACE_SIDE_STYLE('',(#8902));
#8902 = SURFACE_STYLE_FILL_AREA(#8903);
#8903 = FILL_AREA_STYLE('',(#8904));
#8904 = FILL_AREA_STYLE_COLOUR('',#7469);
#8905 = STYLED_ITEM('color',(#8906),#6752);
#8906 = PRESENTATION_STYLE_ASSIGNMENT((#8907));
#8907 = SURFACE_STYLE_USAGE(.BOTH.,#8908);
#8908 = SURFACE_SIDE_STYLE('',(#8909));
#8909 = SURFACE_STYLE_FILL_AREA(#8910);
#8910 = FILL_AREA_STYLE('',(#8911));
#8911 = FILL_AREA_STYLE_COLOUR('',#7469);
#8912 = STYLED_ITEM('color',(#8913),#6783);
#8913 = PRESENTATION_STYLE_ASSIGNMENT((#8914));
#8914 = SURFACE_STYLE_USAGE(.BOTH.,#8915);
#8915 = SURFACE_SIDE_STYLE('',(#8916));
#8916 = SURFACE_STYLE_FILL_AREA(#8917);
#8917 = FILL_AREA_STYLE('',(#8918));
#8918 = FILL_AREA_STYLE_COLOUR('',#7469);
#8919 = STYLED_ITEM('color',(#8920),#6807);
#8920 = PRESENTATION_STYLE_ASSIGNMENT((#8921));
#8921 = SURFACE_STYLE_USAGE(.BOTH.,#8922);
#8922 = SURFACE_SIDE_STYLE('',(#8923));
#8923 = SURFACE_STYLE_FILL_AREA(#8924);
#8924 = FILL_AREA_STYLE('',(#8925));
#8925 = FILL_AREA_STYLE_COLOUR('',#7469);
#8926 = STYLED_ITEM('color',(#8927),#6831);
#8927 = PRESENTATION_STYLE_ASSIGNMENT((#8928));
#8928 = SURFACE_STYLE_USAGE(.BOTH.,#8929);
#8929 = SURFACE_SIDE_STYLE('',(#8930));
#8930 = SURFACE_STYLE_FILL_AREA(#8931);
#8931 = FILL_AREA_STYLE('',(#8932));
#8932 = FILL_AREA_STYLE_COLOUR('',#7469);
#8933 = STYLED_ITEM('color',(#8934),#6848);
#8934 = PRESENTATION_STYLE_ASSIGNMENT((#8935));
#8935 = SURFACE_STYLE_USAGE(.BOTH.,#8936);
#8936 = SURFACE_SIDE_STYLE('',(#8937));
#8937 = SURFACE_STYLE_FILL_AREA(#8938);
#8938 = FILL_AREA_STYLE('',(#8939));
#8939 = FILL_AREA_STYLE_COLOUR('',#7469);
#8940 = STYLED_ITEM('color',(#8941),#6860);
#8941 = PRESENTATION_STYLE_ASSIGNMENT((#8942));
#8942 = SURFACE_STYLE_USAGE(.BOTH.,#8943);
#8943 = SURFACE_SIDE_STYLE('',(#8944));
#8944 = SURFACE_STYLE_FILL_AREA(#8945);
#8945 = FILL_AREA_STYLE('',(#8946));
#8946 = FILL_AREA_STYLE_COLOUR('',#7469);
#8947 = STYLED_ITEM('color',(#8948),#6872);
#8948 = PRESENTATION_STYLE_ASSIGNMENT((#8949));
#8949 = SURFACE_STYLE_USAGE(.BOTH.,#8950);
#8950 = SURFACE_SIDE_STYLE('',(#8951));
#8951 = SURFACE_STYLE_FILL_AREA(#8952);
#8952 = FILL_AREA_STYLE('',(#8953));
#8953 = FILL_AREA_STYLE_COLOUR('',#7469);
#8954 = STYLED_ITEM('color',(#8955),#6884);
#8955 = PRESENTATION_STYLE_ASSIGNMENT((#8956));
#8956 = SURFACE_STYLE_USAGE(.BOTH.,#8957);
#8957 = SURFACE_SIDE_STYLE('',(#8958));
#8958 = SURFACE_STYLE_FILL_AREA(#8959);
#8959 = FILL_AREA_STYLE('',(#8960));
#8960 = FILL_AREA_STYLE_COLOUR('',#7469);
#8961 = STYLED_ITEM('color',(#8962),#6896);
#8962 = PRESENTATION_STYLE_ASSIGNMENT((#8963));
#8963 = SURFACE_STYLE_USAGE(.BOTH.,#8964);
#8964 = SURFACE_SIDE_STYLE('',(#8965));
#8965 = SURFACE_STYLE_FILL_AREA(#8966);
#8966 = FILL_AREA_STYLE('',(#8967));
#8967 = FILL_AREA_STYLE_COLOUR('',#7469);
#8968 = STYLED_ITEM('color',(#8969),#6908);
#8969 = PRESENTATION_STYLE_ASSIGNMENT((#8970));
#8970 = SURFACE_STYLE_USAGE(.BOTH.,#8971);
#8971 = SURFACE_SIDE_STYLE('',(#8972));
#8972 = SURFACE_STYLE_FILL_AREA(#8973);
#8973 = FILL_AREA_STYLE('',(#8974));
#8974 = FILL_AREA_STYLE_COLOUR('',#7469);
#8975 = STYLED_ITEM('color',(#8976),#6920);
#8976 = PRESENTATION_STYLE_ASSIGNMENT((#8977));
#8977 = SURFACE_STYLE_USAGE(.BOTH.,#8978);
#8978 = SURFACE_SIDE_STYLE('',(#8979));
#8979 = SURFACE_STYLE_FILL_AREA(#8980);
#8980 = FILL_AREA_STYLE('',(#8981));
#8981 = FILL_AREA_STYLE_COLOUR('',#7469);
#8982 = STYLED_ITEM('color',(#8983),#6978);
#8983 = PRESENTATION_STYLE_ASSIGNMENT((#8984));
#8984 = SURFACE_STYLE_USAGE(.BOTH.,#8985);
#8985 = SURFACE_SIDE_STYLE('',(#8986));
#8986 = SURFACE_STYLE_FILL_AREA(#8987);
#8987 = FILL_AREA_STYLE('',(#8988));
#8988 = FILL_AREA_STYLE_COLOUR('',#7469);
#8989 = STYLED_ITEM('color',(#8990),#6990);
#8990 = PRESENTATION_STYLE_ASSIGNMENT((#8991));
#8991 = SURFACE_STYLE_USAGE(.BOTH.,#8992);
#8992 = SURFACE_SIDE_STYLE('',(#8993));
#8993 = SURFACE_STYLE_FILL_AREA(#8994);
#8994 = FILL_AREA_STYLE('',(#8995));
#8995 = FILL_AREA_STYLE_COLOUR('',#7469);
#8996 = STYLED_ITEM('color',(#8997),#7002);
#8997 = PRESENTATION_STYLE_ASSIGNMENT((#8998));
#8998 = SURFACE_STYLE_USAGE(.BOTH.,#8999);
#8999 = SURFACE_SIDE_STYLE('',(#9000));
#9000 = SURFACE_STYLE_FILL_AREA(#9001);
#9001 = FILL_AREA_STYLE('',(#9002));
#9002 = FILL_AREA_STYLE_COLOUR('',#7469);
#9003 = STYLED_ITEM('color',(#9004),#7014);
#9004 = PRESENTATION_STYLE_ASSIGNMENT((#9005));
#9005 = SURFACE_STYLE_USAGE(.BOTH.,#9006);
#9006 = SURFACE_SIDE_STYLE('',(#9007));
#9007 = SURFACE_STYLE_FILL_AREA(#9008);
#9008 = FILL_AREA_STYLE('',(#9009));
#9009 = FILL_AREA_STYLE_COLOUR('',#7469);
#9010 = STYLED_ITEM('color',(#9011),#7026);
#9011 = PRESENTATION_STYLE_ASSIGNMENT((#9012));
#9012 = SURFACE_STYLE_USAGE(.BOTH.,#9013);
#9013 = SURFACE_SIDE_STYLE('',(#9014));
#9014 = SURFACE_STYLE_FILL_AREA(#9015);
#9015 = FILL_AREA_STYLE('',(#9016));
#9016 = FILL_AREA_STYLE_COLOUR('',#7469);
#9017 = STYLED_ITEM('color',(#9018),#7038);
#9018 = PRESENTATION_STYLE_ASSIGNMENT((#9019));
#9019 = SURFACE_STYLE_USAGE(.BOTH.,#9020);
#9020 = SURFACE_SIDE_STYLE('',(#9021));
#9021 = SURFACE_STYLE_FILL_AREA(#9022);
#9022 = FILL_AREA_STYLE('',(#9023));
#9023 = FILL_AREA_STYLE_COLOUR('',#7469);
#9024 = STYLED_ITEM('color',(#9025),#7050);
#9025 = PRESENTATION_STYLE_ASSIGNMENT((#9026));
#9026 = SURFACE_STYLE_USAGE(.BOTH.,#9027);
#9027 = SURFACE_SIDE_STYLE('',(#9028));
#9028 = SURFACE_STYLE_FILL_AREA(#9029);
#9029 = FILL_AREA_STYLE('',(#9030));
#9030 = FILL_AREA_STYLE_COLOUR('',#7469);
#9031 = STYLED_ITEM('color',(#9032),#7092);
#9032 = PRESENTATION_STYLE_ASSIGNMENT((#9033));
#9033 = SURFACE_STYLE_USAGE(.BOTH.,#9034);
#9034 = SURFACE_SIDE_STYLE('',(#9035));
#9035 = SURFACE_STYLE_FILL_AREA(#9036);
#9036 = FILL_AREA_STYLE('',(#9037));
#9037 = FILL_AREA_STYLE_COLOUR('',#7469);
#9038 = STYLED_ITEM('color',(#9039),#7116);
#9039 = PRESENTATION_STYLE_ASSIGNMENT((#9040));
#9040 = SURFACE_STYLE_USAGE(.BOTH.,#9041);
#9041 = SURFACE_SIDE_STYLE('',(#9042));
#9042 = SURFACE_STYLE_FILL_AREA(#9043);
#9043 = FILL_AREA_STYLE('',(#9044));
#9044 = FILL_AREA_STYLE_COLOUR('',#7469);
#9045 = STYLED_ITEM('color',(#9046),#7141);
#9046 = PRESENTATION_STYLE_ASSIGNMENT((#9047));
#9047 = SURFACE_STYLE_USAGE(.BOTH.,#9048);
#9048 = SURFACE_SIDE_STYLE('',(#9049));
#9049 = SURFACE_STYLE_FILL_AREA(#9050);
#9050 = FILL_AREA_STYLE('',(#9051));
#9051 = FILL_AREA_STYLE_COLOUR('',#7469);
#9052 = STYLED_ITEM('color',(#9053),#7158);
#9053 = PRESENTATION_STYLE_ASSIGNMENT((#9054));
#9054 = SURFACE_STYLE_USAGE(.BOTH.,#9055);
#9055 = SURFACE_SIDE_STYLE('',(#9056));
#9056 = SURFACE_STYLE_FILL_AREA(#9057);
#9057 = FILL_AREA_STYLE('',(#9058));
#9058 = FILL_AREA_STYLE_COLOUR('',#7469);
#9059 = STYLED_ITEM('color',(#9060),#7192);
#9060 = PRESENTATION_STYLE_ASSIGNMENT((#9061));
#9061 = SURFACE_STYLE_USAGE(.BOTH.,#9062);
#9062 = SURFACE_SIDE_STYLE('',(#9063));
#9063 = SURFACE_STYLE_FILL_AREA(#9064);
#9064 = FILL_AREA_STYLE('',(#9065));
#9065 = FILL_AREA_STYLE_COLOUR('',#7469);
#9066 = STYLED_ITEM('color',(#9067),#7218);
#9067 = PRESENTATION_STYLE_ASSIGNMENT((#9068));
#9068 = SURFACE_STYLE_USAGE(.BOTH.,#9069);
#9069 = SURFACE_SIDE_STYLE('',(#9070));
#9070 = SURFACE_STYLE_FILL_AREA(#9071);
#9071 = FILL_AREA_STYLE('',(#9072));
#9072 = FILL_AREA_STYLE_COLOUR('',#7469);
#9073 = STYLED_ITEM('color',(#9074),#7243);
#9074 = PRESENTATION_STYLE_ASSIGNMENT((#9075));
#9075 = SURFACE_STYLE_USAGE(.BOTH.,#9076);
#9076 = SURFACE_SIDE_STYLE('',(#9077));
#9077 = SURFACE_STYLE_FILL_AREA(#9078);
#9078 = FILL_AREA_STYLE('',(#9079));
#9079 = FILL_AREA_STYLE_COLOUR('',#7469);
#9080 = STYLED_ITEM('color',(#9081),#7269);
#9081 = PRESENTATION_STYLE_ASSIGNMENT((#9082));
#9082 = SURFACE_STYLE_USAGE(.BOTH.,#9083);
#9083 = SURFACE_SIDE_STYLE('',(#9084));
#9084 = SURFACE_STYLE_FILL_AREA(#9085);
#9085 = FILL_AREA_STYLE('',(#9086));
#9086 = FILL_AREA_STYLE_COLOUR('',#7469);
#9087 = STYLED_ITEM('color',(#9088),#7286);
#9088 = PRESENTATION_STYLE_ASSIGNMENT((#9089));
#9089 = SURFACE_STYLE_USAGE(.BOTH.,#9090);
#9090 = SURFACE_SIDE_STYLE('',(#9091));
#9091 = SURFACE_STYLE_FILL_AREA(#9092);
#9092 = FILL_AREA_STYLE('',(#9093));
#9093 = FILL_AREA_STYLE_COLOUR('',#7469);
#9094 = STYLED_ITEM('color',(#9095),#7299);
#9095 = PRESENTATION_STYLE_ASSIGNMENT((#9096));
#9096 = SURFACE_STYLE_USAGE(.BOTH.,#9097);
#9097 = SURFACE_SIDE_STYLE('',(#9098));
#9098 = SURFACE_STYLE_FILL_AREA(#9099);
#9099 = FILL_AREA_STYLE('',(#9100));
#9100 = FILL_AREA_STYLE_COLOUR('',#7469);
#9101 = STYLED_ITEM('color',(#9102),#7313);
#9102 = PRESENTATION_STYLE_ASSIGNMENT((#9103));
#9103 = SURFACE_STYLE_USAGE(.BOTH.,#9104);
#9104 = SURFACE_SIDE_STYLE('',(#9105));
#9105 = SURFACE_STYLE_FILL_AREA(#9106);
#9106 = FILL_AREA_STYLE('',(#9107));
#9107 = FILL_AREA_STYLE_COLOUR('',#7469);
#9108 = STYLED_ITEM('color',(#9109),#7327);
#9109 = PRESENTATION_STYLE_ASSIGNMENT((#9110));
#9110 = SURFACE_STYLE_USAGE(.BOTH.,#9111);
#9111 = SURFACE_SIDE_STYLE('',(#9112));
#9112 = SURFACE_STYLE_FILL_AREA(#9113);
#9113 = FILL_AREA_STYLE('',(#9114));
#9114 = FILL_AREA_STYLE_COLOUR('',#7469);
#9115 = STYLED_ITEM('color',(#9116),#7341);
#9116 = PRESENTATION_STYLE_ASSIGNMENT((#9117));
#9117 = SURFACE_STYLE_USAGE(.BOTH.,#9118);
#9118 = SURFACE_SIDE_STYLE('',(#9119));
#9119 = SURFACE_STYLE_FILL_AREA(#9120);
#9120 = FILL_AREA_STYLE('',(#9121));
#9121 = FILL_AREA_STYLE_COLOUR('',#7469);
#9122 = STYLED_ITEM('color',(#9123),#7355);
#9123 = PRESENTATION_STYLE_ASSIGNMENT((#9124));
#9124 = SURFACE_STYLE_USAGE(.BOTH.,#9125);
#9125 = SURFACE_SIDE_STYLE('',(#9126));
#9126 = SURFACE_STYLE_FILL_AREA(#9127);
#9127 = FILL_AREA_STYLE('',(#9128));
#9128 = FILL_AREA_STYLE_COLOUR('',#7469);
#9129 = STYLED_ITEM('color',(#9130),#7369);
#9130 = PRESENTATION_STYLE_ASSIGNMENT((#9131));
#9131 = SURFACE_STYLE_USAGE(.BOTH.,#9132);
#9132 = SURFACE_SIDE_STYLE('',(#9133));
#9133 = SURFACE_STYLE_FILL_AREA(#9134);
#9134 = FILL_AREA_STYLE('',(#9135));
#9135 = FILL_AREA_STYLE_COLOUR('',#7469);
ENDSEC;
END-ISO-10303-21;
