ISO-10303-21;
HEADER;
FILE_DESCRIPTION(('FreeCAD Model'),'2;1');
FILE_NAME('/home/dan/kicad/3dModels/RXB6_RF_Receiver_Module.step',
  '2019-02-28T20:29:45',('kicad StepUp'),('ksu MCAD'),
  'Open CASCADE STEP processor 7.3','FreeCAD','Unknown');
FILE_SCHEMA(('AUTOMOTIVE_DESIGN { 1 0 10303 214 1 1 1 1 }'));
ENDSEC;
DATA;
#1 = APPLICATION_PROTOCOL_DEFINITION('international standard',
  'automotive_design',2000,#2);
#2 = APPLICATION_CONTEXT(
  'core data for automotive mechanical design processes');
#3 = SHAPE_DEFINITION_REPRESENTATION(#4,#10);
#4 = PRODUCT_DEFINITION_SHAPE('','',#5);
#5 = PRODUCT_DEFINITION('design','',#6,#9);
#6 = PRODUCT_DEFINITION_FORMATION('','',#7);
#7 = PRODUCT('RXB6_RF_Receiver_Module','RXB6_RF_Receiver_Module','',(#8)
  );
#8 = PRODUCT_CONTEXT('',#2,'mechanical');
#9 = PRODUCT_DEFINITION_CONTEXT('part definition',#2,'design');
#10 = ADVANCED_BREP_SHAPE_REPRESENTATION('',(#11,#15),#6573);
#11 = AXIS2_PLACEMENT_3D('',#12,#13,#14);
#12 = CARTESIAN_POINT('',(0.,0.,0.));
#13 = DIRECTION('',(0.,0.,1.));
#14 = DIRECTION('',(1.,0.,-0.));
#15 = MANIFOLD_SOLID_BREP('',#16);
#16 = CLOSED_SHELL('',(#17,#59,#91,#131,#162,#308,#332,#349,#361,#392,
    #423,#440,#465,#490,#515,#540,#565,#590,#615,#640,#1070,#1113,#1156,
    #1199,#1242,#1285,#1328,#1371,#1414,#1436,#1465,#1529,#1558,#1615,
    #1679,#1708,#1765,#1829,#1858,#1915,#1979,#2008,#2065,#2129,#2158,
    #2215,#2279,#2308,#2365,#2429,#2458,#2515,#2579,#2608,#2665,#2682,
    #2724,#2748,#2773,#2790,#2821,#2852,#2883,#2914,#2945,#2976,#3007,
    #3038,#3069,#3093,#3117,#3134,#3165,#3189,#3213,#3230,#3261,#3285,
    #3309,#3326,#3357,#3381,#3405,#3422,#3453,#3477,#3501,#3518,#3549,
    #3573,#3597,#3614,#3645,#3669,#3693,#3710,#3741,#3765,#3789,#3806,
    #3830,#3848,#3880,#3904,#3926,#3943,#3955,#3979,#4011,#4035,#4057,
    #4074,#4086,#4110,#4142,#4166,#4188,#4205,#4217,#4241,#4273,#4297,
    #4319,#4336,#4348,#4372,#4404,#4428,#4450,#4467,#4479,#4503,#4535,
    #4559,#4581,#4598,#4610,#4634,#4666,#4690,#4712,#4729,#4741,#4765,
    #4797,#4821,#4843,#4860,#4872,#4896,#4908,#4942,#4968,#4993,#5019,
    #5036,#5053,#5070,#5087,#5104,#5121,#5138,#5155,#5172,#5203,#5227,
    #5251,#5268,#5299,#5323,#5347,#5364,#5395,#5419,#5443,#5460,#5491,
    #5515,#5539,#5556,#5587,#5611,#5635,#5652,#5683,#5707,#5731,#5748,
    #5779,#5803,#5827,#5844,#5875,#5899,#5923,#5940,#5952,#5964,#5976,
    #5988,#6000,#6012,#6024,#6036,#6085,#6097,#6109,#6121,#6133,#6145,
    #6157,#6169,#6181,#6212,#6246,#6270,#6288,#6321,#6347,#6373,#6398,
    #6416,#6429,#6461,#6475,#6489,#6503,#6517,#6531,#6545,#6559));
#17 = ADVANCED_FACE('',(#18),#54,.T.);
#18 = FACE_BOUND('',#19,.F.);
#19 = EDGE_LOOP('',(#20,#31,#39,#48));
#20 = ORIENTED_EDGE('',*,*,#21,.F.);
#21 = EDGE_CURVE('',#22,#24,#26,.T.);
#22 = VERTEX_POINT('',#23);
#23 = CARTESIAN_POINT('',(10.39,1.25,0.));
#24 = VERTEX_POINT('',#25);
#25 = CARTESIAN_POINT('',(11.39,2.25,1.));
#26 = ELLIPSE('',#27,1.414213562373,1.);
#27 = AXIS2_PLACEMENT_3D('',#28,#29,#30);
#28 = CARTESIAN_POINT('',(11.39,1.25,1.));
#29 = DIRECTION('',(0.707106781187,0.,-0.707106781187));
#30 = DIRECTION('',(0.707106781187,0.,0.707106781187));
#31 = ORIENTED_EDGE('',*,*,#32,.T.);
#32 = EDGE_CURVE('',#22,#33,#35,.T.);
#33 = VERTEX_POINT('',#34);
#34 = CARTESIAN_POINT('',(31.39,1.25,0.));
#35 = LINE('',#36,#37);
#36 = CARTESIAN_POINT('',(10.39,1.25,-2.22044604925E-16));
#37 = VECTOR('',#38,1.);
#38 = DIRECTION('',(1.,0.,0.));
#39 = ORIENTED_EDGE('',*,*,#40,.T.);
#40 = EDGE_CURVE('',#33,#41,#43,.T.);
#41 = VERTEX_POINT('',#42);
#42 = CARTESIAN_POINT('',(30.39,2.25,1.));
#43 = ELLIPSE('',#44,1.414213562373,1.);
#44 = AXIS2_PLACEMENT_3D('',#45,#46,#47);
#45 = CARTESIAN_POINT('',(30.39,1.25,1.));
#46 = DIRECTION('',(0.707106781187,0.,0.707106781187));
#47 = DIRECTION('',(-0.707106781187,0.,0.707106781187));
#48 = ORIENTED_EDGE('',*,*,#49,.F.);
#49 = EDGE_CURVE('',#24,#41,#50,.T.);
#50 = LINE('',#51,#52);
#51 = CARTESIAN_POINT('',(10.39,2.25,1.));
#52 = VECTOR('',#53,1.);
#53 = DIRECTION('',(1.,0.,0.));
#54 = CYLINDRICAL_SURFACE('',#55,1.);
#55 = AXIS2_PLACEMENT_3D('',#56,#57,#58);
#56 = CARTESIAN_POINT('',(10.39,1.25,1.));
#57 = DIRECTION('',(1.,0.,0.));
#58 = DIRECTION('',(0.,1.,0.));
#59 = ADVANCED_FACE('',(#60),#86,.T.);
#60 = FACE_BOUND('',#61,.F.);
#61 = EDGE_LOOP('',(#62,#63,#71,#80));
#62 = ORIENTED_EDGE('',*,*,#21,.T.);
#63 = ORIENTED_EDGE('',*,*,#64,.T.);
#64 = EDGE_CURVE('',#24,#65,#67,.T.);
#65 = VERTEX_POINT('',#66);
#66 = CARTESIAN_POINT('',(11.39,2.25,9.));
#67 = LINE('',#68,#69);
#68 = CARTESIAN_POINT('',(11.39,2.25,0.));
#69 = VECTOR('',#70,1.);
#70 = DIRECTION('',(0.,0.,1.));
#71 = ORIENTED_EDGE('',*,*,#72,.F.);
#72 = EDGE_CURVE('',#73,#65,#75,.T.);
#73 = VERTEX_POINT('',#74);
#74 = CARTESIAN_POINT('',(10.39,1.25,10.));
#75 = ELLIPSE('',#76,1.414213562373,1.);
#76 = AXIS2_PLACEMENT_3D('',#77,#78,#79);
#77 = CARTESIAN_POINT('',(11.39,1.25,9.));
#78 = DIRECTION('',(-0.707106781187,0.,-0.707106781187));
#79 = DIRECTION('',(-0.707106781187,0.,0.707106781187));
#80 = ORIENTED_EDGE('',*,*,#81,.F.);
#81 = EDGE_CURVE('',#22,#73,#82,.T.);
#82 = LINE('',#83,#84);
#83 = CARTESIAN_POINT('',(10.39,1.25,0.));
#84 = VECTOR('',#85,1.);
#85 = DIRECTION('',(0.,0.,1.));
#86 = CYLINDRICAL_SURFACE('',#87,1.);
#87 = AXIS2_PLACEMENT_3D('',#88,#89,#90);
#88 = CARTESIAN_POINT('',(11.39,1.25,0.));
#89 = DIRECTION('',(0.,0.,1.));
#90 = DIRECTION('',(-1.,0.,0.));
#91 = ADVANCED_FACE('',(#92),#126,.F.);
#92 = FACE_BOUND('',#93,.F.);
#93 = EDGE_LOOP('',(#94,#104,#112,#120));
#94 = ORIENTED_EDGE('',*,*,#95,.F.);
#95 = EDGE_CURVE('',#96,#98,#100,.T.);
#96 = VERTEX_POINT('',#97);
#97 = CARTESIAN_POINT('',(-0.1,-1.65,3.));
#98 = VERTEX_POINT('',#99);
#99 = CARTESIAN_POINT('',(-0.1,-1.55,3.));
#100 = LINE('',#101,#102);
#101 = CARTESIAN_POINT('',(-0.1,-1.65,3.));
#102 = VECTOR('',#103,1.);
#103 = DIRECTION('',(0.,1.,0.));
#104 = ORIENTED_EDGE('',*,*,#105,.F.);
#105 = EDGE_CURVE('',#106,#96,#108,.T.);
#106 = VERTEX_POINT('',#107);
#107 = CARTESIAN_POINT('',(-0.1,-1.65,2.));
#108 = LINE('',#109,#110);
#109 = CARTESIAN_POINT('',(-0.1,-1.65,2.));
#110 = VECTOR('',#111,1.);
#111 = DIRECTION('',(0.,0.,1.));
#112 = ORIENTED_EDGE('',*,*,#113,.T.);
#113 = EDGE_CURVE('',#106,#114,#116,.T.);
#114 = VERTEX_POINT('',#115);
#115 = CARTESIAN_POINT('',(-0.1,-1.55,2.));
#116 = LINE('',#117,#118);
#117 = CARTESIAN_POINT('',(-0.1,-1.65,2.));
#118 = VECTOR('',#119,1.);
#119 = DIRECTION('',(0.,1.,0.));
#120 = ORIENTED_EDGE('',*,*,#121,.T.);
#121 = EDGE_CURVE('',#114,#98,#122,.T.);
#122 = LINE('',#123,#124);
#123 = CARTESIAN_POINT('',(-0.1,-1.55,1.));
#124 = VECTOR('',#125,1.);
#125 = DIRECTION('',(0.,0.,1.));
#126 = PLANE('',#127);
#127 = AXIS2_PLACEMENT_3D('',#128,#129,#130);
#128 = CARTESIAN_POINT('',(-0.1,-1.65,2.));
#129 = DIRECTION('',(1.,0.,0.));
#130 = DIRECTION('',(0.,0.,1.));
#131 = ADVANCED_FACE('',(#132),#157,.T.);
#132 = FACE_BOUND('',#133,.T.);
#133 = EDGE_LOOP('',(#134,#135,#143,#151));
#134 = ORIENTED_EDGE('',*,*,#95,.F.);
#135 = ORIENTED_EDGE('',*,*,#136,.T.);
#136 = EDGE_CURVE('',#96,#137,#139,.T.);
#137 = VERTEX_POINT('',#138);
#138 = CARTESIAN_POINT('',(1.E-01,-1.65,3.));
#139 = LINE('',#140,#141);
#140 = CARTESIAN_POINT('',(-0.1,-1.65,3.));
#141 = VECTOR('',#142,1.);
#142 = DIRECTION('',(1.,0.,0.));
#143 = ORIENTED_EDGE('',*,*,#144,.T.);
#144 = EDGE_CURVE('',#137,#145,#147,.T.);
#145 = VERTEX_POINT('',#146);
#146 = CARTESIAN_POINT('',(1.E-01,-1.55,3.));
#147 = LINE('',#148,#149);
#148 = CARTESIAN_POINT('',(1.E-01,-1.65,3.));
#149 = VECTOR('',#150,1.);
#150 = DIRECTION('',(0.,1.,0.));
#151 = ORIENTED_EDGE('',*,*,#152,.T.);
#152 = EDGE_CURVE('',#145,#98,#153,.T.);
#153 = LINE('',#154,#155);
#154 = CARTESIAN_POINT('',(-0.69,-1.55,3.));
#155 = VECTOR('',#156,1.);
#156 = DIRECTION('',(-1.,0.,0.));
#157 = PLANE('',#158);
#158 = AXIS2_PLACEMENT_3D('',#159,#160,#161);
#159 = CARTESIAN_POINT('',(-0.1,-1.65,3.));
#160 = DIRECTION('',(0.,0.,1.));
#161 = DIRECTION('',(1.,0.,0.));
#162 = ADVANCED_FACE('',(#163,#197,#208,#219,#230,#241,#252,#263,#274,
    #285),#303,.F.);
#163 = FACE_BOUND('',#164,.F.);
#164 = EDGE_LOOP('',(#165,#175,#183,#191));
#165 = ORIENTED_EDGE('',*,*,#166,.F.);
#166 = EDGE_CURVE('',#167,#169,#171,.T.);
#167 = VERTEX_POINT('',#168);
#168 = CARTESIAN_POINT('',(-1.28,-1.55,0.));
#169 = VERTEX_POINT('',#170);
#170 = CARTESIAN_POINT('',(41.92,-1.55,0.));
#171 = LINE('',#172,#173);
#172 = CARTESIAN_POINT('',(-1.28,-1.55,0.));
#173 = VECTOR('',#174,1.);
#174 = DIRECTION('',(1.,0.,0.));
#175 = ORIENTED_EDGE('',*,*,#176,.T.);
#176 = EDGE_CURVE('',#167,#177,#179,.T.);
#177 = VERTEX_POINT('',#178);
#178 = CARTESIAN_POINT('',(-1.28,-1.55,11.4));
#179 = LINE('',#180,#181);
#180 = CARTESIAN_POINT('',(-1.28,-1.55,0.));
#181 = VECTOR('',#182,1.);
#182 = DIRECTION('',(0.,0.,1.));
#183 = ORIENTED_EDGE('',*,*,#184,.T.);
#184 = EDGE_CURVE('',#177,#185,#187,.T.);
#185 = VERTEX_POINT('',#186);
#186 = CARTESIAN_POINT('',(41.92,-1.55,11.4));
#187 = LINE('',#188,#189);
#188 = CARTESIAN_POINT('',(-1.28,-1.55,11.4));
#189 = VECTOR('',#190,1.);
#190 = DIRECTION('',(1.,0.,0.));
#191 = ORIENTED_EDGE('',*,*,#192,.F.);
#192 = EDGE_CURVE('',#169,#185,#193,.T.);
#193 = LINE('',#194,#195);
#194 = CARTESIAN_POINT('',(41.92,-1.55,0.));
#195 = VECTOR('',#196,1.);
#196 = DIRECTION('',(0.,0.,1.));
#197 = FACE_BOUND('',#198,.F.);
#198 = EDGE_LOOP('',(#199));
#199 = ORIENTED_EDGE('',*,*,#200,.F.);
#200 = EDGE_CURVE('',#201,#201,#203,.T.);
#201 = VERTEX_POINT('',#202);
#202 = CARTESIAN_POINT('',(8.22,-1.55,1.15));
#203 = CIRCLE('',#204,0.6);
#204 = AXIS2_PLACEMENT_3D('',#205,#206,#207);
#205 = CARTESIAN_POINT('',(7.62,-1.55,1.15));
#206 = DIRECTION('',(-0.,1.,2.22044604925E-16));
#207 = DIRECTION('',(1.,0.,0.));
#208 = FACE_BOUND('',#209,.F.);
#209 = EDGE_LOOP('',(#210));
#210 = ORIENTED_EDGE('',*,*,#211,.F.);
#211 = EDGE_CURVE('',#212,#212,#214,.T.);
#212 = VERTEX_POINT('',#213);
#213 = CARTESIAN_POINT('',(5.68,-1.55,1.15));
#214 = CIRCLE('',#215,0.6);
#215 = AXIS2_PLACEMENT_3D('',#216,#217,#218);
#216 = CARTESIAN_POINT('',(5.08,-1.55,1.15));
#217 = DIRECTION('',(-0.,1.,2.22044604925E-16));
#218 = DIRECTION('',(1.,0.,0.));
#219 = FACE_BOUND('',#220,.F.);
#220 = EDGE_LOOP('',(#221));
#221 = ORIENTED_EDGE('',*,*,#222,.F.);
#222 = EDGE_CURVE('',#223,#223,#225,.T.);
#223 = VERTEX_POINT('',#224);
#224 = CARTESIAN_POINT('',(3.14,-1.55,1.15));
#225 = CIRCLE('',#226,0.6);
#226 = AXIS2_PLACEMENT_3D('',#227,#228,#229);
#227 = CARTESIAN_POINT('',(2.54,-1.55,1.15));
#228 = DIRECTION('',(-0.,1.,2.22044604925E-16));
#229 = DIRECTION('',(1.,0.,0.));
#230 = FACE_BOUND('',#231,.F.);
#231 = EDGE_LOOP('',(#232));
#232 = ORIENTED_EDGE('',*,*,#233,.F.);
#233 = EDGE_CURVE('',#234,#234,#236,.T.);
#234 = VERTEX_POINT('',#235);
#235 = CARTESIAN_POINT('',(41.24,-1.55,1.15));
#236 = CIRCLE('',#237,0.6);
#237 = AXIS2_PLACEMENT_3D('',#238,#239,#240);
#238 = CARTESIAN_POINT('',(40.64,-1.55,1.15));
#239 = DIRECTION('',(-0.,1.,2.22044604925E-16));
#240 = DIRECTION('',(1.,0.,0.));
#241 = FACE_BOUND('',#242,.F.);
#242 = EDGE_LOOP('',(#243));
#243 = ORIENTED_EDGE('',*,*,#244,.F.);
#244 = EDGE_CURVE('',#245,#245,#247,.T.);
#245 = VERTEX_POINT('',#246);
#246 = CARTESIAN_POINT('',(38.7,-1.55,1.15));
#247 = CIRCLE('',#248,0.6);
#248 = AXIS2_PLACEMENT_3D('',#249,#250,#251);
#249 = CARTESIAN_POINT('',(38.1,-1.55,1.15));
#250 = DIRECTION('',(-0.,1.,2.22044604925E-16));
#251 = DIRECTION('',(1.,0.,0.));
#252 = FACE_BOUND('',#253,.F.);
#253 = EDGE_LOOP('',(#254));
#254 = ORIENTED_EDGE('',*,*,#255,.F.);
#255 = EDGE_CURVE('',#256,#256,#258,.T.);
#256 = VERTEX_POINT('',#257);
#257 = CARTESIAN_POINT('',(33.62,-1.55,1.15));
#258 = CIRCLE('',#259,0.6);
#259 = AXIS2_PLACEMENT_3D('',#260,#261,#262);
#260 = CARTESIAN_POINT('',(33.02,-1.55,1.15));
#261 = DIRECTION('',(-0.,1.,2.22044604925E-16));
#262 = DIRECTION('',(1.,0.,0.));
#263 = FACE_BOUND('',#264,.F.);
#264 = EDGE_LOOP('',(#265));
#265 = ORIENTED_EDGE('',*,*,#266,.F.);
#266 = EDGE_CURVE('',#267,#267,#269,.T.);
#267 = VERTEX_POINT('',#268);
#268 = CARTESIAN_POINT('',(36.16,-1.55,1.15));
#269 = CIRCLE('',#270,0.6);
#270 = AXIS2_PLACEMENT_3D('',#271,#272,#273);
#271 = CARTESIAN_POINT('',(35.56,-1.55,1.15));
#272 = DIRECTION('',(-0.,1.,2.22044604925E-16));
#273 = DIRECTION('',(1.,0.,0.));
#274 = FACE_BOUND('',#275,.F.);
#275 = EDGE_LOOP('',(#276));
#276 = ORIENTED_EDGE('',*,*,#277,.F.);
#277 = EDGE_CURVE('',#278,#278,#280,.T.);
#278 = VERTEX_POINT('',#279);
#279 = CARTESIAN_POINT('',(0.6,-1.55,1.15));
#280 = CIRCLE('',#281,0.6);
#281 = AXIS2_PLACEMENT_3D('',#282,#283,#284);
#282 = CARTESIAN_POINT('',(0.,-1.55,1.15));
#283 = DIRECTION('',(0.,1.,-2.22044604925E-16));
#284 = DIRECTION('',(1.,0.,0.));
#285 = FACE_BOUND('',#286,.F.);
#286 = EDGE_LOOP('',(#287,#288,#296,#302));
#287 = ORIENTED_EDGE('',*,*,#121,.F.);
#288 = ORIENTED_EDGE('',*,*,#289,.F.);
#289 = EDGE_CURVE('',#290,#114,#292,.T.);
#290 = VERTEX_POINT('',#291);
#291 = CARTESIAN_POINT('',(1.E-01,-1.55,2.));
#292 = LINE('',#293,#294);
#293 = CARTESIAN_POINT('',(-0.69,-1.55,2.));
#294 = VECTOR('',#295,1.);
#295 = DIRECTION('',(-1.,0.,0.));
#296 = ORIENTED_EDGE('',*,*,#297,.T.);
#297 = EDGE_CURVE('',#290,#145,#298,.T.);
#298 = LINE('',#299,#300);
#299 = CARTESIAN_POINT('',(1.E-01,-1.55,1.));
#300 = VECTOR('',#301,1.);
#301 = DIRECTION('',(0.,0.,1.));
#302 = ORIENTED_EDGE('',*,*,#152,.T.);
#303 = PLANE('',#304);
#304 = AXIS2_PLACEMENT_3D('',#305,#306,#307);
#305 = CARTESIAN_POINT('',(-1.28,-1.55,0.));
#306 = DIRECTION('',(0.,1.,0.));
#307 = DIRECTION('',(0.,0.,1.));
#308 = ADVANCED_FACE('',(#309),#327,.F.);
#309 = FACE_BOUND('',#310,.F.);
#310 = EDGE_LOOP('',(#311,#312,#320,#326));
#311 = ORIENTED_EDGE('',*,*,#113,.F.);
#312 = ORIENTED_EDGE('',*,*,#313,.T.);
#313 = EDGE_CURVE('',#106,#314,#316,.T.);
#314 = VERTEX_POINT('',#315);
#315 = CARTESIAN_POINT('',(1.E-01,-1.65,2.));
#316 = LINE('',#317,#318);
#317 = CARTESIAN_POINT('',(-0.1,-1.65,2.));
#318 = VECTOR('',#319,1.);
#319 = DIRECTION('',(1.,0.,0.));
#320 = ORIENTED_EDGE('',*,*,#321,.T.);
#321 = EDGE_CURVE('',#314,#290,#322,.T.);
#322 = LINE('',#323,#324);
#323 = CARTESIAN_POINT('',(1.E-01,-1.65,2.));
#324 = VECTOR('',#325,1.);
#325 = DIRECTION('',(0.,1.,0.));
#326 = ORIENTED_EDGE('',*,*,#289,.T.);
#327 = PLANE('',#328);
#328 = AXIS2_PLACEMENT_3D('',#329,#330,#331);
#329 = CARTESIAN_POINT('',(-0.1,-1.65,2.));
#330 = DIRECTION('',(0.,0.,1.));
#331 = DIRECTION('',(1.,0.,0.));
#332 = ADVANCED_FACE('',(#333),#344,.F.);
#333 = FACE_BOUND('',#334,.F.);
#334 = EDGE_LOOP('',(#335,#336,#337,#338));
#335 = ORIENTED_EDGE('',*,*,#313,.F.);
#336 = ORIENTED_EDGE('',*,*,#105,.T.);
#337 = ORIENTED_EDGE('',*,*,#136,.T.);
#338 = ORIENTED_EDGE('',*,*,#339,.F.);
#339 = EDGE_CURVE('',#314,#137,#340,.T.);
#340 = LINE('',#341,#342);
#341 = CARTESIAN_POINT('',(1.E-01,-1.65,2.));
#342 = VECTOR('',#343,1.);
#343 = DIRECTION('',(0.,0.,1.));
#344 = PLANE('',#345);
#345 = AXIS2_PLACEMENT_3D('',#346,#347,#348);
#346 = CARTESIAN_POINT('',(-0.1,-1.65,2.));
#347 = DIRECTION('',(0.,1.,0.));
#348 = DIRECTION('',(0.,0.,1.));
#349 = ADVANCED_FACE('',(#350),#356,.T.);
#350 = FACE_BOUND('',#351,.T.);
#351 = EDGE_LOOP('',(#352,#353,#354,#355));
#352 = ORIENTED_EDGE('',*,*,#144,.F.);
#353 = ORIENTED_EDGE('',*,*,#339,.F.);
#354 = ORIENTED_EDGE('',*,*,#321,.T.);
#355 = ORIENTED_EDGE('',*,*,#297,.T.);
#356 = PLANE('',#357);
#357 = AXIS2_PLACEMENT_3D('',#358,#359,#360);
#358 = CARTESIAN_POINT('',(1.E-01,-1.65,2.));
#359 = DIRECTION('',(1.,0.,0.));
#360 = DIRECTION('',(0.,0.,1.));
#361 = ADVANCED_FACE('',(#362),#387,.T.);
#362 = FACE_BOUND('',#363,.T.);
#363 = EDGE_LOOP('',(#364,#365,#373,#381));
#364 = ORIENTED_EDGE('',*,*,#192,.F.);
#365 = ORIENTED_EDGE('',*,*,#366,.T.);
#366 = EDGE_CURVE('',#169,#367,#369,.T.);
#367 = VERTEX_POINT('',#368);
#368 = CARTESIAN_POINT('',(41.92,-0.35,0.));
#369 = LINE('',#370,#371);
#370 = CARTESIAN_POINT('',(41.92,-1.55,0.));
#371 = VECTOR('',#372,1.);
#372 = DIRECTION('',(0.,1.,0.));
#373 = ORIENTED_EDGE('',*,*,#374,.T.);
#374 = EDGE_CURVE('',#367,#375,#377,.T.);
#375 = VERTEX_POINT('',#376);
#376 = CARTESIAN_POINT('',(41.92,-0.35,11.4));
#377 = LINE('',#378,#379);
#378 = CARTESIAN_POINT('',(41.92,-0.35,0.));
#379 = VECTOR('',#380,1.);
#380 = DIRECTION('',(0.,0.,1.));
#381 = ORIENTED_EDGE('',*,*,#382,.F.);
#382 = EDGE_CURVE('',#185,#375,#383,.T.);
#383 = LINE('',#384,#385);
#384 = CARTESIAN_POINT('',(41.92,-1.55,11.4));
#385 = VECTOR('',#386,1.);
#386 = DIRECTION('',(0.,1.,0.));
#387 = PLANE('',#388);
#388 = AXIS2_PLACEMENT_3D('',#389,#390,#391);
#389 = CARTESIAN_POINT('',(41.92,-1.55,0.));
#390 = DIRECTION('',(1.,0.,0.));
#391 = DIRECTION('',(0.,0.,1.));
#392 = ADVANCED_FACE('',(#393),#418,.F.);
#393 = FACE_BOUND('',#394,.F.);
#394 = EDGE_LOOP('',(#395,#396,#404,#412));
#395 = ORIENTED_EDGE('',*,*,#176,.F.);
#396 = ORIENTED_EDGE('',*,*,#397,.T.);
#397 = EDGE_CURVE('',#167,#398,#400,.T.);
#398 = VERTEX_POINT('',#399);
#399 = CARTESIAN_POINT('',(-1.28,-0.35,0.));
#400 = LINE('',#401,#402);
#401 = CARTESIAN_POINT('',(-1.28,-1.55,0.));
#402 = VECTOR('',#403,1.);
#403 = DIRECTION('',(0.,1.,0.));
#404 = ORIENTED_EDGE('',*,*,#405,.T.);
#405 = EDGE_CURVE('',#398,#406,#408,.T.);
#406 = VERTEX_POINT('',#407);
#407 = CARTESIAN_POINT('',(-1.28,-0.35,11.4));
#408 = LINE('',#409,#410);
#409 = CARTESIAN_POINT('',(-1.28,-0.35,0.));
#410 = VECTOR('',#411,1.);
#411 = DIRECTION('',(0.,0.,1.));
#412 = ORIENTED_EDGE('',*,*,#413,.F.);
#413 = EDGE_CURVE('',#177,#406,#414,.T.);
#414 = LINE('',#415,#416);
#415 = CARTESIAN_POINT('',(-1.28,-1.55,11.4));
#416 = VECTOR('',#417,1.);
#417 = DIRECTION('',(0.,1.,0.));
#418 = PLANE('',#419);
#419 = AXIS2_PLACEMENT_3D('',#420,#421,#422);
#420 = CARTESIAN_POINT('',(-1.28,-1.55,0.));
#421 = DIRECTION('',(1.,0.,0.));
#422 = DIRECTION('',(0.,0.,1.));
#423 = ADVANCED_FACE('',(#424),#435,.T.);
#424 = FACE_BOUND('',#425,.T.);
#425 = EDGE_LOOP('',(#426,#427,#428,#429));
#426 = ORIENTED_EDGE('',*,*,#413,.F.);
#427 = ORIENTED_EDGE('',*,*,#184,.T.);
#428 = ORIENTED_EDGE('',*,*,#382,.T.);
#429 = ORIENTED_EDGE('',*,*,#430,.F.);
#430 = EDGE_CURVE('',#406,#375,#431,.T.);
#431 = LINE('',#432,#433);
#432 = CARTESIAN_POINT('',(-1.28,-0.35,11.4));
#433 = VECTOR('',#434,1.);
#434 = DIRECTION('',(1.,0.,0.));
#435 = PLANE('',#436);
#436 = AXIS2_PLACEMENT_3D('',#437,#438,#439);
#437 = CARTESIAN_POINT('',(-1.28,-1.55,11.4));
#438 = DIRECTION('',(0.,0.,1.));
#439 = DIRECTION('',(1.,0.,0.));
#440 = ADVANCED_FACE('',(#441),#460,.T.);
#441 = FACE_BOUND('',#442,.T.);
#442 = EDGE_LOOP('',(#443,#444,#452,#459));
#443 = ORIENTED_EDGE('',*,*,#200,.F.);
#444 = ORIENTED_EDGE('',*,*,#445,.F.);
#445 = EDGE_CURVE('',#446,#201,#448,.T.);
#446 = VERTEX_POINT('',#447);
#447 = CARTESIAN_POINT('',(8.22,-1.56,1.15));
#448 = LINE('',#449,#450);
#449 = CARTESIAN_POINT('',(8.22,-1.56,1.15));
#450 = VECTOR('',#451,1.);
#451 = DIRECTION('',(0.,1.,2.22044604925E-16));
#452 = ORIENTED_EDGE('',*,*,#453,.T.);
#453 = EDGE_CURVE('',#446,#446,#454,.T.);
#454 = CIRCLE('',#455,0.6);
#455 = AXIS2_PLACEMENT_3D('',#456,#457,#458);
#456 = CARTESIAN_POINT('',(7.62,-1.56,1.15));
#457 = DIRECTION('',(-0.,1.,2.22044604925E-16));
#458 = DIRECTION('',(1.,0.,0.));
#459 = ORIENTED_EDGE('',*,*,#445,.T.);
#460 = CYLINDRICAL_SURFACE('',#461,0.6);
#461 = AXIS2_PLACEMENT_3D('',#462,#463,#464);
#462 = CARTESIAN_POINT('',(7.62,-1.56,1.15));
#463 = DIRECTION('',(0.,1.,2.22044604925E-16));
#464 = DIRECTION('',(1.,0.,0.));
#465 = ADVANCED_FACE('',(#466),#485,.T.);
#466 = FACE_BOUND('',#467,.T.);
#467 = EDGE_LOOP('',(#468,#469,#477,#484));
#468 = ORIENTED_EDGE('',*,*,#211,.F.);
#469 = ORIENTED_EDGE('',*,*,#470,.F.);
#470 = EDGE_CURVE('',#471,#212,#473,.T.);
#471 = VERTEX_POINT('',#472);
#472 = CARTESIAN_POINT('',(5.68,-1.56,1.15));
#473 = LINE('',#474,#475);
#474 = CARTESIAN_POINT('',(5.68,-1.56,1.15));
#475 = VECTOR('',#476,1.);
#476 = DIRECTION('',(0.,1.,2.22044604925E-16));
#477 = ORIENTED_EDGE('',*,*,#478,.T.);
#478 = EDGE_CURVE('',#471,#471,#479,.T.);
#479 = CIRCLE('',#480,0.6);
#480 = AXIS2_PLACEMENT_3D('',#481,#482,#483);
#481 = CARTESIAN_POINT('',(5.08,-1.56,1.15));
#482 = DIRECTION('',(-0.,1.,2.22044604925E-16));
#483 = DIRECTION('',(1.,0.,0.));
#484 = ORIENTED_EDGE('',*,*,#470,.T.);
#485 = CYLINDRICAL_SURFACE('',#486,0.6);
#486 = AXIS2_PLACEMENT_3D('',#487,#488,#489);
#487 = CARTESIAN_POINT('',(5.08,-1.56,1.15));
#488 = DIRECTION('',(0.,1.,2.22044604925E-16));
#489 = DIRECTION('',(1.,0.,0.));
#490 = ADVANCED_FACE('',(#491),#510,.T.);
#491 = FACE_BOUND('',#492,.T.);
#492 = EDGE_LOOP('',(#493,#494,#502,#509));
#493 = ORIENTED_EDGE('',*,*,#222,.F.);
#494 = ORIENTED_EDGE('',*,*,#495,.F.);
#495 = EDGE_CURVE('',#496,#223,#498,.T.);
#496 = VERTEX_POINT('',#497);
#497 = CARTESIAN_POINT('',(3.14,-1.56,1.15));
#498 = LINE('',#499,#500);
#499 = CARTESIAN_POINT('',(3.14,-1.56,1.15));
#500 = VECTOR('',#501,1.);
#501 = DIRECTION('',(0.,1.,2.22044604925E-16));
#502 = ORIENTED_EDGE('',*,*,#503,.T.);
#503 = EDGE_CURVE('',#496,#496,#504,.T.);
#504 = CIRCLE('',#505,0.6);
#505 = AXIS2_PLACEMENT_3D('',#506,#507,#508);
#506 = CARTESIAN_POINT('',(2.54,-1.56,1.15));
#507 = DIRECTION('',(-0.,1.,2.22044604925E-16));
#508 = DIRECTION('',(1.,0.,0.));
#509 = ORIENTED_EDGE('',*,*,#495,.T.);
#510 = CYLINDRICAL_SURFACE('',#511,0.6);
#511 = AXIS2_PLACEMENT_3D('',#512,#513,#514);
#512 = CARTESIAN_POINT('',(2.54,-1.56,1.15));
#513 = DIRECTION('',(0.,1.,2.22044604925E-16));
#514 = DIRECTION('',(1.,0.,0.));
#515 = ADVANCED_FACE('',(#516),#535,.T.);
#516 = FACE_BOUND('',#517,.T.);
#517 = EDGE_LOOP('',(#518,#519,#527,#534));
#518 = ORIENTED_EDGE('',*,*,#233,.F.);
#519 = ORIENTED_EDGE('',*,*,#520,.F.);
#520 = EDGE_CURVE('',#521,#234,#523,.T.);
#521 = VERTEX_POINT('',#522);
#522 = CARTESIAN_POINT('',(41.24,-1.56,1.15));
#523 = LINE('',#524,#525);
#524 = CARTESIAN_POINT('',(41.24,-1.56,1.15));
#525 = VECTOR('',#526,1.);
#526 = DIRECTION('',(0.,1.,2.22044604925E-16));
#527 = ORIENTED_EDGE('',*,*,#528,.T.);
#528 = EDGE_CURVE('',#521,#521,#529,.T.);
#529 = CIRCLE('',#530,0.6);
#530 = AXIS2_PLACEMENT_3D('',#531,#532,#533);
#531 = CARTESIAN_POINT('',(40.64,-1.56,1.15));
#532 = DIRECTION('',(-0.,1.,2.22044604925E-16));
#533 = DIRECTION('',(1.,0.,0.));
#534 = ORIENTED_EDGE('',*,*,#520,.T.);
#535 = CYLINDRICAL_SURFACE('',#536,0.6);
#536 = AXIS2_PLACEMENT_3D('',#537,#538,#539);
#537 = CARTESIAN_POINT('',(40.64,-1.56,1.15));
#538 = DIRECTION('',(0.,1.,2.22044604925E-16));
#539 = DIRECTION('',(1.,0.,0.));
#540 = ADVANCED_FACE('',(#541),#560,.T.);
#541 = FACE_BOUND('',#542,.T.);
#542 = EDGE_LOOP('',(#543,#544,#552,#559));
#543 = ORIENTED_EDGE('',*,*,#244,.F.);
#544 = ORIENTED_EDGE('',*,*,#545,.F.);
#545 = EDGE_CURVE('',#546,#245,#548,.T.);
#546 = VERTEX_POINT('',#547);
#547 = CARTESIAN_POINT('',(38.7,-1.56,1.15));
#548 = LINE('',#549,#550);
#549 = CARTESIAN_POINT('',(38.7,-1.56,1.15));
#550 = VECTOR('',#551,1.);
#551 = DIRECTION('',(0.,1.,2.22044604925E-16));
#552 = ORIENTED_EDGE('',*,*,#553,.T.);
#553 = EDGE_CURVE('',#546,#546,#554,.T.);
#554 = CIRCLE('',#555,0.6);
#555 = AXIS2_PLACEMENT_3D('',#556,#557,#558);
#556 = CARTESIAN_POINT('',(38.1,-1.56,1.15));
#557 = DIRECTION('',(-0.,1.,2.22044604925E-16));
#558 = DIRECTION('',(1.,0.,0.));
#559 = ORIENTED_EDGE('',*,*,#545,.T.);
#560 = CYLINDRICAL_SURFACE('',#561,0.6);
#561 = AXIS2_PLACEMENT_3D('',#562,#563,#564);
#562 = CARTESIAN_POINT('',(38.1,-1.56,1.15));
#563 = DIRECTION('',(0.,1.,2.22044604925E-16));
#564 = DIRECTION('',(1.,0.,0.));
#565 = ADVANCED_FACE('',(#566),#585,.T.);
#566 = FACE_BOUND('',#567,.T.);
#567 = EDGE_LOOP('',(#568,#569,#577,#584));
#568 = ORIENTED_EDGE('',*,*,#255,.F.);
#569 = ORIENTED_EDGE('',*,*,#570,.F.);
#570 = EDGE_CURVE('',#571,#256,#573,.T.);
#571 = VERTEX_POINT('',#572);
#572 = CARTESIAN_POINT('',(33.62,-1.56,1.15));
#573 = LINE('',#574,#575);
#574 = CARTESIAN_POINT('',(33.62,-1.56,1.15));
#575 = VECTOR('',#576,1.);
#576 = DIRECTION('',(0.,1.,2.22044604925E-16));
#577 = ORIENTED_EDGE('',*,*,#578,.T.);
#578 = EDGE_CURVE('',#571,#571,#579,.T.);
#579 = CIRCLE('',#580,0.6);
#580 = AXIS2_PLACEMENT_3D('',#581,#582,#583);
#581 = CARTESIAN_POINT('',(33.02,-1.56,1.15));
#582 = DIRECTION('',(-0.,1.,2.22044604925E-16));
#583 = DIRECTION('',(1.,0.,0.));
#584 = ORIENTED_EDGE('',*,*,#570,.T.);
#585 = CYLINDRICAL_SURFACE('',#586,0.6);
#586 = AXIS2_PLACEMENT_3D('',#587,#588,#589);
#587 = CARTESIAN_POINT('',(33.02,-1.56,1.15));
#588 = DIRECTION('',(0.,1.,2.22044604925E-16));
#589 = DIRECTION('',(1.,0.,0.));
#590 = ADVANCED_FACE('',(#591),#610,.T.);
#591 = FACE_BOUND('',#592,.T.);
#592 = EDGE_LOOP('',(#593,#594,#602,#609));
#593 = ORIENTED_EDGE('',*,*,#266,.F.);
#594 = ORIENTED_EDGE('',*,*,#595,.F.);
#595 = EDGE_CURVE('',#596,#267,#598,.T.);
#596 = VERTEX_POINT('',#597);
#597 = CARTESIAN_POINT('',(36.16,-1.56,1.15));
#598 = LINE('',#599,#600);
#599 = CARTESIAN_POINT('',(36.16,-1.56,1.15));
#600 = VECTOR('',#601,1.);
#601 = DIRECTION('',(0.,1.,2.22044604925E-16));
#602 = ORIENTED_EDGE('',*,*,#603,.T.);
#603 = EDGE_CURVE('',#596,#596,#604,.T.);
#604 = CIRCLE('',#605,0.6);
#605 = AXIS2_PLACEMENT_3D('',#606,#607,#608);
#606 = CARTESIAN_POINT('',(35.56,-1.56,1.15));
#607 = DIRECTION('',(-0.,1.,2.22044604925E-16));
#608 = DIRECTION('',(1.,0.,0.));
#609 = ORIENTED_EDGE('',*,*,#595,.T.);
#610 = CYLINDRICAL_SURFACE('',#611,0.6);
#611 = AXIS2_PLACEMENT_3D('',#612,#613,#614);
#612 = CARTESIAN_POINT('',(35.56,-1.56,1.15));
#613 = DIRECTION('',(0.,1.,2.22044604925E-16));
#614 = DIRECTION('',(1.,0.,0.));
#615 = ADVANCED_FACE('',(#616),#635,.T.);
#616 = FACE_BOUND('',#617,.T.);
#617 = EDGE_LOOP('',(#618,#619,#627,#634));
#618 = ORIENTED_EDGE('',*,*,#277,.F.);
#619 = ORIENTED_EDGE('',*,*,#620,.F.);
#620 = EDGE_CURVE('',#621,#278,#623,.T.);
#621 = VERTEX_POINT('',#622);
#622 = CARTESIAN_POINT('',(0.6,-1.56,1.15));
#623 = LINE('',#624,#625);
#624 = CARTESIAN_POINT('',(0.6,-1.56,1.15));
#625 = VECTOR('',#626,1.);
#626 = DIRECTION('',(0.,1.,-2.22044604925E-16));
#627 = ORIENTED_EDGE('',*,*,#628,.T.);
#628 = EDGE_CURVE('',#621,#621,#629,.T.);
#629 = CIRCLE('',#630,0.6);
#630 = AXIS2_PLACEMENT_3D('',#631,#632,#633);
#631 = CARTESIAN_POINT('',(0.,-1.56,1.15));
#632 = DIRECTION('',(0.,1.,-2.22044604925E-16));
#633 = DIRECTION('',(1.,0.,0.));
#634 = ORIENTED_EDGE('',*,*,#620,.T.);
#635 = CYLINDRICAL_SURFACE('',#636,0.6);
#636 = AXIS2_PLACEMENT_3D('',#637,#638,#639);
#637 = CARTESIAN_POINT('',(0.,-1.56,1.15));
#638 = DIRECTION('',(0.,1.,-2.22044604925E-16));
#639 = DIRECTION('',(1.,0.,0.));
#640 = ADVANCED_FACE('',(#641,#1020),#1065,.T.);
#641 = FACE_BOUND('',#642,.T.);
#642 = EDGE_LOOP('',(#643,#653,#661,#669,#677,#685,#693,#702,#711,#719,
    #727,#735,#744,#753,#761,#769,#777,#786,#795,#803,#811,#819,#828,
    #837,#845,#851,#852,#853,#854,#862,#870,#879,#888,#896,#904,#912,
    #921,#930,#938,#946,#954,#963,#972,#980,#988,#996,#1005,#1014));
#643 = ORIENTED_EDGE('',*,*,#644,.F.);
#644 = EDGE_CURVE('',#645,#647,#649,.T.);
#645 = VERTEX_POINT('',#646);
#646 = CARTESIAN_POINT('',(31.39,-0.35,0.));
#647 = VERTEX_POINT('',#648);
#648 = CARTESIAN_POINT('',(32.67,-0.35,0.));
#649 = LINE('',#650,#651);
#650 = CARTESIAN_POINT('',(-1.28,-0.35,0.));
#651 = VECTOR('',#652,1.);
#652 = DIRECTION('',(1.,0.,0.));
#653 = ORIENTED_EDGE('',*,*,#654,.T.);
#654 = EDGE_CURVE('',#645,#655,#657,.T.);
#655 = VERTEX_POINT('',#656);
#656 = CARTESIAN_POINT('',(31.39,-0.35,10.));
#657 = LINE('',#658,#659);
#658 = CARTESIAN_POINT('',(31.39,-0.35,0.));
#659 = VECTOR('',#660,1.);
#660 = DIRECTION('',(0.,0.,1.));
#661 = ORIENTED_EDGE('',*,*,#662,.F.);
#662 = EDGE_CURVE('',#663,#655,#665,.T.);
#663 = VERTEX_POINT('',#664);
#664 = CARTESIAN_POINT('',(10.39,-0.35,10.));
#665 = LINE('',#666,#667);
#666 = CARTESIAN_POINT('',(10.39,-0.35,10.));
#667 = VECTOR('',#668,1.);
#668 = DIRECTION('',(1.,0.,0.));
#669 = ORIENTED_EDGE('',*,*,#670,.F.);
#670 = EDGE_CURVE('',#671,#663,#673,.T.);
#671 = VERTEX_POINT('',#672);
#672 = CARTESIAN_POINT('',(10.39,-0.35,0.));
#673 = LINE('',#674,#675);
#674 = CARTESIAN_POINT('',(10.39,-0.35,0.));
#675 = VECTOR('',#676,1.);
#676 = DIRECTION('',(0.,0.,1.));
#677 = ORIENTED_EDGE('',*,*,#678,.F.);
#678 = EDGE_CURVE('',#679,#671,#681,.T.);
#679 = VERTEX_POINT('',#680);
#680 = CARTESIAN_POINT('',(7.97,-0.35,0.));
#681 = LINE('',#682,#683);
#682 = CARTESIAN_POINT('',(-1.28,-0.35,0.));
#683 = VECTOR('',#684,1.);
#684 = DIRECTION('',(1.,0.,0.));
#685 = ORIENTED_EDGE('',*,*,#686,.T.);
#686 = EDGE_CURVE('',#679,#687,#689,.T.);
#687 = VERTEX_POINT('',#688);
#688 = CARTESIAN_POINT('',(7.97,-0.35,0.66266028276));
#689 = LINE('',#690,#691);
#690 = CARTESIAN_POINT('',(7.97,-0.35,-6.));
#691 = VECTOR('',#692,1.);
#692 = DIRECTION('',(0.,0.,1.));
#693 = ORIENTED_EDGE('',*,*,#694,.F.);
#694 = EDGE_CURVE('',#695,#687,#697,.T.);
#695 = VERTEX_POINT('',#696);
#696 = CARTESIAN_POINT('',(8.22,-0.35,1.15));
#697 = CIRCLE('',#698,0.6);
#698 = AXIS2_PLACEMENT_3D('',#699,#700,#701);
#699 = CARTESIAN_POINT('',(7.62,-0.35,1.15));
#700 = DIRECTION('',(-0.,1.,2.22044604925E-16));
#701 = DIRECTION('',(1.,0.,0.));
#702 = ORIENTED_EDGE('',*,*,#703,.F.);
#703 = EDGE_CURVE('',#704,#695,#706,.T.);
#704 = VERTEX_POINT('',#705);
#705 = CARTESIAN_POINT('',(7.27,-0.35,0.66266028276));
#706 = CIRCLE('',#707,0.6);
#707 = AXIS2_PLACEMENT_3D('',#708,#709,#710);
#708 = CARTESIAN_POINT('',(7.62,-0.35,1.15));
#709 = DIRECTION('',(-0.,1.,2.22044604925E-16));
#710 = DIRECTION('',(1.,0.,0.));
#711 = ORIENTED_EDGE('',*,*,#712,.F.);
#712 = EDGE_CURVE('',#713,#704,#715,.T.);
#713 = VERTEX_POINT('',#714);
#714 = CARTESIAN_POINT('',(7.27,-0.35,0.));
#715 = LINE('',#716,#717);
#716 = CARTESIAN_POINT('',(7.27,-0.35,-6.));
#717 = VECTOR('',#718,1.);
#718 = DIRECTION('',(0.,0.,1.));
#719 = ORIENTED_EDGE('',*,*,#720,.F.);
#720 = EDGE_CURVE('',#721,#713,#723,.T.);
#721 = VERTEX_POINT('',#722);
#722 = CARTESIAN_POINT('',(5.43,-0.35,0.));
#723 = LINE('',#724,#725);
#724 = CARTESIAN_POINT('',(-1.28,-0.35,0.));
#725 = VECTOR('',#726,1.);
#726 = DIRECTION('',(1.,0.,0.));
#727 = ORIENTED_EDGE('',*,*,#728,.T.);
#728 = EDGE_CURVE('',#721,#729,#731,.T.);
#729 = VERTEX_POINT('',#730);
#730 = CARTESIAN_POINT('',(5.43,-0.35,0.66266028276));
#731 = LINE('',#732,#733);
#732 = CARTESIAN_POINT('',(5.43,-0.35,-6.));
#733 = VECTOR('',#734,1.);
#734 = DIRECTION('',(0.,0.,1.));
#735 = ORIENTED_EDGE('',*,*,#736,.F.);
#736 = EDGE_CURVE('',#737,#729,#739,.T.);
#737 = VERTEX_POINT('',#738);
#738 = CARTESIAN_POINT('',(5.68,-0.35,1.15));
#739 = CIRCLE('',#740,0.6);
#740 = AXIS2_PLACEMENT_3D('',#741,#742,#743);
#741 = CARTESIAN_POINT('',(5.08,-0.35,1.15));
#742 = DIRECTION('',(-0.,1.,2.22044604925E-16));
#743 = DIRECTION('',(1.,0.,0.));
#744 = ORIENTED_EDGE('',*,*,#745,.F.);
#745 = EDGE_CURVE('',#746,#737,#748,.T.);
#746 = VERTEX_POINT('',#747);
#747 = CARTESIAN_POINT('',(4.73,-0.35,0.66266028276));
#748 = CIRCLE('',#749,0.6);
#749 = AXIS2_PLACEMENT_3D('',#750,#751,#752);
#750 = CARTESIAN_POINT('',(5.08,-0.35,1.15));
#751 = DIRECTION('',(-0.,1.,2.22044604925E-16));
#752 = DIRECTION('',(1.,0.,0.));
#753 = ORIENTED_EDGE('',*,*,#754,.F.);
#754 = EDGE_CURVE('',#755,#746,#757,.T.);
#755 = VERTEX_POINT('',#756);
#756 = CARTESIAN_POINT('',(4.73,-0.35,0.));
#757 = LINE('',#758,#759);
#758 = CARTESIAN_POINT('',(4.73,-0.35,-6.));
#759 = VECTOR('',#760,1.);
#760 = DIRECTION('',(0.,0.,1.));
#761 = ORIENTED_EDGE('',*,*,#762,.F.);
#762 = EDGE_CURVE('',#763,#755,#765,.T.);
#763 = VERTEX_POINT('',#764);
#764 = CARTESIAN_POINT('',(2.89,-0.35,0.));
#765 = LINE('',#766,#767);
#766 = CARTESIAN_POINT('',(-1.28,-0.35,0.));
#767 = VECTOR('',#768,1.);
#768 = DIRECTION('',(1.,0.,0.));
#769 = ORIENTED_EDGE('',*,*,#770,.T.);
#770 = EDGE_CURVE('',#763,#771,#773,.T.);
#771 = VERTEX_POINT('',#772);
#772 = CARTESIAN_POINT('',(2.89,-0.35,0.66266028276));
#773 = LINE('',#774,#775);
#774 = CARTESIAN_POINT('',(2.89,-0.35,-6.));
#775 = VECTOR('',#776,1.);
#776 = DIRECTION('',(0.,0.,1.));
#777 = ORIENTED_EDGE('',*,*,#778,.F.);
#778 = EDGE_CURVE('',#779,#771,#781,.T.);
#779 = VERTEX_POINT('',#780);
#780 = CARTESIAN_POINT('',(3.14,-0.35,1.15));
#781 = CIRCLE('',#782,0.6);
#782 = AXIS2_PLACEMENT_3D('',#783,#784,#785);
#783 = CARTESIAN_POINT('',(2.54,-0.35,1.15));
#784 = DIRECTION('',(-0.,1.,2.22044604925E-16));
#785 = DIRECTION('',(1.,0.,0.));
#786 = ORIENTED_EDGE('',*,*,#787,.F.);
#787 = EDGE_CURVE('',#788,#779,#790,.T.);
#788 = VERTEX_POINT('',#789);
#789 = CARTESIAN_POINT('',(2.19,-0.35,0.66266028276));
#790 = CIRCLE('',#791,0.6);
#791 = AXIS2_PLACEMENT_3D('',#792,#793,#794);
#792 = CARTESIAN_POINT('',(2.54,-0.35,1.15));
#793 = DIRECTION('',(-0.,1.,2.22044604925E-16));
#794 = DIRECTION('',(1.,0.,0.));
#795 = ORIENTED_EDGE('',*,*,#796,.F.);
#796 = EDGE_CURVE('',#797,#788,#799,.T.);
#797 = VERTEX_POINT('',#798);
#798 = CARTESIAN_POINT('',(2.19,-0.35,0.));
#799 = LINE('',#800,#801);
#800 = CARTESIAN_POINT('',(2.19,-0.35,-6.));
#801 = VECTOR('',#802,1.);
#802 = DIRECTION('',(0.,0.,1.));
#803 = ORIENTED_EDGE('',*,*,#804,.F.);
#804 = EDGE_CURVE('',#805,#797,#807,.T.);
#805 = VERTEX_POINT('',#806);
#806 = CARTESIAN_POINT('',(0.35,-0.35,0.));
#807 = LINE('',#808,#809);
#808 = CARTESIAN_POINT('',(-1.28,-0.35,0.));
#809 = VECTOR('',#810,1.);
#810 = DIRECTION('',(1.,0.,0.));
#811 = ORIENTED_EDGE('',*,*,#812,.T.);
#812 = EDGE_CURVE('',#805,#813,#815,.T.);
#813 = VERTEX_POINT('',#814);
#814 = CARTESIAN_POINT('',(0.35,-0.35,0.66266028276));
#815 = LINE('',#816,#817);
#816 = CARTESIAN_POINT('',(0.35,-0.35,-6.));
#817 = VECTOR('',#818,1.);
#818 = DIRECTION('',(0.,0.,1.));
#819 = ORIENTED_EDGE('',*,*,#820,.F.);
#820 = EDGE_CURVE('',#821,#813,#823,.T.);
#821 = VERTEX_POINT('',#822);
#822 = CARTESIAN_POINT('',(0.6,-0.35,1.15));
#823 = CIRCLE('',#824,0.6);
#824 = AXIS2_PLACEMENT_3D('',#825,#826,#827);
#825 = CARTESIAN_POINT('',(0.,-0.35,1.15));
#826 = DIRECTION('',(0.,1.,-2.22044604925E-16));
#827 = DIRECTION('',(1.,0.,0.));
#828 = ORIENTED_EDGE('',*,*,#829,.F.);
#829 = EDGE_CURVE('',#830,#821,#832,.T.);
#830 = VERTEX_POINT('',#831);
#831 = CARTESIAN_POINT('',(-0.35,-0.35,0.66266028276));
#832 = CIRCLE('',#833,0.6);
#833 = AXIS2_PLACEMENT_3D('',#834,#835,#836);
#834 = CARTESIAN_POINT('',(0.,-0.35,1.15));
#835 = DIRECTION('',(0.,1.,-2.22044604925E-16));
#836 = DIRECTION('',(1.,0.,0.));
#837 = ORIENTED_EDGE('',*,*,#838,.F.);
#838 = EDGE_CURVE('',#839,#830,#841,.T.);
#839 = VERTEX_POINT('',#840);
#840 = CARTESIAN_POINT('',(-0.35,-0.35,0.));
#841 = LINE('',#842,#843);
#842 = CARTESIAN_POINT('',(-0.35,-0.35,-6.));
#843 = VECTOR('',#844,1.);
#844 = DIRECTION('',(0.,0.,1.));
#845 = ORIENTED_EDGE('',*,*,#846,.F.);
#846 = EDGE_CURVE('',#398,#839,#847,.T.);
#847 = LINE('',#848,#849);
#848 = CARTESIAN_POINT('',(-1.28,-0.35,0.));
#849 = VECTOR('',#850,1.);
#850 = DIRECTION('',(1.,0.,0.));
#851 = ORIENTED_EDGE('',*,*,#405,.T.);
#852 = ORIENTED_EDGE('',*,*,#430,.T.);
#853 = ORIENTED_EDGE('',*,*,#374,.F.);
#854 = ORIENTED_EDGE('',*,*,#855,.F.);
#855 = EDGE_CURVE('',#856,#367,#858,.T.);
#856 = VERTEX_POINT('',#857);
#857 = CARTESIAN_POINT('',(40.99,-0.35,0.));
#858 = LINE('',#859,#860);
#859 = CARTESIAN_POINT('',(-1.28,-0.35,0.));
#860 = VECTOR('',#861,1.);
#861 = DIRECTION('',(1.,0.,0.));
#862 = ORIENTED_EDGE('',*,*,#863,.T.);
#863 = EDGE_CURVE('',#856,#864,#866,.T.);
#864 = VERTEX_POINT('',#865);
#865 = CARTESIAN_POINT('',(40.99,-0.35,0.66266028276));
#866 = LINE('',#867,#868);
#867 = CARTESIAN_POINT('',(40.99,-0.35,-6.));
#868 = VECTOR('',#869,1.);
#869 = DIRECTION('',(0.,0.,1.));
#870 = ORIENTED_EDGE('',*,*,#871,.F.);
#871 = EDGE_CURVE('',#872,#864,#874,.T.);
#872 = VERTEX_POINT('',#873);
#873 = CARTESIAN_POINT('',(41.24,-0.35,1.15));
#874 = CIRCLE('',#875,0.6);
#875 = AXIS2_PLACEMENT_3D('',#876,#877,#878);
#876 = CARTESIAN_POINT('',(40.64,-0.35,1.15));
#877 = DIRECTION('',(-0.,1.,2.22044604925E-16));
#878 = DIRECTION('',(1.,0.,0.));
#879 = ORIENTED_EDGE('',*,*,#880,.F.);
#880 = EDGE_CURVE('',#881,#872,#883,.T.);
#881 = VERTEX_POINT('',#882);
#882 = CARTESIAN_POINT('',(40.29,-0.35,0.66266028276));
#883 = CIRCLE('',#884,0.6);
#884 = AXIS2_PLACEMENT_3D('',#885,#886,#887);
#885 = CARTESIAN_POINT('',(40.64,-0.35,1.15));
#886 = DIRECTION('',(-0.,1.,2.22044604925E-16));
#887 = DIRECTION('',(1.,0.,0.));
#888 = ORIENTED_EDGE('',*,*,#889,.F.);
#889 = EDGE_CURVE('',#890,#881,#892,.T.);
#890 = VERTEX_POINT('',#891);
#891 = CARTESIAN_POINT('',(40.29,-0.35,0.));
#892 = LINE('',#893,#894);
#893 = CARTESIAN_POINT('',(40.29,-0.35,-6.));
#894 = VECTOR('',#895,1.);
#895 = DIRECTION('',(0.,0.,1.));
#896 = ORIENTED_EDGE('',*,*,#897,.F.);
#897 = EDGE_CURVE('',#898,#890,#900,.T.);
#898 = VERTEX_POINT('',#899);
#899 = CARTESIAN_POINT('',(38.45,-0.35,0.));
#900 = LINE('',#901,#902);
#901 = CARTESIAN_POINT('',(-1.28,-0.35,0.));
#902 = VECTOR('',#903,1.);
#903 = DIRECTION('',(1.,0.,0.));
#904 = ORIENTED_EDGE('',*,*,#905,.T.);
#905 = EDGE_CURVE('',#898,#906,#908,.T.);
#906 = VERTEX_POINT('',#907);
#907 = CARTESIAN_POINT('',(38.45,-0.35,0.66266028276));
#908 = LINE('',#909,#910);
#909 = CARTESIAN_POINT('',(38.45,-0.35,-6.));
#910 = VECTOR('',#911,1.);
#911 = DIRECTION('',(0.,0.,1.));
#912 = ORIENTED_EDGE('',*,*,#913,.F.);
#913 = EDGE_CURVE('',#914,#906,#916,.T.);
#914 = VERTEX_POINT('',#915);
#915 = CARTESIAN_POINT('',(38.7,-0.35,1.15));
#916 = CIRCLE('',#917,0.6);
#917 = AXIS2_PLACEMENT_3D('',#918,#919,#920);
#918 = CARTESIAN_POINT('',(38.1,-0.35,1.15));
#919 = DIRECTION('',(-0.,1.,2.22044604925E-16));
#920 = DIRECTION('',(1.,0.,0.));
#921 = ORIENTED_EDGE('',*,*,#922,.F.);
#922 = EDGE_CURVE('',#923,#914,#925,.T.);
#923 = VERTEX_POINT('',#924);
#924 = CARTESIAN_POINT('',(37.75,-0.35,0.66266028276));
#925 = CIRCLE('',#926,0.6);
#926 = AXIS2_PLACEMENT_3D('',#927,#928,#929);
#927 = CARTESIAN_POINT('',(38.1,-0.35,1.15));
#928 = DIRECTION('',(-0.,1.,2.22044604925E-16));
#929 = DIRECTION('',(1.,0.,0.));
#930 = ORIENTED_EDGE('',*,*,#931,.F.);
#931 = EDGE_CURVE('',#932,#923,#934,.T.);
#932 = VERTEX_POINT('',#933);
#933 = CARTESIAN_POINT('',(37.75,-0.35,0.));
#934 = LINE('',#935,#936);
#935 = CARTESIAN_POINT('',(37.75,-0.35,-6.));
#936 = VECTOR('',#937,1.);
#937 = DIRECTION('',(0.,0.,1.));
#938 = ORIENTED_EDGE('',*,*,#939,.F.);
#939 = EDGE_CURVE('',#940,#932,#942,.T.);
#940 = VERTEX_POINT('',#941);
#941 = CARTESIAN_POINT('',(35.91,-0.35,0.));
#942 = LINE('',#943,#944);
#943 = CARTESIAN_POINT('',(-1.28,-0.35,0.));
#944 = VECTOR('',#945,1.);
#945 = DIRECTION('',(1.,0.,0.));
#946 = ORIENTED_EDGE('',*,*,#947,.T.);
#947 = EDGE_CURVE('',#940,#948,#950,.T.);
#948 = VERTEX_POINT('',#949);
#949 = CARTESIAN_POINT('',(35.91,-0.35,0.66266028276));
#950 = LINE('',#951,#952);
#951 = CARTESIAN_POINT('',(35.91,-0.35,-6.));
#952 = VECTOR('',#953,1.);
#953 = DIRECTION('',(0.,0.,1.));
#954 = ORIENTED_EDGE('',*,*,#955,.F.);
#955 = EDGE_CURVE('',#956,#948,#958,.T.);
#956 = VERTEX_POINT('',#957);
#957 = CARTESIAN_POINT('',(36.16,-0.35,1.15));
#958 = CIRCLE('',#959,0.6);
#959 = AXIS2_PLACEMENT_3D('',#960,#961,#962);
#960 = CARTESIAN_POINT('',(35.56,-0.35,1.15));
#961 = DIRECTION('',(-0.,1.,2.22044604925E-16));
#962 = DIRECTION('',(1.,0.,0.));
#963 = ORIENTED_EDGE('',*,*,#964,.F.);
#964 = EDGE_CURVE('',#965,#956,#967,.T.);
#965 = VERTEX_POINT('',#966);
#966 = CARTESIAN_POINT('',(35.21,-0.35,0.66266028276));
#967 = CIRCLE('',#968,0.6);
#968 = AXIS2_PLACEMENT_3D('',#969,#970,#971);
#969 = CARTESIAN_POINT('',(35.56,-0.35,1.15));
#970 = DIRECTION('',(-0.,1.,2.22044604925E-16));
#971 = DIRECTION('',(1.,0.,0.));
#972 = ORIENTED_EDGE('',*,*,#973,.F.);
#973 = EDGE_CURVE('',#974,#965,#976,.T.);
#974 = VERTEX_POINT('',#975);
#975 = CARTESIAN_POINT('',(35.21,-0.35,0.));
#976 = LINE('',#977,#978);
#977 = CARTESIAN_POINT('',(35.21,-0.35,-6.));
#978 = VECTOR('',#979,1.);
#979 = DIRECTION('',(0.,0.,1.));
#980 = ORIENTED_EDGE('',*,*,#981,.F.);
#981 = EDGE_CURVE('',#982,#974,#984,.T.);
#982 = VERTEX_POINT('',#983);
#983 = CARTESIAN_POINT('',(33.37,-0.35,0.));
#984 = LINE('',#985,#986);
#985 = CARTESIAN_POINT('',(-1.28,-0.35,0.));
#986 = VECTOR('',#987,1.);
#987 = DIRECTION('',(1.,0.,0.));
#988 = ORIENTED_EDGE('',*,*,#989,.T.);
#989 = EDGE_CURVE('',#982,#990,#992,.T.);
#990 = VERTEX_POINT('',#991);
#991 = CARTESIAN_POINT('',(33.37,-0.35,0.66266028276));
#992 = LINE('',#993,#994);
#993 = CARTESIAN_POINT('',(33.37,-0.35,-6.));
#994 = VECTOR('',#995,1.);
#995 = DIRECTION('',(0.,0.,1.));
#996 = ORIENTED_EDGE('',*,*,#997,.F.);
#997 = EDGE_CURVE('',#998,#990,#1000,.T.);
#998 = VERTEX_POINT('',#999);
#999 = CARTESIAN_POINT('',(33.62,-0.35,1.15));
#1000 = CIRCLE('',#1001,0.6);
#1001 = AXIS2_PLACEMENT_3D('',#1002,#1003,#1004);
#1002 = CARTESIAN_POINT('',(33.02,-0.35,1.15));
#1003 = DIRECTION('',(-0.,1.,2.22044604925E-16));
#1004 = DIRECTION('',(1.,0.,0.));
#1005 = ORIENTED_EDGE('',*,*,#1006,.F.);
#1006 = EDGE_CURVE('',#1007,#998,#1009,.T.);
#1007 = VERTEX_POINT('',#1008);
#1008 = CARTESIAN_POINT('',(32.67,-0.35,0.66266028276));
#1009 = CIRCLE('',#1010,0.6);
#1010 = AXIS2_PLACEMENT_3D('',#1011,#1012,#1013);
#1011 = CARTESIAN_POINT('',(33.02,-0.35,1.15));
#1012 = DIRECTION('',(-0.,1.,2.22044604925E-16));
#1013 = DIRECTION('',(1.,0.,0.));
#1014 = ORIENTED_EDGE('',*,*,#1015,.F.);
#1015 = EDGE_CURVE('',#647,#1007,#1016,.T.);
#1016 = LINE('',#1017,#1018);
#1017 = CARTESIAN_POINT('',(32.67,-0.35,-6.));
#1018 = VECTOR('',#1019,1.);
#1019 = DIRECTION('',(0.,0.,1.));
#1020 = FACE_BOUND('',#1021,.T.);
#1021 = EDGE_LOOP('',(#1022,#1033,#1041,#1050,#1058));
#1022 = ORIENTED_EDGE('',*,*,#1023,.F.);
#1023 = EDGE_CURVE('',#1024,#1026,#1028,.T.);
#1024 = VERTEX_POINT('',#1025);
#1025 = CARTESIAN_POINT('',(7.72,-0.35,11.1));
#1026 = VERTEX_POINT('',#1027);
#1027 = CARTESIAN_POINT('',(9.92,-0.35,8.9));
#1028 = CIRCLE('',#1029,2.2);
#1029 = AXIS2_PLACEMENT_3D('',#1030,#1031,#1032);
#1030 = CARTESIAN_POINT('',(7.72,-0.35,8.9));
#1031 = DIRECTION('',(-0.,1.,2.22044604925E-16));
#1032 = DIRECTION('',(1.,0.,0.));
#1033 = ORIENTED_EDGE('',*,*,#1034,.F.);
#1034 = EDGE_CURVE('',#1035,#1024,#1037,.T.);
#1035 = VERTEX_POINT('',#1036);
#1036 = CARTESIAN_POINT('',(1.32,-0.35,11.1));
#1037 = LINE('',#1038,#1039);
#1038 = CARTESIAN_POINT('',(1.32,-0.35,11.1));
#1039 = VECTOR('',#1040,1.);
#1040 = DIRECTION('',(1.,0.,0.));
#1041 = ORIENTED_EDGE('',*,*,#1042,.F.);
#1042 = EDGE_CURVE('',#1043,#1035,#1045,.T.);
#1043 = VERTEX_POINT('',#1044);
#1044 = CARTESIAN_POINT('',(1.32,-0.35,6.7));
#1045 = CIRCLE('',#1046,2.2);
#1046 = AXIS2_PLACEMENT_3D('',#1047,#1048,#1049);
#1047 = CARTESIAN_POINT('',(1.32,-0.35,8.9));
#1048 = DIRECTION('',(0.,1.,-2.22044604925E-16));
#1049 = DIRECTION('',(1.,0.,0.));
#1050 = ORIENTED_EDGE('',*,*,#1051,.T.);
#1051 = EDGE_CURVE('',#1043,#1052,#1054,.T.);
#1052 = VERTEX_POINT('',#1053);
#1053 = CARTESIAN_POINT('',(7.72,-0.35,6.7));
#1054 = LINE('',#1055,#1056);
#1055 = CARTESIAN_POINT('',(1.32,-0.35,6.7));
#1056 = VECTOR('',#1057,1.);
#1057 = DIRECTION('',(1.,0.,0.));
#1058 = ORIENTED_EDGE('',*,*,#1059,.F.);
#1059 = EDGE_CURVE('',#1026,#1052,#1060,.T.);
#1060 = CIRCLE('',#1061,2.2);
#1061 = AXIS2_PLACEMENT_3D('',#1062,#1063,#1064);
#1062 = CARTESIAN_POINT('',(7.72,-0.35,8.9));
#1063 = DIRECTION('',(-0.,1.,2.22044604925E-16));
#1064 = DIRECTION('',(1.,0.,0.));
#1065 = PLANE('',#1066);
#1066 = AXIS2_PLACEMENT_3D('',#1067,#1068,#1069);
#1067 = CARTESIAN_POINT('',(-1.28,-0.35,0.));
#1068 = DIRECTION('',(0.,1.,0.));
#1069 = DIRECTION('',(0.,0.,1.));
#1070 = ADVANCED_FACE('',(#1071,#1074),#1108,.F.);
#1071 = FACE_BOUND('',#1072,.F.);
#1072 = EDGE_LOOP('',(#1073));
#1073 = ORIENTED_EDGE('',*,*,#453,.T.);
#1074 = FACE_BOUND('',#1075,.F.);
#1075 = EDGE_LOOP('',(#1076,#1086,#1094,#1102));
#1076 = ORIENTED_EDGE('',*,*,#1077,.F.);
#1077 = EDGE_CURVE('',#1078,#1080,#1082,.T.);
#1078 = VERTEX_POINT('',#1079);
#1079 = CARTESIAN_POINT('',(7.97,-1.56,0.8));
#1080 = VERTEX_POINT('',#1081);
#1081 = CARTESIAN_POINT('',(7.27,-1.56,0.8));
#1082 = LINE('',#1083,#1084);
#1083 = CARTESIAN_POINT('',(7.445,-1.56,0.8));
#1084 = VECTOR('',#1085,1.);
#1085 = DIRECTION('',(-1.,0.,0.));
#1086 = ORIENTED_EDGE('',*,*,#1087,.T.);
#1087 = EDGE_CURVE('',#1078,#1088,#1090,.T.);
#1088 = VERTEX_POINT('',#1089);
#1089 = CARTESIAN_POINT('',(7.97,-1.56,1.5));
#1090 = LINE('',#1091,#1092);
#1091 = CARTESIAN_POINT('',(7.97,-1.56,-0.247789635457));
#1092 = VECTOR('',#1093,1.);
#1093 = DIRECTION('',(-3.154595965558E-33,-2.22044604925E-16,1.));
#1094 = ORIENTED_EDGE('',*,*,#1095,.T.);
#1095 = EDGE_CURVE('',#1088,#1096,#1098,.T.);
#1096 = VERTEX_POINT('',#1097);
#1097 = CARTESIAN_POINT('',(7.27,-1.56,1.5));
#1098 = LINE('',#1099,#1100);
#1099 = CARTESIAN_POINT('',(7.62,-1.56,1.5));
#1100 = VECTOR('',#1101,1.);
#1101 = DIRECTION('',(-1.,8.080404091159E-46,-3.639090485395E-30));
#1102 = ORIENTED_EDGE('',*,*,#1103,.T.);
#1103 = EDGE_CURVE('',#1096,#1080,#1104,.T.);
#1104 = LINE('',#1105,#1106);
#1105 = CARTESIAN_POINT('',(7.27,-1.56,-0.247789635457));
#1106 = VECTOR('',#1107,1.);
#1107 = DIRECTION('',(1.718979804377E-32,2.22044604925E-16,-1.));
#1108 = PLANE('',#1109);
#1109 = AXIS2_PLACEMENT_3D('',#1110,#1111,#1112);
#1110 = CARTESIAN_POINT('',(7.62,-1.56,1.15));
#1111 = DIRECTION('',(0.,1.,2.22044604925E-16));
#1112 = DIRECTION('',(1.,0.,0.));
#1113 = ADVANCED_FACE('',(#1114,#1117),#1151,.F.);
#1114 = FACE_BOUND('',#1115,.F.);
#1115 = EDGE_LOOP('',(#1116));
#1116 = ORIENTED_EDGE('',*,*,#478,.T.);
#1117 = FACE_BOUND('',#1118,.F.);
#1118 = EDGE_LOOP('',(#1119,#1129,#1137,#1145));
#1119 = ORIENTED_EDGE('',*,*,#1120,.F.);
#1120 = EDGE_CURVE('',#1121,#1123,#1125,.T.);
#1121 = VERTEX_POINT('',#1122);
#1122 = CARTESIAN_POINT('',(5.43,-1.56,0.8));
#1123 = VERTEX_POINT('',#1124);
#1124 = CARTESIAN_POINT('',(4.73,-1.56,0.8));
#1125 = LINE('',#1126,#1127);
#1126 = CARTESIAN_POINT('',(4.905,-1.56,0.8));
#1127 = VECTOR('',#1128,1.);
#1128 = DIRECTION('',(-1.,0.,0.));
#1129 = ORIENTED_EDGE('',*,*,#1130,.T.);
#1130 = EDGE_CURVE('',#1121,#1131,#1133,.T.);
#1131 = VERTEX_POINT('',#1132);
#1132 = CARTESIAN_POINT('',(5.43,-1.56,1.5));
#1133 = LINE('',#1134,#1135);
#1134 = CARTESIAN_POINT('',(5.43,-1.56,-0.247789635457));
#1135 = VECTOR('',#1136,1.);
#1136 = DIRECTION('',(-3.154595965558E-33,-2.22044604925E-16,1.));
#1137 = ORIENTED_EDGE('',*,*,#1138,.T.);
#1138 = EDGE_CURVE('',#1131,#1139,#1141,.T.);
#1139 = VERTEX_POINT('',#1140);
#1140 = CARTESIAN_POINT('',(4.73,-1.56,1.5));
#1141 = LINE('',#1142,#1143);
#1142 = CARTESIAN_POINT('',(5.08,-1.56,1.5));
#1143 = VECTOR('',#1144,1.);
#1144 = DIRECTION('',(-1.,8.080404091159E-46,-3.639090485395E-30));
#1145 = ORIENTED_EDGE('',*,*,#1146,.T.);
#1146 = EDGE_CURVE('',#1139,#1123,#1147,.T.);
#1147 = LINE('',#1148,#1149);
#1148 = CARTESIAN_POINT('',(4.73,-1.56,-0.247789635457));
#1149 = VECTOR('',#1150,1.);
#1150 = DIRECTION('',(1.718979804377E-32,2.22044604925E-16,-1.));
#1151 = PLANE('',#1152);
#1152 = AXIS2_PLACEMENT_3D('',#1153,#1154,#1155);
#1153 = CARTESIAN_POINT('',(5.08,-1.56,1.15));
#1154 = DIRECTION('',(0.,1.,2.22044604925E-16));
#1155 = DIRECTION('',(1.,0.,0.));
#1156 = ADVANCED_FACE('',(#1157,#1160),#1194,.F.);
#1157 = FACE_BOUND('',#1158,.F.);
#1158 = EDGE_LOOP('',(#1159));
#1159 = ORIENTED_EDGE('',*,*,#503,.T.);
#1160 = FACE_BOUND('',#1161,.F.);
#1161 = EDGE_LOOP('',(#1162,#1172,#1180,#1188));
#1162 = ORIENTED_EDGE('',*,*,#1163,.F.);
#1163 = EDGE_CURVE('',#1164,#1166,#1168,.T.);
#1164 = VERTEX_POINT('',#1165);
#1165 = CARTESIAN_POINT('',(2.89,-1.56,0.8));
#1166 = VERTEX_POINT('',#1167);
#1167 = CARTESIAN_POINT('',(2.19,-1.56,0.8));
#1168 = LINE('',#1169,#1170);
#1169 = CARTESIAN_POINT('',(2.365,-1.56,0.8));
#1170 = VECTOR('',#1171,1.);
#1171 = DIRECTION('',(-1.,0.,0.));
#1172 = ORIENTED_EDGE('',*,*,#1173,.T.);
#1173 = EDGE_CURVE('',#1164,#1174,#1176,.T.);
#1174 = VERTEX_POINT('',#1175);
#1175 = CARTESIAN_POINT('',(2.89,-1.56,1.5));
#1176 = LINE('',#1177,#1178);
#1177 = CARTESIAN_POINT('',(2.89,-1.56,-0.247789635457));
#1178 = VECTOR('',#1179,1.);
#1179 = DIRECTION('',(-3.154595965558E-33,-2.22044604925E-16,1.));
#1180 = ORIENTED_EDGE('',*,*,#1181,.T.);
#1181 = EDGE_CURVE('',#1174,#1182,#1184,.T.);
#1182 = VERTEX_POINT('',#1183);
#1183 = CARTESIAN_POINT('',(2.19,-1.56,1.5));
#1184 = LINE('',#1185,#1186);
#1185 = CARTESIAN_POINT('',(2.54,-1.56,1.5));
#1186 = VECTOR('',#1187,1.);
#1187 = DIRECTION('',(-1.,8.080404091159E-46,-3.639090485395E-30));
#1188 = ORIENTED_EDGE('',*,*,#1189,.T.);
#1189 = EDGE_CURVE('',#1182,#1166,#1190,.T.);
#1190 = LINE('',#1191,#1192);
#1191 = CARTESIAN_POINT('',(2.19,-1.56,-0.247789635457));
#1192 = VECTOR('',#1193,1.);
#1193 = DIRECTION('',(1.718979804377E-32,2.22044604925E-16,-1.));
#1194 = PLANE('',#1195);
#1195 = AXIS2_PLACEMENT_3D('',#1196,#1197,#1198);
#1196 = CARTESIAN_POINT('',(2.54,-1.56,1.15));
#1197 = DIRECTION('',(0.,1.,2.22044604925E-16));
#1198 = DIRECTION('',(1.,0.,0.));
#1199 = ADVANCED_FACE('',(#1200,#1203),#1237,.F.);
#1200 = FACE_BOUND('',#1201,.F.);
#1201 = EDGE_LOOP('',(#1202));
#1202 = ORIENTED_EDGE('',*,*,#528,.T.);
#1203 = FACE_BOUND('',#1204,.F.);
#1204 = EDGE_LOOP('',(#1205,#1215,#1223,#1231));
#1205 = ORIENTED_EDGE('',*,*,#1206,.F.);
#1206 = EDGE_CURVE('',#1207,#1209,#1211,.T.);
#1207 = VERTEX_POINT('',#1208);
#1208 = CARTESIAN_POINT('',(40.99,-1.56,0.8));
#1209 = VERTEX_POINT('',#1210);
#1210 = CARTESIAN_POINT('',(40.29,-1.56,0.8));
#1211 = LINE('',#1212,#1213);
#1212 = CARTESIAN_POINT('',(40.465,-1.56,0.8));
#1213 = VECTOR('',#1214,1.);
#1214 = DIRECTION('',(-1.,0.,0.));
#1215 = ORIENTED_EDGE('',*,*,#1216,.T.);
#1216 = EDGE_CURVE('',#1207,#1217,#1219,.T.);
#1217 = VERTEX_POINT('',#1218);
#1218 = CARTESIAN_POINT('',(40.99,-1.56,1.5));
#1219 = LINE('',#1220,#1221);
#1220 = CARTESIAN_POINT('',(40.99,-1.56,-0.247789635457));
#1221 = VECTOR('',#1222,1.);
#1222 = DIRECTION('',(1.851605172125E-32,-2.22044604925E-16,1.));
#1223 = ORIENTED_EDGE('',*,*,#1224,.T.);
#1224 = EDGE_CURVE('',#1217,#1225,#1227,.T.);
#1225 = VERTEX_POINT('',#1226);
#1226 = CARTESIAN_POINT('',(40.29,-1.56,1.5));
#1227 = LINE('',#1228,#1229);
#1228 = CARTESIAN_POINT('',(40.64,-1.56,1.5));
#1229 = VECTOR('',#1230,1.);
#1230 = DIRECTION('',(-1.,8.080404091159E-46,-3.639090485395E-30));
#1231 = ORIENTED_EDGE('',*,*,#1232,.T.);
#1232 = EDGE_CURVE('',#1225,#1209,#1233,.T.);
#1233 = LINE('',#1234,#1235);
#1234 = CARTESIAN_POINT('',(40.29,-1.56,-0.247789635457));
#1235 = VECTOR('',#1236,1.);
#1236 = DIRECTION('',(1.718979804377E-32,2.22044604925E-16,-1.));
#1237 = PLANE('',#1238);
#1238 = AXIS2_PLACEMENT_3D('',#1239,#1240,#1241);
#1239 = CARTESIAN_POINT('',(40.64,-1.56,1.15));
#1240 = DIRECTION('',(0.,1.,2.22044604925E-16));
#1241 = DIRECTION('',(1.,0.,0.));
#1242 = ADVANCED_FACE('',(#1243,#1246),#1280,.F.);
#1243 = FACE_BOUND('',#1244,.F.);
#1244 = EDGE_LOOP('',(#1245));
#1245 = ORIENTED_EDGE('',*,*,#553,.T.);
#1246 = FACE_BOUND('',#1247,.F.);
#1247 = EDGE_LOOP('',(#1248,#1258,#1266,#1274));
#1248 = ORIENTED_EDGE('',*,*,#1249,.F.);
#1249 = EDGE_CURVE('',#1250,#1252,#1254,.T.);
#1250 = VERTEX_POINT('',#1251);
#1251 = CARTESIAN_POINT('',(38.45,-1.56,0.8));
#1252 = VERTEX_POINT('',#1253);
#1253 = CARTESIAN_POINT('',(37.75,-1.56,0.8));
#1254 = LINE('',#1255,#1256);
#1255 = CARTESIAN_POINT('',(37.925,-1.56,0.8));
#1256 = VECTOR('',#1257,1.);
#1257 = DIRECTION('',(-1.,0.,0.));
#1258 = ORIENTED_EDGE('',*,*,#1259,.T.);
#1259 = EDGE_CURVE('',#1250,#1260,#1262,.T.);
#1260 = VERTEX_POINT('',#1261);
#1261 = CARTESIAN_POINT('',(38.45,-1.56,1.5));
#1262 = LINE('',#1263,#1264);
#1263 = CARTESIAN_POINT('',(38.45,-1.56,-0.247789635457));
#1264 = VECTOR('',#1265,1.);
#1265 = DIRECTION('',(-3.154595965558E-33,-2.22044604925E-16,1.));
#1266 = ORIENTED_EDGE('',*,*,#1267,.T.);
#1267 = EDGE_CURVE('',#1260,#1268,#1270,.T.);
#1268 = VERTEX_POINT('',#1269);
#1269 = CARTESIAN_POINT('',(37.75,-1.56,1.5));
#1270 = LINE('',#1271,#1272);
#1271 = CARTESIAN_POINT('',(38.1,-1.56,1.5));
#1272 = VECTOR('',#1273,1.);
#1273 = DIRECTION('',(-1.,8.080404091159E-46,-3.639090485395E-30));
#1274 = ORIENTED_EDGE('',*,*,#1275,.T.);
#1275 = EDGE_CURVE('',#1268,#1252,#1276,.T.);
#1276 = LINE('',#1277,#1278);
#1277 = CARTESIAN_POINT('',(37.75,-1.56,-0.247789635457));
#1278 = VECTOR('',#1279,1.);
#1279 = DIRECTION('',(1.718979804377E-32,2.22044604925E-16,-1.));
#1280 = PLANE('',#1281);
#1281 = AXIS2_PLACEMENT_3D('',#1282,#1283,#1284);
#1282 = CARTESIAN_POINT('',(38.1,-1.56,1.15));
#1283 = DIRECTION('',(0.,1.,2.22044604925E-16));
#1284 = DIRECTION('',(1.,0.,0.));
#1285 = ADVANCED_FACE('',(#1286,#1289),#1323,.F.);
#1286 = FACE_BOUND('',#1287,.F.);
#1287 = EDGE_LOOP('',(#1288));
#1288 = ORIENTED_EDGE('',*,*,#578,.T.);
#1289 = FACE_BOUND('',#1290,.F.);
#1290 = EDGE_LOOP('',(#1291,#1301,#1309,#1317));
#1291 = ORIENTED_EDGE('',*,*,#1292,.F.);
#1292 = EDGE_CURVE('',#1293,#1295,#1297,.T.);
#1293 = VERTEX_POINT('',#1294);
#1294 = CARTESIAN_POINT('',(33.37,-1.56,0.8));
#1295 = VERTEX_POINT('',#1296);
#1296 = CARTESIAN_POINT('',(32.67,-1.56,0.8));
#1297 = LINE('',#1298,#1299);
#1298 = CARTESIAN_POINT('',(32.845,-1.56,0.8));
#1299 = VECTOR('',#1300,1.);
#1300 = DIRECTION('',(-1.,0.,0.));
#1301 = ORIENTED_EDGE('',*,*,#1302,.T.);
#1302 = EDGE_CURVE('',#1293,#1303,#1305,.T.);
#1303 = VERTEX_POINT('',#1304);
#1304 = CARTESIAN_POINT('',(33.37,-1.56,1.5));
#1305 = LINE('',#1306,#1307);
#1306 = CARTESIAN_POINT('',(33.37,-1.56,-0.247789635457));
#1307 = VECTOR('',#1308,1.);
#1308 = DIRECTION('',(-3.154595965558E-33,-2.22044604925E-16,1.));
#1309 = ORIENTED_EDGE('',*,*,#1310,.T.);
#1310 = EDGE_CURVE('',#1303,#1311,#1313,.T.);
#1311 = VERTEX_POINT('',#1312);
#1312 = CARTESIAN_POINT('',(32.67,-1.56,1.5));
#1313 = LINE('',#1314,#1315);
#1314 = CARTESIAN_POINT('',(33.02,-1.56,1.5));
#1315 = VECTOR('',#1316,1.);
#1316 = DIRECTION('',(-1.,8.080404091159E-46,-3.639090485395E-30));
#1317 = ORIENTED_EDGE('',*,*,#1318,.T.);
#1318 = EDGE_CURVE('',#1311,#1295,#1319,.T.);
#1319 = LINE('',#1320,#1321);
#1320 = CARTESIAN_POINT('',(32.67,-1.56,-0.247789635457));
#1321 = VECTOR('',#1322,1.);
#1322 = DIRECTION('',(1.718979804377E-32,2.22044604925E-16,-1.));
#1323 = PLANE('',#1324);
#1324 = AXIS2_PLACEMENT_3D('',#1325,#1326,#1327);
#1325 = CARTESIAN_POINT('',(33.02,-1.56,1.15));
#1326 = DIRECTION('',(0.,1.,2.22044604925E-16));
#1327 = DIRECTION('',(1.,0.,0.));
#1328 = ADVANCED_FACE('',(#1329,#1332),#1366,.F.);
#1329 = FACE_BOUND('',#1330,.F.);
#1330 = EDGE_LOOP('',(#1331));
#1331 = ORIENTED_EDGE('',*,*,#603,.T.);
#1332 = FACE_BOUND('',#1333,.F.);
#1333 = EDGE_LOOP('',(#1334,#1344,#1352,#1360));
#1334 = ORIENTED_EDGE('',*,*,#1335,.F.);
#1335 = EDGE_CURVE('',#1336,#1338,#1340,.T.);
#1336 = VERTEX_POINT('',#1337);
#1337 = CARTESIAN_POINT('',(35.91,-1.56,0.8));
#1338 = VERTEX_POINT('',#1339);
#1339 = CARTESIAN_POINT('',(35.21,-1.56,0.8));
#1340 = LINE('',#1341,#1342);
#1341 = CARTESIAN_POINT('',(35.385,-1.56,0.8));
#1342 = VECTOR('',#1343,1.);
#1343 = DIRECTION('',(-1.,0.,0.));
#1344 = ORIENTED_EDGE('',*,*,#1345,.T.);
#1345 = EDGE_CURVE('',#1336,#1346,#1348,.T.);
#1346 = VERTEX_POINT('',#1347);
#1347 = CARTESIAN_POINT('',(35.91,-1.56,1.5));
#1348 = LINE('',#1349,#1350);
#1349 = CARTESIAN_POINT('',(35.91,-1.56,-0.247789635457));
#1350 = VECTOR('',#1351,1.);
#1351 = DIRECTION('',(-3.154595965558E-33,-2.22044604925E-16,1.));
#1352 = ORIENTED_EDGE('',*,*,#1353,.T.);
#1353 = EDGE_CURVE('',#1346,#1354,#1356,.T.);
#1354 = VERTEX_POINT('',#1355);
#1355 = CARTESIAN_POINT('',(35.21,-1.56,1.5));
#1356 = LINE('',#1357,#1358);
#1357 = CARTESIAN_POINT('',(35.56,-1.56,1.5));
#1358 = VECTOR('',#1359,1.);
#1359 = DIRECTION('',(-1.,8.080404091159E-46,-3.639090485395E-30));
#1360 = ORIENTED_EDGE('',*,*,#1361,.T.);
#1361 = EDGE_CURVE('',#1354,#1338,#1362,.T.);
#1362 = LINE('',#1363,#1364);
#1363 = CARTESIAN_POINT('',(35.21,-1.56,-0.247789635457));
#1364 = VECTOR('',#1365,1.);
#1365 = DIRECTION('',(1.718979804377E-32,2.22044604925E-16,-1.));
#1366 = PLANE('',#1367);
#1367 = AXIS2_PLACEMENT_3D('',#1368,#1369,#1370);
#1368 = CARTESIAN_POINT('',(35.56,-1.56,1.15));
#1369 = DIRECTION('',(0.,1.,2.22044604925E-16));
#1370 = DIRECTION('',(1.,0.,0.));
#1371 = ADVANCED_FACE('',(#1372,#1375),#1409,.F.);
#1372 = FACE_BOUND('',#1373,.F.);
#1373 = EDGE_LOOP('',(#1374));
#1374 = ORIENTED_EDGE('',*,*,#628,.T.);
#1375 = FACE_BOUND('',#1376,.F.);
#1376 = EDGE_LOOP('',(#1377,#1387,#1395,#1403));
#1377 = ORIENTED_EDGE('',*,*,#1378,.F.);
#1378 = EDGE_CURVE('',#1379,#1381,#1383,.T.);
#1379 = VERTEX_POINT('',#1380);
#1380 = CARTESIAN_POINT('',(0.35,-1.56,0.8));
#1381 = VERTEX_POINT('',#1382);
#1382 = CARTESIAN_POINT('',(-0.35,-1.56,0.8));
#1383 = LINE('',#1384,#1385);
#1384 = CARTESIAN_POINT('',(-0.175,-1.56,0.8));
#1385 = VECTOR('',#1386,1.);
#1386 = DIRECTION('',(-1.,0.,0.));
#1387 = ORIENTED_EDGE('',*,*,#1388,.T.);
#1388 = EDGE_CURVE('',#1379,#1389,#1391,.T.);
#1389 = VERTEX_POINT('',#1390);
#1390 = CARTESIAN_POINT('',(0.35,-1.56,1.5));
#1391 = LINE('',#1392,#1393);
#1392 = CARTESIAN_POINT('',(0.35,-1.56,-0.247789635457));
#1393 = VECTOR('',#1394,1.);
#1394 = DIRECTION('',(0.,2.22044604925E-16,1.));
#1395 = ORIENTED_EDGE('',*,*,#1396,.T.);
#1396 = EDGE_CURVE('',#1389,#1397,#1399,.T.);
#1397 = VERTEX_POINT('',#1398);
#1398 = CARTESIAN_POINT('',(-0.35,-1.56,1.5));
#1399 = LINE('',#1400,#1401);
#1400 = CARTESIAN_POINT('',(2.22044604925E-16,-1.56,1.5));
#1401 = VECTOR('',#1402,1.);
#1402 = DIRECTION('',(-1.,0.,0.));
#1403 = ORIENTED_EDGE('',*,*,#1404,.T.);
#1404 = EDGE_CURVE('',#1397,#1381,#1405,.T.);
#1405 = LINE('',#1406,#1407);
#1406 = CARTESIAN_POINT('',(-0.35,-1.56,-0.247789635457));
#1407 = VECTOR('',#1408,1.);
#1408 = DIRECTION('',(-0.,-2.22044604925E-16,-1.));
#1409 = PLANE('',#1410);
#1410 = AXIS2_PLACEMENT_3D('',#1411,#1412,#1413);
#1411 = CARTESIAN_POINT('',(0.,-1.56,1.15));
#1412 = DIRECTION('',(0.,1.,-2.22044604925E-16));
#1413 = DIRECTION('',(1.,0.,0.));
#1414 = ADVANCED_FACE('',(#1415),#1431,.F.);
#1415 = FACE_BOUND('',#1416,.F.);
#1416 = EDGE_LOOP('',(#1417,#1423,#1424,#1430));
#1417 = ORIENTED_EDGE('',*,*,#1418,.F.);
#1418 = EDGE_CURVE('',#663,#73,#1419,.T.);
#1419 = LINE('',#1420,#1421);
#1420 = CARTESIAN_POINT('',(10.39,-0.35,10.));
#1421 = VECTOR('',#1422,1.);
#1422 = DIRECTION('',(0.,1.,0.));
#1423 = ORIENTED_EDGE('',*,*,#670,.F.);
#1424 = ORIENTED_EDGE('',*,*,#1425,.T.);
#1425 = EDGE_CURVE('',#671,#22,#1426,.T.);
#1426 = LINE('',#1427,#1428);
#1427 = CARTESIAN_POINT('',(10.39,-0.35,0.));
#1428 = VECTOR('',#1429,1.);
#1429 = DIRECTION('',(0.,1.,0.));
#1430 = ORIENTED_EDGE('',*,*,#81,.T.);
#1431 = PLANE('',#1432);
#1432 = AXIS2_PLACEMENT_3D('',#1433,#1434,#1435);
#1433 = CARTESIAN_POINT('',(10.39,-0.35,0.));
#1434 = DIRECTION('',(1.,0.,0.));
#1435 = DIRECTION('',(0.,0.,1.));
#1436 = ADVANCED_FACE('',(#1437),#1460,.T.);
#1437 = FACE_BOUND('',#1438,.T.);
#1438 = EDGE_LOOP('',(#1439,#1447,#1448,#1454));
#1439 = ORIENTED_EDGE('',*,*,#1440,.F.);
#1440 = EDGE_CURVE('',#655,#1441,#1443,.T.);
#1441 = VERTEX_POINT('',#1442);
#1442 = CARTESIAN_POINT('',(31.39,1.25,10.));
#1443 = LINE('',#1444,#1445);
#1444 = CARTESIAN_POINT('',(31.39,-0.35,10.));
#1445 = VECTOR('',#1446,1.);
#1446 = DIRECTION('',(0.,1.,0.));
#1447 = ORIENTED_EDGE('',*,*,#654,.F.);
#1448 = ORIENTED_EDGE('',*,*,#1449,.T.);
#1449 = EDGE_CURVE('',#645,#33,#1450,.T.);
#1450 = LINE('',#1451,#1452);
#1451 = CARTESIAN_POINT('',(31.39,-0.35,0.));
#1452 = VECTOR('',#1453,1.);
#1453 = DIRECTION('',(0.,1.,0.));
#1454 = ORIENTED_EDGE('',*,*,#1455,.T.);
#1455 = EDGE_CURVE('',#33,#1441,#1456,.T.);
#1456 = LINE('',#1457,#1458);
#1457 = CARTESIAN_POINT('',(31.39,1.25,0.));
#1458 = VECTOR('',#1459,1.);
#1459 = DIRECTION('',(0.,0.,1.));
#1460 = PLANE('',#1461);
#1461 = AXIS2_PLACEMENT_3D('',#1462,#1463,#1464);
#1462 = CARTESIAN_POINT('',(31.39,-0.35,0.));
#1463 = DIRECTION('',(1.,0.,0.));
#1464 = DIRECTION('',(0.,0.,1.));
#1465 = ADVANCED_FACE('',(#1466),#1524,.T.);
#1466 = FACE_BOUND('',#1467,.T.);
#1467 = EDGE_LOOP('',(#1468,#1478,#1486,#1495,#1503,#1511,#1517,#1518));
#1468 = ORIENTED_EDGE('',*,*,#1469,.F.);
#1469 = EDGE_CURVE('',#1470,#1472,#1474,.T.);
#1470 = VERTEX_POINT('',#1471);
#1471 = CARTESIAN_POINT('',(32.67,-0.34,1.5));
#1472 = VERTEX_POINT('',#1473);
#1473 = CARTESIAN_POINT('',(32.67,-0.34,0.66266028276));
#1474 = LINE('',#1475,#1476);
#1475 = CARTESIAN_POINT('',(32.67,-0.34,-0.247789635457));
#1476 = VECTOR('',#1477,1.);
#1477 = DIRECTION('',(1.718979804377E-32,2.22044604925E-16,-1.));
#1478 = ORIENTED_EDGE('',*,*,#1479,.T.);
#1479 = EDGE_CURVE('',#1470,#1480,#1482,.T.);
#1480 = VERTEX_POINT('',#1481);
#1481 = CARTESIAN_POINT('',(32.67,-0.25,1.5));
#1482 = LINE('',#1483,#1484);
#1483 = CARTESIAN_POINT('',(32.67,-2.15,1.5));
#1484 = VECTOR('',#1485,1.);
#1485 = DIRECTION('',(0.,1.,0.));
#1486 = ORIENTED_EDGE('',*,*,#1487,.T.);
#1487 = EDGE_CURVE('',#1480,#1488,#1490,.T.);
#1488 = VERTEX_POINT('',#1489);
#1489 = CARTESIAN_POINT('',(32.67,0.35,0.9));
#1490 = CIRCLE('',#1491,0.6);
#1491 = AXIS2_PLACEMENT_3D('',#1492,#1493,#1494);
#1492 = CARTESIAN_POINT('',(32.67,-0.25,0.9));
#1493 = DIRECTION('',(-1.,0.,0.));
#1494 = DIRECTION('',(0.,0.,1.));
#1495 = ORIENTED_EDGE('',*,*,#1496,.F.);
#1496 = EDGE_CURVE('',#1497,#1488,#1499,.T.);
#1497 = VERTEX_POINT('',#1498);
#1498 = CARTESIAN_POINT('',(32.67,0.35,-5.8));
#1499 = LINE('',#1500,#1501);
#1500 = CARTESIAN_POINT('',(32.67,0.35,-6.));
#1501 = VECTOR('',#1502,1.);
#1502 = DIRECTION('',(0.,0.,1.));
#1503 = ORIENTED_EDGE('',*,*,#1504,.F.);
#1504 = EDGE_CURVE('',#1505,#1497,#1507,.T.);
#1505 = VERTEX_POINT('',#1506);
#1506 = CARTESIAN_POINT('',(32.67,-0.35,-5.8));
#1507 = LINE('',#1508,#1509);
#1508 = CARTESIAN_POINT('',(32.67,-0.35,-5.8));
#1509 = VECTOR('',#1510,1.);
#1510 = DIRECTION('',(0.,1.,0.));
#1511 = ORIENTED_EDGE('',*,*,#1512,.T.);
#1512 = EDGE_CURVE('',#1505,#647,#1513,.T.);
#1513 = LINE('',#1514,#1515);
#1514 = CARTESIAN_POINT('',(32.67,-0.35,-6.));
#1515 = VECTOR('',#1516,1.);
#1516 = DIRECTION('',(0.,0.,1.));
#1517 = ORIENTED_EDGE('',*,*,#1015,.T.);
#1518 = ORIENTED_EDGE('',*,*,#1519,.T.);
#1519 = EDGE_CURVE('',#1007,#1472,#1520,.T.);
#1520 = LINE('',#1521,#1522);
#1521 = CARTESIAN_POINT('',(32.67,-1.56,0.66266028276));
#1522 = VECTOR('',#1523,1.);
#1523 = DIRECTION('',(0.,1.,2.22044604925E-16));
#1524 = PLANE('',#1525);
#1525 = AXIS2_PLACEMENT_3D('',#1526,#1527,#1528);
#1526 = CARTESIAN_POINT('',(32.67,-0.260155781538,-1.645579270915));
#1527 = DIRECTION('',(-1.,6.673514125191E-32,-1.718979804377E-32));
#1528 = DIRECTION('',(-6.673514125191E-32,-1.,0.));
#1529 = ADVANCED_FACE('',(#1530),#1553,.F.);
#1530 = FACE_BOUND('',#1531,.F.);
#1531 = EDGE_LOOP('',(#1532,#1540,#1546,#1547));
#1532 = ORIENTED_EDGE('',*,*,#1533,.F.);
#1533 = EDGE_CURVE('',#1534,#982,#1536,.T.);
#1534 = VERTEX_POINT('',#1535);
#1535 = CARTESIAN_POINT('',(33.37,-0.35,-5.8));
#1536 = LINE('',#1537,#1538);
#1537 = CARTESIAN_POINT('',(33.37,-0.35,-6.));
#1538 = VECTOR('',#1539,1.);
#1539 = DIRECTION('',(0.,0.,1.));
#1540 = ORIENTED_EDGE('',*,*,#1541,.F.);
#1541 = EDGE_CURVE('',#1505,#1534,#1542,.T.);
#1542 = LINE('',#1543,#1544);
#1543 = CARTESIAN_POINT('',(32.67,-0.35,-5.8));
#1544 = VECTOR('',#1545,1.);
#1545 = DIRECTION('',(1.,0.,0.));
#1546 = ORIENTED_EDGE('',*,*,#1512,.T.);
#1547 = ORIENTED_EDGE('',*,*,#1548,.T.);
#1548 = EDGE_CURVE('',#647,#982,#1549,.T.);
#1549 = LINE('',#1550,#1551);
#1550 = CARTESIAN_POINT('',(-1.28,-0.35,0.));
#1551 = VECTOR('',#1552,1.);
#1552 = DIRECTION('',(1.,0.,0.));
#1553 = PLANE('',#1554);
#1554 = AXIS2_PLACEMENT_3D('',#1555,#1556,#1557);
#1555 = CARTESIAN_POINT('',(32.67,-0.35,-6.));
#1556 = DIRECTION('',(0.,1.,0.));
#1557 = DIRECTION('',(0.,0.,1.));
#1558 = ADVANCED_FACE('',(#1559),#1610,.T.);
#1559 = FACE_BOUND('',#1560,.T.);
#1560 = EDGE_LOOP('',(#1561,#1571,#1579,#1585,#1586,#1587,#1595,#1603));
#1561 = ORIENTED_EDGE('',*,*,#1562,.F.);
#1562 = EDGE_CURVE('',#1563,#1565,#1567,.T.);
#1563 = VERTEX_POINT('',#1564);
#1564 = CARTESIAN_POINT('',(33.37,-0.34,1.5));
#1565 = VERTEX_POINT('',#1566);
#1566 = CARTESIAN_POINT('',(33.37,-0.25,1.5));
#1567 = LINE('',#1568,#1569);
#1568 = CARTESIAN_POINT('',(33.37,-2.15,1.5));
#1569 = VECTOR('',#1570,1.);
#1570 = DIRECTION('',(0.,1.,0.));
#1571 = ORIENTED_EDGE('',*,*,#1572,.F.);
#1572 = EDGE_CURVE('',#1573,#1563,#1575,.T.);
#1573 = VERTEX_POINT('',#1574);
#1574 = CARTESIAN_POINT('',(33.37,-0.34,0.66266028276));
#1575 = LINE('',#1576,#1577);
#1576 = CARTESIAN_POINT('',(33.37,-0.34,-0.247789635457));
#1577 = VECTOR('',#1578,1.);
#1578 = DIRECTION('',(-3.154595965558E-33,-2.22044604925E-16,1.));
#1579 = ORIENTED_EDGE('',*,*,#1580,.F.);
#1580 = EDGE_CURVE('',#990,#1573,#1581,.T.);
#1581 = LINE('',#1582,#1583);
#1582 = CARTESIAN_POINT('',(33.37,-1.56,0.66266028276));
#1583 = VECTOR('',#1584,1.);
#1584 = DIRECTION('',(0.,1.,2.22044604925E-16));
#1585 = ORIENTED_EDGE('',*,*,#989,.F.);
#1586 = ORIENTED_EDGE('',*,*,#1533,.F.);
#1587 = ORIENTED_EDGE('',*,*,#1588,.T.);
#1588 = EDGE_CURVE('',#1534,#1589,#1591,.T.);
#1589 = VERTEX_POINT('',#1590);
#1590 = CARTESIAN_POINT('',(33.37,0.35,-5.8));
#1591 = LINE('',#1592,#1593);
#1592 = CARTESIAN_POINT('',(33.37,-0.35,-5.8));
#1593 = VECTOR('',#1594,1.);
#1594 = DIRECTION('',(0.,1.,0.));
#1595 = ORIENTED_EDGE('',*,*,#1596,.T.);
#1596 = EDGE_CURVE('',#1589,#1597,#1599,.T.);
#1597 = VERTEX_POINT('',#1598);
#1598 = CARTESIAN_POINT('',(33.37,0.35,0.9));
#1599 = LINE('',#1600,#1601);
#1600 = CARTESIAN_POINT('',(33.37,0.35,-6.));
#1601 = VECTOR('',#1602,1.);
#1602 = DIRECTION('',(0.,0.,1.));
#1603 = ORIENTED_EDGE('',*,*,#1604,.F.);
#1604 = EDGE_CURVE('',#1565,#1597,#1605,.T.);
#1605 = CIRCLE('',#1606,0.6);
#1606 = AXIS2_PLACEMENT_3D('',#1607,#1608,#1609);
#1607 = CARTESIAN_POINT('',(33.37,-0.25,0.9));
#1608 = DIRECTION('',(-1.,0.,0.));
#1609 = DIRECTION('',(0.,0.,1.));
#1610 = PLANE('',#1611);
#1611 = AXIS2_PLACEMENT_3D('',#1612,#1613,#1614);
#1612 = CARTESIAN_POINT('',(33.37,-0.260155781538,-1.645579270915));
#1613 = DIRECTION('',(1.,-2.5146184344E-31,3.154595965558E-33));
#1614 = DIRECTION('',(2.5146184344E-31,1.,0.));
#1615 = ADVANCED_FACE('',(#1616),#1674,.T.);
#1616 = FACE_BOUND('',#1617,.T.);
#1617 = EDGE_LOOP('',(#1618,#1628,#1636,#1645,#1653,#1661,#1667,#1668));
#1618 = ORIENTED_EDGE('',*,*,#1619,.F.);
#1619 = EDGE_CURVE('',#1620,#1622,#1624,.T.);
#1620 = VERTEX_POINT('',#1621);
#1621 = CARTESIAN_POINT('',(35.21,-0.34,1.5));
#1622 = VERTEX_POINT('',#1623);
#1623 = CARTESIAN_POINT('',(35.21,-0.34,0.66266028276));
#1624 = LINE('',#1625,#1626);
#1625 = CARTESIAN_POINT('',(35.21,-0.34,-0.247789635457));
#1626 = VECTOR('',#1627,1.);
#1627 = DIRECTION('',(1.718979804377E-32,2.22044604925E-16,-1.));
#1628 = ORIENTED_EDGE('',*,*,#1629,.T.);
#1629 = EDGE_CURVE('',#1620,#1630,#1632,.T.);
#1630 = VERTEX_POINT('',#1631);
#1631 = CARTESIAN_POINT('',(35.21,-0.25,1.5));
#1632 = LINE('',#1633,#1634);
#1633 = CARTESIAN_POINT('',(35.21,-2.15,1.5));
#1634 = VECTOR('',#1635,1.);
#1635 = DIRECTION('',(0.,1.,0.));
#1636 = ORIENTED_EDGE('',*,*,#1637,.T.);
#1637 = EDGE_CURVE('',#1630,#1638,#1640,.T.);
#1638 = VERTEX_POINT('',#1639);
#1639 = CARTESIAN_POINT('',(35.21,0.35,0.9));
#1640 = CIRCLE('',#1641,0.6);
#1641 = AXIS2_PLACEMENT_3D('',#1642,#1643,#1644);
#1642 = CARTESIAN_POINT('',(35.21,-0.25,0.9));
#1643 = DIRECTION('',(-1.,0.,0.));
#1644 = DIRECTION('',(0.,0.,1.));
#1645 = ORIENTED_EDGE('',*,*,#1646,.F.);
#1646 = EDGE_CURVE('',#1647,#1638,#1649,.T.);
#1647 = VERTEX_POINT('',#1648);
#1648 = CARTESIAN_POINT('',(35.21,0.35,-5.8));
#1649 = LINE('',#1650,#1651);
#1650 = CARTESIAN_POINT('',(35.21,0.35,-6.));
#1651 = VECTOR('',#1652,1.);
#1652 = DIRECTION('',(0.,0.,1.));
#1653 = ORIENTED_EDGE('',*,*,#1654,.F.);
#1654 = EDGE_CURVE('',#1655,#1647,#1657,.T.);
#1655 = VERTEX_POINT('',#1656);
#1656 = CARTESIAN_POINT('',(35.21,-0.35,-5.8));
#1657 = LINE('',#1658,#1659);
#1658 = CARTESIAN_POINT('',(35.21,-0.35,-5.8));
#1659 = VECTOR('',#1660,1.);
#1660 = DIRECTION('',(0.,1.,0.));
#1661 = ORIENTED_EDGE('',*,*,#1662,.T.);
#1662 = EDGE_CURVE('',#1655,#974,#1663,.T.);
#1663 = LINE('',#1664,#1665);
#1664 = CARTESIAN_POINT('',(35.21,-0.35,-6.));
#1665 = VECTOR('',#1666,1.);
#1666 = DIRECTION('',(0.,0.,1.));
#1667 = ORIENTED_EDGE('',*,*,#973,.T.);
#1668 = ORIENTED_EDGE('',*,*,#1669,.T.);
#1669 = EDGE_CURVE('',#965,#1622,#1670,.T.);
#1670 = LINE('',#1671,#1672);
#1671 = CARTESIAN_POINT('',(35.21,-1.56,0.66266028276));
#1672 = VECTOR('',#1673,1.);
#1673 = DIRECTION('',(0.,1.,2.22044604925E-16));
#1674 = PLANE('',#1675);
#1675 = AXIS2_PLACEMENT_3D('',#1676,#1677,#1678);
#1676 = CARTESIAN_POINT('',(35.21,-0.260155781538,-1.645579270915));
#1677 = DIRECTION('',(-1.,6.673514125191E-32,-1.718979804377E-32));
#1678 = DIRECTION('',(-6.673514125191E-32,-1.,0.));
#1679 = ADVANCED_FACE('',(#1680),#1703,.F.);
#1680 = FACE_BOUND('',#1681,.F.);
#1681 = EDGE_LOOP('',(#1682,#1690,#1696,#1697));
#1682 = ORIENTED_EDGE('',*,*,#1683,.F.);
#1683 = EDGE_CURVE('',#1684,#940,#1686,.T.);
#1684 = VERTEX_POINT('',#1685);
#1685 = CARTESIAN_POINT('',(35.91,-0.35,-5.8));
#1686 = LINE('',#1687,#1688);
#1687 = CARTESIAN_POINT('',(35.91,-0.35,-6.));
#1688 = VECTOR('',#1689,1.);
#1689 = DIRECTION('',(0.,0.,1.));
#1690 = ORIENTED_EDGE('',*,*,#1691,.F.);
#1691 = EDGE_CURVE('',#1655,#1684,#1692,.T.);
#1692 = LINE('',#1693,#1694);
#1693 = CARTESIAN_POINT('',(35.21,-0.35,-5.8));
#1694 = VECTOR('',#1695,1.);
#1695 = DIRECTION('',(1.,0.,0.));
#1696 = ORIENTED_EDGE('',*,*,#1662,.T.);
#1697 = ORIENTED_EDGE('',*,*,#1698,.T.);
#1698 = EDGE_CURVE('',#974,#940,#1699,.T.);
#1699 = LINE('',#1700,#1701);
#1700 = CARTESIAN_POINT('',(-1.28,-0.35,0.));
#1701 = VECTOR('',#1702,1.);
#1702 = DIRECTION('',(1.,0.,0.));
#1703 = PLANE('',#1704);
#1704 = AXIS2_PLACEMENT_3D('',#1705,#1706,#1707);
#1705 = CARTESIAN_POINT('',(35.21,-0.35,-6.));
#1706 = DIRECTION('',(0.,1.,0.));
#1707 = DIRECTION('',(0.,0.,1.));
#1708 = ADVANCED_FACE('',(#1709),#1760,.T.);
#1709 = FACE_BOUND('',#1710,.T.);
#1710 = EDGE_LOOP('',(#1711,#1721,#1729,#1735,#1736,#1737,#1745,#1753));
#1711 = ORIENTED_EDGE('',*,*,#1712,.F.);
#1712 = EDGE_CURVE('',#1713,#1715,#1717,.T.);
#1713 = VERTEX_POINT('',#1714);
#1714 = CARTESIAN_POINT('',(35.91,-0.34,1.5));
#1715 = VERTEX_POINT('',#1716);
#1716 = CARTESIAN_POINT('',(35.91,-0.25,1.5));
#1717 = LINE('',#1718,#1719);
#1718 = CARTESIAN_POINT('',(35.91,-2.15,1.5));
#1719 = VECTOR('',#1720,1.);
#1720 = DIRECTION('',(0.,1.,0.));
#1721 = ORIENTED_EDGE('',*,*,#1722,.F.);
#1722 = EDGE_CURVE('',#1723,#1713,#1725,.T.);
#1723 = VERTEX_POINT('',#1724);
#1724 = CARTESIAN_POINT('',(35.91,-0.34,0.66266028276));
#1725 = LINE('',#1726,#1727);
#1726 = CARTESIAN_POINT('',(35.91,-0.34,-0.247789635457));
#1727 = VECTOR('',#1728,1.);
#1728 = DIRECTION('',(-3.154595965558E-33,-2.22044604925E-16,1.));
#1729 = ORIENTED_EDGE('',*,*,#1730,.F.);
#1730 = EDGE_CURVE('',#948,#1723,#1731,.T.);
#1731 = LINE('',#1732,#1733);
#1732 = CARTESIAN_POINT('',(35.91,-1.56,0.66266028276));
#1733 = VECTOR('',#1734,1.);
#1734 = DIRECTION('',(0.,1.,2.22044604925E-16));
#1735 = ORIENTED_EDGE('',*,*,#947,.F.);
#1736 = ORIENTED_EDGE('',*,*,#1683,.F.);
#1737 = ORIENTED_EDGE('',*,*,#1738,.T.);
#1738 = EDGE_CURVE('',#1684,#1739,#1741,.T.);
#1739 = VERTEX_POINT('',#1740);
#1740 = CARTESIAN_POINT('',(35.91,0.35,-5.8));
#1741 = LINE('',#1742,#1743);
#1742 = CARTESIAN_POINT('',(35.91,-0.35,-5.8));
#1743 = VECTOR('',#1744,1.);
#1744 = DIRECTION('',(0.,1.,0.));
#1745 = ORIENTED_EDGE('',*,*,#1746,.T.);
#1746 = EDGE_CURVE('',#1739,#1747,#1749,.T.);
#1747 = VERTEX_POINT('',#1748);
#1748 = CARTESIAN_POINT('',(35.91,0.35,0.9));
#1749 = LINE('',#1750,#1751);
#1750 = CARTESIAN_POINT('',(35.91,0.35,-6.));
#1751 = VECTOR('',#1752,1.);
#1752 = DIRECTION('',(0.,0.,1.));
#1753 = ORIENTED_EDGE('',*,*,#1754,.F.);
#1754 = EDGE_CURVE('',#1715,#1747,#1755,.T.);
#1755 = CIRCLE('',#1756,0.6);
#1756 = AXIS2_PLACEMENT_3D('',#1757,#1758,#1759);
#1757 = CARTESIAN_POINT('',(35.91,-0.25,0.9));
#1758 = DIRECTION('',(-1.,0.,0.));
#1759 = DIRECTION('',(0.,0.,1.));
#1760 = PLANE('',#1761);
#1761 = AXIS2_PLACEMENT_3D('',#1762,#1763,#1764);
#1762 = CARTESIAN_POINT('',(35.91,-0.260155781538,-1.645579270915));
#1763 = DIRECTION('',(1.,-2.5146184344E-31,3.154595965558E-33));
#1764 = DIRECTION('',(2.5146184344E-31,1.,0.));
#1765 = ADVANCED_FACE('',(#1766),#1824,.T.);
#1766 = FACE_BOUND('',#1767,.T.);
#1767 = EDGE_LOOP('',(#1768,#1778,#1786,#1795,#1803,#1811,#1817,#1818));
#1768 = ORIENTED_EDGE('',*,*,#1769,.F.);
#1769 = EDGE_CURVE('',#1770,#1772,#1774,.T.);
#1770 = VERTEX_POINT('',#1771);
#1771 = CARTESIAN_POINT('',(37.75,-0.34,1.5));
#1772 = VERTEX_POINT('',#1773);
#1773 = CARTESIAN_POINT('',(37.75,-0.34,0.66266028276));
#1774 = LINE('',#1775,#1776);
#1775 = CARTESIAN_POINT('',(37.75,-0.34,-0.247789635457));
#1776 = VECTOR('',#1777,1.);
#1777 = DIRECTION('',(1.718979804377E-32,2.22044604925E-16,-1.));
#1778 = ORIENTED_EDGE('',*,*,#1779,.T.);
#1779 = EDGE_CURVE('',#1770,#1780,#1782,.T.);
#1780 = VERTEX_POINT('',#1781);
#1781 = CARTESIAN_POINT('',(37.75,-0.25,1.5));
#1782 = LINE('',#1783,#1784);
#1783 = CARTESIAN_POINT('',(37.75,-2.15,1.5));
#1784 = VECTOR('',#1785,1.);
#1785 = DIRECTION('',(0.,1.,0.));
#1786 = ORIENTED_EDGE('',*,*,#1787,.T.);
#1787 = EDGE_CURVE('',#1780,#1788,#1790,.T.);
#1788 = VERTEX_POINT('',#1789);
#1789 = CARTESIAN_POINT('',(37.75,0.35,0.9));
#1790 = CIRCLE('',#1791,0.6);
#1791 = AXIS2_PLACEMENT_3D('',#1792,#1793,#1794);
#1792 = CARTESIAN_POINT('',(37.75,-0.25,0.9));
#1793 = DIRECTION('',(-1.,0.,0.));
#1794 = DIRECTION('',(0.,0.,1.));
#1795 = ORIENTED_EDGE('',*,*,#1796,.F.);
#1796 = EDGE_CURVE('',#1797,#1788,#1799,.T.);
#1797 = VERTEX_POINT('',#1798);
#1798 = CARTESIAN_POINT('',(37.75,0.35,-5.8));
#1799 = LINE('',#1800,#1801);
#1800 = CARTESIAN_POINT('',(37.75,0.35,-6.));
#1801 = VECTOR('',#1802,1.);
#1802 = DIRECTION('',(0.,0.,1.));
#1803 = ORIENTED_EDGE('',*,*,#1804,.F.);
#1804 = EDGE_CURVE('',#1805,#1797,#1807,.T.);
#1805 = VERTEX_POINT('',#1806);
#1806 = CARTESIAN_POINT('',(37.75,-0.35,-5.8));
#1807 = LINE('',#1808,#1809);
#1808 = CARTESIAN_POINT('',(37.75,-0.35,-5.8));
#1809 = VECTOR('',#1810,1.);
#1810 = DIRECTION('',(0.,1.,0.));
#1811 = ORIENTED_EDGE('',*,*,#1812,.T.);
#1812 = EDGE_CURVE('',#1805,#932,#1813,.T.);
#1813 = LINE('',#1814,#1815);
#1814 = CARTESIAN_POINT('',(37.75,-0.35,-6.));
#1815 = VECTOR('',#1816,1.);
#1816 = DIRECTION('',(0.,0.,1.));
#1817 = ORIENTED_EDGE('',*,*,#931,.T.);
#1818 = ORIENTED_EDGE('',*,*,#1819,.T.);
#1819 = EDGE_CURVE('',#923,#1772,#1820,.T.);
#1820 = LINE('',#1821,#1822);
#1821 = CARTESIAN_POINT('',(37.75,-1.56,0.66266028276));
#1822 = VECTOR('',#1823,1.);
#1823 = DIRECTION('',(0.,1.,2.22044604925E-16));
#1824 = PLANE('',#1825);
#1825 = AXIS2_PLACEMENT_3D('',#1826,#1827,#1828);
#1826 = CARTESIAN_POINT('',(37.75,-0.260155781538,-1.645579270915));
#1827 = DIRECTION('',(-1.,6.673514125191E-32,-1.718979804377E-32));
#1828 = DIRECTION('',(-6.673514125191E-32,-1.,0.));
#1829 = ADVANCED_FACE('',(#1830),#1853,.F.);
#1830 = FACE_BOUND('',#1831,.F.);
#1831 = EDGE_LOOP('',(#1832,#1840,#1846,#1847));
#1832 = ORIENTED_EDGE('',*,*,#1833,.F.);
#1833 = EDGE_CURVE('',#1834,#898,#1836,.T.);
#1834 = VERTEX_POINT('',#1835);
#1835 = CARTESIAN_POINT('',(38.45,-0.35,-5.8));
#1836 = LINE('',#1837,#1838);
#1837 = CARTESIAN_POINT('',(38.45,-0.35,-6.));
#1838 = VECTOR('',#1839,1.);
#1839 = DIRECTION('',(0.,0.,1.));
#1840 = ORIENTED_EDGE('',*,*,#1841,.F.);
#1841 = EDGE_CURVE('',#1805,#1834,#1842,.T.);
#1842 = LINE('',#1843,#1844);
#1843 = CARTESIAN_POINT('',(37.75,-0.35,-5.8));
#1844 = VECTOR('',#1845,1.);
#1845 = DIRECTION('',(1.,0.,0.));
#1846 = ORIENTED_EDGE('',*,*,#1812,.T.);
#1847 = ORIENTED_EDGE('',*,*,#1848,.T.);
#1848 = EDGE_CURVE('',#932,#898,#1849,.T.);
#1849 = LINE('',#1850,#1851);
#1850 = CARTESIAN_POINT('',(-1.28,-0.35,0.));
#1851 = VECTOR('',#1852,1.);
#1852 = DIRECTION('',(1.,0.,0.));
#1853 = PLANE('',#1854);
#1854 = AXIS2_PLACEMENT_3D('',#1855,#1856,#1857);
#1855 = CARTESIAN_POINT('',(37.75,-0.35,-6.));
#1856 = DIRECTION('',(0.,1.,0.));
#1857 = DIRECTION('',(0.,0.,1.));
#1858 = ADVANCED_FACE('',(#1859),#1910,.T.);
#1859 = FACE_BOUND('',#1860,.T.);
#1860 = EDGE_LOOP('',(#1861,#1871,#1879,#1885,#1886,#1887,#1895,#1903));
#1861 = ORIENTED_EDGE('',*,*,#1862,.F.);
#1862 = EDGE_CURVE('',#1863,#1865,#1867,.T.);
#1863 = VERTEX_POINT('',#1864);
#1864 = CARTESIAN_POINT('',(38.45,-0.34,1.5));
#1865 = VERTEX_POINT('',#1866);
#1866 = CARTESIAN_POINT('',(38.45,-0.25,1.5));
#1867 = LINE('',#1868,#1869);
#1868 = CARTESIAN_POINT('',(38.45,-2.15,1.5));
#1869 = VECTOR('',#1870,1.);
#1870 = DIRECTION('',(0.,1.,0.));
#1871 = ORIENTED_EDGE('',*,*,#1872,.F.);
#1872 = EDGE_CURVE('',#1873,#1863,#1875,.T.);
#1873 = VERTEX_POINT('',#1874);
#1874 = CARTESIAN_POINT('',(38.45,-0.34,0.66266028276));
#1875 = LINE('',#1876,#1877);
#1876 = CARTESIAN_POINT('',(38.45,-0.34,-0.247789635457));
#1877 = VECTOR('',#1878,1.);
#1878 = DIRECTION('',(-3.154595965558E-33,-2.22044604925E-16,1.));
#1879 = ORIENTED_EDGE('',*,*,#1880,.F.);
#1880 = EDGE_CURVE('',#906,#1873,#1881,.T.);
#1881 = LINE('',#1882,#1883);
#1882 = CARTESIAN_POINT('',(38.45,-1.56,0.66266028276));
#1883 = VECTOR('',#1884,1.);
#1884 = DIRECTION('',(0.,1.,2.22044604925E-16));
#1885 = ORIENTED_EDGE('',*,*,#905,.F.);
#1886 = ORIENTED_EDGE('',*,*,#1833,.F.);
#1887 = ORIENTED_EDGE('',*,*,#1888,.T.);
#1888 = EDGE_CURVE('',#1834,#1889,#1891,.T.);
#1889 = VERTEX_POINT('',#1890);
#1890 = CARTESIAN_POINT('',(38.45,0.35,-5.8));
#1891 = LINE('',#1892,#1893);
#1892 = CARTESIAN_POINT('',(38.45,-0.35,-5.8));
#1893 = VECTOR('',#1894,1.);
#1894 = DIRECTION('',(0.,1.,0.));
#1895 = ORIENTED_EDGE('',*,*,#1896,.T.);
#1896 = EDGE_CURVE('',#1889,#1897,#1899,.T.);
#1897 = VERTEX_POINT('',#1898);
#1898 = CARTESIAN_POINT('',(38.45,0.35,0.9));
#1899 = LINE('',#1900,#1901);
#1900 = CARTESIAN_POINT('',(38.45,0.35,-6.));
#1901 = VECTOR('',#1902,1.);
#1902 = DIRECTION('',(0.,0.,1.));
#1903 = ORIENTED_EDGE('',*,*,#1904,.F.);
#1904 = EDGE_CURVE('',#1865,#1897,#1905,.T.);
#1905 = CIRCLE('',#1906,0.6);
#1906 = AXIS2_PLACEMENT_3D('',#1907,#1908,#1909);
#1907 = CARTESIAN_POINT('',(38.45,-0.25,0.9));
#1908 = DIRECTION('',(-1.,0.,0.));
#1909 = DIRECTION('',(0.,0.,1.));
#1910 = PLANE('',#1911);
#1911 = AXIS2_PLACEMENT_3D('',#1912,#1913,#1914);
#1912 = CARTESIAN_POINT('',(38.45,-0.260155781538,-1.645579270915));
#1913 = DIRECTION('',(1.,-2.5146184344E-31,3.154595965558E-33));
#1914 = DIRECTION('',(2.5146184344E-31,1.,0.));
#1915 = ADVANCED_FACE('',(#1916),#1974,.T.);
#1916 = FACE_BOUND('',#1917,.T.);
#1917 = EDGE_LOOP('',(#1918,#1928,#1936,#1945,#1953,#1961,#1967,#1968));
#1918 = ORIENTED_EDGE('',*,*,#1919,.F.);
#1919 = EDGE_CURVE('',#1920,#1922,#1924,.T.);
#1920 = VERTEX_POINT('',#1921);
#1921 = CARTESIAN_POINT('',(40.29,-0.34,1.5));
#1922 = VERTEX_POINT('',#1923);
#1923 = CARTESIAN_POINT('',(40.29,-0.34,0.66266028276));
#1924 = LINE('',#1925,#1926);
#1925 = CARTESIAN_POINT('',(40.29,-0.34,-0.247789635457));
#1926 = VECTOR('',#1927,1.);
#1927 = DIRECTION('',(1.718979804377E-32,2.22044604925E-16,-1.));
#1928 = ORIENTED_EDGE('',*,*,#1929,.T.);
#1929 = EDGE_CURVE('',#1920,#1930,#1932,.T.);
#1930 = VERTEX_POINT('',#1931);
#1931 = CARTESIAN_POINT('',(40.29,-0.25,1.5));
#1932 = LINE('',#1933,#1934);
#1933 = CARTESIAN_POINT('',(40.29,-2.15,1.5));
#1934 = VECTOR('',#1935,1.);
#1935 = DIRECTION('',(0.,1.,0.));
#1936 = ORIENTED_EDGE('',*,*,#1937,.T.);
#1937 = EDGE_CURVE('',#1930,#1938,#1940,.T.);
#1938 = VERTEX_POINT('',#1939);
#1939 = CARTESIAN_POINT('',(40.29,0.35,0.9));
#1940 = CIRCLE('',#1941,0.6);
#1941 = AXIS2_PLACEMENT_3D('',#1942,#1943,#1944);
#1942 = CARTESIAN_POINT('',(40.29,-0.25,0.9));
#1943 = DIRECTION('',(-1.,0.,0.));
#1944 = DIRECTION('',(0.,0.,1.));
#1945 = ORIENTED_EDGE('',*,*,#1946,.F.);
#1946 = EDGE_CURVE('',#1947,#1938,#1949,.T.);
#1947 = VERTEX_POINT('',#1948);
#1948 = CARTESIAN_POINT('',(40.29,0.35,-5.8));
#1949 = LINE('',#1950,#1951);
#1950 = CARTESIAN_POINT('',(40.29,0.35,-6.));
#1951 = VECTOR('',#1952,1.);
#1952 = DIRECTION('',(0.,0.,1.));
#1953 = ORIENTED_EDGE('',*,*,#1954,.F.);
#1954 = EDGE_CURVE('',#1955,#1947,#1957,.T.);
#1955 = VERTEX_POINT('',#1956);
#1956 = CARTESIAN_POINT('',(40.29,-0.35,-5.8));
#1957 = LINE('',#1958,#1959);
#1958 = CARTESIAN_POINT('',(40.29,-0.35,-5.8));
#1959 = VECTOR('',#1960,1.);
#1960 = DIRECTION('',(0.,1.,0.));
#1961 = ORIENTED_EDGE('',*,*,#1962,.T.);
#1962 = EDGE_CURVE('',#1955,#890,#1963,.T.);
#1963 = LINE('',#1964,#1965);
#1964 = CARTESIAN_POINT('',(40.29,-0.35,-6.));
#1965 = VECTOR('',#1966,1.);
#1966 = DIRECTION('',(0.,0.,1.));
#1967 = ORIENTED_EDGE('',*,*,#889,.T.);
#1968 = ORIENTED_EDGE('',*,*,#1969,.T.);
#1969 = EDGE_CURVE('',#881,#1922,#1970,.T.);
#1970 = LINE('',#1971,#1972);
#1971 = CARTESIAN_POINT('',(40.29,-1.56,0.66266028276));
#1972 = VECTOR('',#1973,1.);
#1973 = DIRECTION('',(0.,1.,2.22044604925E-16));
#1974 = PLANE('',#1975);
#1975 = AXIS2_PLACEMENT_3D('',#1976,#1977,#1978);
#1976 = CARTESIAN_POINT('',(40.29,-0.260155781538,-1.645579270915));
#1977 = DIRECTION('',(-1.,6.673514125191E-32,-1.718979804377E-32));
#1978 = DIRECTION('',(-6.673514125191E-32,-1.,0.));
#1979 = ADVANCED_FACE('',(#1980),#2003,.F.);
#1980 = FACE_BOUND('',#1981,.F.);
#1981 = EDGE_LOOP('',(#1982,#1990,#1996,#1997));
#1982 = ORIENTED_EDGE('',*,*,#1983,.F.);
#1983 = EDGE_CURVE('',#1984,#856,#1986,.T.);
#1984 = VERTEX_POINT('',#1985);
#1985 = CARTESIAN_POINT('',(40.99,-0.35,-5.8));
#1986 = LINE('',#1987,#1988);
#1987 = CARTESIAN_POINT('',(40.99,-0.35,-6.));
#1988 = VECTOR('',#1989,1.);
#1989 = DIRECTION('',(0.,0.,1.));
#1990 = ORIENTED_EDGE('',*,*,#1991,.F.);
#1991 = EDGE_CURVE('',#1955,#1984,#1992,.T.);
#1992 = LINE('',#1993,#1994);
#1993 = CARTESIAN_POINT('',(40.29,-0.35,-5.8));
#1994 = VECTOR('',#1995,1.);
#1995 = DIRECTION('',(1.,0.,0.));
#1996 = ORIENTED_EDGE('',*,*,#1962,.T.);
#1997 = ORIENTED_EDGE('',*,*,#1998,.T.);
#1998 = EDGE_CURVE('',#890,#856,#1999,.T.);
#1999 = LINE('',#2000,#2001);
#2000 = CARTESIAN_POINT('',(-1.28,-0.35,0.));
#2001 = VECTOR('',#2002,1.);
#2002 = DIRECTION('',(1.,0.,0.));
#2003 = PLANE('',#2004);
#2004 = AXIS2_PLACEMENT_3D('',#2005,#2006,#2007);
#2005 = CARTESIAN_POINT('',(40.29,-0.35,-6.));
#2006 = DIRECTION('',(0.,1.,0.));
#2007 = DIRECTION('',(0.,0.,1.));
#2008 = ADVANCED_FACE('',(#2009),#2060,.T.);
#2009 = FACE_BOUND('',#2010,.T.);
#2010 = EDGE_LOOP('',(#2011,#2021,#2029,#2035,#2036,#2037,#2045,#2053));
#2011 = ORIENTED_EDGE('',*,*,#2012,.F.);
#2012 = EDGE_CURVE('',#2013,#2015,#2017,.T.);
#2013 = VERTEX_POINT('',#2014);
#2014 = CARTESIAN_POINT('',(40.99,-0.34,1.5));
#2015 = VERTEX_POINT('',#2016);
#2016 = CARTESIAN_POINT('',(40.99,-0.25,1.5));
#2017 = LINE('',#2018,#2019);
#2018 = CARTESIAN_POINT('',(40.99,-2.15,1.5));
#2019 = VECTOR('',#2020,1.);
#2020 = DIRECTION('',(0.,1.,0.));
#2021 = ORIENTED_EDGE('',*,*,#2022,.F.);
#2022 = EDGE_CURVE('',#2023,#2013,#2025,.T.);
#2023 = VERTEX_POINT('',#2024);
#2024 = CARTESIAN_POINT('',(40.99,-0.34,0.66266028276));
#2025 = LINE('',#2026,#2027);
#2026 = CARTESIAN_POINT('',(40.99,-0.34,-0.247789635457));
#2027 = VECTOR('',#2028,1.);
#2028 = DIRECTION('',(1.851605172125E-32,-2.22044604925E-16,1.));
#2029 = ORIENTED_EDGE('',*,*,#2030,.F.);
#2030 = EDGE_CURVE('',#864,#2023,#2031,.T.);
#2031 = LINE('',#2032,#2033);
#2032 = CARTESIAN_POINT('',(40.99,-1.56,0.66266028276));
#2033 = VECTOR('',#2034,1.);
#2034 = DIRECTION('',(0.,1.,2.22044604925E-16));
#2035 = ORIENTED_EDGE('',*,*,#863,.F.);
#2036 = ORIENTED_EDGE('',*,*,#1983,.F.);
#2037 = ORIENTED_EDGE('',*,*,#2038,.T.);
#2038 = EDGE_CURVE('',#1984,#2039,#2041,.T.);
#2039 = VERTEX_POINT('',#2040);
#2040 = CARTESIAN_POINT('',(40.99,0.35,-5.8));
#2041 = LINE('',#2042,#2043);
#2042 = CARTESIAN_POINT('',(40.99,-0.35,-5.8));
#2043 = VECTOR('',#2044,1.);
#2044 = DIRECTION('',(0.,1.,0.));
#2045 = ORIENTED_EDGE('',*,*,#2046,.T.);
#2046 = EDGE_CURVE('',#2039,#2047,#2049,.T.);
#2047 = VERTEX_POINT('',#2048);
#2048 = CARTESIAN_POINT('',(40.99,0.35,0.9));
#2049 = LINE('',#2050,#2051);
#2050 = CARTESIAN_POINT('',(40.99,0.35,-6.));
#2051 = VECTOR('',#2052,1.);
#2052 = DIRECTION('',(0.,0.,1.));
#2053 = ORIENTED_EDGE('',*,*,#2054,.F.);
#2054 = EDGE_CURVE('',#2015,#2047,#2055,.T.);
#2055 = CIRCLE('',#2056,0.6);
#2056 = AXIS2_PLACEMENT_3D('',#2057,#2058,#2059);
#2057 = CARTESIAN_POINT('',(40.99,-0.25,0.9));
#2058 = DIRECTION('',(-1.,0.,0.));
#2059 = DIRECTION('',(0.,0.,1.));
#2060 = PLANE('',#2061);
#2061 = AXIS2_PLACEMENT_3D('',#2062,#2063,#2064);
#2062 = CARTESIAN_POINT('',(40.99,-0.260155781538,-1.645579270915));
#2063 = DIRECTION('',(1.,-5.931891505067E-31,-1.851605172125E-32));
#2064 = DIRECTION('',(5.931891505067E-31,1.,0.));
#2065 = ADVANCED_FACE('',(#2066),#2124,.T.);
#2066 = FACE_BOUND('',#2067,.T.);
#2067 = EDGE_LOOP('',(#2068,#2078,#2086,#2095,#2103,#2111,#2117,#2118));
#2068 = ORIENTED_EDGE('',*,*,#2069,.F.);
#2069 = EDGE_CURVE('',#2070,#2072,#2074,.T.);
#2070 = VERTEX_POINT('',#2071);
#2071 = CARTESIAN_POINT('',(-0.35,-0.34,1.5));
#2072 = VERTEX_POINT('',#2073);
#2073 = CARTESIAN_POINT('',(-0.35,-0.34,0.66266028276));
#2074 = LINE('',#2075,#2076);
#2075 = CARTESIAN_POINT('',(-0.35,-0.34,-0.247789635457));
#2076 = VECTOR('',#2077,1.);
#2077 = DIRECTION('',(-0.,-2.22044604925E-16,-1.));
#2078 = ORIENTED_EDGE('',*,*,#2079,.T.);
#2079 = EDGE_CURVE('',#2070,#2080,#2082,.T.);
#2080 = VERTEX_POINT('',#2081);
#2081 = CARTESIAN_POINT('',(-0.35,-0.25,1.5));
#2082 = LINE('',#2083,#2084);
#2083 = CARTESIAN_POINT('',(-0.35,-2.15,1.5));
#2084 = VECTOR('',#2085,1.);
#2085 = DIRECTION('',(0.,1.,0.));
#2086 = ORIENTED_EDGE('',*,*,#2087,.T.);
#2087 = EDGE_CURVE('',#2080,#2088,#2090,.T.);
#2088 = VERTEX_POINT('',#2089);
#2089 = CARTESIAN_POINT('',(-0.35,0.35,0.9));
#2090 = CIRCLE('',#2091,0.6);
#2091 = AXIS2_PLACEMENT_3D('',#2092,#2093,#2094);
#2092 = CARTESIAN_POINT('',(-0.35,-0.25,0.9));
#2093 = DIRECTION('',(-1.,0.,0.));
#2094 = DIRECTION('',(0.,0.,1.));
#2095 = ORIENTED_EDGE('',*,*,#2096,.F.);
#2096 = EDGE_CURVE('',#2097,#2088,#2099,.T.);
#2097 = VERTEX_POINT('',#2098);
#2098 = CARTESIAN_POINT('',(-0.35,0.35,-5.8));
#2099 = LINE('',#2100,#2101);
#2100 = CARTESIAN_POINT('',(-0.35,0.35,-6.));
#2101 = VECTOR('',#2102,1.);
#2102 = DIRECTION('',(0.,0.,1.));
#2103 = ORIENTED_EDGE('',*,*,#2104,.F.);
#2104 = EDGE_CURVE('',#2105,#2097,#2107,.T.);
#2105 = VERTEX_POINT('',#2106);
#2106 = CARTESIAN_POINT('',(-0.35,-0.35,-5.8));
#2107 = LINE('',#2108,#2109);
#2108 = CARTESIAN_POINT('',(-0.35,-0.35,-5.8));
#2109 = VECTOR('',#2110,1.);
#2110 = DIRECTION('',(0.,1.,0.));
#2111 = ORIENTED_EDGE('',*,*,#2112,.T.);
#2112 = EDGE_CURVE('',#2105,#839,#2113,.T.);
#2113 = LINE('',#2114,#2115);
#2114 = CARTESIAN_POINT('',(-0.35,-0.35,-6.));
#2115 = VECTOR('',#2116,1.);
#2116 = DIRECTION('',(0.,0.,1.));
#2117 = ORIENTED_EDGE('',*,*,#838,.T.);
#2118 = ORIENTED_EDGE('',*,*,#2119,.T.);
#2119 = EDGE_CURVE('',#830,#2072,#2120,.T.);
#2120 = LINE('',#2121,#2122);
#2121 = CARTESIAN_POINT('',(-0.35,-1.56,0.66266028276));
#2122 = VECTOR('',#2123,1.);
#2123 = DIRECTION('',(0.,1.,-2.22044604925E-16));
#2124 = PLANE('',#2125);
#2125 = AXIS2_PLACEMENT_3D('',#2126,#2127,#2128);
#2126 = CARTESIAN_POINT('',(-0.35,-0.260155781538,-1.645579270915));
#2127 = DIRECTION('',(-1.,0.,0.));
#2128 = DIRECTION('',(0.,-1.,0.));
#2129 = ADVANCED_FACE('',(#2130),#2153,.F.);
#2130 = FACE_BOUND('',#2131,.F.);
#2131 = EDGE_LOOP('',(#2132,#2140,#2146,#2147));
#2132 = ORIENTED_EDGE('',*,*,#2133,.F.);
#2133 = EDGE_CURVE('',#2134,#805,#2136,.T.);
#2134 = VERTEX_POINT('',#2135);
#2135 = CARTESIAN_POINT('',(0.35,-0.35,-5.8));
#2136 = LINE('',#2137,#2138);
#2137 = CARTESIAN_POINT('',(0.35,-0.35,-6.));
#2138 = VECTOR('',#2139,1.);
#2139 = DIRECTION('',(0.,0.,1.));
#2140 = ORIENTED_EDGE('',*,*,#2141,.F.);
#2141 = EDGE_CURVE('',#2105,#2134,#2142,.T.);
#2142 = LINE('',#2143,#2144);
#2143 = CARTESIAN_POINT('',(-0.35,-0.35,-5.8));
#2144 = VECTOR('',#2145,1.);
#2145 = DIRECTION('',(1.,0.,0.));
#2146 = ORIENTED_EDGE('',*,*,#2112,.T.);
#2147 = ORIENTED_EDGE('',*,*,#2148,.T.);
#2148 = EDGE_CURVE('',#839,#805,#2149,.T.);
#2149 = LINE('',#2150,#2151);
#2150 = CARTESIAN_POINT('',(-1.28,-0.35,0.));
#2151 = VECTOR('',#2152,1.);
#2152 = DIRECTION('',(1.,0.,0.));
#2153 = PLANE('',#2154);
#2154 = AXIS2_PLACEMENT_3D('',#2155,#2156,#2157);
#2155 = CARTESIAN_POINT('',(-0.35,-0.35,-6.));
#2156 = DIRECTION('',(0.,1.,0.));
#2157 = DIRECTION('',(0.,0.,1.));
#2158 = ADVANCED_FACE('',(#2159),#2210,.T.);
#2159 = FACE_BOUND('',#2160,.T.);
#2160 = EDGE_LOOP('',(#2161,#2171,#2179,#2185,#2186,#2187,#2195,#2203));
#2161 = ORIENTED_EDGE('',*,*,#2162,.F.);
#2162 = EDGE_CURVE('',#2163,#2165,#2167,.T.);
#2163 = VERTEX_POINT('',#2164);
#2164 = CARTESIAN_POINT('',(0.35,-0.34,1.5));
#2165 = VERTEX_POINT('',#2166);
#2166 = CARTESIAN_POINT('',(0.35,-0.25,1.5));
#2167 = LINE('',#2168,#2169);
#2168 = CARTESIAN_POINT('',(0.35,-2.15,1.5));
#2169 = VECTOR('',#2170,1.);
#2170 = DIRECTION('',(0.,1.,0.));
#2171 = ORIENTED_EDGE('',*,*,#2172,.F.);
#2172 = EDGE_CURVE('',#2173,#2163,#2175,.T.);
#2173 = VERTEX_POINT('',#2174);
#2174 = CARTESIAN_POINT('',(0.35,-0.34,0.66266028276));
#2175 = LINE('',#2176,#2177);
#2176 = CARTESIAN_POINT('',(0.35,-0.34,-0.247789635457));
#2177 = VECTOR('',#2178,1.);
#2178 = DIRECTION('',(0.,2.22044604925E-16,1.));
#2179 = ORIENTED_EDGE('',*,*,#2180,.F.);
#2180 = EDGE_CURVE('',#813,#2173,#2181,.T.);
#2181 = LINE('',#2182,#2183);
#2182 = CARTESIAN_POINT('',(0.35,-1.56,0.66266028276));
#2183 = VECTOR('',#2184,1.);
#2184 = DIRECTION('',(0.,1.,-2.22044604925E-16));
#2185 = ORIENTED_EDGE('',*,*,#812,.F.);
#2186 = ORIENTED_EDGE('',*,*,#2133,.F.);
#2187 = ORIENTED_EDGE('',*,*,#2188,.T.);
#2188 = EDGE_CURVE('',#2134,#2189,#2191,.T.);
#2189 = VERTEX_POINT('',#2190);
#2190 = CARTESIAN_POINT('',(0.35,0.35,-5.8));
#2191 = LINE('',#2192,#2193);
#2192 = CARTESIAN_POINT('',(0.35,-0.35,-5.8));
#2193 = VECTOR('',#2194,1.);
#2194 = DIRECTION('',(0.,1.,0.));
#2195 = ORIENTED_EDGE('',*,*,#2196,.T.);
#2196 = EDGE_CURVE('',#2189,#2197,#2199,.T.);
#2197 = VERTEX_POINT('',#2198);
#2198 = CARTESIAN_POINT('',(0.35,0.35,0.9));
#2199 = LINE('',#2200,#2201);
#2200 = CARTESIAN_POINT('',(0.35,0.35,-6.));
#2201 = VECTOR('',#2202,1.);
#2202 = DIRECTION('',(0.,0.,1.));
#2203 = ORIENTED_EDGE('',*,*,#2204,.F.);
#2204 = EDGE_CURVE('',#2165,#2197,#2205,.T.);
#2205 = CIRCLE('',#2206,0.6);
#2206 = AXIS2_PLACEMENT_3D('',#2207,#2208,#2209);
#2207 = CARTESIAN_POINT('',(0.35,-0.25,0.9));
#2208 = DIRECTION('',(-1.,0.,0.));
#2209 = DIRECTION('',(0.,0.,1.));
#2210 = PLANE('',#2211);
#2211 = AXIS2_PLACEMENT_3D('',#2212,#2213,#2214);
#2212 = CARTESIAN_POINT('',(0.35,-0.260155781538,-1.645579270915));
#2213 = DIRECTION('',(1.,0.,0.));
#2214 = DIRECTION('',(0.,1.,0.));
#2215 = ADVANCED_FACE('',(#2216),#2274,.T.);
#2216 = FACE_BOUND('',#2217,.T.);
#2217 = EDGE_LOOP('',(#2218,#2228,#2236,#2245,#2253,#2261,#2267,#2268));
#2218 = ORIENTED_EDGE('',*,*,#2219,.F.);
#2219 = EDGE_CURVE('',#2220,#2222,#2224,.T.);
#2220 = VERTEX_POINT('',#2221);
#2221 = CARTESIAN_POINT('',(2.19,-0.34,1.5));
#2222 = VERTEX_POINT('',#2223);
#2223 = CARTESIAN_POINT('',(2.19,-0.34,0.66266028276));
#2224 = LINE('',#2225,#2226);
#2225 = CARTESIAN_POINT('',(2.19,-0.34,-0.247789635457));
#2226 = VECTOR('',#2227,1.);
#2227 = DIRECTION('',(1.718979804377E-32,2.22044604925E-16,-1.));
#2228 = ORIENTED_EDGE('',*,*,#2229,.T.);
#2229 = EDGE_CURVE('',#2220,#2230,#2232,.T.);
#2230 = VERTEX_POINT('',#2231);
#2231 = CARTESIAN_POINT('',(2.19,-0.25,1.5));
#2232 = LINE('',#2233,#2234);
#2233 = CARTESIAN_POINT('',(2.19,-2.15,1.5));
#2234 = VECTOR('',#2235,1.);
#2235 = DIRECTION('',(0.,1.,0.));
#2236 = ORIENTED_EDGE('',*,*,#2237,.T.);
#2237 = EDGE_CURVE('',#2230,#2238,#2240,.T.);
#2238 = VERTEX_POINT('',#2239);
#2239 = CARTESIAN_POINT('',(2.19,0.35,0.9));
#2240 = CIRCLE('',#2241,0.6);
#2241 = AXIS2_PLACEMENT_3D('',#2242,#2243,#2244);
#2242 = CARTESIAN_POINT('',(2.19,-0.25,0.9));
#2243 = DIRECTION('',(-1.,0.,0.));
#2244 = DIRECTION('',(0.,0.,1.));
#2245 = ORIENTED_EDGE('',*,*,#2246,.F.);
#2246 = EDGE_CURVE('',#2247,#2238,#2249,.T.);
#2247 = VERTEX_POINT('',#2248);
#2248 = CARTESIAN_POINT('',(2.19,0.35,-5.8));
#2249 = LINE('',#2250,#2251);
#2250 = CARTESIAN_POINT('',(2.19,0.35,-6.));
#2251 = VECTOR('',#2252,1.);
#2252 = DIRECTION('',(0.,0.,1.));
#2253 = ORIENTED_EDGE('',*,*,#2254,.F.);
#2254 = EDGE_CURVE('',#2255,#2247,#2257,.T.);
#2255 = VERTEX_POINT('',#2256);
#2256 = CARTESIAN_POINT('',(2.19,-0.35,-5.8));
#2257 = LINE('',#2258,#2259);
#2258 = CARTESIAN_POINT('',(2.19,-0.35,-5.8));
#2259 = VECTOR('',#2260,1.);
#2260 = DIRECTION('',(0.,1.,0.));
#2261 = ORIENTED_EDGE('',*,*,#2262,.T.);
#2262 = EDGE_CURVE('',#2255,#797,#2263,.T.);
#2263 = LINE('',#2264,#2265);
#2264 = CARTESIAN_POINT('',(2.19,-0.35,-6.));
#2265 = VECTOR('',#2266,1.);
#2266 = DIRECTION('',(0.,0.,1.));
#2267 = ORIENTED_EDGE('',*,*,#796,.T.);
#2268 = ORIENTED_EDGE('',*,*,#2269,.T.);
#2269 = EDGE_CURVE('',#788,#2222,#2270,.T.);
#2270 = LINE('',#2271,#2272);
#2271 = CARTESIAN_POINT('',(2.19,-1.56,0.66266028276));
#2272 = VECTOR('',#2273,1.);
#2273 = DIRECTION('',(0.,1.,2.22044604925E-16));
#2274 = PLANE('',#2275);
#2275 = AXIS2_PLACEMENT_3D('',#2276,#2277,#2278);
#2276 = CARTESIAN_POINT('',(2.19,-0.260155781538,-1.645579270915));
#2277 = DIRECTION('',(-1.,6.673514125191E-32,-1.718979804377E-32));
#2278 = DIRECTION('',(-6.673514125191E-32,-1.,0.));
#2279 = ADVANCED_FACE('',(#2280),#2303,.F.);
#2280 = FACE_BOUND('',#2281,.F.);
#2281 = EDGE_LOOP('',(#2282,#2290,#2296,#2297));
#2282 = ORIENTED_EDGE('',*,*,#2283,.F.);
#2283 = EDGE_CURVE('',#2284,#763,#2286,.T.);
#2284 = VERTEX_POINT('',#2285);
#2285 = CARTESIAN_POINT('',(2.89,-0.35,-5.8));
#2286 = LINE('',#2287,#2288);
#2287 = CARTESIAN_POINT('',(2.89,-0.35,-6.));
#2288 = VECTOR('',#2289,1.);
#2289 = DIRECTION('',(0.,0.,1.));
#2290 = ORIENTED_EDGE('',*,*,#2291,.F.);
#2291 = EDGE_CURVE('',#2255,#2284,#2292,.T.);
#2292 = LINE('',#2293,#2294);
#2293 = CARTESIAN_POINT('',(2.19,-0.35,-5.8));
#2294 = VECTOR('',#2295,1.);
#2295 = DIRECTION('',(1.,0.,0.));
#2296 = ORIENTED_EDGE('',*,*,#2262,.T.);
#2297 = ORIENTED_EDGE('',*,*,#2298,.T.);
#2298 = EDGE_CURVE('',#797,#763,#2299,.T.);
#2299 = LINE('',#2300,#2301);
#2300 = CARTESIAN_POINT('',(-1.28,-0.35,0.));
#2301 = VECTOR('',#2302,1.);
#2302 = DIRECTION('',(1.,0.,0.));
#2303 = PLANE('',#2304);
#2304 = AXIS2_PLACEMENT_3D('',#2305,#2306,#2307);
#2305 = CARTESIAN_POINT('',(2.19,-0.35,-6.));
#2306 = DIRECTION('',(0.,1.,0.));
#2307 = DIRECTION('',(0.,0.,1.));
#2308 = ADVANCED_FACE('',(#2309),#2360,.T.);
#2309 = FACE_BOUND('',#2310,.T.);
#2310 = EDGE_LOOP('',(#2311,#2321,#2329,#2335,#2336,#2337,#2345,#2353));
#2311 = ORIENTED_EDGE('',*,*,#2312,.F.);
#2312 = EDGE_CURVE('',#2313,#2315,#2317,.T.);
#2313 = VERTEX_POINT('',#2314);
#2314 = CARTESIAN_POINT('',(2.89,-0.34,1.5));
#2315 = VERTEX_POINT('',#2316);
#2316 = CARTESIAN_POINT('',(2.89,-0.25,1.5));
#2317 = LINE('',#2318,#2319);
#2318 = CARTESIAN_POINT('',(2.89,-2.15,1.5));
#2319 = VECTOR('',#2320,1.);
#2320 = DIRECTION('',(0.,1.,0.));
#2321 = ORIENTED_EDGE('',*,*,#2322,.F.);
#2322 = EDGE_CURVE('',#2323,#2313,#2325,.T.);
#2323 = VERTEX_POINT('',#2324);
#2324 = CARTESIAN_POINT('',(2.89,-0.34,0.66266028276));
#2325 = LINE('',#2326,#2327);
#2326 = CARTESIAN_POINT('',(2.89,-0.34,-0.247789635457));
#2327 = VECTOR('',#2328,1.);
#2328 = DIRECTION('',(-3.154595965558E-33,-2.22044604925E-16,1.));
#2329 = ORIENTED_EDGE('',*,*,#2330,.F.);
#2330 = EDGE_CURVE('',#771,#2323,#2331,.T.);
#2331 = LINE('',#2332,#2333);
#2332 = CARTESIAN_POINT('',(2.89,-1.56,0.66266028276));
#2333 = VECTOR('',#2334,1.);
#2334 = DIRECTION('',(0.,1.,2.22044604925E-16));
#2335 = ORIENTED_EDGE('',*,*,#770,.F.);
#2336 = ORIENTED_EDGE('',*,*,#2283,.F.);
#2337 = ORIENTED_EDGE('',*,*,#2338,.T.);
#2338 = EDGE_CURVE('',#2284,#2339,#2341,.T.);
#2339 = VERTEX_POINT('',#2340);
#2340 = CARTESIAN_POINT('',(2.89,0.35,-5.8));
#2341 = LINE('',#2342,#2343);
#2342 = CARTESIAN_POINT('',(2.89,-0.35,-5.8));
#2343 = VECTOR('',#2344,1.);
#2344 = DIRECTION('',(0.,1.,0.));
#2345 = ORIENTED_EDGE('',*,*,#2346,.T.);
#2346 = EDGE_CURVE('',#2339,#2347,#2349,.T.);
#2347 = VERTEX_POINT('',#2348);
#2348 = CARTESIAN_POINT('',(2.89,0.35,0.9));
#2349 = LINE('',#2350,#2351);
#2350 = CARTESIAN_POINT('',(2.89,0.35,-6.));
#2351 = VECTOR('',#2352,1.);
#2352 = DIRECTION('',(0.,0.,1.));
#2353 = ORIENTED_EDGE('',*,*,#2354,.F.);
#2354 = EDGE_CURVE('',#2315,#2347,#2355,.T.);
#2355 = CIRCLE('',#2356,0.6);
#2356 = AXIS2_PLACEMENT_3D('',#2357,#2358,#2359);
#2357 = CARTESIAN_POINT('',(2.89,-0.25,0.9));
#2358 = DIRECTION('',(-1.,0.,0.));
#2359 = DIRECTION('',(0.,0.,1.));
#2360 = PLANE('',#2361);
#2361 = AXIS2_PLACEMENT_3D('',#2362,#2363,#2364);
#2362 = CARTESIAN_POINT('',(2.89,-0.260155781538,-1.645579270915));
#2363 = DIRECTION('',(1.,-2.5146184344E-31,3.154595965558E-33));
#2364 = DIRECTION('',(2.5146184344E-31,1.,0.));
#2365 = ADVANCED_FACE('',(#2366),#2424,.T.);
#2366 = FACE_BOUND('',#2367,.T.);
#2367 = EDGE_LOOP('',(#2368,#2378,#2386,#2395,#2403,#2411,#2417,#2418));
#2368 = ORIENTED_EDGE('',*,*,#2369,.F.);
#2369 = EDGE_CURVE('',#2370,#2372,#2374,.T.);
#2370 = VERTEX_POINT('',#2371);
#2371 = CARTESIAN_POINT('',(4.73,-0.34,1.5));
#2372 = VERTEX_POINT('',#2373);
#2373 = CARTESIAN_POINT('',(4.73,-0.34,0.66266028276));
#2374 = LINE('',#2375,#2376);
#2375 = CARTESIAN_POINT('',(4.73,-0.34,-0.247789635457));
#2376 = VECTOR('',#2377,1.);
#2377 = DIRECTION('',(1.718979804377E-32,2.22044604925E-16,-1.));
#2378 = ORIENTED_EDGE('',*,*,#2379,.T.);
#2379 = EDGE_CURVE('',#2370,#2380,#2382,.T.);
#2380 = VERTEX_POINT('',#2381);
#2381 = CARTESIAN_POINT('',(4.73,-0.25,1.5));
#2382 = LINE('',#2383,#2384);
#2383 = CARTESIAN_POINT('',(4.73,-2.15,1.5));
#2384 = VECTOR('',#2385,1.);
#2385 = DIRECTION('',(0.,1.,0.));
#2386 = ORIENTED_EDGE('',*,*,#2387,.T.);
#2387 = EDGE_CURVE('',#2380,#2388,#2390,.T.);
#2388 = VERTEX_POINT('',#2389);
#2389 = CARTESIAN_POINT('',(4.73,0.35,0.9));
#2390 = CIRCLE('',#2391,0.6);
#2391 = AXIS2_PLACEMENT_3D('',#2392,#2393,#2394);
#2392 = CARTESIAN_POINT('',(4.73,-0.25,0.9));
#2393 = DIRECTION('',(-1.,0.,0.));
#2394 = DIRECTION('',(0.,0.,1.));
#2395 = ORIENTED_EDGE('',*,*,#2396,.F.);
#2396 = EDGE_CURVE('',#2397,#2388,#2399,.T.);
#2397 = VERTEX_POINT('',#2398);
#2398 = CARTESIAN_POINT('',(4.73,0.35,-5.8));
#2399 = LINE('',#2400,#2401);
#2400 = CARTESIAN_POINT('',(4.73,0.35,-6.));
#2401 = VECTOR('',#2402,1.);
#2402 = DIRECTION('',(0.,0.,1.));
#2403 = ORIENTED_EDGE('',*,*,#2404,.F.);
#2404 = EDGE_CURVE('',#2405,#2397,#2407,.T.);
#2405 = VERTEX_POINT('',#2406);
#2406 = CARTESIAN_POINT('',(4.73,-0.35,-5.8));
#2407 = LINE('',#2408,#2409);
#2408 = CARTESIAN_POINT('',(4.73,-0.35,-5.8));
#2409 = VECTOR('',#2410,1.);
#2410 = DIRECTION('',(0.,1.,0.));
#2411 = ORIENTED_EDGE('',*,*,#2412,.T.);
#2412 = EDGE_CURVE('',#2405,#755,#2413,.T.);
#2413 = LINE('',#2414,#2415);
#2414 = CARTESIAN_POINT('',(4.73,-0.35,-6.));
#2415 = VECTOR('',#2416,1.);
#2416 = DIRECTION('',(0.,0.,1.));
#2417 = ORIENTED_EDGE('',*,*,#754,.T.);
#2418 = ORIENTED_EDGE('',*,*,#2419,.T.);
#2419 = EDGE_CURVE('',#746,#2372,#2420,.T.);
#2420 = LINE('',#2421,#2422);
#2421 = CARTESIAN_POINT('',(4.73,-1.56,0.66266028276));
#2422 = VECTOR('',#2423,1.);
#2423 = DIRECTION('',(0.,1.,2.22044604925E-16));
#2424 = PLANE('',#2425);
#2425 = AXIS2_PLACEMENT_3D('',#2426,#2427,#2428);
#2426 = CARTESIAN_POINT('',(4.73,-0.260155781538,-1.645579270915));
#2427 = DIRECTION('',(-1.,6.673514125191E-32,-1.718979804377E-32));
#2428 = DIRECTION('',(-6.673514125191E-32,-1.,0.));
#2429 = ADVANCED_FACE('',(#2430),#2453,.F.);
#2430 = FACE_BOUND('',#2431,.F.);
#2431 = EDGE_LOOP('',(#2432,#2440,#2446,#2447));
#2432 = ORIENTED_EDGE('',*,*,#2433,.F.);
#2433 = EDGE_CURVE('',#2434,#721,#2436,.T.);
#2434 = VERTEX_POINT('',#2435);
#2435 = CARTESIAN_POINT('',(5.43,-0.35,-5.8));
#2436 = LINE('',#2437,#2438);
#2437 = CARTESIAN_POINT('',(5.43,-0.35,-6.));
#2438 = VECTOR('',#2439,1.);
#2439 = DIRECTION('',(0.,0.,1.));
#2440 = ORIENTED_EDGE('',*,*,#2441,.F.);
#2441 = EDGE_CURVE('',#2405,#2434,#2442,.T.);
#2442 = LINE('',#2443,#2444);
#2443 = CARTESIAN_POINT('',(4.73,-0.35,-5.8));
#2444 = VECTOR('',#2445,1.);
#2445 = DIRECTION('',(1.,0.,0.));
#2446 = ORIENTED_EDGE('',*,*,#2412,.T.);
#2447 = ORIENTED_EDGE('',*,*,#2448,.T.);
#2448 = EDGE_CURVE('',#755,#721,#2449,.T.);
#2449 = LINE('',#2450,#2451);
#2450 = CARTESIAN_POINT('',(-1.28,-0.35,0.));
#2451 = VECTOR('',#2452,1.);
#2452 = DIRECTION('',(1.,0.,0.));
#2453 = PLANE('',#2454);
#2454 = AXIS2_PLACEMENT_3D('',#2455,#2456,#2457);
#2455 = CARTESIAN_POINT('',(4.73,-0.35,-6.));
#2456 = DIRECTION('',(0.,1.,0.));
#2457 = DIRECTION('',(0.,0.,1.));
#2458 = ADVANCED_FACE('',(#2459),#2510,.T.);
#2459 = FACE_BOUND('',#2460,.T.);
#2460 = EDGE_LOOP('',(#2461,#2471,#2479,#2485,#2486,#2487,#2495,#2503));
#2461 = ORIENTED_EDGE('',*,*,#2462,.F.);
#2462 = EDGE_CURVE('',#2463,#2465,#2467,.T.);
#2463 = VERTEX_POINT('',#2464);
#2464 = CARTESIAN_POINT('',(5.43,-0.34,1.5));
#2465 = VERTEX_POINT('',#2466);
#2466 = CARTESIAN_POINT('',(5.43,-0.25,1.5));
#2467 = LINE('',#2468,#2469);
#2468 = CARTESIAN_POINT('',(5.43,-2.15,1.5));
#2469 = VECTOR('',#2470,1.);
#2470 = DIRECTION('',(0.,1.,0.));
#2471 = ORIENTED_EDGE('',*,*,#2472,.F.);
#2472 = EDGE_CURVE('',#2473,#2463,#2475,.T.);
#2473 = VERTEX_POINT('',#2474);
#2474 = CARTESIAN_POINT('',(5.43,-0.34,0.66266028276));
#2475 = LINE('',#2476,#2477);
#2476 = CARTESIAN_POINT('',(5.43,-0.34,-0.247789635457));
#2477 = VECTOR('',#2478,1.);
#2478 = DIRECTION('',(-3.154595965558E-33,-2.22044604925E-16,1.));
#2479 = ORIENTED_EDGE('',*,*,#2480,.F.);
#2480 = EDGE_CURVE('',#729,#2473,#2481,.T.);
#2481 = LINE('',#2482,#2483);
#2482 = CARTESIAN_POINT('',(5.43,-1.56,0.66266028276));
#2483 = VECTOR('',#2484,1.);
#2484 = DIRECTION('',(0.,1.,2.22044604925E-16));
#2485 = ORIENTED_EDGE('',*,*,#728,.F.);
#2486 = ORIENTED_EDGE('',*,*,#2433,.F.);
#2487 = ORIENTED_EDGE('',*,*,#2488,.T.);
#2488 = EDGE_CURVE('',#2434,#2489,#2491,.T.);
#2489 = VERTEX_POINT('',#2490);
#2490 = CARTESIAN_POINT('',(5.43,0.35,-5.8));
#2491 = LINE('',#2492,#2493);
#2492 = CARTESIAN_POINT('',(5.43,-0.35,-5.8));
#2493 = VECTOR('',#2494,1.);
#2494 = DIRECTION('',(0.,1.,0.));
#2495 = ORIENTED_EDGE('',*,*,#2496,.T.);
#2496 = EDGE_CURVE('',#2489,#2497,#2499,.T.);
#2497 = VERTEX_POINT('',#2498);
#2498 = CARTESIAN_POINT('',(5.43,0.35,0.9));
#2499 = LINE('',#2500,#2501);
#2500 = CARTESIAN_POINT('',(5.43,0.35,-6.));
#2501 = VECTOR('',#2502,1.);
#2502 = DIRECTION('',(0.,0.,1.));
#2503 = ORIENTED_EDGE('',*,*,#2504,.F.);
#2504 = EDGE_CURVE('',#2465,#2497,#2505,.T.);
#2505 = CIRCLE('',#2506,0.6);
#2506 = AXIS2_PLACEMENT_3D('',#2507,#2508,#2509);
#2507 = CARTESIAN_POINT('',(5.43,-0.25,0.9));
#2508 = DIRECTION('',(-1.,0.,0.));
#2509 = DIRECTION('',(0.,0.,1.));
#2510 = PLANE('',#2511);
#2511 = AXIS2_PLACEMENT_3D('',#2512,#2513,#2514);
#2512 = CARTESIAN_POINT('',(5.43,-0.260155781538,-1.645579270915));
#2513 = DIRECTION('',(1.,-2.5146184344E-31,3.154595965558E-33));
#2514 = DIRECTION('',(2.5146184344E-31,1.,0.));
#2515 = ADVANCED_FACE('',(#2516),#2574,.T.);
#2516 = FACE_BOUND('',#2517,.T.);
#2517 = EDGE_LOOP('',(#2518,#2528,#2536,#2545,#2553,#2561,#2567,#2568));
#2518 = ORIENTED_EDGE('',*,*,#2519,.F.);
#2519 = EDGE_CURVE('',#2520,#2522,#2524,.T.);
#2520 = VERTEX_POINT('',#2521);
#2521 = CARTESIAN_POINT('',(7.27,-0.34,1.5));
#2522 = VERTEX_POINT('',#2523);
#2523 = CARTESIAN_POINT('',(7.27,-0.34,0.66266028276));
#2524 = LINE('',#2525,#2526);
#2525 = CARTESIAN_POINT('',(7.27,-0.34,-0.247789635457));
#2526 = VECTOR('',#2527,1.);
#2527 = DIRECTION('',(1.718979804377E-32,2.22044604925E-16,-1.));
#2528 = ORIENTED_EDGE('',*,*,#2529,.T.);
#2529 = EDGE_CURVE('',#2520,#2530,#2532,.T.);
#2530 = VERTEX_POINT('',#2531);
#2531 = CARTESIAN_POINT('',(7.27,-0.25,1.5));
#2532 = LINE('',#2533,#2534);
#2533 = CARTESIAN_POINT('',(7.27,-2.15,1.5));
#2534 = VECTOR('',#2535,1.);
#2535 = DIRECTION('',(0.,1.,0.));
#2536 = ORIENTED_EDGE('',*,*,#2537,.T.);
#2537 = EDGE_CURVE('',#2530,#2538,#2540,.T.);
#2538 = VERTEX_POINT('',#2539);
#2539 = CARTESIAN_POINT('',(7.27,0.35,0.9));
#2540 = CIRCLE('',#2541,0.6);
#2541 = AXIS2_PLACEMENT_3D('',#2542,#2543,#2544);
#2542 = CARTESIAN_POINT('',(7.27,-0.25,0.9));
#2543 = DIRECTION('',(-1.,0.,0.));
#2544 = DIRECTION('',(0.,0.,1.));
#2545 = ORIENTED_EDGE('',*,*,#2546,.F.);
#2546 = EDGE_CURVE('',#2547,#2538,#2549,.T.);
#2547 = VERTEX_POINT('',#2548);
#2548 = CARTESIAN_POINT('',(7.27,0.35,-5.8));
#2549 = LINE('',#2550,#2551);
#2550 = CARTESIAN_POINT('',(7.27,0.35,-6.));
#2551 = VECTOR('',#2552,1.);
#2552 = DIRECTION('',(0.,0.,1.));
#2553 = ORIENTED_EDGE('',*,*,#2554,.F.);
#2554 = EDGE_CURVE('',#2555,#2547,#2557,.T.);
#2555 = VERTEX_POINT('',#2556);
#2556 = CARTESIAN_POINT('',(7.27,-0.35,-5.8));
#2557 = LINE('',#2558,#2559);
#2558 = CARTESIAN_POINT('',(7.27,-0.35,-5.8));
#2559 = VECTOR('',#2560,1.);
#2560 = DIRECTION('',(0.,1.,0.));
#2561 = ORIENTED_EDGE('',*,*,#2562,.T.);
#2562 = EDGE_CURVE('',#2555,#713,#2563,.T.);
#2563 = LINE('',#2564,#2565);
#2564 = CARTESIAN_POINT('',(7.27,-0.35,-6.));
#2565 = VECTOR('',#2566,1.);
#2566 = DIRECTION('',(0.,0.,1.));
#2567 = ORIENTED_EDGE('',*,*,#712,.T.);
#2568 = ORIENTED_EDGE('',*,*,#2569,.T.);
#2569 = EDGE_CURVE('',#704,#2522,#2570,.T.);
#2570 = LINE('',#2571,#2572);
#2571 = CARTESIAN_POINT('',(7.27,-1.56,0.66266028276));
#2572 = VECTOR('',#2573,1.);
#2573 = DIRECTION('',(0.,1.,2.22044604925E-16));
#2574 = PLANE('',#2575);
#2575 = AXIS2_PLACEMENT_3D('',#2576,#2577,#2578);
#2576 = CARTESIAN_POINT('',(7.27,-0.260155781538,-1.645579270915));
#2577 = DIRECTION('',(-1.,6.673514125191E-32,-1.718979804377E-32));
#2578 = DIRECTION('',(-6.673514125191E-32,-1.,0.));
#2579 = ADVANCED_FACE('',(#2580),#2603,.F.);
#2580 = FACE_BOUND('',#2581,.F.);
#2581 = EDGE_LOOP('',(#2582,#2590,#2596,#2597));
#2582 = ORIENTED_EDGE('',*,*,#2583,.F.);
#2583 = EDGE_CURVE('',#2584,#679,#2586,.T.);
#2584 = VERTEX_POINT('',#2585);
#2585 = CARTESIAN_POINT('',(7.97,-0.35,-5.8));
#2586 = LINE('',#2587,#2588);
#2587 = CARTESIAN_POINT('',(7.97,-0.35,-6.));
#2588 = VECTOR('',#2589,1.);
#2589 = DIRECTION('',(0.,0.,1.));
#2590 = ORIENTED_EDGE('',*,*,#2591,.F.);
#2591 = EDGE_CURVE('',#2555,#2584,#2592,.T.);
#2592 = LINE('',#2593,#2594);
#2593 = CARTESIAN_POINT('',(7.27,-0.35,-5.8));
#2594 = VECTOR('',#2595,1.);
#2595 = DIRECTION('',(1.,0.,0.));
#2596 = ORIENTED_EDGE('',*,*,#2562,.T.);
#2597 = ORIENTED_EDGE('',*,*,#2598,.T.);
#2598 = EDGE_CURVE('',#713,#679,#2599,.T.);
#2599 = LINE('',#2600,#2601);
#2600 = CARTESIAN_POINT('',(-1.28,-0.35,0.));
#2601 = VECTOR('',#2602,1.);
#2602 = DIRECTION('',(1.,0.,0.));
#2603 = PLANE('',#2604);
#2604 = AXIS2_PLACEMENT_3D('',#2605,#2606,#2607);
#2605 = CARTESIAN_POINT('',(7.27,-0.35,-6.));
#2606 = DIRECTION('',(0.,1.,0.));
#2607 = DIRECTION('',(0.,0.,1.));
#2608 = ADVANCED_FACE('',(#2609),#2660,.T.);
#2609 = FACE_BOUND('',#2610,.T.);
#2610 = EDGE_LOOP('',(#2611,#2621,#2629,#2635,#2636,#2637,#2645,#2653));
#2611 = ORIENTED_EDGE('',*,*,#2612,.F.);
#2612 = EDGE_CURVE('',#2613,#2615,#2617,.T.);
#2613 = VERTEX_POINT('',#2614);
#2614 = CARTESIAN_POINT('',(7.97,-0.34,1.5));
#2615 = VERTEX_POINT('',#2616);
#2616 = CARTESIAN_POINT('',(7.97,-0.25,1.5));
#2617 = LINE('',#2618,#2619);
#2618 = CARTESIAN_POINT('',(7.97,-2.15,1.5));
#2619 = VECTOR('',#2620,1.);
#2620 = DIRECTION('',(0.,1.,0.));
#2621 = ORIENTED_EDGE('',*,*,#2622,.F.);
#2622 = EDGE_CURVE('',#2623,#2613,#2625,.T.);
#2623 = VERTEX_POINT('',#2624);
#2624 = CARTESIAN_POINT('',(7.97,-0.34,0.66266028276));
#2625 = LINE('',#2626,#2627);
#2626 = CARTESIAN_POINT('',(7.97,-0.34,-0.247789635457));
#2627 = VECTOR('',#2628,1.);
#2628 = DIRECTION('',(-3.154595965558E-33,-2.22044604925E-16,1.));
#2629 = ORIENTED_EDGE('',*,*,#2630,.F.);
#2630 = EDGE_CURVE('',#687,#2623,#2631,.T.);
#2631 = LINE('',#2632,#2633);
#2632 = CARTESIAN_POINT('',(7.97,-1.56,0.66266028276));
#2633 = VECTOR('',#2634,1.);
#2634 = DIRECTION('',(0.,1.,2.22044604925E-16));
#2635 = ORIENTED_EDGE('',*,*,#686,.F.);
#2636 = ORIENTED_EDGE('',*,*,#2583,.F.);
#2637 = ORIENTED_EDGE('',*,*,#2638,.T.);
#2638 = EDGE_CURVE('',#2584,#2639,#2641,.T.);
#2639 = VERTEX_POINT('',#2640);
#2640 = CARTESIAN_POINT('',(7.97,0.35,-5.8));
#2641 = LINE('',#2642,#2643);
#2642 = CARTESIAN_POINT('',(7.97,-0.35,-5.8));
#2643 = VECTOR('',#2644,1.);
#2644 = DIRECTION('',(0.,1.,0.));
#2645 = ORIENTED_EDGE('',*,*,#2646,.T.);
#2646 = EDGE_CURVE('',#2639,#2647,#2649,.T.);
#2647 = VERTEX_POINT('',#2648);
#2648 = CARTESIAN_POINT('',(7.97,0.35,0.9));
#2649 = LINE('',#2650,#2651);
#2650 = CARTESIAN_POINT('',(7.97,0.35,-6.));
#2651 = VECTOR('',#2652,1.);
#2652 = DIRECTION('',(0.,0.,1.));
#2653 = ORIENTED_EDGE('',*,*,#2654,.F.);
#2654 = EDGE_CURVE('',#2615,#2647,#2655,.T.);
#2655 = CIRCLE('',#2656,0.6);
#2656 = AXIS2_PLACEMENT_3D('',#2657,#2658,#2659);
#2657 = CARTESIAN_POINT('',(7.97,-0.25,0.9));
#2658 = DIRECTION('',(-1.,0.,0.));
#2659 = DIRECTION('',(0.,0.,1.));
#2660 = PLANE('',#2661);
#2661 = AXIS2_PLACEMENT_3D('',#2662,#2663,#2664);
#2662 = CARTESIAN_POINT('',(7.97,-0.260155781538,-1.645579270915));
#2663 = DIRECTION('',(1.,-2.5146184344E-31,3.154595965558E-33));
#2664 = DIRECTION('',(2.5146184344E-31,1.,0.));
#2665 = ADVANCED_FACE('',(#2666),#2677,.T.);
#2666 = FACE_BOUND('',#2667,.T.);
#2667 = EDGE_LOOP('',(#2668,#2669,#2670,#2671));
#2668 = ORIENTED_EDGE('',*,*,#1418,.F.);
#2669 = ORIENTED_EDGE('',*,*,#662,.T.);
#2670 = ORIENTED_EDGE('',*,*,#1440,.T.);
#2671 = ORIENTED_EDGE('',*,*,#2672,.F.);
#2672 = EDGE_CURVE('',#73,#1441,#2673,.T.);
#2673 = LINE('',#2674,#2675);
#2674 = CARTESIAN_POINT('',(10.39,1.25,10.));
#2675 = VECTOR('',#2676,1.);
#2676 = DIRECTION('',(1.,0.,0.));
#2677 = PLANE('',#2678);
#2678 = AXIS2_PLACEMENT_3D('',#2679,#2680,#2681);
#2679 = CARTESIAN_POINT('',(10.39,-0.35,10.));
#2680 = DIRECTION('',(0.,0.,1.));
#2681 = DIRECTION('',(1.,0.,0.));
#2682 = ADVANCED_FACE('',(#2683),#2719,.T.);
#2683 = FACE_BOUND('',#2684,.T.);
#2684 = EDGE_LOOP('',(#2685,#2693,#2702,#2711,#2717,#2718));
#2685 = ORIENTED_EDGE('',*,*,#2686,.T.);
#2686 = EDGE_CURVE('',#1052,#2687,#2689,.T.);
#2687 = VERTEX_POINT('',#2688);
#2688 = CARTESIAN_POINT('',(7.72,-5.E-02,6.7));
#2689 = LINE('',#2690,#2691);
#2690 = CARTESIAN_POINT('',(7.72,-0.35,6.7));
#2691 = VECTOR('',#2692,1.);
#2692 = DIRECTION('',(0.,1.,0.));
#2693 = ORIENTED_EDGE('',*,*,#2694,.F.);
#2694 = EDGE_CURVE('',#2695,#2687,#2697,.T.);
#2695 = VERTEX_POINT('',#2696);
#2696 = CARTESIAN_POINT('',(9.92,-5.E-02,8.9));
#2697 = CIRCLE('',#2698,2.2);
#2698 = AXIS2_PLACEMENT_3D('',#2699,#2700,#2701);
#2699 = CARTESIAN_POINT('',(7.72,-5.E-02,8.9));
#2700 = DIRECTION('',(6.037693903678E-18,1.,3.937297302025E-18));
#2701 = DIRECTION('',(1.,-6.037693903678E-18,-5.369041775489E-19));
#2702 = ORIENTED_EDGE('',*,*,#2703,.F.);
#2703 = EDGE_CURVE('',#2704,#2695,#2706,.T.);
#2704 = VERTEX_POINT('',#2705);
#2705 = CARTESIAN_POINT('',(7.72,-5.E-02,11.1));
#2706 = CIRCLE('',#2707,2.2);
#2707 = AXIS2_PLACEMENT_3D('',#2708,#2709,#2710);
#2708 = CARTESIAN_POINT('',(7.72,-5.E-02,8.9));
#2709 = DIRECTION('',(6.037693903678E-18,1.,3.937297302025E-18));
#2710 = DIRECTION('',(-8.233218959561E-19,-3.937297302025E-18,1.));
#2711 = ORIENTED_EDGE('',*,*,#2712,.F.);
#2712 = EDGE_CURVE('',#1024,#2704,#2713,.T.);
#2713 = LINE('',#2714,#2715);
#2714 = CARTESIAN_POINT('',(7.72,-0.35,11.1));
#2715 = VECTOR('',#2716,1.);
#2716 = DIRECTION('',(0.,1.,0.));
#2717 = ORIENTED_EDGE('',*,*,#1023,.T.);
#2718 = ORIENTED_EDGE('',*,*,#1059,.T.);
#2719 = CYLINDRICAL_SURFACE('',#2720,2.2);
#2720 = AXIS2_PLACEMENT_3D('',#2721,#2722,#2723);
#2721 = CARTESIAN_POINT('',(7.72,-0.35,8.9));
#2722 = DIRECTION('',(0.,1.,2.22044604925E-16));
#2723 = DIRECTION('',(1.,0.,0.));
#2724 = ADVANCED_FACE('',(#2725),#2743,.F.);
#2725 = FACE_BOUND('',#2726,.F.);
#2726 = EDGE_LOOP('',(#2727,#2735,#2736,#2737));
#2727 = ORIENTED_EDGE('',*,*,#2728,.F.);
#2728 = EDGE_CURVE('',#1043,#2729,#2731,.T.);
#2729 = VERTEX_POINT('',#2730);
#2730 = CARTESIAN_POINT('',(1.32,-5.E-02,6.7));
#2731 = LINE('',#2732,#2733);
#2732 = CARTESIAN_POINT('',(1.32,-0.35,6.7));
#2733 = VECTOR('',#2734,1.);
#2734 = DIRECTION('',(0.,1.,0.));
#2735 = ORIENTED_EDGE('',*,*,#1051,.T.);
#2736 = ORIENTED_EDGE('',*,*,#2686,.T.);
#2737 = ORIENTED_EDGE('',*,*,#2738,.T.);
#2738 = EDGE_CURVE('',#2687,#2729,#2739,.T.);
#2739 = LINE('',#2740,#2741);
#2740 = CARTESIAN_POINT('',(7.72,-5.E-02,6.7));
#2741 = VECTOR('',#2742,1.);
#2742 = DIRECTION('',(-1.,-0.,-0.));
#2743 = PLANE('',#2744);
#2744 = AXIS2_PLACEMENT_3D('',#2745,#2746,#2747);
#2745 = CARTESIAN_POINT('',(1.32,-0.35,6.7));
#2746 = DIRECTION('',(0.,0.,1.));
#2747 = DIRECTION('',(1.,0.,0.));
#2748 = ADVANCED_FACE('',(#2749),#2768,.T.);
#2749 = FACE_BOUND('',#2750,.T.);
#2750 = EDGE_LOOP('',(#2751,#2759,#2766,#2767));
#2751 = ORIENTED_EDGE('',*,*,#2752,.T.);
#2752 = EDGE_CURVE('',#1035,#2753,#2755,.T.);
#2753 = VERTEX_POINT('',#2754);
#2754 = CARTESIAN_POINT('',(1.32,-5.E-02,11.1));
#2755 = LINE('',#2756,#2757);
#2756 = CARTESIAN_POINT('',(1.32,-0.35,11.1));
#2757 = VECTOR('',#2758,1.);
#2758 = DIRECTION('',(0.,1.,0.));
#2759 = ORIENTED_EDGE('',*,*,#2760,.F.);
#2760 = EDGE_CURVE('',#2729,#2753,#2761,.T.);
#2761 = CIRCLE('',#2762,2.2);
#2762 = AXIS2_PLACEMENT_3D('',#2763,#2764,#2765);
#2763 = CARTESIAN_POINT('',(1.32,-5.E-02,8.9));
#2764 = DIRECTION('',(6.037693903678E-18,1.,3.937297302025E-18));
#2765 = DIRECTION('',(-8.233218959561E-19,3.937297302025E-18,-1.));
#2766 = ORIENTED_EDGE('',*,*,#2728,.F.);
#2767 = ORIENTED_EDGE('',*,*,#1042,.T.);
#2768 = CYLINDRICAL_SURFACE('',#2769,2.2);
#2769 = AXIS2_PLACEMENT_3D('',#2770,#2771,#2772);
#2770 = CARTESIAN_POINT('',(1.32,-0.35,8.9));
#2771 = DIRECTION('',(0.,1.,-2.22044604925E-16));
#2772 = DIRECTION('',(1.,0.,0.));
#2773 = ADVANCED_FACE('',(#2774),#2785,.T.);
#2774 = FACE_BOUND('',#2775,.T.);
#2775 = EDGE_LOOP('',(#2776,#2777,#2778,#2779));
#2776 = ORIENTED_EDGE('',*,*,#2752,.F.);
#2777 = ORIENTED_EDGE('',*,*,#1034,.T.);
#2778 = ORIENTED_EDGE('',*,*,#2712,.T.);
#2779 = ORIENTED_EDGE('',*,*,#2780,.F.);
#2780 = EDGE_CURVE('',#2753,#2704,#2781,.T.);
#2781 = LINE('',#2782,#2783);
#2782 = CARTESIAN_POINT('',(1.32,-5.E-02,11.1));
#2783 = VECTOR('',#2784,1.);
#2784 = DIRECTION('',(1.,0.,0.));
#2785 = PLANE('',#2786);
#2786 = AXIS2_PLACEMENT_3D('',#2787,#2788,#2789);
#2787 = CARTESIAN_POINT('',(1.32,-0.35,11.1));
#2788 = DIRECTION('',(0.,0.,1.));
#2789 = DIRECTION('',(1.,0.,0.));
#2790 = ADVANCED_FACE('',(#2791),#2816,.T.);
#2791 = FACE_BOUND('',#2792,.F.);
#2792 = EDGE_LOOP('',(#2793,#2801,#2802,#2810));
#2793 = ORIENTED_EDGE('',*,*,#2794,.F.);
#2794 = EDGE_CURVE('',#2105,#2795,#2797,.T.);
#2795 = VERTEX_POINT('',#2796);
#2796 = CARTESIAN_POINT('',(-0.15,-0.15,-6.));
#2797 = LINE('',#2798,#2799);
#2798 = CARTESIAN_POINT('',(-0.283333333333,-0.283333333333,
    -5.866666666667));
#2799 = VECTOR('',#2800,1.);
#2800 = DIRECTION('',(0.57735026919,0.57735026919,-0.57735026919));
#2801 = ORIENTED_EDGE('',*,*,#2141,.T.);
#2802 = ORIENTED_EDGE('',*,*,#2803,.T.);
#2803 = EDGE_CURVE('',#2134,#2804,#2806,.T.);
#2804 = VERTEX_POINT('',#2805);
#2805 = CARTESIAN_POINT('',(0.15,-0.15,-6.));
#2806 = LINE('',#2807,#2808);
#2807 = CARTESIAN_POINT('',(0.166666666667,-0.166666666667,
    -5.983333333333));
#2808 = VECTOR('',#2809,1.);
#2809 = DIRECTION('',(-0.57735026919,0.57735026919,-0.57735026919));
#2810 = ORIENTED_EDGE('',*,*,#2811,.F.);
#2811 = EDGE_CURVE('',#2795,#2804,#2812,.T.);
#2812 = LINE('',#2813,#2814);
#2813 = CARTESIAN_POINT('',(-0.35,-0.15,-6.));
#2814 = VECTOR('',#2815,1.);
#2815 = DIRECTION('',(1.,0.,0.));
#2816 = PLANE('',#2817);
#2817 = AXIS2_PLACEMENT_3D('',#2818,#2819,#2820);
#2818 = CARTESIAN_POINT('',(-0.35,-0.25,-5.9));
#2819 = DIRECTION('',(0.,-0.707106781187,-0.707106781187));
#2820 = DIRECTION('',(-1.,-0.,-0.));
#2821 = ADVANCED_FACE('',(#2822),#2847,.T.);
#2822 = FACE_BOUND('',#2823,.F.);
#2823 = EDGE_LOOP('',(#2824,#2832,#2833,#2841));
#2824 = ORIENTED_EDGE('',*,*,#2825,.F.);
#2825 = EDGE_CURVE('',#2255,#2826,#2828,.T.);
#2826 = VERTEX_POINT('',#2827);
#2827 = CARTESIAN_POINT('',(2.39,-0.15,-6.));
#2828 = LINE('',#2829,#2830);
#2829 = CARTESIAN_POINT('',(2.256666666667,-0.283333333333,
    -5.866666666667));
#2830 = VECTOR('',#2831,1.);
#2831 = DIRECTION('',(0.57735026919,0.57735026919,-0.57735026919));
#2832 = ORIENTED_EDGE('',*,*,#2291,.T.);
#2833 = ORIENTED_EDGE('',*,*,#2834,.T.);
#2834 = EDGE_CURVE('',#2284,#2835,#2837,.T.);
#2835 = VERTEX_POINT('',#2836);
#2836 = CARTESIAN_POINT('',(2.69,-0.15,-6.));
#2837 = LINE('',#2838,#2839);
#2838 = CARTESIAN_POINT('',(2.706666666667,-0.166666666667,
    -5.983333333333));
#2839 = VECTOR('',#2840,1.);
#2840 = DIRECTION('',(-0.57735026919,0.57735026919,-0.57735026919));
#2841 = ORIENTED_EDGE('',*,*,#2842,.F.);
#2842 = EDGE_CURVE('',#2826,#2835,#2843,.T.);
#2843 = LINE('',#2844,#2845);
#2844 = CARTESIAN_POINT('',(2.19,-0.15,-6.));
#2845 = VECTOR('',#2846,1.);
#2846 = DIRECTION('',(1.,0.,0.));
#2847 = PLANE('',#2848);
#2848 = AXIS2_PLACEMENT_3D('',#2849,#2850,#2851);
#2849 = CARTESIAN_POINT('',(2.19,-0.25,-5.9));
#2850 = DIRECTION('',(0.,-0.707106781187,-0.707106781187));
#2851 = DIRECTION('',(-1.,-0.,-0.));
#2852 = ADVANCED_FACE('',(#2853),#2878,.T.);
#2853 = FACE_BOUND('',#2854,.F.);
#2854 = EDGE_LOOP('',(#2855,#2863,#2864,#2872));
#2855 = ORIENTED_EDGE('',*,*,#2856,.F.);
#2856 = EDGE_CURVE('',#2405,#2857,#2859,.T.);
#2857 = VERTEX_POINT('',#2858);
#2858 = CARTESIAN_POINT('',(4.93,-0.15,-6.));
#2859 = LINE('',#2860,#2861);
#2860 = CARTESIAN_POINT('',(4.796666666667,-0.283333333333,
    -5.866666666667));
#2861 = VECTOR('',#2862,1.);
#2862 = DIRECTION('',(0.57735026919,0.57735026919,-0.57735026919));
#2863 = ORIENTED_EDGE('',*,*,#2441,.T.);
#2864 = ORIENTED_EDGE('',*,*,#2865,.T.);
#2865 = EDGE_CURVE('',#2434,#2866,#2868,.T.);
#2866 = VERTEX_POINT('',#2867);
#2867 = CARTESIAN_POINT('',(5.23,-0.15,-6.));
#2868 = LINE('',#2869,#2870);
#2869 = CARTESIAN_POINT('',(5.246666666667,-0.166666666667,
    -5.983333333333));
#2870 = VECTOR('',#2871,1.);
#2871 = DIRECTION('',(-0.57735026919,0.57735026919,-0.57735026919));
#2872 = ORIENTED_EDGE('',*,*,#2873,.F.);
#2873 = EDGE_CURVE('',#2857,#2866,#2874,.T.);
#2874 = LINE('',#2875,#2876);
#2875 = CARTESIAN_POINT('',(4.73,-0.15,-6.));
#2876 = VECTOR('',#2877,1.);
#2877 = DIRECTION('',(1.,0.,0.));
#2878 = PLANE('',#2879);
#2879 = AXIS2_PLACEMENT_3D('',#2880,#2881,#2882);
#2880 = CARTESIAN_POINT('',(4.73,-0.25,-5.9));
#2881 = DIRECTION('',(0.,-0.707106781187,-0.707106781187));
#2882 = DIRECTION('',(-1.,-0.,-0.));
#2883 = ADVANCED_FACE('',(#2884),#2909,.T.);
#2884 = FACE_BOUND('',#2885,.F.);
#2885 = EDGE_LOOP('',(#2886,#2894,#2895,#2903));
#2886 = ORIENTED_EDGE('',*,*,#2887,.F.);
#2887 = EDGE_CURVE('',#2555,#2888,#2890,.T.);
#2888 = VERTEX_POINT('',#2889);
#2889 = CARTESIAN_POINT('',(7.47,-0.15,-6.));
#2890 = LINE('',#2891,#2892);
#2891 = CARTESIAN_POINT('',(7.336666666667,-0.283333333333,
    -5.866666666667));
#2892 = VECTOR('',#2893,1.);
#2893 = DIRECTION('',(0.57735026919,0.57735026919,-0.57735026919));
#2894 = ORIENTED_EDGE('',*,*,#2591,.T.);
#2895 = ORIENTED_EDGE('',*,*,#2896,.T.);
#2896 = EDGE_CURVE('',#2584,#2897,#2899,.T.);
#2897 = VERTEX_POINT('',#2898);
#2898 = CARTESIAN_POINT('',(7.77,-0.15,-6.));
#2899 = LINE('',#2900,#2901);
#2900 = CARTESIAN_POINT('',(7.786666666667,-0.166666666667,
    -5.983333333333));
#2901 = VECTOR('',#2902,1.);
#2902 = DIRECTION('',(-0.57735026919,0.57735026919,-0.57735026919));
#2903 = ORIENTED_EDGE('',*,*,#2904,.F.);
#2904 = EDGE_CURVE('',#2888,#2897,#2905,.T.);
#2905 = LINE('',#2906,#2907);
#2906 = CARTESIAN_POINT('',(7.27,-0.15,-6.));
#2907 = VECTOR('',#2908,1.);
#2908 = DIRECTION('',(1.,0.,0.));
#2909 = PLANE('',#2910);
#2910 = AXIS2_PLACEMENT_3D('',#2911,#2912,#2913);
#2911 = CARTESIAN_POINT('',(7.27,-0.25,-5.9));
#2912 = DIRECTION('',(0.,-0.707106781187,-0.707106781187));
#2913 = DIRECTION('',(-1.,-0.,-0.));
#2914 = ADVANCED_FACE('',(#2915),#2940,.T.);
#2915 = FACE_BOUND('',#2916,.F.);
#2916 = EDGE_LOOP('',(#2917,#2925,#2926,#2934));
#2917 = ORIENTED_EDGE('',*,*,#2918,.F.);
#2918 = EDGE_CURVE('',#1505,#2919,#2921,.T.);
#2919 = VERTEX_POINT('',#2920);
#2920 = CARTESIAN_POINT('',(32.87,-0.15,-6.));
#2921 = LINE('',#2922,#2923);
#2922 = CARTESIAN_POINT('',(32.736666666667,-0.283333333333,
    -5.866666666667));
#2923 = VECTOR('',#2924,1.);
#2924 = DIRECTION('',(0.57735026919,0.57735026919,-0.57735026919));
#2925 = ORIENTED_EDGE('',*,*,#1541,.T.);
#2926 = ORIENTED_EDGE('',*,*,#2927,.T.);
#2927 = EDGE_CURVE('',#1534,#2928,#2930,.T.);
#2928 = VERTEX_POINT('',#2929);
#2929 = CARTESIAN_POINT('',(33.17,-0.15,-6.));
#2930 = LINE('',#2931,#2932);
#2931 = CARTESIAN_POINT('',(33.186666666667,-0.166666666667,
    -5.983333333333));
#2932 = VECTOR('',#2933,1.);
#2933 = DIRECTION('',(-0.57735026919,0.57735026919,-0.57735026919));
#2934 = ORIENTED_EDGE('',*,*,#2935,.F.);
#2935 = EDGE_CURVE('',#2919,#2928,#2936,.T.);
#2936 = LINE('',#2937,#2938);
#2937 = CARTESIAN_POINT('',(32.67,-0.15,-6.));
#2938 = VECTOR('',#2939,1.);
#2939 = DIRECTION('',(1.,0.,0.));
#2940 = PLANE('',#2941);
#2941 = AXIS2_PLACEMENT_3D('',#2942,#2943,#2944);
#2942 = CARTESIAN_POINT('',(32.67,-0.25,-5.9));
#2943 = DIRECTION('',(0.,-0.707106781187,-0.707106781187));
#2944 = DIRECTION('',(-1.,-0.,-0.));
#2945 = ADVANCED_FACE('',(#2946),#2971,.T.);
#2946 = FACE_BOUND('',#2947,.F.);
#2947 = EDGE_LOOP('',(#2948,#2956,#2957,#2965));
#2948 = ORIENTED_EDGE('',*,*,#2949,.F.);
#2949 = EDGE_CURVE('',#1655,#2950,#2952,.T.);
#2950 = VERTEX_POINT('',#2951);
#2951 = CARTESIAN_POINT('',(35.41,-0.15,-6.));
#2952 = LINE('',#2953,#2954);
#2953 = CARTESIAN_POINT('',(35.276666666667,-0.283333333333,
    -5.866666666667));
#2954 = VECTOR('',#2955,1.);
#2955 = DIRECTION('',(0.57735026919,0.57735026919,-0.57735026919));
#2956 = ORIENTED_EDGE('',*,*,#1691,.T.);
#2957 = ORIENTED_EDGE('',*,*,#2958,.T.);
#2958 = EDGE_CURVE('',#1684,#2959,#2961,.T.);
#2959 = VERTEX_POINT('',#2960);
#2960 = CARTESIAN_POINT('',(35.71,-0.15,-6.));
#2961 = LINE('',#2962,#2963);
#2962 = CARTESIAN_POINT('',(35.726666666667,-0.166666666667,
    -5.983333333333));
#2963 = VECTOR('',#2964,1.);
#2964 = DIRECTION('',(-0.57735026919,0.57735026919,-0.57735026919));
#2965 = ORIENTED_EDGE('',*,*,#2966,.F.);
#2966 = EDGE_CURVE('',#2950,#2959,#2967,.T.);
#2967 = LINE('',#2968,#2969);
#2968 = CARTESIAN_POINT('',(35.21,-0.15,-6.));
#2969 = VECTOR('',#2970,1.);
#2970 = DIRECTION('',(1.,0.,0.));
#2971 = PLANE('',#2972);
#2972 = AXIS2_PLACEMENT_3D('',#2973,#2974,#2975);
#2973 = CARTESIAN_POINT('',(35.21,-0.25,-5.9));
#2974 = DIRECTION('',(0.,-0.707106781187,-0.707106781187));
#2975 = DIRECTION('',(-1.,-0.,-0.));
#2976 = ADVANCED_FACE('',(#2977),#3002,.T.);
#2977 = FACE_BOUND('',#2978,.F.);
#2978 = EDGE_LOOP('',(#2979,#2987,#2988,#2996));
#2979 = ORIENTED_EDGE('',*,*,#2980,.F.);
#2980 = EDGE_CURVE('',#1805,#2981,#2983,.T.);
#2981 = VERTEX_POINT('',#2982);
#2982 = CARTESIAN_POINT('',(37.95,-0.15,-6.));
#2983 = LINE('',#2984,#2985);
#2984 = CARTESIAN_POINT('',(37.816666666667,-0.283333333333,
    -5.866666666667));
#2985 = VECTOR('',#2986,1.);
#2986 = DIRECTION('',(0.57735026919,0.57735026919,-0.57735026919));
#2987 = ORIENTED_EDGE('',*,*,#1841,.T.);
#2988 = ORIENTED_EDGE('',*,*,#2989,.T.);
#2989 = EDGE_CURVE('',#1834,#2990,#2992,.T.);
#2990 = VERTEX_POINT('',#2991);
#2991 = CARTESIAN_POINT('',(38.25,-0.15,-6.));
#2992 = LINE('',#2993,#2994);
#2993 = CARTESIAN_POINT('',(38.266666666667,-0.166666666667,
    -5.983333333333));
#2994 = VECTOR('',#2995,1.);
#2995 = DIRECTION('',(-0.57735026919,0.57735026919,-0.57735026919));
#2996 = ORIENTED_EDGE('',*,*,#2997,.F.);
#2997 = EDGE_CURVE('',#2981,#2990,#2998,.T.);
#2998 = LINE('',#2999,#3000);
#2999 = CARTESIAN_POINT('',(37.75,-0.15,-6.));
#3000 = VECTOR('',#3001,1.);
#3001 = DIRECTION('',(1.,0.,0.));
#3002 = PLANE('',#3003);
#3003 = AXIS2_PLACEMENT_3D('',#3004,#3005,#3006);
#3004 = CARTESIAN_POINT('',(37.75,-0.25,-5.9));
#3005 = DIRECTION('',(0.,-0.707106781187,-0.707106781187));
#3006 = DIRECTION('',(-1.,-0.,-0.));
#3007 = ADVANCED_FACE('',(#3008),#3033,.T.);
#3008 = FACE_BOUND('',#3009,.F.);
#3009 = EDGE_LOOP('',(#3010,#3018,#3019,#3027));
#3010 = ORIENTED_EDGE('',*,*,#3011,.F.);
#3011 = EDGE_CURVE('',#1955,#3012,#3014,.T.);
#3012 = VERTEX_POINT('',#3013);
#3013 = CARTESIAN_POINT('',(40.49,-0.15,-6.));
#3014 = LINE('',#3015,#3016);
#3015 = CARTESIAN_POINT('',(40.356666666667,-0.283333333333,
    -5.866666666667));
#3016 = VECTOR('',#3017,1.);
#3017 = DIRECTION('',(0.57735026919,0.57735026919,-0.57735026919));
#3018 = ORIENTED_EDGE('',*,*,#1991,.T.);
#3019 = ORIENTED_EDGE('',*,*,#3020,.T.);
#3020 = EDGE_CURVE('',#1984,#3021,#3023,.T.);
#3021 = VERTEX_POINT('',#3022);
#3022 = CARTESIAN_POINT('',(40.79,-0.15,-6.));
#3023 = LINE('',#3024,#3025);
#3024 = CARTESIAN_POINT('',(40.806666666667,-0.166666666667,
    -5.983333333333));
#3025 = VECTOR('',#3026,1.);
#3026 = DIRECTION('',(-0.57735026919,0.57735026919,-0.57735026919));
#3027 = ORIENTED_EDGE('',*,*,#3028,.F.);
#3028 = EDGE_CURVE('',#3012,#3021,#3029,.T.);
#3029 = LINE('',#3030,#3031);
#3030 = CARTESIAN_POINT('',(40.29,-0.15,-6.));
#3031 = VECTOR('',#3032,1.);
#3032 = DIRECTION('',(1.,0.,0.));
#3033 = PLANE('',#3034);
#3034 = AXIS2_PLACEMENT_3D('',#3035,#3036,#3037);
#3035 = CARTESIAN_POINT('',(40.29,-0.25,-5.9));
#3036 = DIRECTION('',(0.,-0.707106781187,-0.707106781187));
#3037 = DIRECTION('',(-1.,-0.,-0.));
#3038 = ADVANCED_FACE('',(#3039),#3064,.F.);
#3039 = FACE_BOUND('',#3040,.F.);
#3040 = EDGE_LOOP('',(#3041,#3049,#3057,#3063));
#3041 = ORIENTED_EDGE('',*,*,#3042,.F.);
#3042 = EDGE_CURVE('',#3043,#1080,#3045,.T.);
#3043 = VERTEX_POINT('',#3044);
#3044 = CARTESIAN_POINT('',(7.27,-1.95,0.8));
#3045 = LINE('',#3046,#3047);
#3046 = CARTESIAN_POINT('',(7.27,-2.15,0.8));
#3047 = VECTOR('',#3048,1.);
#3048 = DIRECTION('',(0.,1.,0.));
#3049 = ORIENTED_EDGE('',*,*,#3050,.T.);
#3050 = EDGE_CURVE('',#3043,#3051,#3053,.T.);
#3051 = VERTEX_POINT('',#3052);
#3052 = CARTESIAN_POINT('',(7.97,-1.95,0.8));
#3053 = LINE('',#3054,#3055);
#3054 = CARTESIAN_POINT('',(7.27,-1.95,0.8));
#3055 = VECTOR('',#3056,1.);
#3056 = DIRECTION('',(1.,0.,0.));
#3057 = ORIENTED_EDGE('',*,*,#3058,.T.);
#3058 = EDGE_CURVE('',#3051,#1078,#3059,.T.);
#3059 = LINE('',#3060,#3061);
#3060 = CARTESIAN_POINT('',(7.97,-2.15,0.8));
#3061 = VECTOR('',#3062,1.);
#3062 = DIRECTION('',(0.,1.,0.));
#3063 = ORIENTED_EDGE('',*,*,#1077,.T.);
#3064 = PLANE('',#3065);
#3065 = AXIS2_PLACEMENT_3D('',#3066,#3067,#3068);
#3066 = CARTESIAN_POINT('',(7.27,-2.15,0.8));
#3067 = DIRECTION('',(0.,0.,1.));
#3068 = DIRECTION('',(1.,0.,0.));
#3069 = ADVANCED_FACE('',(#3070),#3088,.T.);
#3070 = FACE_BOUND('',#3071,.T.);
#3071 = EDGE_LOOP('',(#3072,#3080,#3086,#3087));
#3072 = ORIENTED_EDGE('',*,*,#3073,.T.);
#3073 = EDGE_CURVE('',#3043,#3074,#3076,.T.);
#3074 = VERTEX_POINT('',#3075);
#3075 = CARTESIAN_POINT('',(7.27,-1.95,1.5));
#3076 = LINE('',#3077,#3078);
#3077 = CARTESIAN_POINT('',(7.27,-1.95,0.8));
#3078 = VECTOR('',#3079,1.);
#3079 = DIRECTION('',(0.,0.,1.));
#3080 = ORIENTED_EDGE('',*,*,#3081,.T.);
#3081 = EDGE_CURVE('',#3074,#1096,#3082,.T.);
#3082 = LINE('',#3083,#3084);
#3083 = CARTESIAN_POINT('',(7.27,-2.15,1.5));
#3084 = VECTOR('',#3085,1.);
#3085 = DIRECTION('',(0.,1.,0.));
#3086 = ORIENTED_EDGE('',*,*,#1103,.T.);
#3087 = ORIENTED_EDGE('',*,*,#3042,.F.);
#3088 = PLANE('',#3089);
#3089 = AXIS2_PLACEMENT_3D('',#3090,#3091,#3092);
#3090 = CARTESIAN_POINT('',(7.27,-0.260155781538,-1.645579270915));
#3091 = DIRECTION('',(-1.,6.673514125191E-32,-1.718979804377E-32));
#3092 = DIRECTION('',(-6.673514125191E-32,-1.,0.));
#3093 = ADVANCED_FACE('',(#3094),#3112,.T.);
#3094 = FACE_BOUND('',#3095,.T.);
#3095 = EDGE_LOOP('',(#3096,#3097,#3105,#3111));
#3096 = ORIENTED_EDGE('',*,*,#3081,.F.);
#3097 = ORIENTED_EDGE('',*,*,#3098,.T.);
#3098 = EDGE_CURVE('',#3074,#3099,#3101,.T.);
#3099 = VERTEX_POINT('',#3100);
#3100 = CARTESIAN_POINT('',(7.97,-1.95,1.5));
#3101 = LINE('',#3102,#3103);
#3102 = CARTESIAN_POINT('',(7.27,-1.95,1.5));
#3103 = VECTOR('',#3104,1.);
#3104 = DIRECTION('',(1.,0.,0.));
#3105 = ORIENTED_EDGE('',*,*,#3106,.T.);
#3106 = EDGE_CURVE('',#3099,#1088,#3107,.T.);
#3107 = LINE('',#3108,#3109);
#3108 = CARTESIAN_POINT('',(7.97,-2.15,1.5));
#3109 = VECTOR('',#3110,1.);
#3110 = DIRECTION('',(0.,1.,0.));
#3111 = ORIENTED_EDGE('',*,*,#1095,.T.);
#3112 = PLANE('',#3113);
#3113 = AXIS2_PLACEMENT_3D('',#3114,#3115,#3116);
#3114 = CARTESIAN_POINT('',(7.62,-1.1,1.5));
#3115 = DIRECTION('',(-3.639090485395E-30,-1.527245572921E-31,1.));
#3116 = DIRECTION('',(1.,0.,3.639090485395E-30));
#3117 = ADVANCED_FACE('',(#3118),#3129,.T.);
#3118 = FACE_BOUND('',#3119,.T.);
#3119 = EDGE_LOOP('',(#3120,#3121,#3127,#3128));
#3120 = ORIENTED_EDGE('',*,*,#3106,.F.);
#3121 = ORIENTED_EDGE('',*,*,#3122,.F.);
#3122 = EDGE_CURVE('',#3051,#3099,#3123,.T.);
#3123 = LINE('',#3124,#3125);
#3124 = CARTESIAN_POINT('',(7.97,-1.95,0.8));
#3125 = VECTOR('',#3126,1.);
#3126 = DIRECTION('',(0.,0.,1.));
#3127 = ORIENTED_EDGE('',*,*,#3058,.T.);
#3128 = ORIENTED_EDGE('',*,*,#1087,.T.);
#3129 = PLANE('',#3130);
#3130 = AXIS2_PLACEMENT_3D('',#3131,#3132,#3133);
#3131 = CARTESIAN_POINT('',(7.97,-0.260155781538,-1.645579270915));
#3132 = DIRECTION('',(1.,-2.5146184344E-31,3.154595965558E-33));
#3133 = DIRECTION('',(2.5146184344E-31,1.,0.));
#3134 = ADVANCED_FACE('',(#3135),#3160,.F.);
#3135 = FACE_BOUND('',#3136,.F.);
#3136 = EDGE_LOOP('',(#3137,#3145,#3153,#3159));
#3137 = ORIENTED_EDGE('',*,*,#3138,.F.);
#3138 = EDGE_CURVE('',#3139,#1123,#3141,.T.);
#3139 = VERTEX_POINT('',#3140);
#3140 = CARTESIAN_POINT('',(4.73,-1.95,0.8));
#3141 = LINE('',#3142,#3143);
#3142 = CARTESIAN_POINT('',(4.73,-2.15,0.8));
#3143 = VECTOR('',#3144,1.);
#3144 = DIRECTION('',(0.,1.,0.));
#3145 = ORIENTED_EDGE('',*,*,#3146,.T.);
#3146 = EDGE_CURVE('',#3139,#3147,#3149,.T.);
#3147 = VERTEX_POINT('',#3148);
#3148 = CARTESIAN_POINT('',(5.43,-1.95,0.8));
#3149 = LINE('',#3150,#3151);
#3150 = CARTESIAN_POINT('',(4.73,-1.95,0.8));
#3151 = VECTOR('',#3152,1.);
#3152 = DIRECTION('',(1.,0.,0.));
#3153 = ORIENTED_EDGE('',*,*,#3154,.T.);
#3154 = EDGE_CURVE('',#3147,#1121,#3155,.T.);
#3155 = LINE('',#3156,#3157);
#3156 = CARTESIAN_POINT('',(5.43,-2.15,0.8));
#3157 = VECTOR('',#3158,1.);
#3158 = DIRECTION('',(0.,1.,0.));
#3159 = ORIENTED_EDGE('',*,*,#1120,.T.);
#3160 = PLANE('',#3161);
#3161 = AXIS2_PLACEMENT_3D('',#3162,#3163,#3164);
#3162 = CARTESIAN_POINT('',(4.73,-2.15,0.8));
#3163 = DIRECTION('',(0.,0.,1.));
#3164 = DIRECTION('',(1.,0.,0.));
#3165 = ADVANCED_FACE('',(#3166),#3184,.T.);
#3166 = FACE_BOUND('',#3167,.T.);
#3167 = EDGE_LOOP('',(#3168,#3176,#3182,#3183));
#3168 = ORIENTED_EDGE('',*,*,#3169,.T.);
#3169 = EDGE_CURVE('',#3139,#3170,#3172,.T.);
#3170 = VERTEX_POINT('',#3171);
#3171 = CARTESIAN_POINT('',(4.73,-1.95,1.5));
#3172 = LINE('',#3173,#3174);
#3173 = CARTESIAN_POINT('',(4.73,-1.95,0.8));
#3174 = VECTOR('',#3175,1.);
#3175 = DIRECTION('',(0.,0.,1.));
#3176 = ORIENTED_EDGE('',*,*,#3177,.T.);
#3177 = EDGE_CURVE('',#3170,#1139,#3178,.T.);
#3178 = LINE('',#3179,#3180);
#3179 = CARTESIAN_POINT('',(4.73,-2.15,1.5));
#3180 = VECTOR('',#3181,1.);
#3181 = DIRECTION('',(0.,1.,0.));
#3182 = ORIENTED_EDGE('',*,*,#1146,.T.);
#3183 = ORIENTED_EDGE('',*,*,#3138,.F.);
#3184 = PLANE('',#3185);
#3185 = AXIS2_PLACEMENT_3D('',#3186,#3187,#3188);
#3186 = CARTESIAN_POINT('',(4.73,-0.260155781538,-1.645579270915));
#3187 = DIRECTION('',(-1.,6.673514125191E-32,-1.718979804377E-32));
#3188 = DIRECTION('',(-6.673514125191E-32,-1.,0.));
#3189 = ADVANCED_FACE('',(#3190),#3208,.T.);
#3190 = FACE_BOUND('',#3191,.T.);
#3191 = EDGE_LOOP('',(#3192,#3193,#3201,#3207));
#3192 = ORIENTED_EDGE('',*,*,#3177,.F.);
#3193 = ORIENTED_EDGE('',*,*,#3194,.T.);
#3194 = EDGE_CURVE('',#3170,#3195,#3197,.T.);
#3195 = VERTEX_POINT('',#3196);
#3196 = CARTESIAN_POINT('',(5.43,-1.95,1.5));
#3197 = LINE('',#3198,#3199);
#3198 = CARTESIAN_POINT('',(4.73,-1.95,1.5));
#3199 = VECTOR('',#3200,1.);
#3200 = DIRECTION('',(1.,0.,0.));
#3201 = ORIENTED_EDGE('',*,*,#3202,.T.);
#3202 = EDGE_CURVE('',#3195,#1131,#3203,.T.);
#3203 = LINE('',#3204,#3205);
#3204 = CARTESIAN_POINT('',(5.43,-2.15,1.5));
#3205 = VECTOR('',#3206,1.);
#3206 = DIRECTION('',(0.,1.,0.));
#3207 = ORIENTED_EDGE('',*,*,#1138,.T.);
#3208 = PLANE('',#3209);
#3209 = AXIS2_PLACEMENT_3D('',#3210,#3211,#3212);
#3210 = CARTESIAN_POINT('',(5.08,-1.1,1.5));
#3211 = DIRECTION('',(-3.639090485395E-30,-1.527245572921E-31,1.));
#3212 = DIRECTION('',(1.,0.,3.639090485395E-30));
#3213 = ADVANCED_FACE('',(#3214),#3225,.T.);
#3214 = FACE_BOUND('',#3215,.T.);
#3215 = EDGE_LOOP('',(#3216,#3217,#3223,#3224));
#3216 = ORIENTED_EDGE('',*,*,#3202,.F.);
#3217 = ORIENTED_EDGE('',*,*,#3218,.F.);
#3218 = EDGE_CURVE('',#3147,#3195,#3219,.T.);
#3219 = LINE('',#3220,#3221);
#3220 = CARTESIAN_POINT('',(5.43,-1.95,0.8));
#3221 = VECTOR('',#3222,1.);
#3222 = DIRECTION('',(0.,0.,1.));
#3223 = ORIENTED_EDGE('',*,*,#3154,.T.);
#3224 = ORIENTED_EDGE('',*,*,#1130,.T.);
#3225 = PLANE('',#3226);
#3226 = AXIS2_PLACEMENT_3D('',#3227,#3228,#3229);
#3227 = CARTESIAN_POINT('',(5.43,-0.260155781538,-1.645579270915));
#3228 = DIRECTION('',(1.,-2.5146184344E-31,3.154595965558E-33));
#3229 = DIRECTION('',(2.5146184344E-31,1.,0.));
#3230 = ADVANCED_FACE('',(#3231),#3256,.F.);
#3231 = FACE_BOUND('',#3232,.F.);
#3232 = EDGE_LOOP('',(#3233,#3241,#3249,#3255));
#3233 = ORIENTED_EDGE('',*,*,#3234,.F.);
#3234 = EDGE_CURVE('',#3235,#1166,#3237,.T.);
#3235 = VERTEX_POINT('',#3236);
#3236 = CARTESIAN_POINT('',(2.19,-1.95,0.8));
#3237 = LINE('',#3238,#3239);
#3238 = CARTESIAN_POINT('',(2.19,-2.15,0.8));
#3239 = VECTOR('',#3240,1.);
#3240 = DIRECTION('',(0.,1.,0.));
#3241 = ORIENTED_EDGE('',*,*,#3242,.T.);
#3242 = EDGE_CURVE('',#3235,#3243,#3245,.T.);
#3243 = VERTEX_POINT('',#3244);
#3244 = CARTESIAN_POINT('',(2.89,-1.95,0.8));
#3245 = LINE('',#3246,#3247);
#3246 = CARTESIAN_POINT('',(2.19,-1.95,0.8));
#3247 = VECTOR('',#3248,1.);
#3248 = DIRECTION('',(1.,0.,0.));
#3249 = ORIENTED_EDGE('',*,*,#3250,.T.);
#3250 = EDGE_CURVE('',#3243,#1164,#3251,.T.);
#3251 = LINE('',#3252,#3253);
#3252 = CARTESIAN_POINT('',(2.89,-2.15,0.8));
#3253 = VECTOR('',#3254,1.);
#3254 = DIRECTION('',(0.,1.,0.));
#3255 = ORIENTED_EDGE('',*,*,#1163,.T.);
#3256 = PLANE('',#3257);
#3257 = AXIS2_PLACEMENT_3D('',#3258,#3259,#3260);
#3258 = CARTESIAN_POINT('',(2.19,-2.15,0.8));
#3259 = DIRECTION('',(0.,0.,1.));
#3260 = DIRECTION('',(1.,0.,0.));
#3261 = ADVANCED_FACE('',(#3262),#3280,.T.);
#3262 = FACE_BOUND('',#3263,.T.);
#3263 = EDGE_LOOP('',(#3264,#3272,#3278,#3279));
#3264 = ORIENTED_EDGE('',*,*,#3265,.T.);
#3265 = EDGE_CURVE('',#3235,#3266,#3268,.T.);
#3266 = VERTEX_POINT('',#3267);
#3267 = CARTESIAN_POINT('',(2.19,-1.95,1.5));
#3268 = LINE('',#3269,#3270);
#3269 = CARTESIAN_POINT('',(2.19,-1.95,0.8));
#3270 = VECTOR('',#3271,1.);
#3271 = DIRECTION('',(0.,0.,1.));
#3272 = ORIENTED_EDGE('',*,*,#3273,.T.);
#3273 = EDGE_CURVE('',#3266,#1182,#3274,.T.);
#3274 = LINE('',#3275,#3276);
#3275 = CARTESIAN_POINT('',(2.19,-2.15,1.5));
#3276 = VECTOR('',#3277,1.);
#3277 = DIRECTION('',(0.,1.,0.));
#3278 = ORIENTED_EDGE('',*,*,#1189,.T.);
#3279 = ORIENTED_EDGE('',*,*,#3234,.F.);
#3280 = PLANE('',#3281);
#3281 = AXIS2_PLACEMENT_3D('',#3282,#3283,#3284);
#3282 = CARTESIAN_POINT('',(2.19,-0.260155781538,-1.645579270915));
#3283 = DIRECTION('',(-1.,6.673514125191E-32,-1.718979804377E-32));
#3284 = DIRECTION('',(-6.673514125191E-32,-1.,0.));
#3285 = ADVANCED_FACE('',(#3286),#3304,.T.);
#3286 = FACE_BOUND('',#3287,.T.);
#3287 = EDGE_LOOP('',(#3288,#3289,#3297,#3303));
#3288 = ORIENTED_EDGE('',*,*,#3273,.F.);
#3289 = ORIENTED_EDGE('',*,*,#3290,.T.);
#3290 = EDGE_CURVE('',#3266,#3291,#3293,.T.);
#3291 = VERTEX_POINT('',#3292);
#3292 = CARTESIAN_POINT('',(2.89,-1.95,1.5));
#3293 = LINE('',#3294,#3295);
#3294 = CARTESIAN_POINT('',(2.19,-1.95,1.5));
#3295 = VECTOR('',#3296,1.);
#3296 = DIRECTION('',(1.,0.,0.));
#3297 = ORIENTED_EDGE('',*,*,#3298,.T.);
#3298 = EDGE_CURVE('',#3291,#1174,#3299,.T.);
#3299 = LINE('',#3300,#3301);
#3300 = CARTESIAN_POINT('',(2.89,-2.15,1.5));
#3301 = VECTOR('',#3302,1.);
#3302 = DIRECTION('',(0.,1.,0.));
#3303 = ORIENTED_EDGE('',*,*,#1181,.T.);
#3304 = PLANE('',#3305);
#3305 = AXIS2_PLACEMENT_3D('',#3306,#3307,#3308);
#3306 = CARTESIAN_POINT('',(2.54,-1.1,1.5));
#3307 = DIRECTION('',(-3.639090485395E-30,-1.527245572921E-31,1.));
#3308 = DIRECTION('',(1.,0.,3.639090485395E-30));
#3309 = ADVANCED_FACE('',(#3310),#3321,.T.);
#3310 = FACE_BOUND('',#3311,.T.);
#3311 = EDGE_LOOP('',(#3312,#3313,#3319,#3320));
#3312 = ORIENTED_EDGE('',*,*,#3298,.F.);
#3313 = ORIENTED_EDGE('',*,*,#3314,.F.);
#3314 = EDGE_CURVE('',#3243,#3291,#3315,.T.);
#3315 = LINE('',#3316,#3317);
#3316 = CARTESIAN_POINT('',(2.89,-1.95,0.8));
#3317 = VECTOR('',#3318,1.);
#3318 = DIRECTION('',(0.,0.,1.));
#3319 = ORIENTED_EDGE('',*,*,#3250,.T.);
#3320 = ORIENTED_EDGE('',*,*,#1173,.T.);
#3321 = PLANE('',#3322);
#3322 = AXIS2_PLACEMENT_3D('',#3323,#3324,#3325);
#3323 = CARTESIAN_POINT('',(2.89,-0.260155781538,-1.645579270915));
#3324 = DIRECTION('',(1.,-2.5146184344E-31,3.154595965558E-33));
#3325 = DIRECTION('',(2.5146184344E-31,1.,0.));
#3326 = ADVANCED_FACE('',(#3327),#3352,.F.);
#3327 = FACE_BOUND('',#3328,.F.);
#3328 = EDGE_LOOP('',(#3329,#3337,#3345,#3351));
#3329 = ORIENTED_EDGE('',*,*,#3330,.F.);
#3330 = EDGE_CURVE('',#3331,#1209,#3333,.T.);
#3331 = VERTEX_POINT('',#3332);
#3332 = CARTESIAN_POINT('',(40.29,-1.95,0.8));
#3333 = LINE('',#3334,#3335);
#3334 = CARTESIAN_POINT('',(40.29,-2.15,0.8));
#3335 = VECTOR('',#3336,1.);
#3336 = DIRECTION('',(0.,1.,0.));
#3337 = ORIENTED_EDGE('',*,*,#3338,.T.);
#3338 = EDGE_CURVE('',#3331,#3339,#3341,.T.);
#3339 = VERTEX_POINT('',#3340);
#3340 = CARTESIAN_POINT('',(40.99,-1.95,0.8));
#3341 = LINE('',#3342,#3343);
#3342 = CARTESIAN_POINT('',(40.29,-1.95,0.8));
#3343 = VECTOR('',#3344,1.);
#3344 = DIRECTION('',(1.,0.,0.));
#3345 = ORIENTED_EDGE('',*,*,#3346,.T.);
#3346 = EDGE_CURVE('',#3339,#1207,#3347,.T.);
#3347 = LINE('',#3348,#3349);
#3348 = CARTESIAN_POINT('',(40.99,-2.15,0.8));
#3349 = VECTOR('',#3350,1.);
#3350 = DIRECTION('',(0.,1.,0.));
#3351 = ORIENTED_EDGE('',*,*,#1206,.T.);
#3352 = PLANE('',#3353);
#3353 = AXIS2_PLACEMENT_3D('',#3354,#3355,#3356);
#3354 = CARTESIAN_POINT('',(40.29,-2.15,0.8));
#3355 = DIRECTION('',(0.,0.,1.));
#3356 = DIRECTION('',(1.,0.,0.));
#3357 = ADVANCED_FACE('',(#3358),#3376,.T.);
#3358 = FACE_BOUND('',#3359,.T.);
#3359 = EDGE_LOOP('',(#3360,#3368,#3374,#3375));
#3360 = ORIENTED_EDGE('',*,*,#3361,.T.);
#3361 = EDGE_CURVE('',#3331,#3362,#3364,.T.);
#3362 = VERTEX_POINT('',#3363);
#3363 = CARTESIAN_POINT('',(40.29,-1.95,1.5));
#3364 = LINE('',#3365,#3366);
#3365 = CARTESIAN_POINT('',(40.29,-1.95,0.8));
#3366 = VECTOR('',#3367,1.);
#3367 = DIRECTION('',(0.,0.,1.));
#3368 = ORIENTED_EDGE('',*,*,#3369,.T.);
#3369 = EDGE_CURVE('',#3362,#1225,#3370,.T.);
#3370 = LINE('',#3371,#3372);
#3371 = CARTESIAN_POINT('',(40.29,-2.15,1.5));
#3372 = VECTOR('',#3373,1.);
#3373 = DIRECTION('',(0.,1.,0.));
#3374 = ORIENTED_EDGE('',*,*,#1232,.T.);
#3375 = ORIENTED_EDGE('',*,*,#3330,.F.);
#3376 = PLANE('',#3377);
#3377 = AXIS2_PLACEMENT_3D('',#3378,#3379,#3380);
#3378 = CARTESIAN_POINT('',(40.29,-0.260155781538,-1.645579270915));
#3379 = DIRECTION('',(-1.,6.673514125191E-32,-1.718979804377E-32));
#3380 = DIRECTION('',(-6.673514125191E-32,-1.,0.));
#3381 = ADVANCED_FACE('',(#3382),#3400,.T.);
#3382 = FACE_BOUND('',#3383,.T.);
#3383 = EDGE_LOOP('',(#3384,#3385,#3393,#3399));
#3384 = ORIENTED_EDGE('',*,*,#3369,.F.);
#3385 = ORIENTED_EDGE('',*,*,#3386,.T.);
#3386 = EDGE_CURVE('',#3362,#3387,#3389,.T.);
#3387 = VERTEX_POINT('',#3388);
#3388 = CARTESIAN_POINT('',(40.99,-1.95,1.5));
#3389 = LINE('',#3390,#3391);
#3390 = CARTESIAN_POINT('',(40.29,-1.95,1.5));
#3391 = VECTOR('',#3392,1.);
#3392 = DIRECTION('',(1.,0.,0.));
#3393 = ORIENTED_EDGE('',*,*,#3394,.T.);
#3394 = EDGE_CURVE('',#3387,#1217,#3395,.T.);
#3395 = LINE('',#3396,#3397);
#3396 = CARTESIAN_POINT('',(40.99,-2.15,1.5));
#3397 = VECTOR('',#3398,1.);
#3398 = DIRECTION('',(0.,1.,0.));
#3399 = ORIENTED_EDGE('',*,*,#1224,.T.);
#3400 = PLANE('',#3401);
#3401 = AXIS2_PLACEMENT_3D('',#3402,#3403,#3404);
#3402 = CARTESIAN_POINT('',(40.64,-1.1,1.5));
#3403 = DIRECTION('',(-3.639090485395E-30,-1.527245572921E-31,1.));
#3404 = DIRECTION('',(1.,0.,3.639090485395E-30));
#3405 = ADVANCED_FACE('',(#3406),#3417,.T.);
#3406 = FACE_BOUND('',#3407,.T.);
#3407 = EDGE_LOOP('',(#3408,#3409,#3415,#3416));
#3408 = ORIENTED_EDGE('',*,*,#3394,.F.);
#3409 = ORIENTED_EDGE('',*,*,#3410,.F.);
#3410 = EDGE_CURVE('',#3339,#3387,#3411,.T.);
#3411 = LINE('',#3412,#3413);
#3412 = CARTESIAN_POINT('',(40.99,-1.95,0.8));
#3413 = VECTOR('',#3414,1.);
#3414 = DIRECTION('',(0.,0.,1.));
#3415 = ORIENTED_EDGE('',*,*,#3346,.T.);
#3416 = ORIENTED_EDGE('',*,*,#1216,.T.);
#3417 = PLANE('',#3418);
#3418 = AXIS2_PLACEMENT_3D('',#3419,#3420,#3421);
#3419 = CARTESIAN_POINT('',(40.99,-0.260155781538,-1.645579270915));
#3420 = DIRECTION('',(1.,-5.931891505067E-31,-1.851605172125E-32));
#3421 = DIRECTION('',(5.931891505067E-31,1.,0.));
#3422 = ADVANCED_FACE('',(#3423),#3448,.F.);
#3423 = FACE_BOUND('',#3424,.F.);
#3424 = EDGE_LOOP('',(#3425,#3433,#3441,#3447));
#3425 = ORIENTED_EDGE('',*,*,#3426,.F.);
#3426 = EDGE_CURVE('',#3427,#1252,#3429,.T.);
#3427 = VERTEX_POINT('',#3428);
#3428 = CARTESIAN_POINT('',(37.75,-1.95,0.8));
#3429 = LINE('',#3430,#3431);
#3430 = CARTESIAN_POINT('',(37.75,-2.15,0.8));
#3431 = VECTOR('',#3432,1.);
#3432 = DIRECTION('',(0.,1.,0.));
#3433 = ORIENTED_EDGE('',*,*,#3434,.T.);
#3434 = EDGE_CURVE('',#3427,#3435,#3437,.T.);
#3435 = VERTEX_POINT('',#3436);
#3436 = CARTESIAN_POINT('',(38.45,-1.95,0.8));
#3437 = LINE('',#3438,#3439);
#3438 = CARTESIAN_POINT('',(37.75,-1.95,0.8));
#3439 = VECTOR('',#3440,1.);
#3440 = DIRECTION('',(1.,0.,0.));
#3441 = ORIENTED_EDGE('',*,*,#3442,.T.);
#3442 = EDGE_CURVE('',#3435,#1250,#3443,.T.);
#3443 = LINE('',#3444,#3445);
#3444 = CARTESIAN_POINT('',(38.45,-2.15,0.8));
#3445 = VECTOR('',#3446,1.);
#3446 = DIRECTION('',(0.,1.,0.));
#3447 = ORIENTED_EDGE('',*,*,#1249,.T.);
#3448 = PLANE('',#3449);
#3449 = AXIS2_PLACEMENT_3D('',#3450,#3451,#3452);
#3450 = CARTESIAN_POINT('',(37.75,-2.15,0.8));
#3451 = DIRECTION('',(0.,0.,1.));
#3452 = DIRECTION('',(1.,0.,0.));
#3453 = ADVANCED_FACE('',(#3454),#3472,.T.);
#3454 = FACE_BOUND('',#3455,.T.);
#3455 = EDGE_LOOP('',(#3456,#3464,#3470,#3471));
#3456 = ORIENTED_EDGE('',*,*,#3457,.T.);
#3457 = EDGE_CURVE('',#3427,#3458,#3460,.T.);
#3458 = VERTEX_POINT('',#3459);
#3459 = CARTESIAN_POINT('',(37.75,-1.95,1.5));
#3460 = LINE('',#3461,#3462);
#3461 = CARTESIAN_POINT('',(37.75,-1.95,0.8));
#3462 = VECTOR('',#3463,1.);
#3463 = DIRECTION('',(0.,0.,1.));
#3464 = ORIENTED_EDGE('',*,*,#3465,.T.);
#3465 = EDGE_CURVE('',#3458,#1268,#3466,.T.);
#3466 = LINE('',#3467,#3468);
#3467 = CARTESIAN_POINT('',(37.75,-2.15,1.5));
#3468 = VECTOR('',#3469,1.);
#3469 = DIRECTION('',(0.,1.,0.));
#3470 = ORIENTED_EDGE('',*,*,#1275,.T.);
#3471 = ORIENTED_EDGE('',*,*,#3426,.F.);
#3472 = PLANE('',#3473);
#3473 = AXIS2_PLACEMENT_3D('',#3474,#3475,#3476);
#3474 = CARTESIAN_POINT('',(37.75,-0.260155781538,-1.645579270915));
#3475 = DIRECTION('',(-1.,6.673514125191E-32,-1.718979804377E-32));
#3476 = DIRECTION('',(-6.673514125191E-32,-1.,0.));
#3477 = ADVANCED_FACE('',(#3478),#3496,.T.);
#3478 = FACE_BOUND('',#3479,.T.);
#3479 = EDGE_LOOP('',(#3480,#3481,#3489,#3495));
#3480 = ORIENTED_EDGE('',*,*,#3465,.F.);
#3481 = ORIENTED_EDGE('',*,*,#3482,.T.);
#3482 = EDGE_CURVE('',#3458,#3483,#3485,.T.);
#3483 = VERTEX_POINT('',#3484);
#3484 = CARTESIAN_POINT('',(38.45,-1.95,1.5));
#3485 = LINE('',#3486,#3487);
#3486 = CARTESIAN_POINT('',(37.75,-1.95,1.5));
#3487 = VECTOR('',#3488,1.);
#3488 = DIRECTION('',(1.,0.,0.));
#3489 = ORIENTED_EDGE('',*,*,#3490,.T.);
#3490 = EDGE_CURVE('',#3483,#1260,#3491,.T.);
#3491 = LINE('',#3492,#3493);
#3492 = CARTESIAN_POINT('',(38.45,-2.15,1.5));
#3493 = VECTOR('',#3494,1.);
#3494 = DIRECTION('',(0.,1.,0.));
#3495 = ORIENTED_EDGE('',*,*,#1267,.T.);
#3496 = PLANE('',#3497);
#3497 = AXIS2_PLACEMENT_3D('',#3498,#3499,#3500);
#3498 = CARTESIAN_POINT('',(38.1,-1.1,1.5));
#3499 = DIRECTION('',(-3.639090485395E-30,-1.527245572921E-31,1.));
#3500 = DIRECTION('',(1.,0.,3.639090485395E-30));
#3501 = ADVANCED_FACE('',(#3502),#3513,.T.);
#3502 = FACE_BOUND('',#3503,.T.);
#3503 = EDGE_LOOP('',(#3504,#3505,#3511,#3512));
#3504 = ORIENTED_EDGE('',*,*,#3490,.F.);
#3505 = ORIENTED_EDGE('',*,*,#3506,.F.);
#3506 = EDGE_CURVE('',#3435,#3483,#3507,.T.);
#3507 = LINE('',#3508,#3509);
#3508 = CARTESIAN_POINT('',(38.45,-1.95,0.8));
#3509 = VECTOR('',#3510,1.);
#3510 = DIRECTION('',(0.,0.,1.));
#3511 = ORIENTED_EDGE('',*,*,#3442,.T.);
#3512 = ORIENTED_EDGE('',*,*,#1259,.T.);
#3513 = PLANE('',#3514);
#3514 = AXIS2_PLACEMENT_3D('',#3515,#3516,#3517);
#3515 = CARTESIAN_POINT('',(38.45,-0.260155781538,-1.645579270915));
#3516 = DIRECTION('',(1.,-2.5146184344E-31,3.154595965558E-33));
#3517 = DIRECTION('',(2.5146184344E-31,1.,0.));
#3518 = ADVANCED_FACE('',(#3519),#3544,.F.);
#3519 = FACE_BOUND('',#3520,.F.);
#3520 = EDGE_LOOP('',(#3521,#3529,#3537,#3543));
#3521 = ORIENTED_EDGE('',*,*,#3522,.F.);
#3522 = EDGE_CURVE('',#3523,#1295,#3525,.T.);
#3523 = VERTEX_POINT('',#3524);
#3524 = CARTESIAN_POINT('',(32.67,-1.95,0.8));
#3525 = LINE('',#3526,#3527);
#3526 = CARTESIAN_POINT('',(32.67,-2.15,0.8));
#3527 = VECTOR('',#3528,1.);
#3528 = DIRECTION('',(0.,1.,0.));
#3529 = ORIENTED_EDGE('',*,*,#3530,.T.);
#3530 = EDGE_CURVE('',#3523,#3531,#3533,.T.);
#3531 = VERTEX_POINT('',#3532);
#3532 = CARTESIAN_POINT('',(33.37,-1.95,0.8));
#3533 = LINE('',#3534,#3535);
#3534 = CARTESIAN_POINT('',(32.67,-1.95,0.8));
#3535 = VECTOR('',#3536,1.);
#3536 = DIRECTION('',(1.,0.,0.));
#3537 = ORIENTED_EDGE('',*,*,#3538,.T.);
#3538 = EDGE_CURVE('',#3531,#1293,#3539,.T.);
#3539 = LINE('',#3540,#3541);
#3540 = CARTESIAN_POINT('',(33.37,-2.15,0.8));
#3541 = VECTOR('',#3542,1.);
#3542 = DIRECTION('',(0.,1.,0.));
#3543 = ORIENTED_EDGE('',*,*,#1292,.T.);
#3544 = PLANE('',#3545);
#3545 = AXIS2_PLACEMENT_3D('',#3546,#3547,#3548);
#3546 = CARTESIAN_POINT('',(32.67,-2.15,0.8));
#3547 = DIRECTION('',(0.,0.,1.));
#3548 = DIRECTION('',(1.,0.,0.));
#3549 = ADVANCED_FACE('',(#3550),#3568,.T.);
#3550 = FACE_BOUND('',#3551,.T.);
#3551 = EDGE_LOOP('',(#3552,#3560,#3566,#3567));
#3552 = ORIENTED_EDGE('',*,*,#3553,.T.);
#3553 = EDGE_CURVE('',#3523,#3554,#3556,.T.);
#3554 = VERTEX_POINT('',#3555);
#3555 = CARTESIAN_POINT('',(32.67,-1.95,1.5));
#3556 = LINE('',#3557,#3558);
#3557 = CARTESIAN_POINT('',(32.67,-1.95,0.8));
#3558 = VECTOR('',#3559,1.);
#3559 = DIRECTION('',(0.,0.,1.));
#3560 = ORIENTED_EDGE('',*,*,#3561,.T.);
#3561 = EDGE_CURVE('',#3554,#1311,#3562,.T.);
#3562 = LINE('',#3563,#3564);
#3563 = CARTESIAN_POINT('',(32.67,-2.15,1.5));
#3564 = VECTOR('',#3565,1.);
#3565 = DIRECTION('',(0.,1.,0.));
#3566 = ORIENTED_EDGE('',*,*,#1318,.T.);
#3567 = ORIENTED_EDGE('',*,*,#3522,.F.);
#3568 = PLANE('',#3569);
#3569 = AXIS2_PLACEMENT_3D('',#3570,#3571,#3572);
#3570 = CARTESIAN_POINT('',(32.67,-0.260155781538,-1.645579270915));
#3571 = DIRECTION('',(-1.,6.673514125191E-32,-1.718979804377E-32));
#3572 = DIRECTION('',(-6.673514125191E-32,-1.,0.));
#3573 = ADVANCED_FACE('',(#3574),#3592,.T.);
#3574 = FACE_BOUND('',#3575,.T.);
#3575 = EDGE_LOOP('',(#3576,#3577,#3585,#3591));
#3576 = ORIENTED_EDGE('',*,*,#3561,.F.);
#3577 = ORIENTED_EDGE('',*,*,#3578,.T.);
#3578 = EDGE_CURVE('',#3554,#3579,#3581,.T.);
#3579 = VERTEX_POINT('',#3580);
#3580 = CARTESIAN_POINT('',(33.37,-1.95,1.5));
#3581 = LINE('',#3582,#3583);
#3582 = CARTESIAN_POINT('',(32.67,-1.95,1.5));
#3583 = VECTOR('',#3584,1.);
#3584 = DIRECTION('',(1.,0.,0.));
#3585 = ORIENTED_EDGE('',*,*,#3586,.T.);
#3586 = EDGE_CURVE('',#3579,#1303,#3587,.T.);
#3587 = LINE('',#3588,#3589);
#3588 = CARTESIAN_POINT('',(33.37,-2.15,1.5));
#3589 = VECTOR('',#3590,1.);
#3590 = DIRECTION('',(0.,1.,0.));
#3591 = ORIENTED_EDGE('',*,*,#1310,.T.);
#3592 = PLANE('',#3593);
#3593 = AXIS2_PLACEMENT_3D('',#3594,#3595,#3596);
#3594 = CARTESIAN_POINT('',(33.02,-1.1,1.5));
#3595 = DIRECTION('',(-3.639090485395E-30,-1.527245572921E-31,1.));
#3596 = DIRECTION('',(1.,0.,3.639090485395E-30));
#3597 = ADVANCED_FACE('',(#3598),#3609,.T.);
#3598 = FACE_BOUND('',#3599,.T.);
#3599 = EDGE_LOOP('',(#3600,#3601,#3607,#3608));
#3600 = ORIENTED_EDGE('',*,*,#3586,.F.);
#3601 = ORIENTED_EDGE('',*,*,#3602,.F.);
#3602 = EDGE_CURVE('',#3531,#3579,#3603,.T.);
#3603 = LINE('',#3604,#3605);
#3604 = CARTESIAN_POINT('',(33.37,-1.95,0.8));
#3605 = VECTOR('',#3606,1.);
#3606 = DIRECTION('',(0.,0.,1.));
#3607 = ORIENTED_EDGE('',*,*,#3538,.T.);
#3608 = ORIENTED_EDGE('',*,*,#1302,.T.);
#3609 = PLANE('',#3610);
#3610 = AXIS2_PLACEMENT_3D('',#3611,#3612,#3613);
#3611 = CARTESIAN_POINT('',(33.37,-0.260155781538,-1.645579270915));
#3612 = DIRECTION('',(1.,-2.5146184344E-31,3.154595965558E-33));
#3613 = DIRECTION('',(2.5146184344E-31,1.,0.));
#3614 = ADVANCED_FACE('',(#3615),#3640,.F.);
#3615 = FACE_BOUND('',#3616,.F.);
#3616 = EDGE_LOOP('',(#3617,#3625,#3633,#3639));
#3617 = ORIENTED_EDGE('',*,*,#3618,.F.);
#3618 = EDGE_CURVE('',#3619,#1338,#3621,.T.);
#3619 = VERTEX_POINT('',#3620);
#3620 = CARTESIAN_POINT('',(35.21,-1.95,0.8));
#3621 = LINE('',#3622,#3623);
#3622 = CARTESIAN_POINT('',(35.21,-2.15,0.8));
#3623 = VECTOR('',#3624,1.);
#3624 = DIRECTION('',(0.,1.,0.));
#3625 = ORIENTED_EDGE('',*,*,#3626,.T.);
#3626 = EDGE_CURVE('',#3619,#3627,#3629,.T.);
#3627 = VERTEX_POINT('',#3628);
#3628 = CARTESIAN_POINT('',(35.91,-1.95,0.8));
#3629 = LINE('',#3630,#3631);
#3630 = CARTESIAN_POINT('',(35.21,-1.95,0.8));
#3631 = VECTOR('',#3632,1.);
#3632 = DIRECTION('',(1.,0.,0.));
#3633 = ORIENTED_EDGE('',*,*,#3634,.T.);
#3634 = EDGE_CURVE('',#3627,#1336,#3635,.T.);
#3635 = LINE('',#3636,#3637);
#3636 = CARTESIAN_POINT('',(35.91,-2.15,0.8));
#3637 = VECTOR('',#3638,1.);
#3638 = DIRECTION('',(0.,1.,0.));
#3639 = ORIENTED_EDGE('',*,*,#1335,.T.);
#3640 = PLANE('',#3641);
#3641 = AXIS2_PLACEMENT_3D('',#3642,#3643,#3644);
#3642 = CARTESIAN_POINT('',(35.21,-2.15,0.8));
#3643 = DIRECTION('',(0.,0.,1.));
#3644 = DIRECTION('',(1.,0.,0.));
#3645 = ADVANCED_FACE('',(#3646),#3664,.T.);
#3646 = FACE_BOUND('',#3647,.T.);
#3647 = EDGE_LOOP('',(#3648,#3656,#3662,#3663));
#3648 = ORIENTED_EDGE('',*,*,#3649,.T.);
#3649 = EDGE_CURVE('',#3619,#3650,#3652,.T.);
#3650 = VERTEX_POINT('',#3651);
#3651 = CARTESIAN_POINT('',(35.21,-1.95,1.5));
#3652 = LINE('',#3653,#3654);
#3653 = CARTESIAN_POINT('',(35.21,-1.95,0.8));
#3654 = VECTOR('',#3655,1.);
#3655 = DIRECTION('',(0.,0.,1.));
#3656 = ORIENTED_EDGE('',*,*,#3657,.T.);
#3657 = EDGE_CURVE('',#3650,#1354,#3658,.T.);
#3658 = LINE('',#3659,#3660);
#3659 = CARTESIAN_POINT('',(35.21,-2.15,1.5));
#3660 = VECTOR('',#3661,1.);
#3661 = DIRECTION('',(0.,1.,0.));
#3662 = ORIENTED_EDGE('',*,*,#1361,.T.);
#3663 = ORIENTED_EDGE('',*,*,#3618,.F.);
#3664 = PLANE('',#3665);
#3665 = AXIS2_PLACEMENT_3D('',#3666,#3667,#3668);
#3666 = CARTESIAN_POINT('',(35.21,-0.260155781538,-1.645579270915));
#3667 = DIRECTION('',(-1.,6.673514125191E-32,-1.718979804377E-32));
#3668 = DIRECTION('',(-6.673514125191E-32,-1.,0.));
#3669 = ADVANCED_FACE('',(#3670),#3688,.T.);
#3670 = FACE_BOUND('',#3671,.T.);
#3671 = EDGE_LOOP('',(#3672,#3673,#3681,#3687));
#3672 = ORIENTED_EDGE('',*,*,#3657,.F.);
#3673 = ORIENTED_EDGE('',*,*,#3674,.T.);
#3674 = EDGE_CURVE('',#3650,#3675,#3677,.T.);
#3675 = VERTEX_POINT('',#3676);
#3676 = CARTESIAN_POINT('',(35.91,-1.95,1.5));
#3677 = LINE('',#3678,#3679);
#3678 = CARTESIAN_POINT('',(35.21,-1.95,1.5));
#3679 = VECTOR('',#3680,1.);
#3680 = DIRECTION('',(1.,0.,0.));
#3681 = ORIENTED_EDGE('',*,*,#3682,.T.);
#3682 = EDGE_CURVE('',#3675,#1346,#3683,.T.);
#3683 = LINE('',#3684,#3685);
#3684 = CARTESIAN_POINT('',(35.91,-2.15,1.5));
#3685 = VECTOR('',#3686,1.);
#3686 = DIRECTION('',(0.,1.,0.));
#3687 = ORIENTED_EDGE('',*,*,#1353,.T.);
#3688 = PLANE('',#3689);
#3689 = AXIS2_PLACEMENT_3D('',#3690,#3691,#3692);
#3690 = CARTESIAN_POINT('',(35.56,-1.1,1.5));
#3691 = DIRECTION('',(-3.639090485395E-30,-1.527245572921E-31,1.));
#3692 = DIRECTION('',(1.,0.,3.639090485395E-30));
#3693 = ADVANCED_FACE('',(#3694),#3705,.T.);
#3694 = FACE_BOUND('',#3695,.T.);
#3695 = EDGE_LOOP('',(#3696,#3697,#3703,#3704));
#3696 = ORIENTED_EDGE('',*,*,#3682,.F.);
#3697 = ORIENTED_EDGE('',*,*,#3698,.F.);
#3698 = EDGE_CURVE('',#3627,#3675,#3699,.T.);
#3699 = LINE('',#3700,#3701);
#3700 = CARTESIAN_POINT('',(35.91,-1.95,0.8));
#3701 = VECTOR('',#3702,1.);
#3702 = DIRECTION('',(0.,0.,1.));
#3703 = ORIENTED_EDGE('',*,*,#3634,.T.);
#3704 = ORIENTED_EDGE('',*,*,#1345,.T.);
#3705 = PLANE('',#3706);
#3706 = AXIS2_PLACEMENT_3D('',#3707,#3708,#3709);
#3707 = CARTESIAN_POINT('',(35.91,-0.260155781538,-1.645579270915));
#3708 = DIRECTION('',(1.,-2.5146184344E-31,3.154595965558E-33));
#3709 = DIRECTION('',(2.5146184344E-31,1.,0.));
#3710 = ADVANCED_FACE('',(#3711),#3736,.F.);
#3711 = FACE_BOUND('',#3712,.F.);
#3712 = EDGE_LOOP('',(#3713,#3721,#3729,#3735));
#3713 = ORIENTED_EDGE('',*,*,#3714,.F.);
#3714 = EDGE_CURVE('',#3715,#1381,#3717,.T.);
#3715 = VERTEX_POINT('',#3716);
#3716 = CARTESIAN_POINT('',(-0.35,-1.95,0.8));
#3717 = LINE('',#3718,#3719);
#3718 = CARTESIAN_POINT('',(-0.35,-2.15,0.8));
#3719 = VECTOR('',#3720,1.);
#3720 = DIRECTION('',(0.,1.,0.));
#3721 = ORIENTED_EDGE('',*,*,#3722,.T.);
#3722 = EDGE_CURVE('',#3715,#3723,#3725,.T.);
#3723 = VERTEX_POINT('',#3724);
#3724 = CARTESIAN_POINT('',(0.35,-1.95,0.8));
#3725 = LINE('',#3726,#3727);
#3726 = CARTESIAN_POINT('',(-0.35,-1.95,0.8));
#3727 = VECTOR('',#3728,1.);
#3728 = DIRECTION('',(1.,0.,0.));
#3729 = ORIENTED_EDGE('',*,*,#3730,.T.);
#3730 = EDGE_CURVE('',#3723,#1379,#3731,.T.);
#3731 = LINE('',#3732,#3733);
#3732 = CARTESIAN_POINT('',(0.35,-2.15,0.8));
#3733 = VECTOR('',#3734,1.);
#3734 = DIRECTION('',(0.,1.,0.));
#3735 = ORIENTED_EDGE('',*,*,#1378,.T.);
#3736 = PLANE('',#3737);
#3737 = AXIS2_PLACEMENT_3D('',#3738,#3739,#3740);
#3738 = CARTESIAN_POINT('',(-0.35,-2.15,0.8));
#3739 = DIRECTION('',(0.,0.,1.));
#3740 = DIRECTION('',(1.,0.,0.));
#3741 = ADVANCED_FACE('',(#3742),#3760,.T.);
#3742 = FACE_BOUND('',#3743,.T.);
#3743 = EDGE_LOOP('',(#3744,#3752,#3758,#3759));
#3744 = ORIENTED_EDGE('',*,*,#3745,.T.);
#3745 = EDGE_CURVE('',#3715,#3746,#3748,.T.);
#3746 = VERTEX_POINT('',#3747);
#3747 = CARTESIAN_POINT('',(-0.35,-1.95,1.5));
#3748 = LINE('',#3749,#3750);
#3749 = CARTESIAN_POINT('',(-0.35,-1.95,0.8));
#3750 = VECTOR('',#3751,1.);
#3751 = DIRECTION('',(0.,0.,1.));
#3752 = ORIENTED_EDGE('',*,*,#3753,.T.);
#3753 = EDGE_CURVE('',#3746,#1397,#3754,.T.);
#3754 = LINE('',#3755,#3756);
#3755 = CARTESIAN_POINT('',(-0.35,-2.15,1.5));
#3756 = VECTOR('',#3757,1.);
#3757 = DIRECTION('',(0.,1.,0.));
#3758 = ORIENTED_EDGE('',*,*,#1404,.T.);
#3759 = ORIENTED_EDGE('',*,*,#3714,.F.);
#3760 = PLANE('',#3761);
#3761 = AXIS2_PLACEMENT_3D('',#3762,#3763,#3764);
#3762 = CARTESIAN_POINT('',(-0.35,-0.260155781538,-1.645579270915));
#3763 = DIRECTION('',(-1.,0.,0.));
#3764 = DIRECTION('',(0.,-1.,0.));
#3765 = ADVANCED_FACE('',(#3766),#3784,.T.);
#3766 = FACE_BOUND('',#3767,.T.);
#3767 = EDGE_LOOP('',(#3768,#3769,#3777,#3783));
#3768 = ORIENTED_EDGE('',*,*,#3753,.F.);
#3769 = ORIENTED_EDGE('',*,*,#3770,.T.);
#3770 = EDGE_CURVE('',#3746,#3771,#3773,.T.);
#3771 = VERTEX_POINT('',#3772);
#3772 = CARTESIAN_POINT('',(0.35,-1.95,1.5));
#3773 = LINE('',#3774,#3775);
#3774 = CARTESIAN_POINT('',(-0.35,-1.95,1.5));
#3775 = VECTOR('',#3776,1.);
#3776 = DIRECTION('',(1.,0.,0.));
#3777 = ORIENTED_EDGE('',*,*,#3778,.T.);
#3778 = EDGE_CURVE('',#3771,#1389,#3779,.T.);
#3779 = LINE('',#3780,#3781);
#3780 = CARTESIAN_POINT('',(0.35,-2.15,1.5));
#3781 = VECTOR('',#3782,1.);
#3782 = DIRECTION('',(0.,1.,0.));
#3783 = ORIENTED_EDGE('',*,*,#1396,.T.);
#3784 = PLANE('',#3785);
#3785 = AXIS2_PLACEMENT_3D('',#3786,#3787,#3788);
#3786 = CARTESIAN_POINT('',(4.440892098501E-16,-1.1,1.5));
#3787 = DIRECTION('',(0.,0.,1.));
#3788 = DIRECTION('',(1.,0.,0.));
#3789 = ADVANCED_FACE('',(#3790),#3801,.T.);
#3790 = FACE_BOUND('',#3791,.T.);
#3791 = EDGE_LOOP('',(#3792,#3793,#3799,#3800));
#3792 = ORIENTED_EDGE('',*,*,#3778,.F.);
#3793 = ORIENTED_EDGE('',*,*,#3794,.F.);
#3794 = EDGE_CURVE('',#3723,#3771,#3795,.T.);
#3795 = LINE('',#3796,#3797);
#3796 = CARTESIAN_POINT('',(0.35,-1.95,0.8));
#3797 = VECTOR('',#3798,1.);
#3798 = DIRECTION('',(0.,0.,1.));
#3799 = ORIENTED_EDGE('',*,*,#3730,.T.);
#3800 = ORIENTED_EDGE('',*,*,#1388,.T.);
#3801 = PLANE('',#3802);
#3802 = AXIS2_PLACEMENT_3D('',#3803,#3804,#3805);
#3803 = CARTESIAN_POINT('',(0.35,-0.260155781538,-1.645579270915));
#3804 = DIRECTION('',(1.,0.,0.));
#3805 = DIRECTION('',(0.,1.,0.));
#3806 = ADVANCED_FACE('',(#3807),#3825,.T.);
#3807 = FACE_BOUND('',#3808,.T.);
#3808 = EDGE_LOOP('',(#3809,#3810,#3818,#3824));
#3809 = ORIENTED_EDGE('',*,*,#64,.T.);
#3810 = ORIENTED_EDGE('',*,*,#3811,.T.);
#3811 = EDGE_CURVE('',#65,#3812,#3814,.T.);
#3812 = VERTEX_POINT('',#3813);
#3813 = CARTESIAN_POINT('',(30.39,2.25,9.));
#3814 = LINE('',#3815,#3816);
#3815 = CARTESIAN_POINT('',(10.39,2.25,9.));
#3816 = VECTOR('',#3817,1.);
#3817 = DIRECTION('',(1.,0.,0.));
#3818 = ORIENTED_EDGE('',*,*,#3819,.F.);
#3819 = EDGE_CURVE('',#41,#3812,#3820,.T.);
#3820 = LINE('',#3821,#3822);
#3821 = CARTESIAN_POINT('',(30.39,2.25,0.));
#3822 = VECTOR('',#3823,1.);
#3823 = DIRECTION('',(0.,0.,1.));
#3824 = ORIENTED_EDGE('',*,*,#49,.F.);
#3825 = PLANE('',#3826);
#3826 = AXIS2_PLACEMENT_3D('',#3827,#3828,#3829);
#3827 = CARTESIAN_POINT('',(10.39,2.25,0.));
#3828 = DIRECTION('',(0.,1.,0.));
#3829 = DIRECTION('',(0.,0.,1.));
#3830 = ADVANCED_FACE('',(#3831),#3843,.T.);
#3831 = FACE_BOUND('',#3832,.T.);
#3832 = EDGE_LOOP('',(#3833,#3834,#3835,#3842));
#3833 = ORIENTED_EDGE('',*,*,#40,.T.);
#3834 = ORIENTED_EDGE('',*,*,#3819,.T.);
#3835 = ORIENTED_EDGE('',*,*,#3836,.F.);
#3836 = EDGE_CURVE('',#1441,#3812,#3837,.T.);
#3837 = ELLIPSE('',#3838,1.414213562373,1.);
#3838 = AXIS2_PLACEMENT_3D('',#3839,#3840,#3841);
#3839 = CARTESIAN_POINT('',(30.39,1.25,9.));
#3840 = DIRECTION('',(-0.707106781187,0.,0.707106781187));
#3841 = DIRECTION('',(0.707106781187,0.,0.707106781187));
#3842 = ORIENTED_EDGE('',*,*,#1455,.F.);
#3843 = CYLINDRICAL_SURFACE('',#3844,1.);
#3844 = AXIS2_PLACEMENT_3D('',#3845,#3846,#3847);
#3845 = CARTESIAN_POINT('',(30.39,1.25,0.));
#3846 = DIRECTION('',(0.,0.,1.));
#3847 = DIRECTION('',(1.,0.,0.));
#3848 = ADVANCED_FACE('',(#3849),#3875,.T.);
#3849 = FACE_BOUND('',#3850,.T.);
#3850 = EDGE_LOOP('',(#3851,#3860,#3867,#3868,#3874));
#3851 = ORIENTED_EDGE('',*,*,#3852,.T.);
#3852 = EDGE_CURVE('',#1472,#3853,#3855,.T.);
#3853 = VERTEX_POINT('',#3854);
#3854 = CARTESIAN_POINT('',(33.62,-0.34,1.15));
#3855 = CIRCLE('',#3856,0.6);
#3856 = AXIS2_PLACEMENT_3D('',#3857,#3858,#3859);
#3857 = CARTESIAN_POINT('',(33.02,-0.34,1.15));
#3858 = DIRECTION('',(-0.,1.,2.22044604925E-16));
#3859 = DIRECTION('',(1.,0.,0.));
#3860 = ORIENTED_EDGE('',*,*,#3861,.T.);
#3861 = EDGE_CURVE('',#3853,#1573,#3862,.T.);
#3862 = CIRCLE('',#3863,0.6);
#3863 = AXIS2_PLACEMENT_3D('',#3864,#3865,#3866);
#3864 = CARTESIAN_POINT('',(33.02,-0.34,1.15));
#3865 = DIRECTION('',(-0.,1.,2.22044604925E-16));
#3866 = DIRECTION('',(1.,0.,0.));
#3867 = ORIENTED_EDGE('',*,*,#1572,.T.);
#3868 = ORIENTED_EDGE('',*,*,#3869,.T.);
#3869 = EDGE_CURVE('',#1563,#1470,#3870,.T.);
#3870 = LINE('',#3871,#3872);
#3871 = CARTESIAN_POINT('',(33.02,-0.34,1.5));
#3872 = VECTOR('',#3873,1.);
#3873 = DIRECTION('',(-1.,8.080404091159E-46,-3.639090485395E-30));
#3874 = ORIENTED_EDGE('',*,*,#1469,.T.);
#3875 = PLANE('',#3876);
#3876 = AXIS2_PLACEMENT_3D('',#3877,#3878,#3879);
#3877 = CARTESIAN_POINT('',(33.02,-0.34,1.15));
#3878 = DIRECTION('',(0.,1.,2.22044604925E-16));
#3879 = DIRECTION('',(1.,0.,0.));
#3880 = ADVANCED_FACE('',(#3881),#3899,.T.);
#3881 = FACE_BOUND('',#3882,.T.);
#3882 = EDGE_LOOP('',(#3883,#3884,#3885,#3893));
#3883 = ORIENTED_EDGE('',*,*,#2918,.F.);
#3884 = ORIENTED_EDGE('',*,*,#1504,.T.);
#3885 = ORIENTED_EDGE('',*,*,#3886,.T.);
#3886 = EDGE_CURVE('',#1497,#3887,#3889,.T.);
#3887 = VERTEX_POINT('',#3888);
#3888 = CARTESIAN_POINT('',(32.87,0.15,-6.));
#3889 = LINE('',#3890,#3891);
#3890 = CARTESIAN_POINT('',(32.853333333333,0.166666666667,
    -5.983333333333));
#3891 = VECTOR('',#3892,1.);
#3892 = DIRECTION('',(0.57735026919,-0.57735026919,-0.57735026919));
#3893 = ORIENTED_EDGE('',*,*,#3894,.F.);
#3894 = EDGE_CURVE('',#2919,#3887,#3895,.T.);
#3895 = LINE('',#3896,#3897);
#3896 = CARTESIAN_POINT('',(32.87,-0.35,-6.));
#3897 = VECTOR('',#3898,1.);
#3898 = DIRECTION('',(0.,1.,0.));
#3899 = PLANE('',#3900);
#3900 = AXIS2_PLACEMENT_3D('',#3901,#3902,#3903);
#3901 = CARTESIAN_POINT('',(32.77,-0.35,-5.9));
#3902 = DIRECTION('',(-0.707106781187,-0.,-0.707106781187));
#3903 = DIRECTION('',(0.,1.,0.));
#3904 = ADVANCED_FACE('',(#3905),#3921,.T.);
#3905 = FACE_BOUND('',#3906,.T.);
#3906 = EDGE_LOOP('',(#3907,#3908,#3914,#3915));
#3907 = ORIENTED_EDGE('',*,*,#1596,.F.);
#3908 = ORIENTED_EDGE('',*,*,#3909,.F.);
#3909 = EDGE_CURVE('',#1497,#1589,#3910,.T.);
#3910 = LINE('',#3911,#3912);
#3911 = CARTESIAN_POINT('',(32.67,0.35,-5.8));
#3912 = VECTOR('',#3913,1.);
#3913 = DIRECTION('',(1.,0.,0.));
#3914 = ORIENTED_EDGE('',*,*,#1496,.T.);
#3915 = ORIENTED_EDGE('',*,*,#3916,.T.);
#3916 = EDGE_CURVE('',#1488,#1597,#3917,.T.);
#3917 = LINE('',#3918,#3919);
#3918 = CARTESIAN_POINT('',(32.67,0.35,0.9));
#3919 = VECTOR('',#3920,1.);
#3920 = DIRECTION('',(1.,0.,0.));
#3921 = PLANE('',#3922);
#3922 = AXIS2_PLACEMENT_3D('',#3923,#3924,#3925);
#3923 = CARTESIAN_POINT('',(32.67,0.35,-6.));
#3924 = DIRECTION('',(0.,1.,0.));
#3925 = DIRECTION('',(0.,0.,1.));
#3926 = ADVANCED_FACE('',(#3927),#3938,.T.);
#3927 = FACE_BOUND('',#3928,.F.);
#3928 = EDGE_LOOP('',(#3929,#3930,#3931,#3932));
#3929 = ORIENTED_EDGE('',*,*,#1487,.T.);
#3930 = ORIENTED_EDGE('',*,*,#3916,.T.);
#3931 = ORIENTED_EDGE('',*,*,#1604,.F.);
#3932 = ORIENTED_EDGE('',*,*,#3933,.F.);
#3933 = EDGE_CURVE('',#1480,#1565,#3934,.T.);
#3934 = LINE('',#3935,#3936);
#3935 = CARTESIAN_POINT('',(32.67,-0.25,1.5));
#3936 = VECTOR('',#3937,1.);
#3937 = DIRECTION('',(1.,0.,0.));
#3938 = CYLINDRICAL_SURFACE('',#3939,0.6);
#3939 = AXIS2_PLACEMENT_3D('',#3940,#3941,#3942);
#3940 = CARTESIAN_POINT('',(32.67,-0.25,0.9));
#3941 = DIRECTION('',(1.,0.,0.));
#3942 = DIRECTION('',(0.,0.,1.));
#3943 = ADVANCED_FACE('',(#3944),#3950,.T.);
#3944 = FACE_BOUND('',#3945,.T.);
#3945 = EDGE_LOOP('',(#3946,#3947,#3948,#3949));
#3946 = ORIENTED_EDGE('',*,*,#1479,.F.);
#3947 = ORIENTED_EDGE('',*,*,#3869,.F.);
#3948 = ORIENTED_EDGE('',*,*,#1562,.T.);
#3949 = ORIENTED_EDGE('',*,*,#3933,.F.);
#3950 = PLANE('',#3951);
#3951 = AXIS2_PLACEMENT_3D('',#3952,#3953,#3954);
#3952 = CARTESIAN_POINT('',(33.02,-1.1,1.5));
#3953 = DIRECTION('',(-3.639090485395E-30,-1.527245572921E-31,1.));
#3954 = DIRECTION('',(1.,0.,3.639090485395E-30));
#3955 = ADVANCED_FACE('',(#3956),#3974,.F.);
#3956 = FACE_BOUND('',#3957,.F.);
#3957 = EDGE_LOOP('',(#3958,#3959,#3960,#3968));
#3958 = ORIENTED_EDGE('',*,*,#2927,.F.);
#3959 = ORIENTED_EDGE('',*,*,#1588,.T.);
#3960 = ORIENTED_EDGE('',*,*,#3961,.T.);
#3961 = EDGE_CURVE('',#1589,#3962,#3964,.T.);
#3962 = VERTEX_POINT('',#3963);
#3963 = CARTESIAN_POINT('',(33.17,0.15,-6.));
#3964 = LINE('',#3965,#3966);
#3965 = CARTESIAN_POINT('',(33.07,5.E-02,-6.1));
#3966 = VECTOR('',#3967,1.);
#3967 = DIRECTION('',(-0.57735026919,-0.57735026919,-0.57735026919));
#3968 = ORIENTED_EDGE('',*,*,#3969,.F.);
#3969 = EDGE_CURVE('',#2928,#3962,#3970,.T.);
#3970 = LINE('',#3971,#3972);
#3971 = CARTESIAN_POINT('',(33.17,-0.35,-6.));
#3972 = VECTOR('',#3973,1.);
#3973 = DIRECTION('',(0.,1.,0.));
#3974 = PLANE('',#3975);
#3975 = AXIS2_PLACEMENT_3D('',#3976,#3977,#3978);
#3976 = CARTESIAN_POINT('',(33.27,-0.35,-5.9));
#3977 = DIRECTION('',(-0.707106781187,0.,0.707106781187));
#3978 = DIRECTION('',(0.,1.,0.));
#3979 = ADVANCED_FACE('',(#3980),#4006,.T.);
#3980 = FACE_BOUND('',#3981,.T.);
#3981 = EDGE_LOOP('',(#3982,#3991,#3998,#3999,#4005));
#3982 = ORIENTED_EDGE('',*,*,#3983,.T.);
#3983 = EDGE_CURVE('',#1622,#3984,#3986,.T.);
#3984 = VERTEX_POINT('',#3985);
#3985 = CARTESIAN_POINT('',(36.16,-0.34,1.15));
#3986 = CIRCLE('',#3987,0.6);
#3987 = AXIS2_PLACEMENT_3D('',#3988,#3989,#3990);
#3988 = CARTESIAN_POINT('',(35.56,-0.34,1.15));
#3989 = DIRECTION('',(-0.,1.,2.22044604925E-16));
#3990 = DIRECTION('',(1.,0.,0.));
#3991 = ORIENTED_EDGE('',*,*,#3992,.T.);
#3992 = EDGE_CURVE('',#3984,#1723,#3993,.T.);
#3993 = CIRCLE('',#3994,0.6);
#3994 = AXIS2_PLACEMENT_3D('',#3995,#3996,#3997);
#3995 = CARTESIAN_POINT('',(35.56,-0.34,1.15));
#3996 = DIRECTION('',(-0.,1.,2.22044604925E-16));
#3997 = DIRECTION('',(1.,0.,0.));
#3998 = ORIENTED_EDGE('',*,*,#1722,.T.);
#3999 = ORIENTED_EDGE('',*,*,#4000,.T.);
#4000 = EDGE_CURVE('',#1713,#1620,#4001,.T.);
#4001 = LINE('',#4002,#4003);
#4002 = CARTESIAN_POINT('',(35.56,-0.34,1.5));
#4003 = VECTOR('',#4004,1.);
#4004 = DIRECTION('',(-1.,8.080404091159E-46,-3.639090485395E-30));
#4005 = ORIENTED_EDGE('',*,*,#1619,.T.);
#4006 = PLANE('',#4007);
#4007 = AXIS2_PLACEMENT_3D('',#4008,#4009,#4010);
#4008 = CARTESIAN_POINT('',(35.56,-0.34,1.15));
#4009 = DIRECTION('',(0.,1.,2.22044604925E-16));
#4010 = DIRECTION('',(1.,0.,0.));
#4011 = ADVANCED_FACE('',(#4012),#4030,.T.);
#4012 = FACE_BOUND('',#4013,.T.);
#4013 = EDGE_LOOP('',(#4014,#4015,#4016,#4024));
#4014 = ORIENTED_EDGE('',*,*,#2949,.F.);
#4015 = ORIENTED_EDGE('',*,*,#1654,.T.);
#4016 = ORIENTED_EDGE('',*,*,#4017,.T.);
#4017 = EDGE_CURVE('',#1647,#4018,#4020,.T.);
#4018 = VERTEX_POINT('',#4019);
#4019 = CARTESIAN_POINT('',(35.41,0.15,-6.));
#4020 = LINE('',#4021,#4022);
#4021 = CARTESIAN_POINT('',(35.393333333333,0.166666666667,
    -5.983333333333));
#4022 = VECTOR('',#4023,1.);
#4023 = DIRECTION('',(0.57735026919,-0.57735026919,-0.57735026919));
#4024 = ORIENTED_EDGE('',*,*,#4025,.F.);
#4025 = EDGE_CURVE('',#2950,#4018,#4026,.T.);
#4026 = LINE('',#4027,#4028);
#4027 = CARTESIAN_POINT('',(35.41,-0.35,-6.));
#4028 = VECTOR('',#4029,1.);
#4029 = DIRECTION('',(0.,1.,0.));
#4030 = PLANE('',#4031);
#4031 = AXIS2_PLACEMENT_3D('',#4032,#4033,#4034);
#4032 = CARTESIAN_POINT('',(35.31,-0.35,-5.9));
#4033 = DIRECTION('',(-0.707106781187,-0.,-0.707106781187));
#4034 = DIRECTION('',(0.,1.,0.));
#4035 = ADVANCED_FACE('',(#4036),#4052,.T.);
#4036 = FACE_BOUND('',#4037,.T.);
#4037 = EDGE_LOOP('',(#4038,#4039,#4045,#4046));
#4038 = ORIENTED_EDGE('',*,*,#1746,.F.);
#4039 = ORIENTED_EDGE('',*,*,#4040,.F.);
#4040 = EDGE_CURVE('',#1647,#1739,#4041,.T.);
#4041 = LINE('',#4042,#4043);
#4042 = CARTESIAN_POINT('',(35.21,0.35,-5.8));
#4043 = VECTOR('',#4044,1.);
#4044 = DIRECTION('',(1.,0.,0.));
#4045 = ORIENTED_EDGE('',*,*,#1646,.T.);
#4046 = ORIENTED_EDGE('',*,*,#4047,.T.);
#4047 = EDGE_CURVE('',#1638,#1747,#4048,.T.);
#4048 = LINE('',#4049,#4050);
#4049 = CARTESIAN_POINT('',(35.21,0.35,0.9));
#4050 = VECTOR('',#4051,1.);
#4051 = DIRECTION('',(1.,0.,0.));
#4052 = PLANE('',#4053);
#4053 = AXIS2_PLACEMENT_3D('',#4054,#4055,#4056);
#4054 = CARTESIAN_POINT('',(35.21,0.35,-6.));
#4055 = DIRECTION('',(0.,1.,0.));
#4056 = DIRECTION('',(0.,0.,1.));
#4057 = ADVANCED_FACE('',(#4058),#4069,.T.);
#4058 = FACE_BOUND('',#4059,.F.);
#4059 = EDGE_LOOP('',(#4060,#4061,#4062,#4063));
#4060 = ORIENTED_EDGE('',*,*,#1637,.T.);
#4061 = ORIENTED_EDGE('',*,*,#4047,.T.);
#4062 = ORIENTED_EDGE('',*,*,#1754,.F.);
#4063 = ORIENTED_EDGE('',*,*,#4064,.F.);
#4064 = EDGE_CURVE('',#1630,#1715,#4065,.T.);
#4065 = LINE('',#4066,#4067);
#4066 = CARTESIAN_POINT('',(35.21,-0.25,1.5));
#4067 = VECTOR('',#4068,1.);
#4068 = DIRECTION('',(1.,0.,0.));
#4069 = CYLINDRICAL_SURFACE('',#4070,0.6);
#4070 = AXIS2_PLACEMENT_3D('',#4071,#4072,#4073);
#4071 = CARTESIAN_POINT('',(35.21,-0.25,0.9));
#4072 = DIRECTION('',(1.,0.,0.));
#4073 = DIRECTION('',(0.,0.,1.));
#4074 = ADVANCED_FACE('',(#4075),#4081,.T.);
#4075 = FACE_BOUND('',#4076,.T.);
#4076 = EDGE_LOOP('',(#4077,#4078,#4079,#4080));
#4077 = ORIENTED_EDGE('',*,*,#1629,.F.);
#4078 = ORIENTED_EDGE('',*,*,#4000,.F.);
#4079 = ORIENTED_EDGE('',*,*,#1712,.T.);
#4080 = ORIENTED_EDGE('',*,*,#4064,.F.);
#4081 = PLANE('',#4082);
#4082 = AXIS2_PLACEMENT_3D('',#4083,#4084,#4085);
#4083 = CARTESIAN_POINT('',(35.56,-1.1,1.5));
#4084 = DIRECTION('',(-3.639090485395E-30,-1.527245572921E-31,1.));
#4085 = DIRECTION('',(1.,0.,3.639090485395E-30));
#4086 = ADVANCED_FACE('',(#4087),#4105,.F.);
#4087 = FACE_BOUND('',#4088,.F.);
#4088 = EDGE_LOOP('',(#4089,#4090,#4091,#4099));
#4089 = ORIENTED_EDGE('',*,*,#2958,.F.);
#4090 = ORIENTED_EDGE('',*,*,#1738,.T.);
#4091 = ORIENTED_EDGE('',*,*,#4092,.T.);
#4092 = EDGE_CURVE('',#1739,#4093,#4095,.T.);
#4093 = VERTEX_POINT('',#4094);
#4094 = CARTESIAN_POINT('',(35.71,0.15,-6.));
#4095 = LINE('',#4096,#4097);
#4096 = CARTESIAN_POINT('',(35.61,5.E-02,-6.1));
#4097 = VECTOR('',#4098,1.);
#4098 = DIRECTION('',(-0.57735026919,-0.57735026919,-0.57735026919));
#4099 = ORIENTED_EDGE('',*,*,#4100,.F.);
#4100 = EDGE_CURVE('',#2959,#4093,#4101,.T.);
#4101 = LINE('',#4102,#4103);
#4102 = CARTESIAN_POINT('',(35.71,-0.35,-6.));
#4103 = VECTOR('',#4104,1.);
#4104 = DIRECTION('',(0.,1.,0.));
#4105 = PLANE('',#4106);
#4106 = AXIS2_PLACEMENT_3D('',#4107,#4108,#4109);
#4107 = CARTESIAN_POINT('',(35.81,-0.35,-5.9));
#4108 = DIRECTION('',(-0.707106781187,0.,0.707106781187));
#4109 = DIRECTION('',(0.,1.,0.));
#4110 = ADVANCED_FACE('',(#4111),#4137,.T.);
#4111 = FACE_BOUND('',#4112,.T.);
#4112 = EDGE_LOOP('',(#4113,#4122,#4129,#4130,#4136));
#4113 = ORIENTED_EDGE('',*,*,#4114,.T.);
#4114 = EDGE_CURVE('',#1772,#4115,#4117,.T.);
#4115 = VERTEX_POINT('',#4116);
#4116 = CARTESIAN_POINT('',(38.7,-0.34,1.15));
#4117 = CIRCLE('',#4118,0.6);
#4118 = AXIS2_PLACEMENT_3D('',#4119,#4120,#4121);
#4119 = CARTESIAN_POINT('',(38.1,-0.34,1.15));
#4120 = DIRECTION('',(-0.,1.,2.22044604925E-16));
#4121 = DIRECTION('',(1.,0.,0.));
#4122 = ORIENTED_EDGE('',*,*,#4123,.T.);
#4123 = EDGE_CURVE('',#4115,#1873,#4124,.T.);
#4124 = CIRCLE('',#4125,0.6);
#4125 = AXIS2_PLACEMENT_3D('',#4126,#4127,#4128);
#4126 = CARTESIAN_POINT('',(38.1,-0.34,1.15));
#4127 = DIRECTION('',(-0.,1.,2.22044604925E-16));
#4128 = DIRECTION('',(1.,0.,0.));
#4129 = ORIENTED_EDGE('',*,*,#1872,.T.);
#4130 = ORIENTED_EDGE('',*,*,#4131,.T.);
#4131 = EDGE_CURVE('',#1863,#1770,#4132,.T.);
#4132 = LINE('',#4133,#4134);
#4133 = CARTESIAN_POINT('',(38.1,-0.34,1.5));
#4134 = VECTOR('',#4135,1.);
#4135 = DIRECTION('',(-1.,8.080404091159E-46,-3.639090485395E-30));
#4136 = ORIENTED_EDGE('',*,*,#1769,.T.);
#4137 = PLANE('',#4138);
#4138 = AXIS2_PLACEMENT_3D('',#4139,#4140,#4141);
#4139 = CARTESIAN_POINT('',(38.1,-0.34,1.15));
#4140 = DIRECTION('',(0.,1.,2.22044604925E-16));
#4141 = DIRECTION('',(1.,0.,0.));
#4142 = ADVANCED_FACE('',(#4143),#4161,.T.);
#4143 = FACE_BOUND('',#4144,.T.);
#4144 = EDGE_LOOP('',(#4145,#4146,#4147,#4155));
#4145 = ORIENTED_EDGE('',*,*,#2980,.F.);
#4146 = ORIENTED_EDGE('',*,*,#1804,.T.);
#4147 = ORIENTED_EDGE('',*,*,#4148,.T.);
#4148 = EDGE_CURVE('',#1797,#4149,#4151,.T.);
#4149 = VERTEX_POINT('',#4150);
#4150 = CARTESIAN_POINT('',(37.95,0.15,-6.));
#4151 = LINE('',#4152,#4153);
#4152 = CARTESIAN_POINT('',(37.933333333333,0.166666666667,
    -5.983333333333));
#4153 = VECTOR('',#4154,1.);
#4154 = DIRECTION('',(0.57735026919,-0.57735026919,-0.57735026919));
#4155 = ORIENTED_EDGE('',*,*,#4156,.F.);
#4156 = EDGE_CURVE('',#2981,#4149,#4157,.T.);
#4157 = LINE('',#4158,#4159);
#4158 = CARTESIAN_POINT('',(37.95,-0.35,-6.));
#4159 = VECTOR('',#4160,1.);
#4160 = DIRECTION('',(0.,1.,0.));
#4161 = PLANE('',#4162);
#4162 = AXIS2_PLACEMENT_3D('',#4163,#4164,#4165);
#4163 = CARTESIAN_POINT('',(37.85,-0.35,-5.9));
#4164 = DIRECTION('',(-0.707106781187,-0.,-0.707106781187));
#4165 = DIRECTION('',(0.,1.,0.));
#4166 = ADVANCED_FACE('',(#4167),#4183,.T.);
#4167 = FACE_BOUND('',#4168,.T.);
#4168 = EDGE_LOOP('',(#4169,#4170,#4176,#4177));
#4169 = ORIENTED_EDGE('',*,*,#1896,.F.);
#4170 = ORIENTED_EDGE('',*,*,#4171,.F.);
#4171 = EDGE_CURVE('',#1797,#1889,#4172,.T.);
#4172 = LINE('',#4173,#4174);
#4173 = CARTESIAN_POINT('',(37.75,0.35,-5.8));
#4174 = VECTOR('',#4175,1.);
#4175 = DIRECTION('',(1.,0.,0.));
#4176 = ORIENTED_EDGE('',*,*,#1796,.T.);
#4177 = ORIENTED_EDGE('',*,*,#4178,.T.);
#4178 = EDGE_CURVE('',#1788,#1897,#4179,.T.);
#4179 = LINE('',#4180,#4181);
#4180 = CARTESIAN_POINT('',(37.75,0.35,0.9));
#4181 = VECTOR('',#4182,1.);
#4182 = DIRECTION('',(1.,0.,0.));
#4183 = PLANE('',#4184);
#4184 = AXIS2_PLACEMENT_3D('',#4185,#4186,#4187);
#4185 = CARTESIAN_POINT('',(37.75,0.35,-6.));
#4186 = DIRECTION('',(0.,1.,0.));
#4187 = DIRECTION('',(0.,0.,1.));
#4188 = ADVANCED_FACE('',(#4189),#4200,.T.);
#4189 = FACE_BOUND('',#4190,.F.);
#4190 = EDGE_LOOP('',(#4191,#4192,#4193,#4194));
#4191 = ORIENTED_EDGE('',*,*,#1787,.T.);
#4192 = ORIENTED_EDGE('',*,*,#4178,.T.);
#4193 = ORIENTED_EDGE('',*,*,#1904,.F.);
#4194 = ORIENTED_EDGE('',*,*,#4195,.F.);
#4195 = EDGE_CURVE('',#1780,#1865,#4196,.T.);
#4196 = LINE('',#4197,#4198);
#4197 = CARTESIAN_POINT('',(37.75,-0.25,1.5));
#4198 = VECTOR('',#4199,1.);
#4199 = DIRECTION('',(1.,0.,0.));
#4200 = CYLINDRICAL_SURFACE('',#4201,0.6);
#4201 = AXIS2_PLACEMENT_3D('',#4202,#4203,#4204);
#4202 = CARTESIAN_POINT('',(37.75,-0.25,0.9));
#4203 = DIRECTION('',(1.,0.,0.));
#4204 = DIRECTION('',(0.,0.,1.));
#4205 = ADVANCED_FACE('',(#4206),#4212,.T.);
#4206 = FACE_BOUND('',#4207,.T.);
#4207 = EDGE_LOOP('',(#4208,#4209,#4210,#4211));
#4208 = ORIENTED_EDGE('',*,*,#1779,.F.);
#4209 = ORIENTED_EDGE('',*,*,#4131,.F.);
#4210 = ORIENTED_EDGE('',*,*,#1862,.T.);
#4211 = ORIENTED_EDGE('',*,*,#4195,.F.);
#4212 = PLANE('',#4213);
#4213 = AXIS2_PLACEMENT_3D('',#4214,#4215,#4216);
#4214 = CARTESIAN_POINT('',(38.1,-1.1,1.5));
#4215 = DIRECTION('',(-3.639090485395E-30,-1.527245572921E-31,1.));
#4216 = DIRECTION('',(1.,0.,3.639090485395E-30));
#4217 = ADVANCED_FACE('',(#4218),#4236,.F.);
#4218 = FACE_BOUND('',#4219,.F.);
#4219 = EDGE_LOOP('',(#4220,#4221,#4222,#4230));
#4220 = ORIENTED_EDGE('',*,*,#2989,.F.);
#4221 = ORIENTED_EDGE('',*,*,#1888,.T.);
#4222 = ORIENTED_EDGE('',*,*,#4223,.T.);
#4223 = EDGE_CURVE('',#1889,#4224,#4226,.T.);
#4224 = VERTEX_POINT('',#4225);
#4225 = CARTESIAN_POINT('',(38.25,0.15,-6.));
#4226 = LINE('',#4227,#4228);
#4227 = CARTESIAN_POINT('',(38.15,5.E-02,-6.1));
#4228 = VECTOR('',#4229,1.);
#4229 = DIRECTION('',(-0.57735026919,-0.57735026919,-0.57735026919));
#4230 = ORIENTED_EDGE('',*,*,#4231,.F.);
#4231 = EDGE_CURVE('',#2990,#4224,#4232,.T.);
#4232 = LINE('',#4233,#4234);
#4233 = CARTESIAN_POINT('',(38.25,-0.35,-6.));
#4234 = VECTOR('',#4235,1.);
#4235 = DIRECTION('',(0.,1.,0.));
#4236 = PLANE('',#4237);
#4237 = AXIS2_PLACEMENT_3D('',#4238,#4239,#4240);
#4238 = CARTESIAN_POINT('',(38.35,-0.35,-5.9));
#4239 = DIRECTION('',(-0.707106781187,0.,0.707106781187));
#4240 = DIRECTION('',(0.,1.,0.));
#4241 = ADVANCED_FACE('',(#4242),#4268,.T.);
#4242 = FACE_BOUND('',#4243,.T.);
#4243 = EDGE_LOOP('',(#4244,#4253,#4260,#4261,#4267));
#4244 = ORIENTED_EDGE('',*,*,#4245,.T.);
#4245 = EDGE_CURVE('',#1922,#4246,#4248,.T.);
#4246 = VERTEX_POINT('',#4247);
#4247 = CARTESIAN_POINT('',(41.24,-0.34,1.15));
#4248 = CIRCLE('',#4249,0.6);
#4249 = AXIS2_PLACEMENT_3D('',#4250,#4251,#4252);
#4250 = CARTESIAN_POINT('',(40.64,-0.34,1.15));
#4251 = DIRECTION('',(-0.,1.,2.22044604925E-16));
#4252 = DIRECTION('',(1.,0.,0.));
#4253 = ORIENTED_EDGE('',*,*,#4254,.T.);
#4254 = EDGE_CURVE('',#4246,#2023,#4255,.T.);
#4255 = CIRCLE('',#4256,0.6);
#4256 = AXIS2_PLACEMENT_3D('',#4257,#4258,#4259);
#4257 = CARTESIAN_POINT('',(40.64,-0.34,1.15));
#4258 = DIRECTION('',(-0.,1.,2.22044604925E-16));
#4259 = DIRECTION('',(1.,0.,0.));
#4260 = ORIENTED_EDGE('',*,*,#2022,.T.);
#4261 = ORIENTED_EDGE('',*,*,#4262,.T.);
#4262 = EDGE_CURVE('',#2013,#1920,#4263,.T.);
#4263 = LINE('',#4264,#4265);
#4264 = CARTESIAN_POINT('',(40.64,-0.34,1.5));
#4265 = VECTOR('',#4266,1.);
#4266 = DIRECTION('',(-1.,8.080404091159E-46,-3.639090485395E-30));
#4267 = ORIENTED_EDGE('',*,*,#1919,.T.);
#4268 = PLANE('',#4269);
#4269 = AXIS2_PLACEMENT_3D('',#4270,#4271,#4272);
#4270 = CARTESIAN_POINT('',(40.64,-0.34,1.15));
#4271 = DIRECTION('',(0.,1.,2.22044604925E-16));
#4272 = DIRECTION('',(1.,0.,0.));
#4273 = ADVANCED_FACE('',(#4274),#4292,.T.);
#4274 = FACE_BOUND('',#4275,.T.);
#4275 = EDGE_LOOP('',(#4276,#4277,#4278,#4286));
#4276 = ORIENTED_EDGE('',*,*,#3011,.F.);
#4277 = ORIENTED_EDGE('',*,*,#1954,.T.);
#4278 = ORIENTED_EDGE('',*,*,#4279,.T.);
#4279 = EDGE_CURVE('',#1947,#4280,#4282,.T.);
#4280 = VERTEX_POINT('',#4281);
#4281 = CARTESIAN_POINT('',(40.49,0.15,-6.));
#4282 = LINE('',#4283,#4284);
#4283 = CARTESIAN_POINT('',(40.473333333333,0.166666666667,
    -5.983333333333));
#4284 = VECTOR('',#4285,1.);
#4285 = DIRECTION('',(0.57735026919,-0.57735026919,-0.57735026919));
#4286 = ORIENTED_EDGE('',*,*,#4287,.F.);
#4287 = EDGE_CURVE('',#3012,#4280,#4288,.T.);
#4288 = LINE('',#4289,#4290);
#4289 = CARTESIAN_POINT('',(40.49,-0.35,-6.));
#4290 = VECTOR('',#4291,1.);
#4291 = DIRECTION('',(0.,1.,0.));
#4292 = PLANE('',#4293);
#4293 = AXIS2_PLACEMENT_3D('',#4294,#4295,#4296);
#4294 = CARTESIAN_POINT('',(40.39,-0.35,-5.9));
#4295 = DIRECTION('',(-0.707106781187,-1.735417226645E-18,
    -0.707106781187));
#4296 = DIRECTION('',(-1.227125289148E-18,1.,-1.227125289148E-18));
#4297 = ADVANCED_FACE('',(#4298),#4314,.T.);
#4298 = FACE_BOUND('',#4299,.T.);
#4299 = EDGE_LOOP('',(#4300,#4301,#4307,#4308));
#4300 = ORIENTED_EDGE('',*,*,#2046,.F.);
#4301 = ORIENTED_EDGE('',*,*,#4302,.F.);
#4302 = EDGE_CURVE('',#1947,#2039,#4303,.T.);
#4303 = LINE('',#4304,#4305);
#4304 = CARTESIAN_POINT('',(40.29,0.35,-5.8));
#4305 = VECTOR('',#4306,1.);
#4306 = DIRECTION('',(1.,0.,0.));
#4307 = ORIENTED_EDGE('',*,*,#1946,.T.);
#4308 = ORIENTED_EDGE('',*,*,#4309,.T.);
#4309 = EDGE_CURVE('',#1938,#2047,#4310,.T.);
#4310 = LINE('',#4311,#4312);
#4311 = CARTESIAN_POINT('',(40.29,0.35,0.9));
#4312 = VECTOR('',#4313,1.);
#4313 = DIRECTION('',(1.,0.,0.));
#4314 = PLANE('',#4315);
#4315 = AXIS2_PLACEMENT_3D('',#4316,#4317,#4318);
#4316 = CARTESIAN_POINT('',(40.29,0.35,-6.));
#4317 = DIRECTION('',(0.,1.,0.));
#4318 = DIRECTION('',(0.,0.,1.));
#4319 = ADVANCED_FACE('',(#4320),#4331,.T.);
#4320 = FACE_BOUND('',#4321,.F.);
#4321 = EDGE_LOOP('',(#4322,#4323,#4324,#4325));
#4322 = ORIENTED_EDGE('',*,*,#1937,.T.);
#4323 = ORIENTED_EDGE('',*,*,#4309,.T.);
#4324 = ORIENTED_EDGE('',*,*,#2054,.F.);
#4325 = ORIENTED_EDGE('',*,*,#4326,.F.);
#4326 = EDGE_CURVE('',#1930,#2015,#4327,.T.);
#4327 = LINE('',#4328,#4329);
#4328 = CARTESIAN_POINT('',(40.29,-0.25,1.5));
#4329 = VECTOR('',#4330,1.);
#4330 = DIRECTION('',(1.,0.,0.));
#4331 = CYLINDRICAL_SURFACE('',#4332,0.6);
#4332 = AXIS2_PLACEMENT_3D('',#4333,#4334,#4335);
#4333 = CARTESIAN_POINT('',(40.29,-0.25,0.9));
#4334 = DIRECTION('',(1.,0.,0.));
#4335 = DIRECTION('',(0.,0.,1.));
#4336 = ADVANCED_FACE('',(#4337),#4343,.T.);
#4337 = FACE_BOUND('',#4338,.T.);
#4338 = EDGE_LOOP('',(#4339,#4340,#4341,#4342));
#4339 = ORIENTED_EDGE('',*,*,#1929,.F.);
#4340 = ORIENTED_EDGE('',*,*,#4262,.F.);
#4341 = ORIENTED_EDGE('',*,*,#2012,.T.);
#4342 = ORIENTED_EDGE('',*,*,#4326,.F.);
#4343 = PLANE('',#4344);
#4344 = AXIS2_PLACEMENT_3D('',#4345,#4346,#4347);
#4345 = CARTESIAN_POINT('',(40.64,-1.1,1.5));
#4346 = DIRECTION('',(-3.639090485395E-30,-1.527245572921E-31,1.));
#4347 = DIRECTION('',(1.,0.,3.639090485395E-30));
#4348 = ADVANCED_FACE('',(#4349),#4367,.F.);
#4349 = FACE_BOUND('',#4350,.F.);
#4350 = EDGE_LOOP('',(#4351,#4352,#4353,#4361));
#4351 = ORIENTED_EDGE('',*,*,#3020,.F.);
#4352 = ORIENTED_EDGE('',*,*,#2038,.T.);
#4353 = ORIENTED_EDGE('',*,*,#4354,.T.);
#4354 = EDGE_CURVE('',#2039,#4355,#4357,.T.);
#4355 = VERTEX_POINT('',#4356);
#4356 = CARTESIAN_POINT('',(40.79,0.15,-6.));
#4357 = LINE('',#4358,#4359);
#4358 = CARTESIAN_POINT('',(40.69,5.E-02,-6.1));
#4359 = VECTOR('',#4360,1.);
#4360 = DIRECTION('',(-0.57735026919,-0.57735026919,-0.57735026919));
#4361 = ORIENTED_EDGE('',*,*,#4362,.F.);
#4362 = EDGE_CURVE('',#3021,#4355,#4363,.T.);
#4363 = LINE('',#4364,#4365);
#4364 = CARTESIAN_POINT('',(40.79,-0.35,-6.));
#4365 = VECTOR('',#4366,1.);
#4366 = DIRECTION('',(0.,1.,0.));
#4367 = PLANE('',#4368);
#4368 = AXIS2_PLACEMENT_3D('',#4369,#4370,#4371);
#4369 = CARTESIAN_POINT('',(40.89,-0.35,-5.9));
#4370 = DIRECTION('',(-0.707106781187,0.,0.707106781187));
#4371 = DIRECTION('',(0.,1.,0.));
#4372 = ADVANCED_FACE('',(#4373),#4399,.T.);
#4373 = FACE_BOUND('',#4374,.T.);
#4374 = EDGE_LOOP('',(#4375,#4384,#4391,#4392,#4398));
#4375 = ORIENTED_EDGE('',*,*,#4376,.T.);
#4376 = EDGE_CURVE('',#2072,#4377,#4379,.T.);
#4377 = VERTEX_POINT('',#4378);
#4378 = CARTESIAN_POINT('',(0.6,-0.34,1.15));
#4379 = CIRCLE('',#4380,0.6);
#4380 = AXIS2_PLACEMENT_3D('',#4381,#4382,#4383);
#4381 = CARTESIAN_POINT('',(0.,-0.34,1.15));
#4382 = DIRECTION('',(0.,1.,-2.22044604925E-16));
#4383 = DIRECTION('',(1.,0.,0.));
#4384 = ORIENTED_EDGE('',*,*,#4385,.T.);
#4385 = EDGE_CURVE('',#4377,#2173,#4386,.T.);
#4386 = CIRCLE('',#4387,0.6);
#4387 = AXIS2_PLACEMENT_3D('',#4388,#4389,#4390);
#4388 = CARTESIAN_POINT('',(0.,-0.34,1.15));
#4389 = DIRECTION('',(0.,1.,-2.22044604925E-16));
#4390 = DIRECTION('',(1.,0.,0.));
#4391 = ORIENTED_EDGE('',*,*,#2172,.T.);
#4392 = ORIENTED_EDGE('',*,*,#4393,.T.);
#4393 = EDGE_CURVE('',#2163,#2070,#4394,.T.);
#4394 = LINE('',#4395,#4396);
#4395 = CARTESIAN_POINT('',(2.22044604925E-16,-0.34,1.5));
#4396 = VECTOR('',#4397,1.);
#4397 = DIRECTION('',(-1.,0.,0.));
#4398 = ORIENTED_EDGE('',*,*,#2069,.T.);
#4399 = PLANE('',#4400);
#4400 = AXIS2_PLACEMENT_3D('',#4401,#4402,#4403);
#4401 = CARTESIAN_POINT('',(0.,-0.34,1.15));
#4402 = DIRECTION('',(0.,1.,-2.22044604925E-16));
#4403 = DIRECTION('',(1.,0.,0.));
#4404 = ADVANCED_FACE('',(#4405),#4423,.T.);
#4405 = FACE_BOUND('',#4406,.T.);
#4406 = EDGE_LOOP('',(#4407,#4408,#4409,#4417));
#4407 = ORIENTED_EDGE('',*,*,#2794,.F.);
#4408 = ORIENTED_EDGE('',*,*,#2104,.T.);
#4409 = ORIENTED_EDGE('',*,*,#4410,.T.);
#4410 = EDGE_CURVE('',#2097,#4411,#4413,.T.);
#4411 = VERTEX_POINT('',#4412);
#4412 = CARTESIAN_POINT('',(-0.15,0.15,-6.));
#4413 = LINE('',#4414,#4415);
#4414 = CARTESIAN_POINT('',(-0.166666666667,0.166666666667,
    -5.983333333333));
#4415 = VECTOR('',#4416,1.);
#4416 = DIRECTION('',(0.57735026919,-0.57735026919,-0.57735026919));
#4417 = ORIENTED_EDGE('',*,*,#4418,.F.);
#4418 = EDGE_CURVE('',#2795,#4411,#4419,.T.);
#4419 = LINE('',#4420,#4421);
#4420 = CARTESIAN_POINT('',(-0.15,-0.35,-6.));
#4421 = VECTOR('',#4422,1.);
#4422 = DIRECTION('',(0.,1.,0.));
#4423 = PLANE('',#4424);
#4424 = AXIS2_PLACEMENT_3D('',#4425,#4426,#4427);
#4425 = CARTESIAN_POINT('',(-0.25,-0.35,-5.9));
#4426 = DIRECTION('',(-0.707106781187,-0.,-0.707106781187));
#4427 = DIRECTION('',(0.,1.,0.));
#4428 = ADVANCED_FACE('',(#4429),#4445,.T.);
#4429 = FACE_BOUND('',#4430,.T.);
#4430 = EDGE_LOOP('',(#4431,#4432,#4438,#4439));
#4431 = ORIENTED_EDGE('',*,*,#2196,.F.);
#4432 = ORIENTED_EDGE('',*,*,#4433,.F.);
#4433 = EDGE_CURVE('',#2097,#2189,#4434,.T.);
#4434 = LINE('',#4435,#4436);
#4435 = CARTESIAN_POINT('',(-0.35,0.35,-5.8));
#4436 = VECTOR('',#4437,1.);
#4437 = DIRECTION('',(1.,0.,0.));
#4438 = ORIENTED_EDGE('',*,*,#2096,.T.);
#4439 = ORIENTED_EDGE('',*,*,#4440,.T.);
#4440 = EDGE_CURVE('',#2088,#2197,#4441,.T.);
#4441 = LINE('',#4442,#4443);
#4442 = CARTESIAN_POINT('',(-0.35,0.35,0.9));
#4443 = VECTOR('',#4444,1.);
#4444 = DIRECTION('',(1.,0.,0.));
#4445 = PLANE('',#4446);
#4446 = AXIS2_PLACEMENT_3D('',#4447,#4448,#4449);
#4447 = CARTESIAN_POINT('',(-0.35,0.35,-6.));
#4448 = DIRECTION('',(0.,1.,0.));
#4449 = DIRECTION('',(0.,0.,1.));
#4450 = ADVANCED_FACE('',(#4451),#4462,.T.);
#4451 = FACE_BOUND('',#4452,.F.);
#4452 = EDGE_LOOP('',(#4453,#4454,#4455,#4456));
#4453 = ORIENTED_EDGE('',*,*,#2087,.T.);
#4454 = ORIENTED_EDGE('',*,*,#4440,.T.);
#4455 = ORIENTED_EDGE('',*,*,#2204,.F.);
#4456 = ORIENTED_EDGE('',*,*,#4457,.F.);
#4457 = EDGE_CURVE('',#2080,#2165,#4458,.T.);
#4458 = LINE('',#4459,#4460);
#4459 = CARTESIAN_POINT('',(-0.35,-0.25,1.5));
#4460 = VECTOR('',#4461,1.);
#4461 = DIRECTION('',(1.,0.,0.));
#4462 = CYLINDRICAL_SURFACE('',#4463,0.6);
#4463 = AXIS2_PLACEMENT_3D('',#4464,#4465,#4466);
#4464 = CARTESIAN_POINT('',(-0.35,-0.25,0.9));
#4465 = DIRECTION('',(1.,0.,0.));
#4466 = DIRECTION('',(0.,0.,1.));
#4467 = ADVANCED_FACE('',(#4468),#4474,.T.);
#4468 = FACE_BOUND('',#4469,.T.);
#4469 = EDGE_LOOP('',(#4470,#4471,#4472,#4473));
#4470 = ORIENTED_EDGE('',*,*,#2079,.F.);
#4471 = ORIENTED_EDGE('',*,*,#4393,.F.);
#4472 = ORIENTED_EDGE('',*,*,#2162,.T.);
#4473 = ORIENTED_EDGE('',*,*,#4457,.F.);
#4474 = PLANE('',#4475);
#4475 = AXIS2_PLACEMENT_3D('',#4476,#4477,#4478);
#4476 = CARTESIAN_POINT('',(4.440892098501E-16,-1.1,1.5));
#4477 = DIRECTION('',(0.,0.,1.));
#4478 = DIRECTION('',(1.,0.,0.));
#4479 = ADVANCED_FACE('',(#4480),#4498,.F.);
#4480 = FACE_BOUND('',#4481,.F.);
#4481 = EDGE_LOOP('',(#4482,#4483,#4484,#4492));
#4482 = ORIENTED_EDGE('',*,*,#2803,.F.);
#4483 = ORIENTED_EDGE('',*,*,#2188,.T.);
#4484 = ORIENTED_EDGE('',*,*,#4485,.T.);
#4485 = EDGE_CURVE('',#2189,#4486,#4488,.T.);
#4486 = VERTEX_POINT('',#4487);
#4487 = CARTESIAN_POINT('',(0.15,0.15,-6.));
#4488 = LINE('',#4489,#4490);
#4489 = CARTESIAN_POINT('',(5.E-02,5.E-02,-6.1));
#4490 = VECTOR('',#4491,1.);
#4491 = DIRECTION('',(-0.57735026919,-0.57735026919,-0.57735026919));
#4492 = ORIENTED_EDGE('',*,*,#4493,.F.);
#4493 = EDGE_CURVE('',#2804,#4486,#4494,.T.);
#4494 = LINE('',#4495,#4496);
#4495 = CARTESIAN_POINT('',(0.15,-0.35,-6.));
#4496 = VECTOR('',#4497,1.);
#4497 = DIRECTION('',(0.,1.,0.));
#4498 = PLANE('',#4499);
#4499 = AXIS2_PLACEMENT_3D('',#4500,#4501,#4502);
#4500 = CARTESIAN_POINT('',(0.25,-0.35,-5.9));
#4501 = DIRECTION('',(-0.707106781187,0.,0.707106781187));
#4502 = DIRECTION('',(0.,1.,0.));
#4503 = ADVANCED_FACE('',(#4504),#4530,.T.);
#4504 = FACE_BOUND('',#4505,.T.);
#4505 = EDGE_LOOP('',(#4506,#4515,#4522,#4523,#4529));
#4506 = ORIENTED_EDGE('',*,*,#4507,.T.);
#4507 = EDGE_CURVE('',#2222,#4508,#4510,.T.);
#4508 = VERTEX_POINT('',#4509);
#4509 = CARTESIAN_POINT('',(3.14,-0.34,1.15));
#4510 = CIRCLE('',#4511,0.6);
#4511 = AXIS2_PLACEMENT_3D('',#4512,#4513,#4514);
#4512 = CARTESIAN_POINT('',(2.54,-0.34,1.15));
#4513 = DIRECTION('',(-0.,1.,2.22044604925E-16));
#4514 = DIRECTION('',(1.,0.,0.));
#4515 = ORIENTED_EDGE('',*,*,#4516,.T.);
#4516 = EDGE_CURVE('',#4508,#2323,#4517,.T.);
#4517 = CIRCLE('',#4518,0.6);
#4518 = AXIS2_PLACEMENT_3D('',#4519,#4520,#4521);
#4519 = CARTESIAN_POINT('',(2.54,-0.34,1.15));
#4520 = DIRECTION('',(-0.,1.,2.22044604925E-16));
#4521 = DIRECTION('',(1.,0.,0.));
#4522 = ORIENTED_EDGE('',*,*,#2322,.T.);
#4523 = ORIENTED_EDGE('',*,*,#4524,.T.);
#4524 = EDGE_CURVE('',#2313,#2220,#4525,.T.);
#4525 = LINE('',#4526,#4527);
#4526 = CARTESIAN_POINT('',(2.54,-0.34,1.5));
#4527 = VECTOR('',#4528,1.);
#4528 = DIRECTION('',(-1.,8.080404091159E-46,-3.639090485395E-30));
#4529 = ORIENTED_EDGE('',*,*,#2219,.T.);
#4530 = PLANE('',#4531);
#4531 = AXIS2_PLACEMENT_3D('',#4532,#4533,#4534);
#4532 = CARTESIAN_POINT('',(2.54,-0.34,1.15));
#4533 = DIRECTION('',(0.,1.,2.22044604925E-16));
#4534 = DIRECTION('',(1.,0.,0.));
#4535 = ADVANCED_FACE('',(#4536),#4554,.T.);
#4536 = FACE_BOUND('',#4537,.T.);
#4537 = EDGE_LOOP('',(#4538,#4539,#4540,#4548));
#4538 = ORIENTED_EDGE('',*,*,#2825,.F.);
#4539 = ORIENTED_EDGE('',*,*,#2254,.T.);
#4540 = ORIENTED_EDGE('',*,*,#4541,.T.);
#4541 = EDGE_CURVE('',#2247,#4542,#4544,.T.);
#4542 = VERTEX_POINT('',#4543);
#4543 = CARTESIAN_POINT('',(2.39,0.15,-6.));
#4544 = LINE('',#4545,#4546);
#4545 = CARTESIAN_POINT('',(2.373333333333,0.166666666667,
    -5.983333333333));
#4546 = VECTOR('',#4547,1.);
#4547 = DIRECTION('',(0.57735026919,-0.57735026919,-0.57735026919));
#4548 = ORIENTED_EDGE('',*,*,#4549,.F.);
#4549 = EDGE_CURVE('',#2826,#4542,#4550,.T.);
#4550 = LINE('',#4551,#4552);
#4551 = CARTESIAN_POINT('',(2.39,-0.35,-6.));
#4552 = VECTOR('',#4553,1.);
#4553 = DIRECTION('',(0.,1.,0.));
#4554 = PLANE('',#4555);
#4555 = AXIS2_PLACEMENT_3D('',#4556,#4557,#4558);
#4556 = CARTESIAN_POINT('',(2.29,-0.35,-5.9));
#4557 = DIRECTION('',(-0.707106781187,-0.,-0.707106781187));
#4558 = DIRECTION('',(0.,1.,0.));
#4559 = ADVANCED_FACE('',(#4560),#4576,.T.);
#4560 = FACE_BOUND('',#4561,.T.);
#4561 = EDGE_LOOP('',(#4562,#4563,#4569,#4570));
#4562 = ORIENTED_EDGE('',*,*,#2346,.F.);
#4563 = ORIENTED_EDGE('',*,*,#4564,.F.);
#4564 = EDGE_CURVE('',#2247,#2339,#4565,.T.);
#4565 = LINE('',#4566,#4567);
#4566 = CARTESIAN_POINT('',(2.19,0.35,-5.8));
#4567 = VECTOR('',#4568,1.);
#4568 = DIRECTION('',(1.,0.,0.));
#4569 = ORIENTED_EDGE('',*,*,#2246,.T.);
#4570 = ORIENTED_EDGE('',*,*,#4571,.T.);
#4571 = EDGE_CURVE('',#2238,#2347,#4572,.T.);
#4572 = LINE('',#4573,#4574);
#4573 = CARTESIAN_POINT('',(2.19,0.35,0.9));
#4574 = VECTOR('',#4575,1.);
#4575 = DIRECTION('',(1.,0.,0.));
#4576 = PLANE('',#4577);
#4577 = AXIS2_PLACEMENT_3D('',#4578,#4579,#4580);
#4578 = CARTESIAN_POINT('',(2.19,0.35,-6.));
#4579 = DIRECTION('',(0.,1.,0.));
#4580 = DIRECTION('',(0.,0.,1.));
#4581 = ADVANCED_FACE('',(#4582),#4593,.T.);
#4582 = FACE_BOUND('',#4583,.F.);
#4583 = EDGE_LOOP('',(#4584,#4585,#4586,#4587));
#4584 = ORIENTED_EDGE('',*,*,#2237,.T.);
#4585 = ORIENTED_EDGE('',*,*,#4571,.T.);
#4586 = ORIENTED_EDGE('',*,*,#2354,.F.);
#4587 = ORIENTED_EDGE('',*,*,#4588,.F.);
#4588 = EDGE_CURVE('',#2230,#2315,#4589,.T.);
#4589 = LINE('',#4590,#4591);
#4590 = CARTESIAN_POINT('',(2.19,-0.25,1.5));
#4591 = VECTOR('',#4592,1.);
#4592 = DIRECTION('',(1.,0.,0.));
#4593 = CYLINDRICAL_SURFACE('',#4594,0.6);
#4594 = AXIS2_PLACEMENT_3D('',#4595,#4596,#4597);
#4595 = CARTESIAN_POINT('',(2.19,-0.25,0.9));
#4596 = DIRECTION('',(1.,0.,0.));
#4597 = DIRECTION('',(0.,0.,1.));
#4598 = ADVANCED_FACE('',(#4599),#4605,.T.);
#4599 = FACE_BOUND('',#4600,.T.);
#4600 = EDGE_LOOP('',(#4601,#4602,#4603,#4604));
#4601 = ORIENTED_EDGE('',*,*,#2229,.F.);
#4602 = ORIENTED_EDGE('',*,*,#4524,.F.);
#4603 = ORIENTED_EDGE('',*,*,#2312,.T.);
#4604 = ORIENTED_EDGE('',*,*,#4588,.F.);
#4605 = PLANE('',#4606);
#4606 = AXIS2_PLACEMENT_3D('',#4607,#4608,#4609);
#4607 = CARTESIAN_POINT('',(2.54,-1.1,1.5));
#4608 = DIRECTION('',(-3.639090485395E-30,-1.527245572921E-31,1.));
#4609 = DIRECTION('',(1.,0.,3.639090485395E-30));
#4610 = ADVANCED_FACE('',(#4611),#4629,.F.);
#4611 = FACE_BOUND('',#4612,.F.);
#4612 = EDGE_LOOP('',(#4613,#4614,#4615,#4623));
#4613 = ORIENTED_EDGE('',*,*,#2834,.F.);
#4614 = ORIENTED_EDGE('',*,*,#2338,.T.);
#4615 = ORIENTED_EDGE('',*,*,#4616,.T.);
#4616 = EDGE_CURVE('',#2339,#4617,#4619,.T.);
#4617 = VERTEX_POINT('',#4618);
#4618 = CARTESIAN_POINT('',(2.69,0.15,-6.));
#4619 = LINE('',#4620,#4621);
#4620 = CARTESIAN_POINT('',(2.59,5.E-02,-6.1));
#4621 = VECTOR('',#4622,1.);
#4622 = DIRECTION('',(-0.57735026919,-0.57735026919,-0.57735026919));
#4623 = ORIENTED_EDGE('',*,*,#4624,.F.);
#4624 = EDGE_CURVE('',#2835,#4617,#4625,.T.);
#4625 = LINE('',#4626,#4627);
#4626 = CARTESIAN_POINT('',(2.69,-0.35,-6.));
#4627 = VECTOR('',#4628,1.);
#4628 = DIRECTION('',(0.,1.,0.));
#4629 = PLANE('',#4630);
#4630 = AXIS2_PLACEMENT_3D('',#4631,#4632,#4633);
#4631 = CARTESIAN_POINT('',(2.79,-0.35,-5.9));
#4632 = DIRECTION('',(-0.707106781187,0.,0.707106781187));
#4633 = DIRECTION('',(0.,1.,0.));
#4634 = ADVANCED_FACE('',(#4635),#4661,.T.);
#4635 = FACE_BOUND('',#4636,.T.);
#4636 = EDGE_LOOP('',(#4637,#4646,#4653,#4654,#4660));
#4637 = ORIENTED_EDGE('',*,*,#4638,.T.);
#4638 = EDGE_CURVE('',#2372,#4639,#4641,.T.);
#4639 = VERTEX_POINT('',#4640);
#4640 = CARTESIAN_POINT('',(5.68,-0.34,1.15));
#4641 = CIRCLE('',#4642,0.6);
#4642 = AXIS2_PLACEMENT_3D('',#4643,#4644,#4645);
#4643 = CARTESIAN_POINT('',(5.08,-0.34,1.15));
#4644 = DIRECTION('',(-0.,1.,2.22044604925E-16));
#4645 = DIRECTION('',(1.,0.,0.));
#4646 = ORIENTED_EDGE('',*,*,#4647,.T.);
#4647 = EDGE_CURVE('',#4639,#2473,#4648,.T.);
#4648 = CIRCLE('',#4649,0.6);
#4649 = AXIS2_PLACEMENT_3D('',#4650,#4651,#4652);
#4650 = CARTESIAN_POINT('',(5.08,-0.34,1.15));
#4651 = DIRECTION('',(-0.,1.,2.22044604925E-16));
#4652 = DIRECTION('',(1.,0.,0.));
#4653 = ORIENTED_EDGE('',*,*,#2472,.T.);
#4654 = ORIENTED_EDGE('',*,*,#4655,.T.);
#4655 = EDGE_CURVE('',#2463,#2370,#4656,.T.);
#4656 = LINE('',#4657,#4658);
#4657 = CARTESIAN_POINT('',(5.08,-0.34,1.5));
#4658 = VECTOR('',#4659,1.);
#4659 = DIRECTION('',(-1.,8.080404091159E-46,-3.639090485395E-30));
#4660 = ORIENTED_EDGE('',*,*,#2369,.T.);
#4661 = PLANE('',#4662);
#4662 = AXIS2_PLACEMENT_3D('',#4663,#4664,#4665);
#4663 = CARTESIAN_POINT('',(5.08,-0.34,1.15));
#4664 = DIRECTION('',(0.,1.,2.22044604925E-16));
#4665 = DIRECTION('',(1.,0.,0.));
#4666 = ADVANCED_FACE('',(#4667),#4685,.T.);
#4667 = FACE_BOUND('',#4668,.T.);
#4668 = EDGE_LOOP('',(#4669,#4670,#4671,#4679));
#4669 = ORIENTED_EDGE('',*,*,#2856,.F.);
#4670 = ORIENTED_EDGE('',*,*,#2404,.T.);
#4671 = ORIENTED_EDGE('',*,*,#4672,.T.);
#4672 = EDGE_CURVE('',#2397,#4673,#4675,.T.);
#4673 = VERTEX_POINT('',#4674);
#4674 = CARTESIAN_POINT('',(4.93,0.15,-6.));
#4675 = LINE('',#4676,#4677);
#4676 = CARTESIAN_POINT('',(4.913333333333,0.166666666667,
    -5.983333333333));
#4677 = VECTOR('',#4678,1.);
#4678 = DIRECTION('',(0.57735026919,-0.57735026919,-0.57735026919));
#4679 = ORIENTED_EDGE('',*,*,#4680,.F.);
#4680 = EDGE_CURVE('',#2857,#4673,#4681,.T.);
#4681 = LINE('',#4682,#4683);
#4682 = CARTESIAN_POINT('',(4.93,-0.35,-6.));
#4683 = VECTOR('',#4684,1.);
#4684 = DIRECTION('',(0.,1.,0.));
#4685 = PLANE('',#4686);
#4686 = AXIS2_PLACEMENT_3D('',#4687,#4688,#4689);
#4687 = CARTESIAN_POINT('',(4.83,-0.35,-5.9));
#4688 = DIRECTION('',(-0.707106781187,-0.,-0.707106781187));
#4689 = DIRECTION('',(0.,1.,0.));
#4690 = ADVANCED_FACE('',(#4691),#4707,.T.);
#4691 = FACE_BOUND('',#4692,.T.);
#4692 = EDGE_LOOP('',(#4693,#4694,#4700,#4701));
#4693 = ORIENTED_EDGE('',*,*,#2496,.F.);
#4694 = ORIENTED_EDGE('',*,*,#4695,.F.);
#4695 = EDGE_CURVE('',#2397,#2489,#4696,.T.);
#4696 = LINE('',#4697,#4698);
#4697 = CARTESIAN_POINT('',(4.73,0.35,-5.8));
#4698 = VECTOR('',#4699,1.);
#4699 = DIRECTION('',(1.,0.,0.));
#4700 = ORIENTED_EDGE('',*,*,#2396,.T.);
#4701 = ORIENTED_EDGE('',*,*,#4702,.T.);
#4702 = EDGE_CURVE('',#2388,#2497,#4703,.T.);
#4703 = LINE('',#4704,#4705);
#4704 = CARTESIAN_POINT('',(4.73,0.35,0.9));
#4705 = VECTOR('',#4706,1.);
#4706 = DIRECTION('',(1.,0.,0.));
#4707 = PLANE('',#4708);
#4708 = AXIS2_PLACEMENT_3D('',#4709,#4710,#4711);
#4709 = CARTESIAN_POINT('',(4.73,0.35,-6.));
#4710 = DIRECTION('',(0.,1.,0.));
#4711 = DIRECTION('',(0.,0.,1.));
#4712 = ADVANCED_FACE('',(#4713),#4724,.T.);
#4713 = FACE_BOUND('',#4714,.F.);
#4714 = EDGE_LOOP('',(#4715,#4716,#4717,#4718));
#4715 = ORIENTED_EDGE('',*,*,#2387,.T.);
#4716 = ORIENTED_EDGE('',*,*,#4702,.T.);
#4717 = ORIENTED_EDGE('',*,*,#2504,.F.);
#4718 = ORIENTED_EDGE('',*,*,#4719,.F.);
#4719 = EDGE_CURVE('',#2380,#2465,#4720,.T.);
#4720 = LINE('',#4721,#4722);
#4721 = CARTESIAN_POINT('',(4.73,-0.25,1.5));
#4722 = VECTOR('',#4723,1.);
#4723 = DIRECTION('',(1.,0.,0.));
#4724 = CYLINDRICAL_SURFACE('',#4725,0.6);
#4725 = AXIS2_PLACEMENT_3D('',#4726,#4727,#4728);
#4726 = CARTESIAN_POINT('',(4.73,-0.25,0.9));
#4727 = DIRECTION('',(1.,0.,0.));
#4728 = DIRECTION('',(0.,0.,1.));
#4729 = ADVANCED_FACE('',(#4730),#4736,.T.);
#4730 = FACE_BOUND('',#4731,.T.);
#4731 = EDGE_LOOP('',(#4732,#4733,#4734,#4735));
#4732 = ORIENTED_EDGE('',*,*,#2379,.F.);
#4733 = ORIENTED_EDGE('',*,*,#4655,.F.);
#4734 = ORIENTED_EDGE('',*,*,#2462,.T.);
#4735 = ORIENTED_EDGE('',*,*,#4719,.F.);
#4736 = PLANE('',#4737);
#4737 = AXIS2_PLACEMENT_3D('',#4738,#4739,#4740);
#4738 = CARTESIAN_POINT('',(5.08,-1.1,1.5));
#4739 = DIRECTION('',(-3.639090485395E-30,-1.527245572921E-31,1.));
#4740 = DIRECTION('',(1.,0.,3.639090485395E-30));
#4741 = ADVANCED_FACE('',(#4742),#4760,.F.);
#4742 = FACE_BOUND('',#4743,.F.);
#4743 = EDGE_LOOP('',(#4744,#4745,#4746,#4754));
#4744 = ORIENTED_EDGE('',*,*,#2865,.F.);
#4745 = ORIENTED_EDGE('',*,*,#2488,.T.);
#4746 = ORIENTED_EDGE('',*,*,#4747,.T.);
#4747 = EDGE_CURVE('',#2489,#4748,#4750,.T.);
#4748 = VERTEX_POINT('',#4749);
#4749 = CARTESIAN_POINT('',(5.23,0.15,-6.));
#4750 = LINE('',#4751,#4752);
#4751 = CARTESIAN_POINT('',(5.13,5.E-02,-6.1));
#4752 = VECTOR('',#4753,1.);
#4753 = DIRECTION('',(-0.57735026919,-0.57735026919,-0.57735026919));
#4754 = ORIENTED_EDGE('',*,*,#4755,.F.);
#4755 = EDGE_CURVE('',#2866,#4748,#4756,.T.);
#4756 = LINE('',#4757,#4758);
#4757 = CARTESIAN_POINT('',(5.23,-0.35,-6.));
#4758 = VECTOR('',#4759,1.);
#4759 = DIRECTION('',(0.,1.,0.));
#4760 = PLANE('',#4761);
#4761 = AXIS2_PLACEMENT_3D('',#4762,#4763,#4764);
#4762 = CARTESIAN_POINT('',(5.33,-0.35,-5.9));
#4763 = DIRECTION('',(-0.707106781187,0.,0.707106781187));
#4764 = DIRECTION('',(0.,1.,0.));
#4765 = ADVANCED_FACE('',(#4766),#4792,.T.);
#4766 = FACE_BOUND('',#4767,.T.);
#4767 = EDGE_LOOP('',(#4768,#4777,#4784,#4785,#4791));
#4768 = ORIENTED_EDGE('',*,*,#4769,.T.);
#4769 = EDGE_CURVE('',#2522,#4770,#4772,.T.);
#4770 = VERTEX_POINT('',#4771);
#4771 = CARTESIAN_POINT('',(8.22,-0.34,1.15));
#4772 = CIRCLE('',#4773,0.6);
#4773 = AXIS2_PLACEMENT_3D('',#4774,#4775,#4776);
#4774 = CARTESIAN_POINT('',(7.62,-0.34,1.15));
#4775 = DIRECTION('',(-0.,1.,2.22044604925E-16));
#4776 = DIRECTION('',(1.,0.,0.));
#4777 = ORIENTED_EDGE('',*,*,#4778,.T.);
#4778 = EDGE_CURVE('',#4770,#2623,#4779,.T.);
#4779 = CIRCLE('',#4780,0.6);
#4780 = AXIS2_PLACEMENT_3D('',#4781,#4782,#4783);
#4781 = CARTESIAN_POINT('',(7.62,-0.34,1.15));
#4782 = DIRECTION('',(-0.,1.,2.22044604925E-16));
#4783 = DIRECTION('',(1.,0.,0.));
#4784 = ORIENTED_EDGE('',*,*,#2622,.T.);
#4785 = ORIENTED_EDGE('',*,*,#4786,.T.);
#4786 = EDGE_CURVE('',#2613,#2520,#4787,.T.);
#4787 = LINE('',#4788,#4789);
#4788 = CARTESIAN_POINT('',(7.62,-0.34,1.5));
#4789 = VECTOR('',#4790,1.);
#4790 = DIRECTION('',(-1.,8.080404091159E-46,-3.639090485395E-30));
#4791 = ORIENTED_EDGE('',*,*,#2519,.T.);
#4792 = PLANE('',#4793);
#4793 = AXIS2_PLACEMENT_3D('',#4794,#4795,#4796);
#4794 = CARTESIAN_POINT('',(7.62,-0.34,1.15));
#4795 = DIRECTION('',(0.,1.,2.22044604925E-16));
#4796 = DIRECTION('',(1.,0.,0.));
#4797 = ADVANCED_FACE('',(#4798),#4816,.T.);
#4798 = FACE_BOUND('',#4799,.T.);
#4799 = EDGE_LOOP('',(#4800,#4801,#4802,#4810));
#4800 = ORIENTED_EDGE('',*,*,#2887,.F.);
#4801 = ORIENTED_EDGE('',*,*,#2554,.T.);
#4802 = ORIENTED_EDGE('',*,*,#4803,.T.);
#4803 = EDGE_CURVE('',#2547,#4804,#4806,.T.);
#4804 = VERTEX_POINT('',#4805);
#4805 = CARTESIAN_POINT('',(7.47,0.15,-6.));
#4806 = LINE('',#4807,#4808);
#4807 = CARTESIAN_POINT('',(7.453333333333,0.166666666667,
    -5.983333333333));
#4808 = VECTOR('',#4809,1.);
#4809 = DIRECTION('',(0.57735026919,-0.57735026919,-0.57735026919));
#4810 = ORIENTED_EDGE('',*,*,#4811,.F.);
#4811 = EDGE_CURVE('',#2888,#4804,#4812,.T.);
#4812 = LINE('',#4813,#4814);
#4813 = CARTESIAN_POINT('',(7.47,-0.35,-6.));
#4814 = VECTOR('',#4815,1.);
#4815 = DIRECTION('',(0.,1.,0.));
#4816 = PLANE('',#4817);
#4817 = AXIS2_PLACEMENT_3D('',#4818,#4819,#4820);
#4818 = CARTESIAN_POINT('',(7.37,-0.35,-5.9));
#4819 = DIRECTION('',(-0.707106781187,-0.,-0.707106781187));
#4820 = DIRECTION('',(0.,1.,0.));
#4821 = ADVANCED_FACE('',(#4822),#4838,.T.);
#4822 = FACE_BOUND('',#4823,.T.);
#4823 = EDGE_LOOP('',(#4824,#4825,#4831,#4832));
#4824 = ORIENTED_EDGE('',*,*,#2646,.F.);
#4825 = ORIENTED_EDGE('',*,*,#4826,.F.);
#4826 = EDGE_CURVE('',#2547,#2639,#4827,.T.);
#4827 = LINE('',#4828,#4829);
#4828 = CARTESIAN_POINT('',(7.27,0.35,-5.8));
#4829 = VECTOR('',#4830,1.);
#4830 = DIRECTION('',(1.,0.,0.));
#4831 = ORIENTED_EDGE('',*,*,#2546,.T.);
#4832 = ORIENTED_EDGE('',*,*,#4833,.T.);
#4833 = EDGE_CURVE('',#2538,#2647,#4834,.T.);
#4834 = LINE('',#4835,#4836);
#4835 = CARTESIAN_POINT('',(7.27,0.35,0.9));
#4836 = VECTOR('',#4837,1.);
#4837 = DIRECTION('',(1.,0.,0.));
#4838 = PLANE('',#4839);
#4839 = AXIS2_PLACEMENT_3D('',#4840,#4841,#4842);
#4840 = CARTESIAN_POINT('',(7.27,0.35,-6.));
#4841 = DIRECTION('',(0.,1.,0.));
#4842 = DIRECTION('',(0.,0.,1.));
#4843 = ADVANCED_FACE('',(#4844),#4855,.T.);
#4844 = FACE_BOUND('',#4845,.F.);
#4845 = EDGE_LOOP('',(#4846,#4847,#4848,#4849));
#4846 = ORIENTED_EDGE('',*,*,#2537,.T.);
#4847 = ORIENTED_EDGE('',*,*,#4833,.T.);
#4848 = ORIENTED_EDGE('',*,*,#2654,.F.);
#4849 = ORIENTED_EDGE('',*,*,#4850,.F.);
#4850 = EDGE_CURVE('',#2530,#2615,#4851,.T.);
#4851 = LINE('',#4852,#4853);
#4852 = CARTESIAN_POINT('',(7.27,-0.25,1.5));
#4853 = VECTOR('',#4854,1.);
#4854 = DIRECTION('',(1.,0.,0.));
#4855 = CYLINDRICAL_SURFACE('',#4856,0.6);
#4856 = AXIS2_PLACEMENT_3D('',#4857,#4858,#4859);
#4857 = CARTESIAN_POINT('',(7.27,-0.25,0.9));
#4858 = DIRECTION('',(1.,0.,0.));
#4859 = DIRECTION('',(0.,0.,1.));
#4860 = ADVANCED_FACE('',(#4861),#4867,.T.);
#4861 = FACE_BOUND('',#4862,.T.);
#4862 = EDGE_LOOP('',(#4863,#4864,#4865,#4866));
#4863 = ORIENTED_EDGE('',*,*,#2529,.F.);
#4864 = ORIENTED_EDGE('',*,*,#4786,.F.);
#4865 = ORIENTED_EDGE('',*,*,#2612,.T.);
#4866 = ORIENTED_EDGE('',*,*,#4850,.F.);
#4867 = PLANE('',#4868);
#4868 = AXIS2_PLACEMENT_3D('',#4869,#4870,#4871);
#4869 = CARTESIAN_POINT('',(7.62,-1.1,1.5));
#4870 = DIRECTION('',(-3.639090485395E-30,-1.527245572921E-31,1.));
#4871 = DIRECTION('',(1.,0.,3.639090485395E-30));
#4872 = ADVANCED_FACE('',(#4873),#4891,.F.);
#4873 = FACE_BOUND('',#4874,.F.);
#4874 = EDGE_LOOP('',(#4875,#4876,#4877,#4885));
#4875 = ORIENTED_EDGE('',*,*,#2896,.F.);
#4876 = ORIENTED_EDGE('',*,*,#2638,.T.);
#4877 = ORIENTED_EDGE('',*,*,#4878,.T.);
#4878 = EDGE_CURVE('',#2639,#4879,#4881,.T.);
#4879 = VERTEX_POINT('',#4880);
#4880 = CARTESIAN_POINT('',(7.77,0.15,-6.));
#4881 = LINE('',#4882,#4883);
#4882 = CARTESIAN_POINT('',(7.67,5.E-02,-6.1));
#4883 = VECTOR('',#4884,1.);
#4884 = DIRECTION('',(-0.57735026919,-0.57735026919,-0.57735026919));
#4885 = ORIENTED_EDGE('',*,*,#4886,.F.);
#4886 = EDGE_CURVE('',#2897,#4879,#4887,.T.);
#4887 = LINE('',#4888,#4889);
#4888 = CARTESIAN_POINT('',(7.77,-0.35,-6.));
#4889 = VECTOR('',#4890,1.);
#4890 = DIRECTION('',(0.,1.,0.));
#4891 = PLANE('',#4892);
#4892 = AXIS2_PLACEMENT_3D('',#4893,#4894,#4895);
#4893 = CARTESIAN_POINT('',(7.87,-0.35,-5.9));
#4894 = DIRECTION('',(-0.707106781187,0.,0.707106781187));
#4895 = DIRECTION('',(0.,1.,0.));
#4896 = ADVANCED_FACE('',(#4897),#4903,.T.);
#4897 = FACE_BOUND('',#4898,.T.);
#4898 = EDGE_LOOP('',(#4899,#4900,#4901,#4902));
#4899 = ORIENTED_EDGE('',*,*,#72,.F.);
#4900 = ORIENTED_EDGE('',*,*,#2672,.T.);
#4901 = ORIENTED_EDGE('',*,*,#3836,.T.);
#4902 = ORIENTED_EDGE('',*,*,#3811,.F.);
#4903 = CYLINDRICAL_SURFACE('',#4904,1.);
#4904 = AXIS2_PLACEMENT_3D('',#4905,#4906,#4907);
#4905 = CARTESIAN_POINT('',(10.39,1.25,9.));
#4906 = DIRECTION('',(1.,0.,0.));
#4907 = DIRECTION('',(0.,1.,0.));
#4908 = ADVANCED_FACE('',(#4909),#4937,.T.);
#4909 = FACE_BOUND('',#4910,.T.);
#4910 = EDGE_LOOP('',(#4911,#4920,#4921,#4930));
#4911 = ORIENTED_EDGE('',*,*,#4912,.F.);
#4912 = EDGE_CURVE('',#2695,#4913,#4915,.T.);
#4913 = VERTEX_POINT('',#4914);
#4914 = CARTESIAN_POINT('',(9.62,0.25,8.9));
#4915 = CIRCLE('',#4916,0.3);
#4916 = AXIS2_PLACEMENT_3D('',#4917,#4918,#4919);
#4917 = CARTESIAN_POINT('',(9.62,-5.E-02,8.9));
#4918 = DIRECTION('',(-6.205566185332E-17,-3.937297302025E-18,1.));
#4919 = DIRECTION('',(1.,-6.037693903678E-18,6.205566185332E-17));
#4920 = ORIENTED_EDGE('',*,*,#2694,.T.);
#4921 = ORIENTED_EDGE('',*,*,#4922,.T.);
#4922 = EDGE_CURVE('',#2687,#4923,#4925,.T.);
#4923 = VERTEX_POINT('',#4924);
#4924 = CARTESIAN_POINT('',(7.72,0.25,7.));
#4925 = CIRCLE('',#4926,0.3);
#4926 = AXIS2_PLACEMENT_3D('',#4927,#4928,#4929);
#4927 = CARTESIAN_POINT('',(7.72,-5.E-02,7.));
#4928 = DIRECTION('',(1.,-6.037693903678E-18,6.069543577982E-17));
#4929 = DIRECTION('',(6.069543577982E-17,3.937297302025E-18,-1.));
#4930 = ORIENTED_EDGE('',*,*,#4931,.F.);
#4931 = EDGE_CURVE('',#4913,#4923,#4932,.T.);
#4932 = CIRCLE('',#4933,1.9);
#4933 = AXIS2_PLACEMENT_3D('',#4934,#4935,#4936);
#4934 = CARTESIAN_POINT('',(7.72,0.25,8.9));
#4935 = DIRECTION('',(6.037693903678E-18,1.,3.937297302025E-18));
#4936 = DIRECTION('',(1.,-6.037693903678E-18,-5.369041775489E-19));
#4937 = TOROIDAL_SURFACE('',#4938,1.9,0.3);
#4938 = AXIS2_PLACEMENT_3D('',#4939,#4940,#4941);
#4939 = CARTESIAN_POINT('',(7.72,-5.E-02,8.9));
#4940 = DIRECTION('',(6.037693903678E-18,1.,3.937297302025E-18));
#4941 = DIRECTION('',(1.,-6.037693903678E-18,-5.369041775489E-19));
#4942 = ADVANCED_FACE('',(#4943),#4963,.T.);
#4943 = FACE_BOUND('',#4944,.T.);
#4944 = EDGE_LOOP('',(#4945,#4954,#4955,#4956));
#4945 = ORIENTED_EDGE('',*,*,#4946,.F.);
#4946 = EDGE_CURVE('',#2704,#4947,#4949,.T.);
#4947 = VERTEX_POINT('',#4948);
#4948 = CARTESIAN_POINT('',(7.72,0.25,10.8));
#4949 = CIRCLE('',#4950,0.3);
#4950 = AXIS2_PLACEMENT_3D('',#4951,#4952,#4953);
#4951 = CARTESIAN_POINT('',(7.72,-5.E-02,10.8));
#4952 = DIRECTION('',(-1.,0.,0.));
#4953 = DIRECTION('',(0.,0.,1.));
#4954 = ORIENTED_EDGE('',*,*,#2703,.T.);
#4955 = ORIENTED_EDGE('',*,*,#4912,.T.);
#4956 = ORIENTED_EDGE('',*,*,#4957,.F.);
#4957 = EDGE_CURVE('',#4947,#4913,#4958,.T.);
#4958 = CIRCLE('',#4959,1.9);
#4959 = AXIS2_PLACEMENT_3D('',#4960,#4961,#4962);
#4960 = CARTESIAN_POINT('',(7.72,0.25,8.9));
#4961 = DIRECTION('',(6.037693903678E-18,1.,3.937297302025E-18));
#4962 = DIRECTION('',(-8.233218959561E-19,-3.937297302025E-18,1.));
#4963 = TOROIDAL_SURFACE('',#4964,1.9,0.3);
#4964 = AXIS2_PLACEMENT_3D('',#4965,#4966,#4967);
#4965 = CARTESIAN_POINT('',(7.72,-5.E-02,8.9));
#4966 = DIRECTION('',(6.037693903678E-18,1.,3.937297302025E-18));
#4967 = DIRECTION('',(-8.233218959561E-19,-3.937297302025E-18,1.));
#4968 = ADVANCED_FACE('',(#4969),#4988,.T.);
#4969 = FACE_BOUND('',#4970,.F.);
#4970 = EDGE_LOOP('',(#4971,#4972,#4980,#4987));
#4971 = ORIENTED_EDGE('',*,*,#4922,.T.);
#4972 = ORIENTED_EDGE('',*,*,#4973,.T.);
#4973 = EDGE_CURVE('',#4923,#4974,#4976,.T.);
#4974 = VERTEX_POINT('',#4975);
#4975 = CARTESIAN_POINT('',(1.32,0.25,7.));
#4976 = LINE('',#4977,#4978);
#4977 = CARTESIAN_POINT('',(7.72,0.25,7.));
#4978 = VECTOR('',#4979,1.);
#4979 = DIRECTION('',(-1.,-0.,-0.));
#4980 = ORIENTED_EDGE('',*,*,#4981,.F.);
#4981 = EDGE_CURVE('',#2729,#4974,#4982,.T.);
#4982 = CIRCLE('',#4983,0.3);
#4983 = AXIS2_PLACEMENT_3D('',#4984,#4985,#4986);
#4984 = CARTESIAN_POINT('',(1.32,-5.E-02,7.));
#4985 = DIRECTION('',(1.,-0.,0.));
#4986 = DIRECTION('',(0.,0.,-1.));
#4987 = ORIENTED_EDGE('',*,*,#2738,.F.);
#4988 = CYLINDRICAL_SURFACE('',#4989,0.3);
#4989 = AXIS2_PLACEMENT_3D('',#4990,#4991,#4992);
#4990 = CARTESIAN_POINT('',(7.72,-5.E-02,7.));
#4991 = DIRECTION('',(-1.,-0.,-0.));
#4992 = DIRECTION('',(0.,0.,-1.));
#4993 = ADVANCED_FACE('',(#4994),#5014,.T.);
#4994 = FACE_BOUND('',#4995,.T.);
#4995 = EDGE_LOOP('',(#4996,#4997,#4998,#5007));
#4996 = ORIENTED_EDGE('',*,*,#4981,.F.);
#4997 = ORIENTED_EDGE('',*,*,#2760,.T.);
#4998 = ORIENTED_EDGE('',*,*,#4999,.T.);
#4999 = EDGE_CURVE('',#2753,#5000,#5002,.T.);
#5000 = VERTEX_POINT('',#5001);
#5001 = CARTESIAN_POINT('',(1.32,0.25,10.8));
#5002 = CIRCLE('',#5003,0.3);
#5003 = AXIS2_PLACEMENT_3D('',#5004,#5005,#5006);
#5004 = CARTESIAN_POINT('',(1.32,-5.E-02,10.8));
#5005 = DIRECTION('',(-1.,0.,0.));
#5006 = DIRECTION('',(0.,0.,1.));
#5007 = ORIENTED_EDGE('',*,*,#5008,.F.);
#5008 = EDGE_CURVE('',#4974,#5000,#5009,.T.);
#5009 = CIRCLE('',#5010,1.9);
#5010 = AXIS2_PLACEMENT_3D('',#5011,#5012,#5013);
#5011 = CARTESIAN_POINT('',(1.32,0.25,8.9));
#5012 = DIRECTION('',(6.037693903678E-18,1.,3.937297302025E-18));
#5013 = DIRECTION('',(-8.233218959561E-19,3.937297302025E-18,-1.));
#5014 = TOROIDAL_SURFACE('',#5015,1.9,0.3);
#5015 = AXIS2_PLACEMENT_3D('',#5016,#5017,#5018);
#5016 = CARTESIAN_POINT('',(1.32,-5.E-02,8.9));
#5017 = DIRECTION('',(6.037693903678E-18,1.,3.937297302025E-18));
#5018 = DIRECTION('',(-8.233218959561E-19,3.937297302025E-18,-1.));
#5019 = ADVANCED_FACE('',(#5020),#5031,.T.);
#5020 = FACE_BOUND('',#5021,.F.);
#5021 = EDGE_LOOP('',(#5022,#5023,#5029,#5030));
#5022 = ORIENTED_EDGE('',*,*,#4999,.T.);
#5023 = ORIENTED_EDGE('',*,*,#5024,.T.);
#5024 = EDGE_CURVE('',#5000,#4947,#5025,.T.);
#5025 = LINE('',#5026,#5027);
#5026 = CARTESIAN_POINT('',(1.32,0.25,10.8));
#5027 = VECTOR('',#5028,1.);
#5028 = DIRECTION('',(1.,0.,0.));
#5029 = ORIENTED_EDGE('',*,*,#4946,.F.);
#5030 = ORIENTED_EDGE('',*,*,#2780,.F.);
#5031 = CYLINDRICAL_SURFACE('',#5032,0.3);
#5032 = AXIS2_PLACEMENT_3D('',#5033,#5034,#5035);
#5033 = CARTESIAN_POINT('',(1.32,-5.E-02,10.8));
#5034 = DIRECTION('',(1.,0.,0.));
#5035 = DIRECTION('',(0.,0.,1.));
#5036 = ADVANCED_FACE('',(#5037),#5048,.F.);
#5037 = FACE_BOUND('',#5038,.F.);
#5038 = EDGE_LOOP('',(#5039,#5040,#5041,#5042));
#5039 = ORIENTED_EDGE('',*,*,#4418,.F.);
#5040 = ORIENTED_EDGE('',*,*,#2811,.T.);
#5041 = ORIENTED_EDGE('',*,*,#4493,.T.);
#5042 = ORIENTED_EDGE('',*,*,#5043,.F.);
#5043 = EDGE_CURVE('',#4411,#4486,#5044,.T.);
#5044 = LINE('',#5045,#5046);
#5045 = CARTESIAN_POINT('',(-0.35,0.15,-6.));
#5046 = VECTOR('',#5047,1.);
#5047 = DIRECTION('',(1.,0.,0.));
#5048 = PLANE('',#5049);
#5049 = AXIS2_PLACEMENT_3D('',#5050,#5051,#5052);
#5050 = CARTESIAN_POINT('',(-0.35,-0.35,-6.));
#5051 = DIRECTION('',(0.,0.,1.));
#5052 = DIRECTION('',(1.,0.,0.));
#5053 = ADVANCED_FACE('',(#5054),#5065,.F.);
#5054 = FACE_BOUND('',#5055,.F.);
#5055 = EDGE_LOOP('',(#5056,#5057,#5058,#5059));
#5056 = ORIENTED_EDGE('',*,*,#4549,.F.);
#5057 = ORIENTED_EDGE('',*,*,#2842,.T.);
#5058 = ORIENTED_EDGE('',*,*,#4624,.T.);
#5059 = ORIENTED_EDGE('',*,*,#5060,.F.);
#5060 = EDGE_CURVE('',#4542,#4617,#5061,.T.);
#5061 = LINE('',#5062,#5063);
#5062 = CARTESIAN_POINT('',(2.19,0.15,-6.));
#5063 = VECTOR('',#5064,1.);
#5064 = DIRECTION('',(1.,0.,0.));
#5065 = PLANE('',#5066);
#5066 = AXIS2_PLACEMENT_3D('',#5067,#5068,#5069);
#5067 = CARTESIAN_POINT('',(2.19,-0.35,-6.));
#5068 = DIRECTION('',(0.,0.,1.));
#5069 = DIRECTION('',(1.,0.,0.));
#5070 = ADVANCED_FACE('',(#5071),#5082,.F.);
#5071 = FACE_BOUND('',#5072,.F.);
#5072 = EDGE_LOOP('',(#5073,#5074,#5075,#5076));
#5073 = ORIENTED_EDGE('',*,*,#4680,.F.);
#5074 = ORIENTED_EDGE('',*,*,#2873,.T.);
#5075 = ORIENTED_EDGE('',*,*,#4755,.T.);
#5076 = ORIENTED_EDGE('',*,*,#5077,.F.);
#5077 = EDGE_CURVE('',#4673,#4748,#5078,.T.);
#5078 = LINE('',#5079,#5080);
#5079 = CARTESIAN_POINT('',(4.73,0.15,-6.));
#5080 = VECTOR('',#5081,1.);
#5081 = DIRECTION('',(1.,0.,0.));
#5082 = PLANE('',#5083);
#5083 = AXIS2_PLACEMENT_3D('',#5084,#5085,#5086);
#5084 = CARTESIAN_POINT('',(4.73,-0.35,-6.));
#5085 = DIRECTION('',(0.,0.,1.));
#5086 = DIRECTION('',(1.,0.,0.));
#5087 = ADVANCED_FACE('',(#5088),#5099,.F.);
#5088 = FACE_BOUND('',#5089,.F.);
#5089 = EDGE_LOOP('',(#5090,#5091,#5092,#5093));
#5090 = ORIENTED_EDGE('',*,*,#4811,.F.);
#5091 = ORIENTED_EDGE('',*,*,#2904,.T.);
#5092 = ORIENTED_EDGE('',*,*,#4886,.T.);
#5093 = ORIENTED_EDGE('',*,*,#5094,.F.);
#5094 = EDGE_CURVE('',#4804,#4879,#5095,.T.);
#5095 = LINE('',#5096,#5097);
#5096 = CARTESIAN_POINT('',(7.27,0.15,-6.));
#5097 = VECTOR('',#5098,1.);
#5098 = DIRECTION('',(1.,0.,0.));
#5099 = PLANE('',#5100);
#5100 = AXIS2_PLACEMENT_3D('',#5101,#5102,#5103);
#5101 = CARTESIAN_POINT('',(7.27,-0.35,-6.));
#5102 = DIRECTION('',(0.,0.,1.));
#5103 = DIRECTION('',(1.,0.,0.));
#5104 = ADVANCED_FACE('',(#5105),#5116,.F.);
#5105 = FACE_BOUND('',#5106,.F.);
#5106 = EDGE_LOOP('',(#5107,#5108,#5109,#5110));
#5107 = ORIENTED_EDGE('',*,*,#3894,.F.);
#5108 = ORIENTED_EDGE('',*,*,#2935,.T.);
#5109 = ORIENTED_EDGE('',*,*,#3969,.T.);
#5110 = ORIENTED_EDGE('',*,*,#5111,.F.);
#5111 = EDGE_CURVE('',#3887,#3962,#5112,.T.);
#5112 = LINE('',#5113,#5114);
#5113 = CARTESIAN_POINT('',(32.67,0.15,-6.));
#5114 = VECTOR('',#5115,1.);
#5115 = DIRECTION('',(1.,0.,0.));
#5116 = PLANE('',#5117);
#5117 = AXIS2_PLACEMENT_3D('',#5118,#5119,#5120);
#5118 = CARTESIAN_POINT('',(32.67,-0.35,-6.));
#5119 = DIRECTION('',(0.,0.,1.));
#5120 = DIRECTION('',(1.,0.,0.));
#5121 = ADVANCED_FACE('',(#5122),#5133,.F.);
#5122 = FACE_BOUND('',#5123,.F.);
#5123 = EDGE_LOOP('',(#5124,#5125,#5126,#5127));
#5124 = ORIENTED_EDGE('',*,*,#4025,.F.);
#5125 = ORIENTED_EDGE('',*,*,#2966,.T.);
#5126 = ORIENTED_EDGE('',*,*,#4100,.T.);
#5127 = ORIENTED_EDGE('',*,*,#5128,.F.);
#5128 = EDGE_CURVE('',#4018,#4093,#5129,.T.);
#5129 = LINE('',#5130,#5131);
#5130 = CARTESIAN_POINT('',(35.21,0.15,-6.));
#5131 = VECTOR('',#5132,1.);
#5132 = DIRECTION('',(1.,0.,0.));
#5133 = PLANE('',#5134);
#5134 = AXIS2_PLACEMENT_3D('',#5135,#5136,#5137);
#5135 = CARTESIAN_POINT('',(35.21,-0.35,-6.));
#5136 = DIRECTION('',(0.,0.,1.));
#5137 = DIRECTION('',(1.,0.,0.));
#5138 = ADVANCED_FACE('',(#5139),#5150,.F.);
#5139 = FACE_BOUND('',#5140,.F.);
#5140 = EDGE_LOOP('',(#5141,#5142,#5143,#5144));
#5141 = ORIENTED_EDGE('',*,*,#4156,.F.);
#5142 = ORIENTED_EDGE('',*,*,#2997,.T.);
#5143 = ORIENTED_EDGE('',*,*,#4231,.T.);
#5144 = ORIENTED_EDGE('',*,*,#5145,.F.);
#5145 = EDGE_CURVE('',#4149,#4224,#5146,.T.);
#5146 = LINE('',#5147,#5148);
#5147 = CARTESIAN_POINT('',(37.75,0.15,-6.));
#5148 = VECTOR('',#5149,1.);
#5149 = DIRECTION('',(1.,0.,0.));
#5150 = PLANE('',#5151);
#5151 = AXIS2_PLACEMENT_3D('',#5152,#5153,#5154);
#5152 = CARTESIAN_POINT('',(37.75,-0.35,-6.));
#5153 = DIRECTION('',(0.,0.,1.));
#5154 = DIRECTION('',(1.,0.,0.));
#5155 = ADVANCED_FACE('',(#5156),#5167,.F.);
#5156 = FACE_BOUND('',#5157,.F.);
#5157 = EDGE_LOOP('',(#5158,#5159,#5160,#5161));
#5158 = ORIENTED_EDGE('',*,*,#4287,.F.);
#5159 = ORIENTED_EDGE('',*,*,#3028,.T.);
#5160 = ORIENTED_EDGE('',*,*,#4362,.T.);
#5161 = ORIENTED_EDGE('',*,*,#5162,.F.);
#5162 = EDGE_CURVE('',#4280,#4355,#5163,.T.);
#5163 = LINE('',#5164,#5165);
#5164 = CARTESIAN_POINT('',(40.29,0.15,-6.));
#5165 = VECTOR('',#5166,1.);
#5166 = DIRECTION('',(1.,0.,0.));
#5167 = PLANE('',#5168);
#5168 = AXIS2_PLACEMENT_3D('',#5169,#5170,#5171);
#5169 = CARTESIAN_POINT('',(40.29,-0.35,-6.));
#5170 = DIRECTION('',(0.,0.,1.));
#5171 = DIRECTION('',(1.,0.,0.));
#5172 = ADVANCED_FACE('',(#5173),#5198,.T.);
#5173 = FACE_BOUND('',#5174,.F.);
#5174 = EDGE_LOOP('',(#5175,#5183,#5191,#5197));
#5175 = ORIENTED_EDGE('',*,*,#5176,.T.);
#5176 = EDGE_CURVE('',#3043,#5177,#5179,.T.);
#5177 = VERTEX_POINT('',#5178);
#5178 = CARTESIAN_POINT('',(7.47,-2.15,1.));
#5179 = LINE('',#5180,#5181);
#5180 = CARTESIAN_POINT('',(7.336666666667,-2.016666666667,
    0.866666666667));
#5181 = VECTOR('',#5182,1.);
#5182 = DIRECTION('',(0.57735026919,-0.57735026919,0.57735026919));
#5183 = ORIENTED_EDGE('',*,*,#5184,.T.);
#5184 = EDGE_CURVE('',#5177,#5185,#5187,.T.);
#5185 = VERTEX_POINT('',#5186);
#5186 = CARTESIAN_POINT('',(7.77,-2.15,1.));
#5187 = LINE('',#5188,#5189);
#5188 = CARTESIAN_POINT('',(7.27,-2.15,1.));
#5189 = VECTOR('',#5190,1.);
#5190 = DIRECTION('',(1.,0.,0.));
#5191 = ORIENTED_EDGE('',*,*,#5192,.F.);
#5192 = EDGE_CURVE('',#3051,#5185,#5193,.T.);
#5193 = LINE('',#5194,#5195);
#5194 = CARTESIAN_POINT('',(7.786666666667,-2.133333333333,
    0.983333333333));
#5195 = VECTOR('',#5196,1.);
#5196 = DIRECTION('',(-0.57735026919,-0.57735026919,0.57735026919));
#5197 = ORIENTED_EDGE('',*,*,#3050,.F.);
#5198 = PLANE('',#5199);
#5199 = AXIS2_PLACEMENT_3D('',#5200,#5201,#5202);
#5200 = CARTESIAN_POINT('',(7.27,-2.05,0.9));
#5201 = DIRECTION('',(-0.,-0.707106781187,-0.707106781187));
#5202 = DIRECTION('',(-1.,0.,0.));
#5203 = ADVANCED_FACE('',(#5204),#5222,.T.);
#5204 = FACE_BOUND('',#5205,.F.);
#5205 = EDGE_LOOP('',(#5206,#5207,#5208,#5216));
#5206 = ORIENTED_EDGE('',*,*,#5176,.F.);
#5207 = ORIENTED_EDGE('',*,*,#3073,.T.);
#5208 = ORIENTED_EDGE('',*,*,#5209,.T.);
#5209 = EDGE_CURVE('',#3074,#5210,#5212,.T.);
#5210 = VERTEX_POINT('',#5211);
#5211 = CARTESIAN_POINT('',(7.47,-2.15,1.3));
#5212 = LINE('',#5213,#5214);
#5213 = CARTESIAN_POINT('',(7.453333333333,-2.133333333333,
    1.316666666667));
#5214 = VECTOR('',#5215,1.);
#5215 = DIRECTION('',(0.57735026919,-0.57735026919,-0.57735026919));
#5216 = ORIENTED_EDGE('',*,*,#5217,.F.);
#5217 = EDGE_CURVE('',#5177,#5210,#5218,.T.);
#5218 = LINE('',#5219,#5220);
#5219 = CARTESIAN_POINT('',(7.47,-2.15,0.8));
#5220 = VECTOR('',#5221,1.);
#5221 = DIRECTION('',(0.,0.,1.));
#5222 = PLANE('',#5223);
#5223 = AXIS2_PLACEMENT_3D('',#5224,#5225,#5226);
#5224 = CARTESIAN_POINT('',(7.37,-2.05,0.8));
#5225 = DIRECTION('',(-0.707106781187,-0.707106781187,0.));
#5226 = DIRECTION('',(-0.,-0.,-1.));
#5227 = ADVANCED_FACE('',(#5228),#5246,.F.);
#5228 = FACE_BOUND('',#5229,.T.);
#5229 = EDGE_LOOP('',(#5230,#5231,#5239,#5245));
#5230 = ORIENTED_EDGE('',*,*,#5209,.T.);
#5231 = ORIENTED_EDGE('',*,*,#5232,.T.);
#5232 = EDGE_CURVE('',#5210,#5233,#5235,.T.);
#5233 = VERTEX_POINT('',#5234);
#5234 = CARTESIAN_POINT('',(7.77,-2.15,1.3));
#5235 = LINE('',#5236,#5237);
#5236 = CARTESIAN_POINT('',(7.27,-2.15,1.3));
#5237 = VECTOR('',#5238,1.);
#5238 = DIRECTION('',(1.,0.,0.));
#5239 = ORIENTED_EDGE('',*,*,#5240,.F.);
#5240 = EDGE_CURVE('',#3099,#5233,#5241,.T.);
#5241 = LINE('',#5242,#5243);
#5242 = CARTESIAN_POINT('',(7.67,-2.25,1.2));
#5243 = VECTOR('',#5244,1.);
#5244 = DIRECTION('',(-0.57735026919,-0.57735026919,-0.57735026919));
#5245 = ORIENTED_EDGE('',*,*,#3098,.F.);
#5246 = PLANE('',#5247);
#5247 = AXIS2_PLACEMENT_3D('',#5248,#5249,#5250);
#5248 = CARTESIAN_POINT('',(7.27,-2.05,1.4));
#5249 = DIRECTION('',(0.,0.707106781187,-0.707106781187));
#5250 = DIRECTION('',(-1.,0.,0.));
#5251 = ADVANCED_FACE('',(#5252),#5263,.F.);
#5252 = FACE_BOUND('',#5253,.T.);
#5253 = EDGE_LOOP('',(#5254,#5255,#5256,#5257));
#5254 = ORIENTED_EDGE('',*,*,#5192,.F.);
#5255 = ORIENTED_EDGE('',*,*,#3122,.T.);
#5256 = ORIENTED_EDGE('',*,*,#5240,.T.);
#5257 = ORIENTED_EDGE('',*,*,#5258,.F.);
#5258 = EDGE_CURVE('',#5185,#5233,#5259,.T.);
#5259 = LINE('',#5260,#5261);
#5260 = CARTESIAN_POINT('',(7.77,-2.15,0.8));
#5261 = VECTOR('',#5262,1.);
#5262 = DIRECTION('',(0.,0.,1.));
#5263 = PLANE('',#5264);
#5264 = AXIS2_PLACEMENT_3D('',#5265,#5266,#5267);
#5265 = CARTESIAN_POINT('',(7.87,-2.05,0.8));
#5266 = DIRECTION('',(-0.707106781187,0.707106781187,0.));
#5267 = DIRECTION('',(-0.,-0.,-1.));
#5268 = ADVANCED_FACE('',(#5269),#5294,.T.);
#5269 = FACE_BOUND('',#5270,.F.);
#5270 = EDGE_LOOP('',(#5271,#5279,#5287,#5293));
#5271 = ORIENTED_EDGE('',*,*,#5272,.T.);
#5272 = EDGE_CURVE('',#3139,#5273,#5275,.T.);
#5273 = VERTEX_POINT('',#5274);
#5274 = CARTESIAN_POINT('',(4.93,-2.15,1.));
#5275 = LINE('',#5276,#5277);
#5276 = CARTESIAN_POINT('',(4.796666666667,-2.016666666667,
    0.866666666667));
#5277 = VECTOR('',#5278,1.);
#5278 = DIRECTION('',(0.57735026919,-0.57735026919,0.57735026919));
#5279 = ORIENTED_EDGE('',*,*,#5280,.T.);
#5280 = EDGE_CURVE('',#5273,#5281,#5283,.T.);
#5281 = VERTEX_POINT('',#5282);
#5282 = CARTESIAN_POINT('',(5.23,-2.15,1.));
#5283 = LINE('',#5284,#5285);
#5284 = CARTESIAN_POINT('',(4.73,-2.15,1.));
#5285 = VECTOR('',#5286,1.);
#5286 = DIRECTION('',(1.,0.,0.));
#5287 = ORIENTED_EDGE('',*,*,#5288,.F.);
#5288 = EDGE_CURVE('',#3147,#5281,#5289,.T.);
#5289 = LINE('',#5290,#5291);
#5290 = CARTESIAN_POINT('',(5.246666666667,-2.133333333333,
    0.983333333333));
#5291 = VECTOR('',#5292,1.);
#5292 = DIRECTION('',(-0.57735026919,-0.57735026919,0.57735026919));
#5293 = ORIENTED_EDGE('',*,*,#3146,.F.);
#5294 = PLANE('',#5295);
#5295 = AXIS2_PLACEMENT_3D('',#5296,#5297,#5298);
#5296 = CARTESIAN_POINT('',(4.73,-2.05,0.9));
#5297 = DIRECTION('',(-0.,-0.707106781187,-0.707106781187));
#5298 = DIRECTION('',(-1.,0.,0.));
#5299 = ADVANCED_FACE('',(#5300),#5318,.T.);
#5300 = FACE_BOUND('',#5301,.F.);
#5301 = EDGE_LOOP('',(#5302,#5303,#5304,#5312));
#5302 = ORIENTED_EDGE('',*,*,#5272,.F.);
#5303 = ORIENTED_EDGE('',*,*,#3169,.T.);
#5304 = ORIENTED_EDGE('',*,*,#5305,.T.);
#5305 = EDGE_CURVE('',#3170,#5306,#5308,.T.);
#5306 = VERTEX_POINT('',#5307);
#5307 = CARTESIAN_POINT('',(4.93,-2.15,1.3));
#5308 = LINE('',#5309,#5310);
#5309 = CARTESIAN_POINT('',(4.913333333333,-2.133333333333,
    1.316666666667));
#5310 = VECTOR('',#5311,1.);
#5311 = DIRECTION('',(0.57735026919,-0.57735026919,-0.57735026919));
#5312 = ORIENTED_EDGE('',*,*,#5313,.F.);
#5313 = EDGE_CURVE('',#5273,#5306,#5314,.T.);
#5314 = LINE('',#5315,#5316);
#5315 = CARTESIAN_POINT('',(4.93,-2.15,0.8));
#5316 = VECTOR('',#5317,1.);
#5317 = DIRECTION('',(0.,0.,1.));
#5318 = PLANE('',#5319);
#5319 = AXIS2_PLACEMENT_3D('',#5320,#5321,#5322);
#5320 = CARTESIAN_POINT('',(4.83,-2.05,0.8));
#5321 = DIRECTION('',(-0.707106781187,-0.707106781187,0.));
#5322 = DIRECTION('',(-0.,-0.,-1.));
#5323 = ADVANCED_FACE('',(#5324),#5342,.F.);
#5324 = FACE_BOUND('',#5325,.T.);
#5325 = EDGE_LOOP('',(#5326,#5327,#5335,#5341));
#5326 = ORIENTED_EDGE('',*,*,#5305,.T.);
#5327 = ORIENTED_EDGE('',*,*,#5328,.T.);
#5328 = EDGE_CURVE('',#5306,#5329,#5331,.T.);
#5329 = VERTEX_POINT('',#5330);
#5330 = CARTESIAN_POINT('',(5.23,-2.15,1.3));
#5331 = LINE('',#5332,#5333);
#5332 = CARTESIAN_POINT('',(4.73,-2.15,1.3));
#5333 = VECTOR('',#5334,1.);
#5334 = DIRECTION('',(1.,0.,0.));
#5335 = ORIENTED_EDGE('',*,*,#5336,.F.);
#5336 = EDGE_CURVE('',#3195,#5329,#5337,.T.);
#5337 = LINE('',#5338,#5339);
#5338 = CARTESIAN_POINT('',(5.13,-2.25,1.2));
#5339 = VECTOR('',#5340,1.);
#5340 = DIRECTION('',(-0.57735026919,-0.57735026919,-0.57735026919));
#5341 = ORIENTED_EDGE('',*,*,#3194,.F.);
#5342 = PLANE('',#5343);
#5343 = AXIS2_PLACEMENT_3D('',#5344,#5345,#5346);
#5344 = CARTESIAN_POINT('',(4.73,-2.05,1.4));
#5345 = DIRECTION('',(0.,0.707106781187,-0.707106781187));
#5346 = DIRECTION('',(-1.,0.,0.));
#5347 = ADVANCED_FACE('',(#5348),#5359,.F.);
#5348 = FACE_BOUND('',#5349,.T.);
#5349 = EDGE_LOOP('',(#5350,#5351,#5352,#5353));
#5350 = ORIENTED_EDGE('',*,*,#5288,.F.);
#5351 = ORIENTED_EDGE('',*,*,#3218,.T.);
#5352 = ORIENTED_EDGE('',*,*,#5336,.T.);
#5353 = ORIENTED_EDGE('',*,*,#5354,.F.);
#5354 = EDGE_CURVE('',#5281,#5329,#5355,.T.);
#5355 = LINE('',#5356,#5357);
#5356 = CARTESIAN_POINT('',(5.23,-2.15,0.8));
#5357 = VECTOR('',#5358,1.);
#5358 = DIRECTION('',(0.,0.,1.));
#5359 = PLANE('',#5360);
#5360 = AXIS2_PLACEMENT_3D('',#5361,#5362,#5363);
#5361 = CARTESIAN_POINT('',(5.33,-2.05,0.8));
#5362 = DIRECTION('',(-0.707106781187,0.707106781187,0.));
#5363 = DIRECTION('',(-0.,-0.,-1.));
#5364 = ADVANCED_FACE('',(#5365),#5390,.T.);
#5365 = FACE_BOUND('',#5366,.F.);
#5366 = EDGE_LOOP('',(#5367,#5375,#5383,#5389));
#5367 = ORIENTED_EDGE('',*,*,#5368,.T.);
#5368 = EDGE_CURVE('',#3235,#5369,#5371,.T.);
#5369 = VERTEX_POINT('',#5370);
#5370 = CARTESIAN_POINT('',(2.39,-2.15,1.));
#5371 = LINE('',#5372,#5373);
#5372 = CARTESIAN_POINT('',(2.256666666667,-2.016666666667,
    0.866666666667));
#5373 = VECTOR('',#5374,1.);
#5374 = DIRECTION('',(0.57735026919,-0.57735026919,0.57735026919));
#5375 = ORIENTED_EDGE('',*,*,#5376,.T.);
#5376 = EDGE_CURVE('',#5369,#5377,#5379,.T.);
#5377 = VERTEX_POINT('',#5378);
#5378 = CARTESIAN_POINT('',(2.69,-2.15,1.));
#5379 = LINE('',#5380,#5381);
#5380 = CARTESIAN_POINT('',(2.19,-2.15,1.));
#5381 = VECTOR('',#5382,1.);
#5382 = DIRECTION('',(1.,0.,0.));
#5383 = ORIENTED_EDGE('',*,*,#5384,.F.);
#5384 = EDGE_CURVE('',#3243,#5377,#5385,.T.);
#5385 = LINE('',#5386,#5387);
#5386 = CARTESIAN_POINT('',(2.706666666667,-2.133333333333,
    0.983333333333));
#5387 = VECTOR('',#5388,1.);
#5388 = DIRECTION('',(-0.57735026919,-0.57735026919,0.57735026919));
#5389 = ORIENTED_EDGE('',*,*,#3242,.F.);
#5390 = PLANE('',#5391);
#5391 = AXIS2_PLACEMENT_3D('',#5392,#5393,#5394);
#5392 = CARTESIAN_POINT('',(2.19,-2.05,0.9));
#5393 = DIRECTION('',(-0.,-0.707106781187,-0.707106781187));
#5394 = DIRECTION('',(-1.,0.,0.));
#5395 = ADVANCED_FACE('',(#5396),#5414,.T.);
#5396 = FACE_BOUND('',#5397,.F.);
#5397 = EDGE_LOOP('',(#5398,#5399,#5400,#5408));
#5398 = ORIENTED_EDGE('',*,*,#5368,.F.);
#5399 = ORIENTED_EDGE('',*,*,#3265,.T.);
#5400 = ORIENTED_EDGE('',*,*,#5401,.T.);
#5401 = EDGE_CURVE('',#3266,#5402,#5404,.T.);
#5402 = VERTEX_POINT('',#5403);
#5403 = CARTESIAN_POINT('',(2.39,-2.15,1.3));
#5404 = LINE('',#5405,#5406);
#5405 = CARTESIAN_POINT('',(2.373333333333,-2.133333333333,
    1.316666666667));
#5406 = VECTOR('',#5407,1.);
#5407 = DIRECTION('',(0.57735026919,-0.57735026919,-0.57735026919));
#5408 = ORIENTED_EDGE('',*,*,#5409,.F.);
#5409 = EDGE_CURVE('',#5369,#5402,#5410,.T.);
#5410 = LINE('',#5411,#5412);
#5411 = CARTESIAN_POINT('',(2.39,-2.15,0.8));
#5412 = VECTOR('',#5413,1.);
#5413 = DIRECTION('',(0.,0.,1.));
#5414 = PLANE('',#5415);
#5415 = AXIS2_PLACEMENT_3D('',#5416,#5417,#5418);
#5416 = CARTESIAN_POINT('',(2.29,-2.05,0.8));
#5417 = DIRECTION('',(-0.707106781187,-0.707106781187,0.));
#5418 = DIRECTION('',(-0.,-0.,-1.));
#5419 = ADVANCED_FACE('',(#5420),#5438,.F.);
#5420 = FACE_BOUND('',#5421,.T.);
#5421 = EDGE_LOOP('',(#5422,#5423,#5431,#5437));
#5422 = ORIENTED_EDGE('',*,*,#5401,.T.);
#5423 = ORIENTED_EDGE('',*,*,#5424,.T.);
#5424 = EDGE_CURVE('',#5402,#5425,#5427,.T.);
#5425 = VERTEX_POINT('',#5426);
#5426 = CARTESIAN_POINT('',(2.69,-2.15,1.3));
#5427 = LINE('',#5428,#5429);
#5428 = CARTESIAN_POINT('',(2.19,-2.15,1.3));
#5429 = VECTOR('',#5430,1.);
#5430 = DIRECTION('',(1.,0.,0.));
#5431 = ORIENTED_EDGE('',*,*,#5432,.F.);
#5432 = EDGE_CURVE('',#3291,#5425,#5433,.T.);
#5433 = LINE('',#5434,#5435);
#5434 = CARTESIAN_POINT('',(2.59,-2.25,1.2));
#5435 = VECTOR('',#5436,1.);
#5436 = DIRECTION('',(-0.57735026919,-0.57735026919,-0.57735026919));
#5437 = ORIENTED_EDGE('',*,*,#3290,.F.);
#5438 = PLANE('',#5439);
#5439 = AXIS2_PLACEMENT_3D('',#5440,#5441,#5442);
#5440 = CARTESIAN_POINT('',(2.19,-2.05,1.4));
#5441 = DIRECTION('',(0.,0.707106781187,-0.707106781187));
#5442 = DIRECTION('',(-1.,0.,0.));
#5443 = ADVANCED_FACE('',(#5444),#5455,.F.);
#5444 = FACE_BOUND('',#5445,.T.);
#5445 = EDGE_LOOP('',(#5446,#5447,#5448,#5449));
#5446 = ORIENTED_EDGE('',*,*,#5384,.F.);
#5447 = ORIENTED_EDGE('',*,*,#3314,.T.);
#5448 = ORIENTED_EDGE('',*,*,#5432,.T.);
#5449 = ORIENTED_EDGE('',*,*,#5450,.F.);
#5450 = EDGE_CURVE('',#5377,#5425,#5451,.T.);
#5451 = LINE('',#5452,#5453);
#5452 = CARTESIAN_POINT('',(2.69,-2.15,0.8));
#5453 = VECTOR('',#5454,1.);
#5454 = DIRECTION('',(0.,0.,1.));
#5455 = PLANE('',#5456);
#5456 = AXIS2_PLACEMENT_3D('',#5457,#5458,#5459);
#5457 = CARTESIAN_POINT('',(2.79,-2.05,0.8));
#5458 = DIRECTION('',(-0.707106781187,0.707106781187,0.));
#5459 = DIRECTION('',(-0.,-0.,-1.));
#5460 = ADVANCED_FACE('',(#5461),#5486,.T.);
#5461 = FACE_BOUND('',#5462,.F.);
#5462 = EDGE_LOOP('',(#5463,#5471,#5479,#5485));
#5463 = ORIENTED_EDGE('',*,*,#5464,.T.);
#5464 = EDGE_CURVE('',#3331,#5465,#5467,.T.);
#5465 = VERTEX_POINT('',#5466);
#5466 = CARTESIAN_POINT('',(40.49,-2.15,1.));
#5467 = LINE('',#5468,#5469);
#5468 = CARTESIAN_POINT('',(40.356666666667,-2.016666666667,
    0.866666666667));
#5469 = VECTOR('',#5470,1.);
#5470 = DIRECTION('',(0.57735026919,-0.57735026919,0.57735026919));
#5471 = ORIENTED_EDGE('',*,*,#5472,.T.);
#5472 = EDGE_CURVE('',#5465,#5473,#5475,.T.);
#5473 = VERTEX_POINT('',#5474);
#5474 = CARTESIAN_POINT('',(40.79,-2.15,1.));
#5475 = LINE('',#5476,#5477);
#5476 = CARTESIAN_POINT('',(40.29,-2.15,1.));
#5477 = VECTOR('',#5478,1.);
#5478 = DIRECTION('',(1.,0.,0.));
#5479 = ORIENTED_EDGE('',*,*,#5480,.F.);
#5480 = EDGE_CURVE('',#3339,#5473,#5481,.T.);
#5481 = LINE('',#5482,#5483);
#5482 = CARTESIAN_POINT('',(40.806666666667,-2.133333333333,
    0.983333333333));
#5483 = VECTOR('',#5484,1.);
#5484 = DIRECTION('',(-0.57735026919,-0.57735026919,0.57735026919));
#5485 = ORIENTED_EDGE('',*,*,#3338,.F.);
#5486 = PLANE('',#5487);
#5487 = AXIS2_PLACEMENT_3D('',#5488,#5489,#5490);
#5488 = CARTESIAN_POINT('',(40.29,-2.05,0.9));
#5489 = DIRECTION('',(-1.735417226645E-18,-0.707106781187,
    -0.707106781187));
#5490 = DIRECTION('',(-1.,1.227125289148E-18,1.227125289148E-18));
#5491 = ADVANCED_FACE('',(#5492),#5510,.T.);
#5492 = FACE_BOUND('',#5493,.F.);
#5493 = EDGE_LOOP('',(#5494,#5495,#5496,#5504));
#5494 = ORIENTED_EDGE('',*,*,#5464,.F.);
#5495 = ORIENTED_EDGE('',*,*,#3361,.T.);
#5496 = ORIENTED_EDGE('',*,*,#5497,.T.);
#5497 = EDGE_CURVE('',#3362,#5498,#5500,.T.);
#5498 = VERTEX_POINT('',#5499);
#5499 = CARTESIAN_POINT('',(40.49,-2.15,1.3));
#5500 = LINE('',#5501,#5502);
#5501 = CARTESIAN_POINT('',(40.473333333333,-2.133333333333,
    1.316666666667));
#5502 = VECTOR('',#5503,1.);
#5503 = DIRECTION('',(0.57735026919,-0.57735026919,-0.57735026919));
#5504 = ORIENTED_EDGE('',*,*,#5505,.F.);
#5505 = EDGE_CURVE('',#5465,#5498,#5506,.T.);
#5506 = LINE('',#5507,#5508);
#5507 = CARTESIAN_POINT('',(40.49,-2.15,0.8));
#5508 = VECTOR('',#5509,1.);
#5509 = DIRECTION('',(0.,0.,1.));
#5510 = PLANE('',#5511);
#5511 = AXIS2_PLACEMENT_3D('',#5512,#5513,#5514);
#5512 = CARTESIAN_POINT('',(40.39,-2.05,0.8));
#5513 = DIRECTION('',(-0.707106781187,-0.707106781187,1.735417226645E-18
    ));
#5514 = DIRECTION('',(-1.227125289148E-18,-1.227125289148E-18,-1.));
#5515 = ADVANCED_FACE('',(#5516),#5534,.F.);
#5516 = FACE_BOUND('',#5517,.T.);
#5517 = EDGE_LOOP('',(#5518,#5519,#5527,#5533));
#5518 = ORIENTED_EDGE('',*,*,#5497,.T.);
#5519 = ORIENTED_EDGE('',*,*,#5520,.T.);
#5520 = EDGE_CURVE('',#5498,#5521,#5523,.T.);
#5521 = VERTEX_POINT('',#5522);
#5522 = CARTESIAN_POINT('',(40.79,-2.15,1.3));
#5523 = LINE('',#5524,#5525);
#5524 = CARTESIAN_POINT('',(40.29,-2.15,1.3));
#5525 = VECTOR('',#5526,1.);
#5526 = DIRECTION('',(1.,0.,0.));
#5527 = ORIENTED_EDGE('',*,*,#5528,.F.);
#5528 = EDGE_CURVE('',#3387,#5521,#5529,.T.);
#5529 = LINE('',#5530,#5531);
#5530 = CARTESIAN_POINT('',(40.69,-2.25,1.2));
#5531 = VECTOR('',#5532,1.);
#5532 = DIRECTION('',(-0.57735026919,-0.57735026919,-0.57735026919));
#5533 = ORIENTED_EDGE('',*,*,#3386,.F.);
#5534 = PLANE('',#5535);
#5535 = AXIS2_PLACEMENT_3D('',#5536,#5537,#5538);
#5536 = CARTESIAN_POINT('',(40.29,-2.05,1.4));
#5537 = DIRECTION('',(1.735417226645E-18,0.707106781187,-0.707106781187)
  );
#5538 = DIRECTION('',(-1.,1.227125289148E-18,-1.227125289148E-18));
#5539 = ADVANCED_FACE('',(#5540),#5551,.F.);
#5540 = FACE_BOUND('',#5541,.T.);
#5541 = EDGE_LOOP('',(#5542,#5543,#5544,#5545));
#5542 = ORIENTED_EDGE('',*,*,#5480,.F.);
#5543 = ORIENTED_EDGE('',*,*,#3410,.T.);
#5544 = ORIENTED_EDGE('',*,*,#5528,.T.);
#5545 = ORIENTED_EDGE('',*,*,#5546,.F.);
#5546 = EDGE_CURVE('',#5473,#5521,#5547,.T.);
#5547 = LINE('',#5548,#5549);
#5548 = CARTESIAN_POINT('',(40.79,-2.15,0.8));
#5549 = VECTOR('',#5550,1.);
#5550 = DIRECTION('',(0.,0.,1.));
#5551 = PLANE('',#5552);
#5552 = AXIS2_PLACEMENT_3D('',#5553,#5554,#5555);
#5553 = CARTESIAN_POINT('',(40.89,-2.05,0.8));
#5554 = DIRECTION('',(-0.707106781187,0.707106781187,-1.735417226645E-18
    ));
#5555 = DIRECTION('',(1.227125289148E-18,-1.227125289148E-18,-1.));
#5556 = ADVANCED_FACE('',(#5557),#5582,.T.);
#5557 = FACE_BOUND('',#5558,.F.);
#5558 = EDGE_LOOP('',(#5559,#5567,#5575,#5581));
#5559 = ORIENTED_EDGE('',*,*,#5560,.T.);
#5560 = EDGE_CURVE('',#3427,#5561,#5563,.T.);
#5561 = VERTEX_POINT('',#5562);
#5562 = CARTESIAN_POINT('',(37.95,-2.15,1.));
#5563 = LINE('',#5564,#5565);
#5564 = CARTESIAN_POINT('',(37.816666666667,-2.016666666667,
    0.866666666667));
#5565 = VECTOR('',#5566,1.);
#5566 = DIRECTION('',(0.57735026919,-0.57735026919,0.57735026919));
#5567 = ORIENTED_EDGE('',*,*,#5568,.T.);
#5568 = EDGE_CURVE('',#5561,#5569,#5571,.T.);
#5569 = VERTEX_POINT('',#5570);
#5570 = CARTESIAN_POINT('',(38.25,-2.15,1.));
#5571 = LINE('',#5572,#5573);
#5572 = CARTESIAN_POINT('',(37.75,-2.15,1.));
#5573 = VECTOR('',#5574,1.);
#5574 = DIRECTION('',(1.,0.,0.));
#5575 = ORIENTED_EDGE('',*,*,#5576,.F.);
#5576 = EDGE_CURVE('',#3435,#5569,#5577,.T.);
#5577 = LINE('',#5578,#5579);
#5578 = CARTESIAN_POINT('',(38.266666666667,-2.133333333333,
    0.983333333333));
#5579 = VECTOR('',#5580,1.);
#5580 = DIRECTION('',(-0.57735026919,-0.57735026919,0.57735026919));
#5581 = ORIENTED_EDGE('',*,*,#3434,.F.);
#5582 = PLANE('',#5583);
#5583 = AXIS2_PLACEMENT_3D('',#5584,#5585,#5586);
#5584 = CARTESIAN_POINT('',(37.75,-2.05,0.9));
#5585 = DIRECTION('',(-0.,-0.707106781187,-0.707106781187));
#5586 = DIRECTION('',(-1.,0.,0.));
#5587 = ADVANCED_FACE('',(#5588),#5606,.T.);
#5588 = FACE_BOUND('',#5589,.F.);
#5589 = EDGE_LOOP('',(#5590,#5591,#5592,#5600));
#5590 = ORIENTED_EDGE('',*,*,#5560,.F.);
#5591 = ORIENTED_EDGE('',*,*,#3457,.T.);
#5592 = ORIENTED_EDGE('',*,*,#5593,.T.);
#5593 = EDGE_CURVE('',#3458,#5594,#5596,.T.);
#5594 = VERTEX_POINT('',#5595);
#5595 = CARTESIAN_POINT('',(37.95,-2.15,1.3));
#5596 = LINE('',#5597,#5598);
#5597 = CARTESIAN_POINT('',(37.933333333333,-2.133333333333,
    1.316666666667));
#5598 = VECTOR('',#5599,1.);
#5599 = DIRECTION('',(0.57735026919,-0.57735026919,-0.57735026919));
#5600 = ORIENTED_EDGE('',*,*,#5601,.F.);
#5601 = EDGE_CURVE('',#5561,#5594,#5602,.T.);
#5602 = LINE('',#5603,#5604);
#5603 = CARTESIAN_POINT('',(37.95,-2.15,0.8));
#5604 = VECTOR('',#5605,1.);
#5605 = DIRECTION('',(0.,0.,1.));
#5606 = PLANE('',#5607);
#5607 = AXIS2_PLACEMENT_3D('',#5608,#5609,#5610);
#5608 = CARTESIAN_POINT('',(37.85,-2.05,0.8));
#5609 = DIRECTION('',(-0.707106781187,-0.707106781187,0.));
#5610 = DIRECTION('',(-0.,-0.,-1.));
#5611 = ADVANCED_FACE('',(#5612),#5630,.F.);
#5612 = FACE_BOUND('',#5613,.T.);
#5613 = EDGE_LOOP('',(#5614,#5615,#5623,#5629));
#5614 = ORIENTED_EDGE('',*,*,#5593,.T.);
#5615 = ORIENTED_EDGE('',*,*,#5616,.T.);
#5616 = EDGE_CURVE('',#5594,#5617,#5619,.T.);
#5617 = VERTEX_POINT('',#5618);
#5618 = CARTESIAN_POINT('',(38.25,-2.15,1.3));
#5619 = LINE('',#5620,#5621);
#5620 = CARTESIAN_POINT('',(37.75,-2.15,1.3));
#5621 = VECTOR('',#5622,1.);
#5622 = DIRECTION('',(1.,0.,0.));
#5623 = ORIENTED_EDGE('',*,*,#5624,.F.);
#5624 = EDGE_CURVE('',#3483,#5617,#5625,.T.);
#5625 = LINE('',#5626,#5627);
#5626 = CARTESIAN_POINT('',(38.15,-2.25,1.2));
#5627 = VECTOR('',#5628,1.);
#5628 = DIRECTION('',(-0.57735026919,-0.57735026919,-0.57735026919));
#5629 = ORIENTED_EDGE('',*,*,#3482,.F.);
#5630 = PLANE('',#5631);
#5631 = AXIS2_PLACEMENT_3D('',#5632,#5633,#5634);
#5632 = CARTESIAN_POINT('',(37.75,-2.05,1.4));
#5633 = DIRECTION('',(0.,0.707106781187,-0.707106781187));
#5634 = DIRECTION('',(-1.,0.,0.));
#5635 = ADVANCED_FACE('',(#5636),#5647,.F.);
#5636 = FACE_BOUND('',#5637,.T.);
#5637 = EDGE_LOOP('',(#5638,#5639,#5640,#5641));
#5638 = ORIENTED_EDGE('',*,*,#5576,.F.);
#5639 = ORIENTED_EDGE('',*,*,#3506,.T.);
#5640 = ORIENTED_EDGE('',*,*,#5624,.T.);
#5641 = ORIENTED_EDGE('',*,*,#5642,.F.);
#5642 = EDGE_CURVE('',#5569,#5617,#5643,.T.);
#5643 = LINE('',#5644,#5645);
#5644 = CARTESIAN_POINT('',(38.25,-2.15,0.8));
#5645 = VECTOR('',#5646,1.);
#5646 = DIRECTION('',(0.,0.,1.));
#5647 = PLANE('',#5648);
#5648 = AXIS2_PLACEMENT_3D('',#5649,#5650,#5651);
#5649 = CARTESIAN_POINT('',(38.35,-2.05,0.8));
#5650 = DIRECTION('',(-0.707106781187,0.707106781187,0.));
#5651 = DIRECTION('',(-0.,-0.,-1.));
#5652 = ADVANCED_FACE('',(#5653),#5678,.T.);
#5653 = FACE_BOUND('',#5654,.F.);
#5654 = EDGE_LOOP('',(#5655,#5663,#5671,#5677));
#5655 = ORIENTED_EDGE('',*,*,#5656,.T.);
#5656 = EDGE_CURVE('',#3523,#5657,#5659,.T.);
#5657 = VERTEX_POINT('',#5658);
#5658 = CARTESIAN_POINT('',(32.87,-2.15,1.));
#5659 = LINE('',#5660,#5661);
#5660 = CARTESIAN_POINT('',(32.736666666667,-2.016666666667,
    0.866666666667));
#5661 = VECTOR('',#5662,1.);
#5662 = DIRECTION('',(0.57735026919,-0.57735026919,0.57735026919));
#5663 = ORIENTED_EDGE('',*,*,#5664,.T.);
#5664 = EDGE_CURVE('',#5657,#5665,#5667,.T.);
#5665 = VERTEX_POINT('',#5666);
#5666 = CARTESIAN_POINT('',(33.17,-2.15,1.));
#5667 = LINE('',#5668,#5669);
#5668 = CARTESIAN_POINT('',(32.67,-2.15,1.));
#5669 = VECTOR('',#5670,1.);
#5670 = DIRECTION('',(1.,0.,0.));
#5671 = ORIENTED_EDGE('',*,*,#5672,.F.);
#5672 = EDGE_CURVE('',#3531,#5665,#5673,.T.);
#5673 = LINE('',#5674,#5675);
#5674 = CARTESIAN_POINT('',(33.186666666667,-2.133333333333,
    0.983333333333));
#5675 = VECTOR('',#5676,1.);
#5676 = DIRECTION('',(-0.57735026919,-0.57735026919,0.57735026919));
#5677 = ORIENTED_EDGE('',*,*,#3530,.F.);
#5678 = PLANE('',#5679);
#5679 = AXIS2_PLACEMENT_3D('',#5680,#5681,#5682);
#5680 = CARTESIAN_POINT('',(32.67,-2.05,0.9));
#5681 = DIRECTION('',(-0.,-0.707106781187,-0.707106781187));
#5682 = DIRECTION('',(-1.,0.,0.));
#5683 = ADVANCED_FACE('',(#5684),#5702,.T.);
#5684 = FACE_BOUND('',#5685,.F.);
#5685 = EDGE_LOOP('',(#5686,#5687,#5688,#5696));
#5686 = ORIENTED_EDGE('',*,*,#5656,.F.);
#5687 = ORIENTED_EDGE('',*,*,#3553,.T.);
#5688 = ORIENTED_EDGE('',*,*,#5689,.T.);
#5689 = EDGE_CURVE('',#3554,#5690,#5692,.T.);
#5690 = VERTEX_POINT('',#5691);
#5691 = CARTESIAN_POINT('',(32.87,-2.15,1.3));
#5692 = LINE('',#5693,#5694);
#5693 = CARTESIAN_POINT('',(32.853333333333,-2.133333333333,
    1.316666666667));
#5694 = VECTOR('',#5695,1.);
#5695 = DIRECTION('',(0.57735026919,-0.57735026919,-0.57735026919));
#5696 = ORIENTED_EDGE('',*,*,#5697,.F.);
#5697 = EDGE_CURVE('',#5657,#5690,#5698,.T.);
#5698 = LINE('',#5699,#5700);
#5699 = CARTESIAN_POINT('',(32.87,-2.15,0.8));
#5700 = VECTOR('',#5701,1.);
#5701 = DIRECTION('',(0.,0.,1.));
#5702 = PLANE('',#5703);
#5703 = AXIS2_PLACEMENT_3D('',#5704,#5705,#5706);
#5704 = CARTESIAN_POINT('',(32.77,-2.05,0.8));
#5705 = DIRECTION('',(-0.707106781187,-0.707106781187,0.));
#5706 = DIRECTION('',(-0.,-0.,-1.));
#5707 = ADVANCED_FACE('',(#5708),#5726,.F.);
#5708 = FACE_BOUND('',#5709,.T.);
#5709 = EDGE_LOOP('',(#5710,#5711,#5719,#5725));
#5710 = ORIENTED_EDGE('',*,*,#5689,.T.);
#5711 = ORIENTED_EDGE('',*,*,#5712,.T.);
#5712 = EDGE_CURVE('',#5690,#5713,#5715,.T.);
#5713 = VERTEX_POINT('',#5714);
#5714 = CARTESIAN_POINT('',(33.17,-2.15,1.3));
#5715 = LINE('',#5716,#5717);
#5716 = CARTESIAN_POINT('',(32.67,-2.15,1.3));
#5717 = VECTOR('',#5718,1.);
#5718 = DIRECTION('',(1.,0.,0.));
#5719 = ORIENTED_EDGE('',*,*,#5720,.F.);
#5720 = EDGE_CURVE('',#3579,#5713,#5721,.T.);
#5721 = LINE('',#5722,#5723);
#5722 = CARTESIAN_POINT('',(33.07,-2.25,1.2));
#5723 = VECTOR('',#5724,1.);
#5724 = DIRECTION('',(-0.57735026919,-0.57735026919,-0.57735026919));
#5725 = ORIENTED_EDGE('',*,*,#3578,.F.);
#5726 = PLANE('',#5727);
#5727 = AXIS2_PLACEMENT_3D('',#5728,#5729,#5730);
#5728 = CARTESIAN_POINT('',(32.67,-2.05,1.4));
#5729 = DIRECTION('',(0.,0.707106781187,-0.707106781187));
#5730 = DIRECTION('',(-1.,0.,0.));
#5731 = ADVANCED_FACE('',(#5732),#5743,.F.);
#5732 = FACE_BOUND('',#5733,.T.);
#5733 = EDGE_LOOP('',(#5734,#5735,#5736,#5737));
#5734 = ORIENTED_EDGE('',*,*,#5672,.F.);
#5735 = ORIENTED_EDGE('',*,*,#3602,.T.);
#5736 = ORIENTED_EDGE('',*,*,#5720,.T.);
#5737 = ORIENTED_EDGE('',*,*,#5738,.F.);
#5738 = EDGE_CURVE('',#5665,#5713,#5739,.T.);
#5739 = LINE('',#5740,#5741);
#5740 = CARTESIAN_POINT('',(33.17,-2.15,0.8));
#5741 = VECTOR('',#5742,1.);
#5742 = DIRECTION('',(0.,0.,1.));
#5743 = PLANE('',#5744);
#5744 = AXIS2_PLACEMENT_3D('',#5745,#5746,#5747);
#5745 = CARTESIAN_POINT('',(33.27,-2.05,0.8));
#5746 = DIRECTION('',(-0.707106781187,0.707106781187,0.));
#5747 = DIRECTION('',(-0.,-0.,-1.));
#5748 = ADVANCED_FACE('',(#5749),#5774,.T.);
#5749 = FACE_BOUND('',#5750,.F.);
#5750 = EDGE_LOOP('',(#5751,#5759,#5767,#5773));
#5751 = ORIENTED_EDGE('',*,*,#5752,.T.);
#5752 = EDGE_CURVE('',#3619,#5753,#5755,.T.);
#5753 = VERTEX_POINT('',#5754);
#5754 = CARTESIAN_POINT('',(35.41,-2.15,1.));
#5755 = LINE('',#5756,#5757);
#5756 = CARTESIAN_POINT('',(35.276666666667,-2.016666666667,
    0.866666666667));
#5757 = VECTOR('',#5758,1.);
#5758 = DIRECTION('',(0.57735026919,-0.57735026919,0.57735026919));
#5759 = ORIENTED_EDGE('',*,*,#5760,.T.);
#5760 = EDGE_CURVE('',#5753,#5761,#5763,.T.);
#5761 = VERTEX_POINT('',#5762);
#5762 = CARTESIAN_POINT('',(35.71,-2.15,1.));
#5763 = LINE('',#5764,#5765);
#5764 = CARTESIAN_POINT('',(35.21,-2.15,1.));
#5765 = VECTOR('',#5766,1.);
#5766 = DIRECTION('',(1.,0.,0.));
#5767 = ORIENTED_EDGE('',*,*,#5768,.F.);
#5768 = EDGE_CURVE('',#3627,#5761,#5769,.T.);
#5769 = LINE('',#5770,#5771);
#5770 = CARTESIAN_POINT('',(35.726666666667,-2.133333333333,
    0.983333333333));
#5771 = VECTOR('',#5772,1.);
#5772 = DIRECTION('',(-0.57735026919,-0.57735026919,0.57735026919));
#5773 = ORIENTED_EDGE('',*,*,#3626,.F.);
#5774 = PLANE('',#5775);
#5775 = AXIS2_PLACEMENT_3D('',#5776,#5777,#5778);
#5776 = CARTESIAN_POINT('',(35.21,-2.05,0.9));
#5777 = DIRECTION('',(-0.,-0.707106781187,-0.707106781187));
#5778 = DIRECTION('',(-1.,0.,0.));
#5779 = ADVANCED_FACE('',(#5780),#5798,.T.);
#5780 = FACE_BOUND('',#5781,.F.);
#5781 = EDGE_LOOP('',(#5782,#5783,#5784,#5792));
#5782 = ORIENTED_EDGE('',*,*,#5752,.F.);
#5783 = ORIENTED_EDGE('',*,*,#3649,.T.);
#5784 = ORIENTED_EDGE('',*,*,#5785,.T.);
#5785 = EDGE_CURVE('',#3650,#5786,#5788,.T.);
#5786 = VERTEX_POINT('',#5787);
#5787 = CARTESIAN_POINT('',(35.41,-2.15,1.3));
#5788 = LINE('',#5789,#5790);
#5789 = CARTESIAN_POINT('',(35.393333333333,-2.133333333333,
    1.316666666667));
#5790 = VECTOR('',#5791,1.);
#5791 = DIRECTION('',(0.57735026919,-0.57735026919,-0.57735026919));
#5792 = ORIENTED_EDGE('',*,*,#5793,.F.);
#5793 = EDGE_CURVE('',#5753,#5786,#5794,.T.);
#5794 = LINE('',#5795,#5796);
#5795 = CARTESIAN_POINT('',(35.41,-2.15,0.8));
#5796 = VECTOR('',#5797,1.);
#5797 = DIRECTION('',(0.,0.,1.));
#5798 = PLANE('',#5799);
#5799 = AXIS2_PLACEMENT_3D('',#5800,#5801,#5802);
#5800 = CARTESIAN_POINT('',(35.31,-2.05,0.8));
#5801 = DIRECTION('',(-0.707106781187,-0.707106781187,0.));
#5802 = DIRECTION('',(-0.,-0.,-1.));
#5803 = ADVANCED_FACE('',(#5804),#5822,.F.);
#5804 = FACE_BOUND('',#5805,.T.);
#5805 = EDGE_LOOP('',(#5806,#5807,#5815,#5821));
#5806 = ORIENTED_EDGE('',*,*,#5785,.T.);
#5807 = ORIENTED_EDGE('',*,*,#5808,.T.);
#5808 = EDGE_CURVE('',#5786,#5809,#5811,.T.);
#5809 = VERTEX_POINT('',#5810);
#5810 = CARTESIAN_POINT('',(35.71,-2.15,1.3));
#5811 = LINE('',#5812,#5813);
#5812 = CARTESIAN_POINT('',(35.21,-2.15,1.3));
#5813 = VECTOR('',#5814,1.);
#5814 = DIRECTION('',(1.,0.,0.));
#5815 = ORIENTED_EDGE('',*,*,#5816,.F.);
#5816 = EDGE_CURVE('',#3675,#5809,#5817,.T.);
#5817 = LINE('',#5818,#5819);
#5818 = CARTESIAN_POINT('',(35.61,-2.25,1.2));
#5819 = VECTOR('',#5820,1.);
#5820 = DIRECTION('',(-0.57735026919,-0.57735026919,-0.57735026919));
#5821 = ORIENTED_EDGE('',*,*,#3674,.F.);
#5822 = PLANE('',#5823);
#5823 = AXIS2_PLACEMENT_3D('',#5824,#5825,#5826);
#5824 = CARTESIAN_POINT('',(35.21,-2.05,1.4));
#5825 = DIRECTION('',(0.,0.707106781187,-0.707106781187));
#5826 = DIRECTION('',(-1.,0.,0.));
#5827 = ADVANCED_FACE('',(#5828),#5839,.F.);
#5828 = FACE_BOUND('',#5829,.T.);
#5829 = EDGE_LOOP('',(#5830,#5831,#5832,#5833));
#5830 = ORIENTED_EDGE('',*,*,#5768,.F.);
#5831 = ORIENTED_EDGE('',*,*,#3698,.T.);
#5832 = ORIENTED_EDGE('',*,*,#5816,.T.);
#5833 = ORIENTED_EDGE('',*,*,#5834,.F.);
#5834 = EDGE_CURVE('',#5761,#5809,#5835,.T.);
#5835 = LINE('',#5836,#5837);
#5836 = CARTESIAN_POINT('',(35.71,-2.15,0.8));
#5837 = VECTOR('',#5838,1.);
#5838 = DIRECTION('',(0.,0.,1.));
#5839 = PLANE('',#5840);
#5840 = AXIS2_PLACEMENT_3D('',#5841,#5842,#5843);
#5841 = CARTESIAN_POINT('',(35.81,-2.05,0.8));
#5842 = DIRECTION('',(-0.707106781187,0.707106781187,0.));
#5843 = DIRECTION('',(-0.,-0.,-1.));
#5844 = ADVANCED_FACE('',(#5845),#5870,.T.);
#5845 = FACE_BOUND('',#5846,.F.);
#5846 = EDGE_LOOP('',(#5847,#5855,#5863,#5869));
#5847 = ORIENTED_EDGE('',*,*,#5848,.T.);
#5848 = EDGE_CURVE('',#3715,#5849,#5851,.T.);
#5849 = VERTEX_POINT('',#5850);
#5850 = CARTESIAN_POINT('',(-0.15,-2.15,1.));
#5851 = LINE('',#5852,#5853);
#5852 = CARTESIAN_POINT('',(-0.283333333333,-2.016666666667,
    0.866666666667));
#5853 = VECTOR('',#5854,1.);
#5854 = DIRECTION('',(0.57735026919,-0.57735026919,0.57735026919));
#5855 = ORIENTED_EDGE('',*,*,#5856,.T.);
#5856 = EDGE_CURVE('',#5849,#5857,#5859,.T.);
#5857 = VERTEX_POINT('',#5858);
#5858 = CARTESIAN_POINT('',(0.15,-2.15,1.));
#5859 = LINE('',#5860,#5861);
#5860 = CARTESIAN_POINT('',(-0.35,-2.15,1.));
#5861 = VECTOR('',#5862,1.);
#5862 = DIRECTION('',(1.,0.,0.));
#5863 = ORIENTED_EDGE('',*,*,#5864,.F.);
#5864 = EDGE_CURVE('',#3723,#5857,#5865,.T.);
#5865 = LINE('',#5866,#5867);
#5866 = CARTESIAN_POINT('',(0.166666666667,-2.133333333333,
    0.983333333333));
#5867 = VECTOR('',#5868,1.);
#5868 = DIRECTION('',(-0.57735026919,-0.57735026919,0.57735026919));
#5869 = ORIENTED_EDGE('',*,*,#3722,.F.);
#5870 = PLANE('',#5871);
#5871 = AXIS2_PLACEMENT_3D('',#5872,#5873,#5874);
#5872 = CARTESIAN_POINT('',(-0.35,-2.05,0.9));
#5873 = DIRECTION('',(-0.,-0.707106781187,-0.707106781187));
#5874 = DIRECTION('',(-1.,0.,0.));
#5875 = ADVANCED_FACE('',(#5876),#5894,.T.);
#5876 = FACE_BOUND('',#5877,.F.);
#5877 = EDGE_LOOP('',(#5878,#5879,#5880,#5888));
#5878 = ORIENTED_EDGE('',*,*,#5848,.F.);
#5879 = ORIENTED_EDGE('',*,*,#3745,.T.);
#5880 = ORIENTED_EDGE('',*,*,#5881,.T.);
#5881 = EDGE_CURVE('',#3746,#5882,#5884,.T.);
#5882 = VERTEX_POINT('',#5883);
#5883 = CARTESIAN_POINT('',(-0.15,-2.15,1.3));
#5884 = LINE('',#5885,#5886);
#5885 = CARTESIAN_POINT('',(-0.166666666667,-2.133333333333,
    1.316666666667));
#5886 = VECTOR('',#5887,1.);
#5887 = DIRECTION('',(0.57735026919,-0.57735026919,-0.57735026919));
#5888 = ORIENTED_EDGE('',*,*,#5889,.F.);
#5889 = EDGE_CURVE('',#5849,#5882,#5890,.T.);
#5890 = LINE('',#5891,#5892);
#5891 = CARTESIAN_POINT('',(-0.15,-2.15,0.8));
#5892 = VECTOR('',#5893,1.);
#5893 = DIRECTION('',(0.,0.,1.));
#5894 = PLANE('',#5895);
#5895 = AXIS2_PLACEMENT_3D('',#5896,#5897,#5898);
#5896 = CARTESIAN_POINT('',(-0.25,-2.05,0.8));
#5897 = DIRECTION('',(-0.707106781187,-0.707106781187,0.));
#5898 = DIRECTION('',(-0.,-0.,-1.));
#5899 = ADVANCED_FACE('',(#5900),#5918,.F.);
#5900 = FACE_BOUND('',#5901,.T.);
#5901 = EDGE_LOOP('',(#5902,#5903,#5911,#5917));
#5902 = ORIENTED_EDGE('',*,*,#5881,.T.);
#5903 = ORIENTED_EDGE('',*,*,#5904,.T.);
#5904 = EDGE_CURVE('',#5882,#5905,#5907,.T.);
#5905 = VERTEX_POINT('',#5906);
#5906 = CARTESIAN_POINT('',(0.15,-2.15,1.3));
#5907 = LINE('',#5908,#5909);
#5908 = CARTESIAN_POINT('',(-0.35,-2.15,1.3));
#5909 = VECTOR('',#5910,1.);
#5910 = DIRECTION('',(1.,0.,0.));
#5911 = ORIENTED_EDGE('',*,*,#5912,.F.);
#5912 = EDGE_CURVE('',#3771,#5905,#5913,.T.);
#5913 = LINE('',#5914,#5915);
#5914 = CARTESIAN_POINT('',(5.E-02,-2.25,1.2));
#5915 = VECTOR('',#5916,1.);
#5916 = DIRECTION('',(-0.57735026919,-0.57735026919,-0.57735026919));
#5917 = ORIENTED_EDGE('',*,*,#3770,.F.);
#5918 = PLANE('',#5919);
#5919 = AXIS2_PLACEMENT_3D('',#5920,#5921,#5922);
#5920 = CARTESIAN_POINT('',(-0.35,-2.05,1.4));
#5921 = DIRECTION('',(0.,0.707106781187,-0.707106781187));
#5922 = DIRECTION('',(-1.,0.,0.));
#5923 = ADVANCED_FACE('',(#5924),#5935,.F.);
#5924 = FACE_BOUND('',#5925,.T.);
#5925 = EDGE_LOOP('',(#5926,#5927,#5928,#5929));
#5926 = ORIENTED_EDGE('',*,*,#5864,.F.);
#5927 = ORIENTED_EDGE('',*,*,#3794,.T.);
#5928 = ORIENTED_EDGE('',*,*,#5912,.T.);
#5929 = ORIENTED_EDGE('',*,*,#5930,.F.);
#5930 = EDGE_CURVE('',#5857,#5905,#5931,.T.);
#5931 = LINE('',#5932,#5933);
#5932 = CARTESIAN_POINT('',(0.15,-2.15,0.8));
#5933 = VECTOR('',#5934,1.);
#5934 = DIRECTION('',(0.,0.,1.));
#5935 = PLANE('',#5936);
#5936 = AXIS2_PLACEMENT_3D('',#5937,#5938,#5939);
#5937 = CARTESIAN_POINT('',(0.25,-2.05,0.8));
#5938 = DIRECTION('',(-0.707106781187,0.707106781187,0.));
#5939 = DIRECTION('',(-0.,-0.,-1.));
#5940 = ADVANCED_FACE('',(#5941),#5947,.F.);
#5941 = FACE_BOUND('',#5942,.T.);
#5942 = EDGE_LOOP('',(#5943,#5944,#5945,#5946));
#5943 = ORIENTED_EDGE('',*,*,#3886,.F.);
#5944 = ORIENTED_EDGE('',*,*,#3909,.T.);
#5945 = ORIENTED_EDGE('',*,*,#3961,.T.);
#5946 = ORIENTED_EDGE('',*,*,#5111,.F.);
#5947 = PLANE('',#5948);
#5948 = AXIS2_PLACEMENT_3D('',#5949,#5950,#5951);
#5949 = CARTESIAN_POINT('',(32.67,0.25,-5.9));
#5950 = DIRECTION('',(0.,-0.707106781187,0.707106781187));
#5951 = DIRECTION('',(-1.,-0.,-0.));
#5952 = ADVANCED_FACE('',(#5953),#5959,.F.);
#5953 = FACE_BOUND('',#5954,.T.);
#5954 = EDGE_LOOP('',(#5955,#5956,#5957,#5958));
#5955 = ORIENTED_EDGE('',*,*,#4017,.F.);
#5956 = ORIENTED_EDGE('',*,*,#4040,.T.);
#5957 = ORIENTED_EDGE('',*,*,#4092,.T.);
#5958 = ORIENTED_EDGE('',*,*,#5128,.F.);
#5959 = PLANE('',#5960);
#5960 = AXIS2_PLACEMENT_3D('',#5961,#5962,#5963);
#5961 = CARTESIAN_POINT('',(35.21,0.25,-5.9));
#5962 = DIRECTION('',(0.,-0.707106781187,0.707106781187));
#5963 = DIRECTION('',(-1.,-0.,-0.));
#5964 = ADVANCED_FACE('',(#5965),#5971,.F.);
#5965 = FACE_BOUND('',#5966,.T.);
#5966 = EDGE_LOOP('',(#5967,#5968,#5969,#5970));
#5967 = ORIENTED_EDGE('',*,*,#4148,.F.);
#5968 = ORIENTED_EDGE('',*,*,#4171,.T.);
#5969 = ORIENTED_EDGE('',*,*,#4223,.T.);
#5970 = ORIENTED_EDGE('',*,*,#5145,.F.);
#5971 = PLANE('',#5972);
#5972 = AXIS2_PLACEMENT_3D('',#5973,#5974,#5975);
#5973 = CARTESIAN_POINT('',(37.75,0.25,-5.9));
#5974 = DIRECTION('',(0.,-0.707106781187,0.707106781187));
#5975 = DIRECTION('',(-1.,-0.,-0.));
#5976 = ADVANCED_FACE('',(#5977),#5983,.F.);
#5977 = FACE_BOUND('',#5978,.T.);
#5978 = EDGE_LOOP('',(#5979,#5980,#5981,#5982));
#5979 = ORIENTED_EDGE('',*,*,#4279,.F.);
#5980 = ORIENTED_EDGE('',*,*,#4302,.T.);
#5981 = ORIENTED_EDGE('',*,*,#4354,.T.);
#5982 = ORIENTED_EDGE('',*,*,#5162,.F.);
#5983 = PLANE('',#5984);
#5984 = AXIS2_PLACEMENT_3D('',#5985,#5986,#5987);
#5985 = CARTESIAN_POINT('',(40.29,0.25,-5.9));
#5986 = DIRECTION('',(0.,-0.707106781187,0.707106781187));
#5987 = DIRECTION('',(-1.,-0.,-0.));
#5988 = ADVANCED_FACE('',(#5989),#5995,.F.);
#5989 = FACE_BOUND('',#5990,.T.);
#5990 = EDGE_LOOP('',(#5991,#5992,#5993,#5994));
#5991 = ORIENTED_EDGE('',*,*,#4410,.F.);
#5992 = ORIENTED_EDGE('',*,*,#4433,.T.);
#5993 = ORIENTED_EDGE('',*,*,#4485,.T.);
#5994 = ORIENTED_EDGE('',*,*,#5043,.F.);
#5995 = PLANE('',#5996);
#5996 = AXIS2_PLACEMENT_3D('',#5997,#5998,#5999);
#5997 = CARTESIAN_POINT('',(-0.35,0.25,-5.9));
#5998 = DIRECTION('',(0.,-0.707106781187,0.707106781187));
#5999 = DIRECTION('',(-1.,-0.,-0.));
#6000 = ADVANCED_FACE('',(#6001),#6007,.F.);
#6001 = FACE_BOUND('',#6002,.T.);
#6002 = EDGE_LOOP('',(#6003,#6004,#6005,#6006));
#6003 = ORIENTED_EDGE('',*,*,#4541,.F.);
#6004 = ORIENTED_EDGE('',*,*,#4564,.T.);
#6005 = ORIENTED_EDGE('',*,*,#4616,.T.);
#6006 = ORIENTED_EDGE('',*,*,#5060,.F.);
#6007 = PLANE('',#6008);
#6008 = AXIS2_PLACEMENT_3D('',#6009,#6010,#6011);
#6009 = CARTESIAN_POINT('',(2.19,0.25,-5.9));
#6010 = DIRECTION('',(0.,-0.707106781187,0.707106781187));
#6011 = DIRECTION('',(-1.,-0.,-0.));
#6012 = ADVANCED_FACE('',(#6013),#6019,.F.);
#6013 = FACE_BOUND('',#6014,.T.);
#6014 = EDGE_LOOP('',(#6015,#6016,#6017,#6018));
#6015 = ORIENTED_EDGE('',*,*,#4672,.F.);
#6016 = ORIENTED_EDGE('',*,*,#4695,.T.);
#6017 = ORIENTED_EDGE('',*,*,#4747,.T.);
#6018 = ORIENTED_EDGE('',*,*,#5077,.F.);
#6019 = PLANE('',#6020);
#6020 = AXIS2_PLACEMENT_3D('',#6021,#6022,#6023);
#6021 = CARTESIAN_POINT('',(4.73,0.25,-5.9));
#6022 = DIRECTION('',(0.,-0.707106781187,0.707106781187));
#6023 = DIRECTION('',(-1.,-0.,-0.));
#6024 = ADVANCED_FACE('',(#6025),#6031,.F.);
#6025 = FACE_BOUND('',#6026,.T.);
#6026 = EDGE_LOOP('',(#6027,#6028,#6029,#6030));
#6027 = ORIENTED_EDGE('',*,*,#4803,.F.);
#6028 = ORIENTED_EDGE('',*,*,#4826,.T.);
#6029 = ORIENTED_EDGE('',*,*,#4878,.T.);
#6030 = ORIENTED_EDGE('',*,*,#5094,.F.);
#6031 = PLANE('',#6032);
#6032 = AXIS2_PLACEMENT_3D('',#6033,#6034,#6035);
#6033 = CARTESIAN_POINT('',(7.27,0.25,-5.9));
#6034 = DIRECTION('',(0.,-0.707106781187,0.707106781187));
#6035 = DIRECTION('',(-1.,-0.,-0.));
#6036 = ADVANCED_FACE('',(#6037,#6044),#6080,.T.);
#6037 = FACE_BOUND('',#6038,.T.);
#6038 = EDGE_LOOP('',(#6039,#6040,#6041,#6042,#6043));
#6039 = ORIENTED_EDGE('',*,*,#5024,.T.);
#6040 = ORIENTED_EDGE('',*,*,#4957,.T.);
#6041 = ORIENTED_EDGE('',*,*,#4931,.T.);
#6042 = ORIENTED_EDGE('',*,*,#4973,.T.);
#6043 = ORIENTED_EDGE('',*,*,#5008,.T.);
#6044 = FACE_BOUND('',#6045,.T.);
#6045 = EDGE_LOOP('',(#6046,#6056,#6065,#6073));
#6046 = ORIENTED_EDGE('',*,*,#6047,.F.);
#6047 = EDGE_CURVE('',#6048,#6050,#6052,.T.);
#6048 = VERTEX_POINT('',#6049);
#6049 = CARTESIAN_POINT('',(1.32,0.25,10.6));
#6050 = VERTEX_POINT('',#6051);
#6051 = CARTESIAN_POINT('',(7.72,0.25,10.6));
#6052 = LINE('',#6053,#6054);
#6053 = CARTESIAN_POINT('',(2.952632192002,0.25,10.6));
#6054 = VECTOR('',#6055,1.);
#6055 = DIRECTION('',(1.,-6.037693903678E-18,0.));
#6056 = ORIENTED_EDGE('',*,*,#6057,.F.);
#6057 = EDGE_CURVE('',#6058,#6048,#6060,.T.);
#6058 = VERTEX_POINT('',#6059);
#6059 = CARTESIAN_POINT('',(1.32,0.25,7.2));
#6060 = CIRCLE('',#6061,1.7);
#6061 = AXIS2_PLACEMENT_3D('',#6062,#6063,#6064);
#6062 = CARTESIAN_POINT('',(1.32,0.25,8.9));
#6063 = DIRECTION('',(-0.,1.,2.22044604925E-16));
#6064 = DIRECTION('',(1.,0.,0.));
#6065 = ORIENTED_EDGE('',*,*,#6066,.T.);
#6066 = EDGE_CURVE('',#6058,#6067,#6069,.T.);
#6067 = VERTEX_POINT('',#6068);
#6068 = CARTESIAN_POINT('',(7.72,0.25,7.2));
#6069 = LINE('',#6070,#6071);
#6070 = CARTESIAN_POINT('',(2.952632192002,0.25,7.2));
#6071 = VECTOR('',#6072,1.);
#6072 = DIRECTION('',(1.,-6.037693903678E-18,0.));
#6073 = ORIENTED_EDGE('',*,*,#6074,.F.);
#6074 = EDGE_CURVE('',#6050,#6067,#6075,.T.);
#6075 = CIRCLE('',#6076,1.7);
#6076 = AXIS2_PLACEMENT_3D('',#6077,#6078,#6079);
#6077 = CARTESIAN_POINT('',(7.72,0.25,8.9));
#6078 = DIRECTION('',(-0.,1.,2.22044604925E-16));
#6079 = DIRECTION('',(1.,0.,0.));
#6080 = PLANE('',#6081);
#6081 = AXIS2_PLACEMENT_3D('',#6082,#6083,#6084);
#6082 = CARTESIAN_POINT('',(4.585264384003,0.25,8.9));
#6083 = DIRECTION('',(6.037693903678E-18,1.,3.937297302025E-18));
#6084 = DIRECTION('',(1.,-6.037693903678E-18,0.));
#6085 = ADVANCED_FACE('',(#6086),#6092,.F.);
#6086 = FACE_BOUND('',#6087,.F.);
#6087 = EDGE_LOOP('',(#6088,#6089,#6090,#6091));
#6088 = ORIENTED_EDGE('',*,*,#5217,.T.);
#6089 = ORIENTED_EDGE('',*,*,#5232,.T.);
#6090 = ORIENTED_EDGE('',*,*,#5258,.F.);
#6091 = ORIENTED_EDGE('',*,*,#5184,.F.);
#6092 = PLANE('',#6093);
#6093 = AXIS2_PLACEMENT_3D('',#6094,#6095,#6096);
#6094 = CARTESIAN_POINT('',(7.27,-2.15,0.8));
#6095 = DIRECTION('',(0.,1.,0.));
#6096 = DIRECTION('',(0.,0.,1.));
#6097 = ADVANCED_FACE('',(#6098),#6104,.F.);
#6098 = FACE_BOUND('',#6099,.F.);
#6099 = EDGE_LOOP('',(#6100,#6101,#6102,#6103));
#6100 = ORIENTED_EDGE('',*,*,#5313,.T.);
#6101 = ORIENTED_EDGE('',*,*,#5328,.T.);
#6102 = ORIENTED_EDGE('',*,*,#5354,.F.);
#6103 = ORIENTED_EDGE('',*,*,#5280,.F.);
#6104 = PLANE('',#6105);
#6105 = AXIS2_PLACEMENT_3D('',#6106,#6107,#6108);
#6106 = CARTESIAN_POINT('',(4.73,-2.15,0.8));
#6107 = DIRECTION('',(0.,1.,0.));
#6108 = DIRECTION('',(0.,0.,1.));
#6109 = ADVANCED_FACE('',(#6110),#6116,.F.);
#6110 = FACE_BOUND('',#6111,.F.);
#6111 = EDGE_LOOP('',(#6112,#6113,#6114,#6115));
#6112 = ORIENTED_EDGE('',*,*,#5409,.T.);
#6113 = ORIENTED_EDGE('',*,*,#5424,.T.);
#6114 = ORIENTED_EDGE('',*,*,#5450,.F.);
#6115 = ORIENTED_EDGE('',*,*,#5376,.F.);
#6116 = PLANE('',#6117);
#6117 = AXIS2_PLACEMENT_3D('',#6118,#6119,#6120);
#6118 = CARTESIAN_POINT('',(2.19,-2.15,0.8));
#6119 = DIRECTION('',(0.,1.,0.));
#6120 = DIRECTION('',(0.,0.,1.));
#6121 = ADVANCED_FACE('',(#6122),#6128,.F.);
#6122 = FACE_BOUND('',#6123,.F.);
#6123 = EDGE_LOOP('',(#6124,#6125,#6126,#6127));
#6124 = ORIENTED_EDGE('',*,*,#5505,.T.);
#6125 = ORIENTED_EDGE('',*,*,#5520,.T.);
#6126 = ORIENTED_EDGE('',*,*,#5546,.F.);
#6127 = ORIENTED_EDGE('',*,*,#5472,.F.);
#6128 = PLANE('',#6129);
#6129 = AXIS2_PLACEMENT_3D('',#6130,#6131,#6132);
#6130 = CARTESIAN_POINT('',(40.29,-2.15,0.8));
#6131 = DIRECTION('',(0.,1.,0.));
#6132 = DIRECTION('',(0.,0.,1.));
#6133 = ADVANCED_FACE('',(#6134),#6140,.F.);
#6134 = FACE_BOUND('',#6135,.F.);
#6135 = EDGE_LOOP('',(#6136,#6137,#6138,#6139));
#6136 = ORIENTED_EDGE('',*,*,#5601,.T.);
#6137 = ORIENTED_EDGE('',*,*,#5616,.T.);
#6138 = ORIENTED_EDGE('',*,*,#5642,.F.);
#6139 = ORIENTED_EDGE('',*,*,#5568,.F.);
#6140 = PLANE('',#6141);
#6141 = AXIS2_PLACEMENT_3D('',#6142,#6143,#6144);
#6142 = CARTESIAN_POINT('',(37.75,-2.15,0.8));
#6143 = DIRECTION('',(0.,1.,0.));
#6144 = DIRECTION('',(0.,0.,1.));
#6145 = ADVANCED_FACE('',(#6146),#6152,.F.);
#6146 = FACE_BOUND('',#6147,.F.);
#6147 = EDGE_LOOP('',(#6148,#6149,#6150,#6151));
#6148 = ORIENTED_EDGE('',*,*,#5697,.T.);
#6149 = ORIENTED_EDGE('',*,*,#5712,.T.);
#6150 = ORIENTED_EDGE('',*,*,#5738,.F.);
#6151 = ORIENTED_EDGE('',*,*,#5664,.F.);
#6152 = PLANE('',#6153);
#6153 = AXIS2_PLACEMENT_3D('',#6154,#6155,#6156);
#6154 = CARTESIAN_POINT('',(32.67,-2.15,0.8));
#6155 = DIRECTION('',(0.,1.,0.));
#6156 = DIRECTION('',(0.,0.,1.));
#6157 = ADVANCED_FACE('',(#6158),#6164,.F.);
#6158 = FACE_BOUND('',#6159,.F.);
#6159 = EDGE_LOOP('',(#6160,#6161,#6162,#6163));
#6160 = ORIENTED_EDGE('',*,*,#5793,.T.);
#6161 = ORIENTED_EDGE('',*,*,#5808,.T.);
#6162 = ORIENTED_EDGE('',*,*,#5834,.F.);
#6163 = ORIENTED_EDGE('',*,*,#5760,.F.);
#6164 = PLANE('',#6165);
#6165 = AXIS2_PLACEMENT_3D('',#6166,#6167,#6168);
#6166 = CARTESIAN_POINT('',(35.21,-2.15,0.8));
#6167 = DIRECTION('',(0.,1.,0.));
#6168 = DIRECTION('',(0.,0.,1.));
#6169 = ADVANCED_FACE('',(#6170),#6176,.F.);
#6170 = FACE_BOUND('',#6171,.F.);
#6171 = EDGE_LOOP('',(#6172,#6173,#6174,#6175));
#6172 = ORIENTED_EDGE('',*,*,#5889,.T.);
#6173 = ORIENTED_EDGE('',*,*,#5904,.T.);
#6174 = ORIENTED_EDGE('',*,*,#5930,.F.);
#6175 = ORIENTED_EDGE('',*,*,#5856,.F.);
#6176 = PLANE('',#6177);
#6177 = AXIS2_PLACEMENT_3D('',#6178,#6179,#6180);
#6178 = CARTESIAN_POINT('',(-0.35,-2.15,0.8));
#6179 = DIRECTION('',(0.,1.,0.));
#6180 = DIRECTION('',(0.,0.,1.));
#6181 = ADVANCED_FACE('',(#6182),#6207,.T.);
#6182 = FACE_BOUND('',#6183,.T.);
#6183 = EDGE_LOOP('',(#6184,#6192,#6193,#6201));
#6184 = ORIENTED_EDGE('',*,*,#6185,.F.);
#6185 = EDGE_CURVE('',#6048,#6186,#6188,.T.);
#6186 = VERTEX_POINT('',#6187);
#6187 = CARTESIAN_POINT('',(1.32,2.85,10.6));
#6188 = LINE('',#6189,#6190);
#6189 = CARTESIAN_POINT('',(1.32,-0.35,10.6));
#6190 = VECTOR('',#6191,1.);
#6191 = DIRECTION('',(0.,1.,0.));
#6192 = ORIENTED_EDGE('',*,*,#6047,.T.);
#6193 = ORIENTED_EDGE('',*,*,#6194,.T.);
#6194 = EDGE_CURVE('',#6050,#6195,#6197,.T.);
#6195 = VERTEX_POINT('',#6196);
#6196 = CARTESIAN_POINT('',(7.72,2.85,10.6));
#6197 = LINE('',#6198,#6199);
#6198 = CARTESIAN_POINT('',(7.72,-0.35,10.6));
#6199 = VECTOR('',#6200,1.);
#6200 = DIRECTION('',(0.,1.,0.));
#6201 = ORIENTED_EDGE('',*,*,#6202,.F.);
#6202 = EDGE_CURVE('',#6186,#6195,#6203,.T.);
#6203 = LINE('',#6204,#6205);
#6204 = CARTESIAN_POINT('',(1.32,2.85,10.6));
#6205 = VECTOR('',#6206,1.);
#6206 = DIRECTION('',(1.,0.,0.));
#6207 = PLANE('',#6208);
#6208 = AXIS2_PLACEMENT_3D('',#6209,#6210,#6211);
#6209 = CARTESIAN_POINT('',(1.32,-0.35,10.6));
#6210 = DIRECTION('',(0.,0.,1.));
#6211 = DIRECTION('',(1.,0.,0.));
#6212 = ADVANCED_FACE('',(#6213),#6241,.T.);
#6213 = FACE_BOUND('',#6214,.T.);
#6214 = EDGE_LOOP('',(#6215,#6216,#6224,#6233,#6240));
#6215 = ORIENTED_EDGE('',*,*,#6074,.T.);
#6216 = ORIENTED_EDGE('',*,*,#6217,.T.);
#6217 = EDGE_CURVE('',#6067,#6218,#6220,.T.);
#6218 = VERTEX_POINT('',#6219);
#6219 = CARTESIAN_POINT('',(7.72,2.85,7.2));
#6220 = LINE('',#6221,#6222);
#6221 = CARTESIAN_POINT('',(7.72,-0.35,7.2));
#6222 = VECTOR('',#6223,1.);
#6223 = DIRECTION('',(0.,1.,0.));
#6224 = ORIENTED_EDGE('',*,*,#6225,.F.);
#6225 = EDGE_CURVE('',#6226,#6218,#6228,.T.);
#6226 = VERTEX_POINT('',#6227);
#6227 = CARTESIAN_POINT('',(9.42,2.85,8.9));
#6228 = CIRCLE('',#6229,1.7);
#6229 = AXIS2_PLACEMENT_3D('',#6230,#6231,#6232);
#6230 = CARTESIAN_POINT('',(7.72,2.85,8.9));
#6231 = DIRECTION('',(-5.949367730578E-18,1.,5.959582652774E-17));
#6232 = DIRECTION('',(1.,5.949367730578E-18,-1.402254741829E-17));
#6233 = ORIENTED_EDGE('',*,*,#6234,.F.);
#6234 = EDGE_CURVE('',#6195,#6226,#6235,.T.);
#6235 = CIRCLE('',#6236,1.7);
#6236 = AXIS2_PLACEMENT_3D('',#6237,#6238,#6239);
#6237 = CARTESIAN_POINT('',(7.72,2.85,8.9));
#6238 = DIRECTION('',(-5.949367730578E-18,1.,5.959582652774E-17));
#6239 = DIRECTION('',(1.399851230724E-18,-5.959582652774E-17,1.));
#6240 = ORIENTED_EDGE('',*,*,#6194,.F.);
#6241 = CYLINDRICAL_SURFACE('',#6242,1.7);
#6242 = AXIS2_PLACEMENT_3D('',#6243,#6244,#6245);
#6243 = CARTESIAN_POINT('',(7.72,-0.35,8.9));
#6244 = DIRECTION('',(0.,1.,2.22044604925E-16));
#6245 = DIRECTION('',(1.,0.,0.));
#6246 = ADVANCED_FACE('',(#6247),#6265,.F.);
#6247 = FACE_BOUND('',#6248,.F.);
#6248 = EDGE_LOOP('',(#6249,#6257,#6258,#6259));
#6249 = ORIENTED_EDGE('',*,*,#6250,.F.);
#6250 = EDGE_CURVE('',#6058,#6251,#6253,.T.);
#6251 = VERTEX_POINT('',#6252);
#6252 = CARTESIAN_POINT('',(1.32,2.85,7.2));
#6253 = LINE('',#6254,#6255);
#6254 = CARTESIAN_POINT('',(1.32,-0.35,7.2));
#6255 = VECTOR('',#6256,1.);
#6256 = DIRECTION('',(0.,1.,0.));
#6257 = ORIENTED_EDGE('',*,*,#6066,.T.);
#6258 = ORIENTED_EDGE('',*,*,#6217,.T.);
#6259 = ORIENTED_EDGE('',*,*,#6260,.T.);
#6260 = EDGE_CURVE('',#6218,#6251,#6261,.T.);
#6261 = LINE('',#6262,#6263);
#6262 = CARTESIAN_POINT('',(7.72,2.85,7.2));
#6263 = VECTOR('',#6264,1.);
#6264 = DIRECTION('',(-1.,-0.,-0.));
#6265 = PLANE('',#6266);
#6266 = AXIS2_PLACEMENT_3D('',#6267,#6268,#6269);
#6267 = CARTESIAN_POINT('',(1.32,-0.35,7.2));
#6268 = DIRECTION('',(0.,0.,1.));
#6269 = DIRECTION('',(1.,0.,0.));
#6270 = ADVANCED_FACE('',(#6271),#6283,.T.);
#6271 = FACE_BOUND('',#6272,.T.);
#6272 = EDGE_LOOP('',(#6273,#6274,#6275,#6282));
#6273 = ORIENTED_EDGE('',*,*,#6057,.T.);
#6274 = ORIENTED_EDGE('',*,*,#6185,.T.);
#6275 = ORIENTED_EDGE('',*,*,#6276,.F.);
#6276 = EDGE_CURVE('',#6251,#6186,#6277,.T.);
#6277 = CIRCLE('',#6278,1.7);
#6278 = AXIS2_PLACEMENT_3D('',#6279,#6280,#6281);
#6279 = CARTESIAN_POINT('',(1.32,2.85,8.9));
#6280 = DIRECTION('',(-5.949367730578E-18,1.,5.959582652774E-17));
#6281 = DIRECTION('',(1.399851230724E-18,5.959582652774E-17,-1.));
#6282 = ORIENTED_EDGE('',*,*,#6250,.F.);
#6283 = CYLINDRICAL_SURFACE('',#6284,1.7);
#6284 = AXIS2_PLACEMENT_3D('',#6285,#6286,#6287);
#6285 = CARTESIAN_POINT('',(1.32,-0.35,8.9));
#6286 = DIRECTION('',(0.,1.,2.22044604925E-16));
#6287 = DIRECTION('',(1.,0.,0.));
#6288 = ADVANCED_FACE('',(#6289),#6316,.T.);
#6289 = FACE_BOUND('',#6290,.F.);
#6290 = EDGE_LOOP('',(#6291,#6300,#6308,#6315));
#6291 = ORIENTED_EDGE('',*,*,#6292,.T.);
#6292 = EDGE_CURVE('',#6186,#6293,#6295,.T.);
#6293 = VERTEX_POINT('',#6294);
#6294 = CARTESIAN_POINT('',(1.32,3.25,10.2));
#6295 = CIRCLE('',#6296,0.4);
#6296 = AXIS2_PLACEMENT_3D('',#6297,#6298,#6299);
#6297 = CARTESIAN_POINT('',(1.32,2.85,10.2));
#6298 = DIRECTION('',(-1.,0.,0.));
#6299 = DIRECTION('',(0.,0.,1.));
#6300 = ORIENTED_EDGE('',*,*,#6301,.T.);
#6301 = EDGE_CURVE('',#6293,#6302,#6304,.T.);
#6302 = VERTEX_POINT('',#6303);
#6303 = CARTESIAN_POINT('',(7.72,3.25,10.2));
#6304 = LINE('',#6305,#6306);
#6305 = CARTESIAN_POINT('',(1.32,3.25,10.2));
#6306 = VECTOR('',#6307,1.);
#6307 = DIRECTION('',(1.,0.,0.));
#6308 = ORIENTED_EDGE('',*,*,#6309,.F.);
#6309 = EDGE_CURVE('',#6195,#6302,#6310,.T.);
#6310 = CIRCLE('',#6311,0.4);
#6311 = AXIS2_PLACEMENT_3D('',#6312,#6313,#6314);
#6312 = CARTESIAN_POINT('',(7.72,2.85,10.2));
#6313 = DIRECTION('',(-1.,0.,0.));
#6314 = DIRECTION('',(0.,0.,1.));
#6315 = ORIENTED_EDGE('',*,*,#6202,.F.);
#6316 = CYLINDRICAL_SURFACE('',#6317,0.4);
#6317 = AXIS2_PLACEMENT_3D('',#6318,#6319,#6320);
#6318 = CARTESIAN_POINT('',(1.32,2.85,10.2));
#6319 = DIRECTION('',(1.,0.,0.));
#6320 = DIRECTION('',(0.,0.,1.));
#6321 = ADVANCED_FACE('',(#6322),#6342,.T.);
#6322 = FACE_BOUND('',#6323,.T.);
#6323 = EDGE_LOOP('',(#6324,#6325,#6326,#6335));
#6324 = ORIENTED_EDGE('',*,*,#6309,.F.);
#6325 = ORIENTED_EDGE('',*,*,#6234,.T.);
#6326 = ORIENTED_EDGE('',*,*,#6327,.T.);
#6327 = EDGE_CURVE('',#6226,#6328,#6330,.T.);
#6328 = VERTEX_POINT('',#6329);
#6329 = CARTESIAN_POINT('',(9.02,3.25,8.9));
#6330 = CIRCLE('',#6331,0.4);
#6331 = AXIS2_PLACEMENT_3D('',#6332,#6333,#6334);
#6332 = CARTESIAN_POINT('',(9.02,2.85,8.9));
#6333 = DIRECTION('',(-5.983248872664E-17,-5.959582652774E-17,1.));
#6334 = DIRECTION('',(1.,5.949367730578E-18,5.983248872664E-17));
#6335 = ORIENTED_EDGE('',*,*,#6336,.F.);
#6336 = EDGE_CURVE('',#6302,#6328,#6337,.T.);
#6337 = CIRCLE('',#6338,1.3);
#6338 = AXIS2_PLACEMENT_3D('',#6339,#6340,#6341);
#6339 = CARTESIAN_POINT('',(7.72,3.25,8.9));
#6340 = DIRECTION('',(-5.949367730578E-18,1.,5.959582652774E-17));
#6341 = DIRECTION('',(1.399851230724E-18,-5.959582652774E-17,1.));
#6342 = TOROIDAL_SURFACE('',#6343,1.3,0.4);
#6343 = AXIS2_PLACEMENT_3D('',#6344,#6345,#6346);
#6344 = CARTESIAN_POINT('',(7.72,2.85,8.9));
#6345 = DIRECTION('',(-5.949367730578E-18,1.,5.959582652774E-17));
#6346 = DIRECTION('',(1.399851230724E-18,-5.959582652774E-17,1.));
#6347 = ADVANCED_FACE('',(#6348),#6368,.T.);
#6348 = FACE_BOUND('',#6349,.T.);
#6349 = EDGE_LOOP('',(#6350,#6351,#6352,#6361));
#6350 = ORIENTED_EDGE('',*,*,#6327,.F.);
#6351 = ORIENTED_EDGE('',*,*,#6225,.T.);
#6352 = ORIENTED_EDGE('',*,*,#6353,.T.);
#6353 = EDGE_CURVE('',#6218,#6354,#6356,.T.);
#6354 = VERTEX_POINT('',#6355);
#6355 = CARTESIAN_POINT('',(7.72,3.25,7.6));
#6356 = CIRCLE('',#6357,0.4);
#6357 = AXIS2_PLACEMENT_3D('',#6358,#6359,#6360);
#6358 = CARTESIAN_POINT('',(7.72,2.85,7.6));
#6359 = DIRECTION('',(1.,5.949367730578E-18,9.353882122392E-16));
#6360 = DIRECTION('',(9.353882122392E-16,5.959582652774E-17,-1.));
#6361 = ORIENTED_EDGE('',*,*,#6362,.F.);
#6362 = EDGE_CURVE('',#6328,#6354,#6363,.T.);
#6363 = CIRCLE('',#6364,1.3);
#6364 = AXIS2_PLACEMENT_3D('',#6365,#6366,#6367);
#6365 = CARTESIAN_POINT('',(7.72,3.25,8.9));
#6366 = DIRECTION('',(-5.949367730578E-18,1.,5.959582652774E-17));
#6367 = DIRECTION('',(1.,5.949367730578E-18,-1.402254741829E-17));
#6368 = TOROIDAL_SURFACE('',#6369,1.3,0.4);
#6369 = AXIS2_PLACEMENT_3D('',#6370,#6371,#6372);
#6370 = CARTESIAN_POINT('',(7.72,2.85,8.9));
#6371 = DIRECTION('',(-5.949367730578E-18,1.,5.959582652774E-17));
#6372 = DIRECTION('',(1.,5.949367730578E-18,-1.402254741829E-17));
#6373 = ADVANCED_FACE('',(#6374),#6393,.T.);
#6374 = FACE_BOUND('',#6375,.F.);
#6375 = EDGE_LOOP('',(#6376,#6377,#6385,#6392));
#6376 = ORIENTED_EDGE('',*,*,#6353,.T.);
#6377 = ORIENTED_EDGE('',*,*,#6378,.T.);
#6378 = EDGE_CURVE('',#6354,#6379,#6381,.T.);
#6379 = VERTEX_POINT('',#6380);
#6380 = CARTESIAN_POINT('',(1.32,3.25,7.6));
#6381 = LINE('',#6382,#6383);
#6382 = CARTESIAN_POINT('',(7.72,3.25,7.6));
#6383 = VECTOR('',#6384,1.);
#6384 = DIRECTION('',(-1.,-0.,-0.));
#6385 = ORIENTED_EDGE('',*,*,#6386,.F.);
#6386 = EDGE_CURVE('',#6251,#6379,#6387,.T.);
#6387 = CIRCLE('',#6388,0.4);
#6388 = AXIS2_PLACEMENT_3D('',#6389,#6390,#6391);
#6389 = CARTESIAN_POINT('',(1.32,2.85,7.6));
#6390 = DIRECTION('',(1.,-0.,0.));
#6391 = DIRECTION('',(0.,0.,-1.));
#6392 = ORIENTED_EDGE('',*,*,#6260,.F.);
#6393 = CYLINDRICAL_SURFACE('',#6394,0.4);
#6394 = AXIS2_PLACEMENT_3D('',#6395,#6396,#6397);
#6395 = CARTESIAN_POINT('',(7.72,2.85,7.6));
#6396 = DIRECTION('',(-1.,-0.,-0.));
#6397 = DIRECTION('',(0.,0.,-1.));
#6398 = ADVANCED_FACE('',(#6399),#6411,.T.);
#6399 = FACE_BOUND('',#6400,.T.);
#6400 = EDGE_LOOP('',(#6401,#6402,#6403,#6404));
#6401 = ORIENTED_EDGE('',*,*,#6386,.F.);
#6402 = ORIENTED_EDGE('',*,*,#6276,.T.);
#6403 = ORIENTED_EDGE('',*,*,#6292,.T.);
#6404 = ORIENTED_EDGE('',*,*,#6405,.F.);
#6405 = EDGE_CURVE('',#6379,#6293,#6406,.T.);
#6406 = CIRCLE('',#6407,1.3);
#6407 = AXIS2_PLACEMENT_3D('',#6408,#6409,#6410);
#6408 = CARTESIAN_POINT('',(1.32,3.25,8.9));
#6409 = DIRECTION('',(-5.949367730578E-18,1.,5.959582652774E-17));
#6410 = DIRECTION('',(1.399851230724E-18,5.959582652774E-17,-1.));
#6411 = TOROIDAL_SURFACE('',#6412,1.3,0.4);
#6412 = AXIS2_PLACEMENT_3D('',#6413,#6414,#6415);
#6413 = CARTESIAN_POINT('',(1.32,2.85,8.9));
#6414 = DIRECTION('',(-5.949367730578E-18,1.,5.959582652774E-17));
#6415 = DIRECTION('',(1.399851230724E-18,5.959582652774E-17,-1.));
#6416 = ADVANCED_FACE('',(#6417),#6424,.T.);
#6417 = FACE_BOUND('',#6418,.T.);
#6418 = EDGE_LOOP('',(#6419,#6420,#6421,#6422,#6423));
#6419 = ORIENTED_EDGE('',*,*,#6301,.T.);
#6420 = ORIENTED_EDGE('',*,*,#6336,.T.);
#6421 = ORIENTED_EDGE('',*,*,#6362,.T.);
#6422 = ORIENTED_EDGE('',*,*,#6378,.T.);
#6423 = ORIENTED_EDGE('',*,*,#6405,.T.);
#6424 = PLANE('',#6425);
#6425 = AXIS2_PLACEMENT_3D('',#6426,#6427,#6428);
#6426 = CARTESIAN_POINT('',(4.569747034393,3.25,8.9));
#6427 = DIRECTION('',(-5.949367730578E-18,1.,5.959582652774E-17));
#6428 = DIRECTION('',(0.,-5.959582652774E-17,1.));
#6429 = ADVANCED_FACE('',(#6430),#6456,.T.);
#6430 = FACE_BOUND('',#6431,.T.);
#6431 = EDGE_LOOP('',(#6432,#6433,#6434,#6435,#6436,#6437,#6438,#6439,
    #6440,#6441,#6442,#6443,#6444,#6445,#6446,#6447,#6448,#6449,#6450,
    #6451,#6452,#6453,#6454,#6455));
#6432 = ORIENTED_EDGE('',*,*,#397,.T.);
#6433 = ORIENTED_EDGE('',*,*,#846,.T.);
#6434 = ORIENTED_EDGE('',*,*,#2148,.T.);
#6435 = ORIENTED_EDGE('',*,*,#804,.T.);
#6436 = ORIENTED_EDGE('',*,*,#2298,.T.);
#6437 = ORIENTED_EDGE('',*,*,#762,.T.);
#6438 = ORIENTED_EDGE('',*,*,#2448,.T.);
#6439 = ORIENTED_EDGE('',*,*,#720,.T.);
#6440 = ORIENTED_EDGE('',*,*,#2598,.T.);
#6441 = ORIENTED_EDGE('',*,*,#678,.T.);
#6442 = ORIENTED_EDGE('',*,*,#1425,.T.);
#6443 = ORIENTED_EDGE('',*,*,#32,.T.);
#6444 = ORIENTED_EDGE('',*,*,#1449,.F.);
#6445 = ORIENTED_EDGE('',*,*,#644,.T.);
#6446 = ORIENTED_EDGE('',*,*,#1548,.T.);
#6447 = ORIENTED_EDGE('',*,*,#981,.T.);
#6448 = ORIENTED_EDGE('',*,*,#1698,.T.);
#6449 = ORIENTED_EDGE('',*,*,#939,.T.);
#6450 = ORIENTED_EDGE('',*,*,#1848,.T.);
#6451 = ORIENTED_EDGE('',*,*,#897,.T.);
#6452 = ORIENTED_EDGE('',*,*,#1998,.T.);
#6453 = ORIENTED_EDGE('',*,*,#855,.T.);
#6454 = ORIENTED_EDGE('',*,*,#366,.F.);
#6455 = ORIENTED_EDGE('',*,*,#166,.F.);
#6456 = PLANE('',#6457);
#6457 = AXIS2_PLACEMENT_3D('',#6458,#6459,#6460);
#6458 = CARTESIAN_POINT('',(20.339826086957,-0.536086956522,
    -5.068409460245E-17));
#6459 = DIRECTION('',(-3.660229263392E-20,-7.021255376868E-17,-1.));
#6460 = DIRECTION('',(0.,-1.,7.021255376868E-17));
#6461 = ADVANCED_FACE('',(#6462),#6470,.T.);
#6462 = FACE_BOUND('',#6463,.T.);
#6463 = EDGE_LOOP('',(#6464,#6465,#6466,#6467,#6468,#6469));
#6464 = ORIENTED_EDGE('',*,*,#694,.T.);
#6465 = ORIENTED_EDGE('',*,*,#2630,.T.);
#6466 = ORIENTED_EDGE('',*,*,#4778,.F.);
#6467 = ORIENTED_EDGE('',*,*,#4769,.F.);
#6468 = ORIENTED_EDGE('',*,*,#2569,.F.);
#6469 = ORIENTED_EDGE('',*,*,#703,.T.);
#6470 = CYLINDRICAL_SURFACE('',#6471,0.6);
#6471 = AXIS2_PLACEMENT_3D('',#6472,#6473,#6474);
#6472 = CARTESIAN_POINT('',(7.62,-1.56,1.15));
#6473 = DIRECTION('',(0.,1.,2.22044604925E-16));
#6474 = DIRECTION('',(1.,0.,0.));
#6475 = ADVANCED_FACE('',(#6476),#6484,.T.);
#6476 = FACE_BOUND('',#6477,.T.);
#6477 = EDGE_LOOP('',(#6478,#6479,#6480,#6481,#6482,#6483));
#6478 = ORIENTED_EDGE('',*,*,#736,.T.);
#6479 = ORIENTED_EDGE('',*,*,#2480,.T.);
#6480 = ORIENTED_EDGE('',*,*,#4647,.F.);
#6481 = ORIENTED_EDGE('',*,*,#4638,.F.);
#6482 = ORIENTED_EDGE('',*,*,#2419,.F.);
#6483 = ORIENTED_EDGE('',*,*,#745,.T.);
#6484 = CYLINDRICAL_SURFACE('',#6485,0.6);
#6485 = AXIS2_PLACEMENT_3D('',#6486,#6487,#6488);
#6486 = CARTESIAN_POINT('',(5.08,-1.56,1.15));
#6487 = DIRECTION('',(0.,1.,2.22044604925E-16));
#6488 = DIRECTION('',(1.,0.,0.));
#6489 = ADVANCED_FACE('',(#6490),#6498,.T.);
#6490 = FACE_BOUND('',#6491,.T.);
#6491 = EDGE_LOOP('',(#6492,#6493,#6494,#6495,#6496,#6497));
#6492 = ORIENTED_EDGE('',*,*,#778,.T.);
#6493 = ORIENTED_EDGE('',*,*,#2330,.T.);
#6494 = ORIENTED_EDGE('',*,*,#4516,.F.);
#6495 = ORIENTED_EDGE('',*,*,#4507,.F.);
#6496 = ORIENTED_EDGE('',*,*,#2269,.F.);
#6497 = ORIENTED_EDGE('',*,*,#787,.T.);
#6498 = CYLINDRICAL_SURFACE('',#6499,0.6);
#6499 = AXIS2_PLACEMENT_3D('',#6500,#6501,#6502);
#6500 = CARTESIAN_POINT('',(2.54,-1.56,1.15));
#6501 = DIRECTION('',(0.,1.,2.22044604925E-16));
#6502 = DIRECTION('',(1.,0.,0.));
#6503 = ADVANCED_FACE('',(#6504),#6512,.T.);
#6504 = FACE_BOUND('',#6505,.T.);
#6505 = EDGE_LOOP('',(#6506,#6507,#6508,#6509,#6510,#6511));
#6506 = ORIENTED_EDGE('',*,*,#871,.T.);
#6507 = ORIENTED_EDGE('',*,*,#2030,.T.);
#6508 = ORIENTED_EDGE('',*,*,#4254,.F.);
#6509 = ORIENTED_EDGE('',*,*,#4245,.F.);
#6510 = ORIENTED_EDGE('',*,*,#1969,.F.);
#6511 = ORIENTED_EDGE('',*,*,#880,.T.);
#6512 = CYLINDRICAL_SURFACE('',#6513,0.6);
#6513 = AXIS2_PLACEMENT_3D('',#6514,#6515,#6516);
#6514 = CARTESIAN_POINT('',(40.64,-1.56,1.15));
#6515 = DIRECTION('',(0.,1.,2.22044604925E-16));
#6516 = DIRECTION('',(1.,0.,0.));
#6517 = ADVANCED_FACE('',(#6518),#6526,.T.);
#6518 = FACE_BOUND('',#6519,.T.);
#6519 = EDGE_LOOP('',(#6520,#6521,#6522,#6523,#6524,#6525));
#6520 = ORIENTED_EDGE('',*,*,#913,.T.);
#6521 = ORIENTED_EDGE('',*,*,#1880,.T.);
#6522 = ORIENTED_EDGE('',*,*,#4123,.F.);
#6523 = ORIENTED_EDGE('',*,*,#4114,.F.);
#6524 = ORIENTED_EDGE('',*,*,#1819,.F.);
#6525 = ORIENTED_EDGE('',*,*,#922,.T.);
#6526 = CYLINDRICAL_SURFACE('',#6527,0.6);
#6527 = AXIS2_PLACEMENT_3D('',#6528,#6529,#6530);
#6528 = CARTESIAN_POINT('',(38.1,-1.56,1.15));
#6529 = DIRECTION('',(0.,1.,2.22044604925E-16));
#6530 = DIRECTION('',(1.,0.,0.));
#6531 = ADVANCED_FACE('',(#6532),#6540,.T.);
#6532 = FACE_BOUND('',#6533,.T.);
#6533 = EDGE_LOOP('',(#6534,#6535,#6536,#6537,#6538,#6539));
#6534 = ORIENTED_EDGE('',*,*,#997,.T.);
#6535 = ORIENTED_EDGE('',*,*,#1580,.T.);
#6536 = ORIENTED_EDGE('',*,*,#3861,.F.);
#6537 = ORIENTED_EDGE('',*,*,#3852,.F.);
#6538 = ORIENTED_EDGE('',*,*,#1519,.F.);
#6539 = ORIENTED_EDGE('',*,*,#1006,.T.);
#6540 = CYLINDRICAL_SURFACE('',#6541,0.6);
#6541 = AXIS2_PLACEMENT_3D('',#6542,#6543,#6544);
#6542 = CARTESIAN_POINT('',(33.02,-1.56,1.15));
#6543 = DIRECTION('',(0.,1.,2.22044604925E-16));
#6544 = DIRECTION('',(1.,0.,0.));
#6545 = ADVANCED_FACE('',(#6546),#6554,.T.);
#6546 = FACE_BOUND('',#6547,.T.);
#6547 = EDGE_LOOP('',(#6548,#6549,#6550,#6551,#6552,#6553));
#6548 = ORIENTED_EDGE('',*,*,#955,.T.);
#6549 = ORIENTED_EDGE('',*,*,#1730,.T.);
#6550 = ORIENTED_EDGE('',*,*,#3992,.F.);
#6551 = ORIENTED_EDGE('',*,*,#3983,.F.);
#6552 = ORIENTED_EDGE('',*,*,#1669,.F.);
#6553 = ORIENTED_EDGE('',*,*,#964,.T.);
#6554 = CYLINDRICAL_SURFACE('',#6555,0.6);
#6555 = AXIS2_PLACEMENT_3D('',#6556,#6557,#6558);
#6556 = CARTESIAN_POINT('',(35.56,-1.56,1.15));
#6557 = DIRECTION('',(0.,1.,2.22044604925E-16));
#6558 = DIRECTION('',(1.,0.,0.));
#6559 = ADVANCED_FACE('',(#6560),#6568,.T.);
#6560 = FACE_BOUND('',#6561,.T.);
#6561 = EDGE_LOOP('',(#6562,#6563,#6564,#6565,#6566,#6567));
#6562 = ORIENTED_EDGE('',*,*,#820,.T.);
#6563 = ORIENTED_EDGE('',*,*,#2180,.T.);
#6564 = ORIENTED_EDGE('',*,*,#4385,.F.);
#6565 = ORIENTED_EDGE('',*,*,#4376,.F.);
#6566 = ORIENTED_EDGE('',*,*,#2119,.F.);
#6567 = ORIENTED_EDGE('',*,*,#829,.T.);
#6568 = CYLINDRICAL_SURFACE('',#6569,0.6);
#6569 = AXIS2_PLACEMENT_3D('',#6570,#6571,#6572);
#6570 = CARTESIAN_POINT('',(0.,-1.56,1.15));
#6571 = DIRECTION('',(0.,1.,-2.22044604925E-16));
#6572 = DIRECTION('',(1.,0.,0.));
#6573 = ( GEOMETRIC_REPRESENTATION_CONTEXT(3) 
GLOBAL_UNCERTAINTY_ASSIGNED_CONTEXT((#6577)) 
GLOBAL_UNIT_ASSIGNED_CONTEXT((#6574,#6575,#6576)) REPRESENTATION_CONTEXT
('Context #1','3D Context with UNIT and UNCERTAINTY') );
#6574 = ( LENGTH_UNIT() NAMED_UNIT(*) SI_UNIT(.MILLI.,.METRE.) );
#6575 = ( NAMED_UNIT(*) PLANE_ANGLE_UNIT() SI_UNIT($,.RADIAN.) );
#6576 = ( NAMED_UNIT(*) SI_UNIT($,.STERADIAN.) SOLID_ANGLE_UNIT() );
#6577 = UNCERTAINTY_MEASURE_WITH_UNIT(LENGTH_MEASURE(2.E-05),#6574,
  'distance_accuracy_value','confusion accuracy');
#6578 = PRODUCT_RELATED_PRODUCT_CATEGORY('part',$,(#7));
#6579 = MECHANICAL_DESIGN_GEOMETRIC_PRESENTATION_REPRESENTATION('',(
    #6580,#6588,#6595,#6603,#6610,#6618,#6625,#6632,#6639,#6646,#6653,
    #6660,#6667,#6674,#6681,#6688,#6695,#6702,#6709,#6716,#6723,#6730,
    #6737,#6744,#6751,#6758,#6765,#6772,#6779,#6786,#6793,#6800,#6807,
    #6814,#6821,#6828,#6835,#6842,#6849,#6856,#6863,#6870,#6877,#6884,
    #6891,#6898,#6905,#6912,#6919,#6926,#6933,#6940,#6947,#6954,#6961,
    #6968,#6975,#6982,#6989,#6996,#7003,#7010,#7017,#7024,#7031,#7038,
    #7045,#7052,#7059,#7066,#7073,#7080,#7087,#7094,#7101,#7108,#7115,
    #7122,#7129,#7136,#7143,#7150,#7157,#7164,#7171,#7178,#7185,#7192,
    #7199,#7206,#7213,#7220,#7227,#7234,#7241,#7248,#7255,#7262,#7269,
    #7276,#7283,#7290,#7297,#7304,#7311,#7318,#7325,#7332,#7339,#7346,
    #7353,#7360,#7367,#7374,#7381,#7388,#7395,#7402,#7409,#7416,#7423,
    #7430,#7437,#7444,#7451,#7458,#7465,#7472,#7479,#7486,#7493,#7500,
    #7507,#7514,#7521,#7528,#7535,#7542,#7549,#7556,#7563,#7570,#7577,
    #7584,#7591,#7598,#7605,#7612,#7619,#7626,#7633,#7640,#7647,#7654,
    #7661,#7668,#7675,#7682,#7689,#7696,#7703,#7710,#7717,#7724,#7731,
    #7738,#7745,#7752,#7759,#7766,#7773,#7780,#7787,#7794,#7801,#7808,
    #7815,#7822,#7829,#7836,#7843,#7850,#7857,#7864,#7871,#7878,#7885,
    #7892,#7899,#7906,#7913,#7920,#7927,#7934,#7941,#7948,#7955,#7962,
    #7969,#7976,#7983,#7990,#7997,#8004,#8011,#8018,#8025,#8032,#8039,
    #8046,#8053,#8060,#8067,#8074,#8081,#8088,#8095,#8102,#8109,#8116,
    #8123,#8130,#8137,#8144,#8151,#8158,#8165,#8172,#8179,#8186,#8193),
  #6573);
#6580 = STYLED_ITEM('color',(#6581),#17);
#6581 = PRESENTATION_STYLE_ASSIGNMENT((#6582));
#6582 = SURFACE_STYLE_USAGE(.BOTH.,#6583);
#6583 = SURFACE_SIDE_STYLE('',(#6584));
#6584 = SURFACE_STYLE_FILL_AREA(#6585);
#6585 = FILL_AREA_STYLE('',(#6586));
#6586 = FILL_AREA_STYLE_COLOUR('',#6587);
#6587 = COLOUR_RGB('',0.800000011921,0.800000011921,0.800000011921);
#6588 = STYLED_ITEM('color',(#6589),#59);
#6589 = PRESENTATION_STYLE_ASSIGNMENT((#6590));
#6590 = SURFACE_STYLE_USAGE(.BOTH.,#6591);
#6591 = SURFACE_SIDE_STYLE('',(#6592));
#6592 = SURFACE_STYLE_FILL_AREA(#6593);
#6593 = FILL_AREA_STYLE('',(#6594));
#6594 = FILL_AREA_STYLE_COLOUR('',#6587);
#6595 = STYLED_ITEM('color',(#6596),#91);
#6596 = PRESENTATION_STYLE_ASSIGNMENT((#6597));
#6597 = SURFACE_STYLE_USAGE(.BOTH.,#6598);
#6598 = SURFACE_SIDE_STYLE('',(#6599));
#6599 = SURFACE_STYLE_FILL_AREA(#6600);
#6600 = FILL_AREA_STYLE('',(#6601));
#6601 = FILL_AREA_STYLE_COLOUR('',#6602);
#6602 = DRAUGHTING_PRE_DEFINED_COLOUR('black');
#6603 = STYLED_ITEM('color',(#6604),#131);
#6604 = PRESENTATION_STYLE_ASSIGNMENT((#6605));
#6605 = SURFACE_STYLE_USAGE(.BOTH.,#6606);
#6606 = SURFACE_SIDE_STYLE('',(#6607));
#6607 = SURFACE_STYLE_FILL_AREA(#6608);
#6608 = FILL_AREA_STYLE('',(#6609));
#6609 = FILL_AREA_STYLE_COLOUR('',#6602);
#6610 = STYLED_ITEM('color',(#6611),#162);
#6611 = PRESENTATION_STYLE_ASSIGNMENT((#6612));
#6612 = SURFACE_STYLE_USAGE(.BOTH.,#6613);
#6613 = SURFACE_SIDE_STYLE('',(#6614));
#6614 = SURFACE_STYLE_FILL_AREA(#6615);
#6615 = FILL_AREA_STYLE('',(#6616));
#6616 = FILL_AREA_STYLE_COLOUR('',#6617);
#6617 = COLOUR_RGB('',0.,0.501960813999,0.);
#6618 = STYLED_ITEM('color',(#6619),#308);
#6619 = PRESENTATION_STYLE_ASSIGNMENT((#6620));
#6620 = SURFACE_STYLE_USAGE(.BOTH.,#6621);
#6621 = SURFACE_SIDE_STYLE('',(#6622));
#6622 = SURFACE_STYLE_FILL_AREA(#6623);
#6623 = FILL_AREA_STYLE('',(#6624));
#6624 = FILL_AREA_STYLE_COLOUR('',#6602);
#6625 = STYLED_ITEM('color',(#6626),#332);
#6626 = PRESENTATION_STYLE_ASSIGNMENT((#6627));
#6627 = SURFACE_STYLE_USAGE(.BOTH.,#6628);
#6628 = SURFACE_SIDE_STYLE('',(#6629));
#6629 = SURFACE_STYLE_FILL_AREA(#6630);
#6630 = FILL_AREA_STYLE('',(#6631));
#6631 = FILL_AREA_STYLE_COLOUR('',#6602);
#6632 = STYLED_ITEM('color',(#6633),#349);
#6633 = PRESENTATION_STYLE_ASSIGNMENT((#6634));
#6634 = SURFACE_STYLE_USAGE(.BOTH.,#6635);
#6635 = SURFACE_SIDE_STYLE('',(#6636));
#6636 = SURFACE_STYLE_FILL_AREA(#6637);
#6637 = FILL_AREA_STYLE('',(#6638));
#6638 = FILL_AREA_STYLE_COLOUR('',#6602);
#6639 = STYLED_ITEM('color',(#6640),#361);
#6640 = PRESENTATION_STYLE_ASSIGNMENT((#6641));
#6641 = SURFACE_STYLE_USAGE(.BOTH.,#6642);
#6642 = SURFACE_SIDE_STYLE('',(#6643));
#6643 = SURFACE_STYLE_FILL_AREA(#6644);
#6644 = FILL_AREA_STYLE('',(#6645));
#6645 = FILL_AREA_STYLE_COLOUR('',#6617);
#6646 = STYLED_ITEM('color',(#6647),#392);
#6647 = PRESENTATION_STYLE_ASSIGNMENT((#6648));
#6648 = SURFACE_STYLE_USAGE(.BOTH.,#6649);
#6649 = SURFACE_SIDE_STYLE('',(#6650));
#6650 = SURFACE_STYLE_FILL_AREA(#6651);
#6651 = FILL_AREA_STYLE('',(#6652));
#6652 = FILL_AREA_STYLE_COLOUR('',#6617);
#6653 = STYLED_ITEM('color',(#6654),#423);
#6654 = PRESENTATION_STYLE_ASSIGNMENT((#6655));
#6655 = SURFACE_STYLE_USAGE(.BOTH.,#6656);
#6656 = SURFACE_SIDE_STYLE('',(#6657));
#6657 = SURFACE_STYLE_FILL_AREA(#6658);
#6658 = FILL_AREA_STYLE('',(#6659));
#6659 = FILL_AREA_STYLE_COLOUR('',#6617);
#6660 = STYLED_ITEM('color',(#6661),#440);
#6661 = PRESENTATION_STYLE_ASSIGNMENT((#6662));
#6662 = SURFACE_STYLE_USAGE(.BOTH.,#6663);
#6663 = SURFACE_SIDE_STYLE('',(#6664));
#6664 = SURFACE_STYLE_FILL_AREA(#6665);
#6665 = FILL_AREA_STYLE('',(#6666));
#6666 = FILL_AREA_STYLE_COLOUR('',#6587);
#6667 = STYLED_ITEM('color',(#6668),#465);
#6668 = PRESENTATION_STYLE_ASSIGNMENT((#6669));
#6669 = SURFACE_STYLE_USAGE(.BOTH.,#6670);
#6670 = SURFACE_SIDE_STYLE('',(#6671));
#6671 = SURFACE_STYLE_FILL_AREA(#6672);
#6672 = FILL_AREA_STYLE('',(#6673));
#6673 = FILL_AREA_STYLE_COLOUR('',#6587);
#6674 = STYLED_ITEM('color',(#6675),#490);
#6675 = PRESENTATION_STYLE_ASSIGNMENT((#6676));
#6676 = SURFACE_STYLE_USAGE(.BOTH.,#6677);
#6677 = SURFACE_SIDE_STYLE('',(#6678));
#6678 = SURFACE_STYLE_FILL_AREA(#6679);
#6679 = FILL_AREA_STYLE('',(#6680));
#6680 = FILL_AREA_STYLE_COLOUR('',#6587);
#6681 = STYLED_ITEM('color',(#6682),#515);
#6682 = PRESENTATION_STYLE_ASSIGNMENT((#6683));
#6683 = SURFACE_STYLE_USAGE(.BOTH.,#6684);
#6684 = SURFACE_SIDE_STYLE('',(#6685));
#6685 = SURFACE_STYLE_FILL_AREA(#6686);
#6686 = FILL_AREA_STYLE('',(#6687));
#6687 = FILL_AREA_STYLE_COLOUR('',#6587);
#6688 = STYLED_ITEM('color',(#6689),#540);
#6689 = PRESENTATION_STYLE_ASSIGNMENT((#6690));
#6690 = SURFACE_STYLE_USAGE(.BOTH.,#6691);
#6691 = SURFACE_SIDE_STYLE('',(#6692));
#6692 = SURFACE_STYLE_FILL_AREA(#6693);
#6693 = FILL_AREA_STYLE('',(#6694));
#6694 = FILL_AREA_STYLE_COLOUR('',#6587);
#6695 = STYLED_ITEM('color',(#6696),#565);
#6696 = PRESENTATION_STYLE_ASSIGNMENT((#6697));
#6697 = SURFACE_STYLE_USAGE(.BOTH.,#6698);
#6698 = SURFACE_SIDE_STYLE('',(#6699));
#6699 = SURFACE_STYLE_FILL_AREA(#6700);
#6700 = FILL_AREA_STYLE('',(#6701));
#6701 = FILL_AREA_STYLE_COLOUR('',#6587);
#6702 = STYLED_ITEM('color',(#6703),#590);
#6703 = PRESENTATION_STYLE_ASSIGNMENT((#6704));
#6704 = SURFACE_STYLE_USAGE(.BOTH.,#6705);
#6705 = SURFACE_SIDE_STYLE('',(#6706));
#6706 = SURFACE_STYLE_FILL_AREA(#6707);
#6707 = FILL_AREA_STYLE('',(#6708));
#6708 = FILL_AREA_STYLE_COLOUR('',#6587);
#6709 = STYLED_ITEM('color',(#6710),#615);
#6710 = PRESENTATION_STYLE_ASSIGNMENT((#6711));
#6711 = SURFACE_STYLE_USAGE(.BOTH.,#6712);
#6712 = SURFACE_SIDE_STYLE('',(#6713));
#6713 = SURFACE_STYLE_FILL_AREA(#6714);
#6714 = FILL_AREA_STYLE('',(#6715));
#6715 = FILL_AREA_STYLE_COLOUR('',#6587);
#6716 = STYLED_ITEM('color',(#6717),#640);
#6717 = PRESENTATION_STYLE_ASSIGNMENT((#6718));
#6718 = SURFACE_STYLE_USAGE(.BOTH.,#6719);
#6719 = SURFACE_SIDE_STYLE('',(#6720));
#6720 = SURFACE_STYLE_FILL_AREA(#6721);
#6721 = FILL_AREA_STYLE('',(#6722));
#6722 = FILL_AREA_STYLE_COLOUR('',#6617);
#6723 = STYLED_ITEM('color',(#6724),#1070);
#6724 = PRESENTATION_STYLE_ASSIGNMENT((#6725));
#6725 = SURFACE_STYLE_USAGE(.BOTH.,#6726);
#6726 = SURFACE_SIDE_STYLE('',(#6727));
#6727 = SURFACE_STYLE_FILL_AREA(#6728);
#6728 = FILL_AREA_STYLE('',(#6729));
#6729 = FILL_AREA_STYLE_COLOUR('',#6587);
#6730 = STYLED_ITEM('color',(#6731),#1113);
#6731 = PRESENTATION_STYLE_ASSIGNMENT((#6732));
#6732 = SURFACE_STYLE_USAGE(.BOTH.,#6733);
#6733 = SURFACE_SIDE_STYLE('',(#6734));
#6734 = SURFACE_STYLE_FILL_AREA(#6735);
#6735 = FILL_AREA_STYLE('',(#6736));
#6736 = FILL_AREA_STYLE_COLOUR('',#6587);
#6737 = STYLED_ITEM('color',(#6738),#1156);
#6738 = PRESENTATION_STYLE_ASSIGNMENT((#6739));
#6739 = SURFACE_STYLE_USAGE(.BOTH.,#6740);
#6740 = SURFACE_SIDE_STYLE('',(#6741));
#6741 = SURFACE_STYLE_FILL_AREA(#6742);
#6742 = FILL_AREA_STYLE('',(#6743));
#6743 = FILL_AREA_STYLE_COLOUR('',#6587);
#6744 = STYLED_ITEM('color',(#6745),#1199);
#6745 = PRESENTATION_STYLE_ASSIGNMENT((#6746));
#6746 = SURFACE_STYLE_USAGE(.BOTH.,#6747);
#6747 = SURFACE_SIDE_STYLE('',(#6748));
#6748 = SURFACE_STYLE_FILL_AREA(#6749);
#6749 = FILL_AREA_STYLE('',(#6750));
#6750 = FILL_AREA_STYLE_COLOUR('',#6587);
#6751 = STYLED_ITEM('color',(#6752),#1242);
#6752 = PRESENTATION_STYLE_ASSIGNMENT((#6753));
#6753 = SURFACE_STYLE_USAGE(.BOTH.,#6754);
#6754 = SURFACE_SIDE_STYLE('',(#6755));
#6755 = SURFACE_STYLE_FILL_AREA(#6756);
#6756 = FILL_AREA_STYLE('',(#6757));
#6757 = FILL_AREA_STYLE_COLOUR('',#6587);
#6758 = STYLED_ITEM('color',(#6759),#1285);
#6759 = PRESENTATION_STYLE_ASSIGNMENT((#6760));
#6760 = SURFACE_STYLE_USAGE(.BOTH.,#6761);
#6761 = SURFACE_SIDE_STYLE('',(#6762));
#6762 = SURFACE_STYLE_FILL_AREA(#6763);
#6763 = FILL_AREA_STYLE('',(#6764));
#6764 = FILL_AREA_STYLE_COLOUR('',#6587);
#6765 = STYLED_ITEM('color',(#6766),#1328);
#6766 = PRESENTATION_STYLE_ASSIGNMENT((#6767));
#6767 = SURFACE_STYLE_USAGE(.BOTH.,#6768);
#6768 = SURFACE_SIDE_STYLE('',(#6769));
#6769 = SURFACE_STYLE_FILL_AREA(#6770);
#6770 = FILL_AREA_STYLE('',(#6771));
#6771 = FILL_AREA_STYLE_COLOUR('',#6587);
#6772 = STYLED_ITEM('color',(#6773),#1371);
#6773 = PRESENTATION_STYLE_ASSIGNMENT((#6774));
#6774 = SURFACE_STYLE_USAGE(.BOTH.,#6775);
#6775 = SURFACE_SIDE_STYLE('',(#6776));
#6776 = SURFACE_STYLE_FILL_AREA(#6777);
#6777 = FILL_AREA_STYLE('',(#6778));
#6778 = FILL_AREA_STYLE_COLOUR('',#6587);
#6779 = STYLED_ITEM('color',(#6780),#1414);
#6780 = PRESENTATION_STYLE_ASSIGNMENT((#6781));
#6781 = SURFACE_STYLE_USAGE(.BOTH.,#6782);
#6782 = SURFACE_SIDE_STYLE('',(#6783));
#6783 = SURFACE_STYLE_FILL_AREA(#6784);
#6784 = FILL_AREA_STYLE('',(#6785));
#6785 = FILL_AREA_STYLE_COLOUR('',#6587);
#6786 = STYLED_ITEM('color',(#6787),#1436);
#6787 = PRESENTATION_STYLE_ASSIGNMENT((#6788));
#6788 = SURFACE_STYLE_USAGE(.BOTH.,#6789);
#6789 = SURFACE_SIDE_STYLE('',(#6790));
#6790 = SURFACE_STYLE_FILL_AREA(#6791);
#6791 = FILL_AREA_STYLE('',(#6792));
#6792 = FILL_AREA_STYLE_COLOUR('',#6587);
#6793 = STYLED_ITEM('color',(#6794),#1465);
#6794 = PRESENTATION_STYLE_ASSIGNMENT((#6795));
#6795 = SURFACE_STYLE_USAGE(.BOTH.,#6796);
#6796 = SURFACE_SIDE_STYLE('',(#6797));
#6797 = SURFACE_STYLE_FILL_AREA(#6798);
#6798 = FILL_AREA_STYLE('',(#6799));
#6799 = FILL_AREA_STYLE_COLOUR('',#6587);
#6800 = STYLED_ITEM('color',(#6801),#1529);
#6801 = PRESENTATION_STYLE_ASSIGNMENT((#6802));
#6802 = SURFACE_STYLE_USAGE(.BOTH.,#6803);
#6803 = SURFACE_SIDE_STYLE('',(#6804));
#6804 = SURFACE_STYLE_FILL_AREA(#6805);
#6805 = FILL_AREA_STYLE('',(#6806));
#6806 = FILL_AREA_STYLE_COLOUR('',#6587);
#6807 = STYLED_ITEM('color',(#6808),#1558);
#6808 = PRESENTATION_STYLE_ASSIGNMENT((#6809));
#6809 = SURFACE_STYLE_USAGE(.BOTH.,#6810);
#6810 = SURFACE_SIDE_STYLE('',(#6811));
#6811 = SURFACE_STYLE_FILL_AREA(#6812);
#6812 = FILL_AREA_STYLE('',(#6813));
#6813 = FILL_AREA_STYLE_COLOUR('',#6587);
#6814 = STYLED_ITEM('color',(#6815),#1615);
#6815 = PRESENTATION_STYLE_ASSIGNMENT((#6816));
#6816 = SURFACE_STYLE_USAGE(.BOTH.,#6817);
#6817 = SURFACE_SIDE_STYLE('',(#6818));
#6818 = SURFACE_STYLE_FILL_AREA(#6819);
#6819 = FILL_AREA_STYLE('',(#6820));
#6820 = FILL_AREA_STYLE_COLOUR('',#6587);
#6821 = STYLED_ITEM('color',(#6822),#1679);
#6822 = PRESENTATION_STYLE_ASSIGNMENT((#6823));
#6823 = SURFACE_STYLE_USAGE(.BOTH.,#6824);
#6824 = SURFACE_SIDE_STYLE('',(#6825));
#6825 = SURFACE_STYLE_FILL_AREA(#6826);
#6826 = FILL_AREA_STYLE('',(#6827));
#6827 = FILL_AREA_STYLE_COLOUR('',#6587);
#6828 = STYLED_ITEM('color',(#6829),#1708);
#6829 = PRESENTATION_STYLE_ASSIGNMENT((#6830));
#6830 = SURFACE_STYLE_USAGE(.BOTH.,#6831);
#6831 = SURFACE_SIDE_STYLE('',(#6832));
#6832 = SURFACE_STYLE_FILL_AREA(#6833);
#6833 = FILL_AREA_STYLE('',(#6834));
#6834 = FILL_AREA_STYLE_COLOUR('',#6587);
#6835 = STYLED_ITEM('color',(#6836),#1765);
#6836 = PRESENTATION_STYLE_ASSIGNMENT((#6837));
#6837 = SURFACE_STYLE_USAGE(.BOTH.,#6838);
#6838 = SURFACE_SIDE_STYLE('',(#6839));
#6839 = SURFACE_STYLE_FILL_AREA(#6840);
#6840 = FILL_AREA_STYLE('',(#6841));
#6841 = FILL_AREA_STYLE_COLOUR('',#6587);
#6842 = STYLED_ITEM('color',(#6843),#1829);
#6843 = PRESENTATION_STYLE_ASSIGNMENT((#6844));
#6844 = SURFACE_STYLE_USAGE(.BOTH.,#6845);
#6845 = SURFACE_SIDE_STYLE('',(#6846));
#6846 = SURFACE_STYLE_FILL_AREA(#6847);
#6847 = FILL_AREA_STYLE('',(#6848));
#6848 = FILL_AREA_STYLE_COLOUR('',#6587);
#6849 = STYLED_ITEM('color',(#6850),#1858);
#6850 = PRESENTATION_STYLE_ASSIGNMENT((#6851));
#6851 = SURFACE_STYLE_USAGE(.BOTH.,#6852);
#6852 = SURFACE_SIDE_STYLE('',(#6853));
#6853 = SURFACE_STYLE_FILL_AREA(#6854);
#6854 = FILL_AREA_STYLE('',(#6855));
#6855 = FILL_AREA_STYLE_COLOUR('',#6587);
#6856 = STYLED_ITEM('color',(#6857),#1915);
#6857 = PRESENTATION_STYLE_ASSIGNMENT((#6858));
#6858 = SURFACE_STYLE_USAGE(.BOTH.,#6859);
#6859 = SURFACE_SIDE_STYLE('',(#6860));
#6860 = SURFACE_STYLE_FILL_AREA(#6861);
#6861 = FILL_AREA_STYLE('',(#6862));
#6862 = FILL_AREA_STYLE_COLOUR('',#6587);
#6863 = STYLED_ITEM('color',(#6864),#1979);
#6864 = PRESENTATION_STYLE_ASSIGNMENT((#6865));
#6865 = SURFACE_STYLE_USAGE(.BOTH.,#6866);
#6866 = SURFACE_SIDE_STYLE('',(#6867));
#6867 = SURFACE_STYLE_FILL_AREA(#6868);
#6868 = FILL_AREA_STYLE('',(#6869));
#6869 = FILL_AREA_STYLE_COLOUR('',#6587);
#6870 = STYLED_ITEM('color',(#6871),#2008);
#6871 = PRESENTATION_STYLE_ASSIGNMENT((#6872));
#6872 = SURFACE_STYLE_USAGE(.BOTH.,#6873);
#6873 = SURFACE_SIDE_STYLE('',(#6874));
#6874 = SURFACE_STYLE_FILL_AREA(#6875);
#6875 = FILL_AREA_STYLE('',(#6876));
#6876 = FILL_AREA_STYLE_COLOUR('',#6587);
#6877 = STYLED_ITEM('color',(#6878),#2065);
#6878 = PRESENTATION_STYLE_ASSIGNMENT((#6879));
#6879 = SURFACE_STYLE_USAGE(.BOTH.,#6880);
#6880 = SURFACE_SIDE_STYLE('',(#6881));
#6881 = SURFACE_STYLE_FILL_AREA(#6882);
#6882 = FILL_AREA_STYLE('',(#6883));
#6883 = FILL_AREA_STYLE_COLOUR('',#6587);
#6884 = STYLED_ITEM('color',(#6885),#2129);
#6885 = PRESENTATION_STYLE_ASSIGNMENT((#6886));
#6886 = SURFACE_STYLE_USAGE(.BOTH.,#6887);
#6887 = SURFACE_SIDE_STYLE('',(#6888));
#6888 = SURFACE_STYLE_FILL_AREA(#6889);
#6889 = FILL_AREA_STYLE('',(#6890));
#6890 = FILL_AREA_STYLE_COLOUR('',#6587);
#6891 = STYLED_ITEM('color',(#6892),#2158);
#6892 = PRESENTATION_STYLE_ASSIGNMENT((#6893));
#6893 = SURFACE_STYLE_USAGE(.BOTH.,#6894);
#6894 = SURFACE_SIDE_STYLE('',(#6895));
#6895 = SURFACE_STYLE_FILL_AREA(#6896);
#6896 = FILL_AREA_STYLE('',(#6897));
#6897 = FILL_AREA_STYLE_COLOUR('',#6587);
#6898 = STYLED_ITEM('color',(#6899),#2215);
#6899 = PRESENTATION_STYLE_ASSIGNMENT((#6900));
#6900 = SURFACE_STYLE_USAGE(.BOTH.,#6901);
#6901 = SURFACE_SIDE_STYLE('',(#6902));
#6902 = SURFACE_STYLE_FILL_AREA(#6903);
#6903 = FILL_AREA_STYLE('',(#6904));
#6904 = FILL_AREA_STYLE_COLOUR('',#6587);
#6905 = STYLED_ITEM('color',(#6906),#2279);
#6906 = PRESENTATION_STYLE_ASSIGNMENT((#6907));
#6907 = SURFACE_STYLE_USAGE(.BOTH.,#6908);
#6908 = SURFACE_SIDE_STYLE('',(#6909));
#6909 = SURFACE_STYLE_FILL_AREA(#6910);
#6910 = FILL_AREA_STYLE('',(#6911));
#6911 = FILL_AREA_STYLE_COLOUR('',#6587);
#6912 = STYLED_ITEM('color',(#6913),#2308);
#6913 = PRESENTATION_STYLE_ASSIGNMENT((#6914));
#6914 = SURFACE_STYLE_USAGE(.BOTH.,#6915);
#6915 = SURFACE_SIDE_STYLE('',(#6916));
#6916 = SURFACE_STYLE_FILL_AREA(#6917);
#6917 = FILL_AREA_STYLE('',(#6918));
#6918 = FILL_AREA_STYLE_COLOUR('',#6587);
#6919 = STYLED_ITEM('color',(#6920),#2365);
#6920 = PRESENTATION_STYLE_ASSIGNMENT((#6921));
#6921 = SURFACE_STYLE_USAGE(.BOTH.,#6922);
#6922 = SURFACE_SIDE_STYLE('',(#6923));
#6923 = SURFACE_STYLE_FILL_AREA(#6924);
#6924 = FILL_AREA_STYLE('',(#6925));
#6925 = FILL_AREA_STYLE_COLOUR('',#6587);
#6926 = STYLED_ITEM('color',(#6927),#2429);
#6927 = PRESENTATION_STYLE_ASSIGNMENT((#6928));
#6928 = SURFACE_STYLE_USAGE(.BOTH.,#6929);
#6929 = SURFACE_SIDE_STYLE('',(#6930));
#6930 = SURFACE_STYLE_FILL_AREA(#6931);
#6931 = FILL_AREA_STYLE('',(#6932));
#6932 = FILL_AREA_STYLE_COLOUR('',#6587);
#6933 = STYLED_ITEM('color',(#6934),#2458);
#6934 = PRESENTATION_STYLE_ASSIGNMENT((#6935));
#6935 = SURFACE_STYLE_USAGE(.BOTH.,#6936);
#6936 = SURFACE_SIDE_STYLE('',(#6937));
#6937 = SURFACE_STYLE_FILL_AREA(#6938);
#6938 = FILL_AREA_STYLE('',(#6939));
#6939 = FILL_AREA_STYLE_COLOUR('',#6587);
#6940 = STYLED_ITEM('color',(#6941),#2515);
#6941 = PRESENTATION_STYLE_ASSIGNMENT((#6942));
#6942 = SURFACE_STYLE_USAGE(.BOTH.,#6943);
#6943 = SURFACE_SIDE_STYLE('',(#6944));
#6944 = SURFACE_STYLE_FILL_AREA(#6945);
#6945 = FILL_AREA_STYLE('',(#6946));
#6946 = FILL_AREA_STYLE_COLOUR('',#6587);
#6947 = STYLED_ITEM('color',(#6948),#2579);
#6948 = PRESENTATION_STYLE_ASSIGNMENT((#6949));
#6949 = SURFACE_STYLE_USAGE(.BOTH.,#6950);
#6950 = SURFACE_SIDE_STYLE('',(#6951));
#6951 = SURFACE_STYLE_FILL_AREA(#6952);
#6952 = FILL_AREA_STYLE('',(#6953));
#6953 = FILL_AREA_STYLE_COLOUR('',#6587);
#6954 = STYLED_ITEM('color',(#6955),#2608);
#6955 = PRESENTATION_STYLE_ASSIGNMENT((#6956));
#6956 = SURFACE_STYLE_USAGE(.BOTH.,#6957);
#6957 = SURFACE_SIDE_STYLE('',(#6958));
#6958 = SURFACE_STYLE_FILL_AREA(#6959);
#6959 = FILL_AREA_STYLE('',(#6960));
#6960 = FILL_AREA_STYLE_COLOUR('',#6587);
#6961 = STYLED_ITEM('color',(#6962),#2665);
#6962 = PRESENTATION_STYLE_ASSIGNMENT((#6963));
#6963 = SURFACE_STYLE_USAGE(.BOTH.,#6964);
#6964 = SURFACE_SIDE_STYLE('',(#6965));
#6965 = SURFACE_STYLE_FILL_AREA(#6966);
#6966 = FILL_AREA_STYLE('',(#6967));
#6967 = FILL_AREA_STYLE_COLOUR('',#6587);
#6968 = STYLED_ITEM('color',(#6969),#2682);
#6969 = PRESENTATION_STYLE_ASSIGNMENT((#6970));
#6970 = SURFACE_STYLE_USAGE(.BOTH.,#6971);
#6971 = SURFACE_SIDE_STYLE('',(#6972));
#6972 = SURFACE_STYLE_FILL_AREA(#6973);
#6973 = FILL_AREA_STYLE('',(#6974));
#6974 = FILL_AREA_STYLE_COLOUR('',#6587);
#6975 = STYLED_ITEM('color',(#6976),#2724);
#6976 = PRESENTATION_STYLE_ASSIGNMENT((#6977));
#6977 = SURFACE_STYLE_USAGE(.BOTH.,#6978);
#6978 = SURFACE_SIDE_STYLE('',(#6979));
#6979 = SURFACE_STYLE_FILL_AREA(#6980);
#6980 = FILL_AREA_STYLE('',(#6981));
#6981 = FILL_AREA_STYLE_COLOUR('',#6587);
#6982 = STYLED_ITEM('color',(#6983),#2748);
#6983 = PRESENTATION_STYLE_ASSIGNMENT((#6984));
#6984 = SURFACE_STYLE_USAGE(.BOTH.,#6985);
#6985 = SURFACE_SIDE_STYLE('',(#6986));
#6986 = SURFACE_STYLE_FILL_AREA(#6987);
#6987 = FILL_AREA_STYLE('',(#6988));
#6988 = FILL_AREA_STYLE_COLOUR('',#6587);
#6989 = STYLED_ITEM('color',(#6990),#2773);
#6990 = PRESENTATION_STYLE_ASSIGNMENT((#6991));
#6991 = SURFACE_STYLE_USAGE(.BOTH.,#6992);
#6992 = SURFACE_SIDE_STYLE('',(#6993));
#6993 = SURFACE_STYLE_FILL_AREA(#6994);
#6994 = FILL_AREA_STYLE('',(#6995));
#6995 = FILL_AREA_STYLE_COLOUR('',#6587);
#6996 = STYLED_ITEM('color',(#6997),#2790);
#6997 = PRESENTATION_STYLE_ASSIGNMENT((#6998));
#6998 = SURFACE_STYLE_USAGE(.BOTH.,#6999);
#6999 = SURFACE_SIDE_STYLE('',(#7000));
#7000 = SURFACE_STYLE_FILL_AREA(#7001);
#7001 = FILL_AREA_STYLE('',(#7002));
#7002 = FILL_AREA_STYLE_COLOUR('',#6587);
#7003 = STYLED_ITEM('color',(#7004),#2821);
#7004 = PRESENTATION_STYLE_ASSIGNMENT((#7005));
#7005 = SURFACE_STYLE_USAGE(.BOTH.,#7006);
#7006 = SURFACE_SIDE_STYLE('',(#7007));
#7007 = SURFACE_STYLE_FILL_AREA(#7008);
#7008 = FILL_AREA_STYLE('',(#7009));
#7009 = FILL_AREA_STYLE_COLOUR('',#6587);
#7010 = STYLED_ITEM('color',(#7011),#2852);
#7011 = PRESENTATION_STYLE_ASSIGNMENT((#7012));
#7012 = SURFACE_STYLE_USAGE(.BOTH.,#7013);
#7013 = SURFACE_SIDE_STYLE('',(#7014));
#7014 = SURFACE_STYLE_FILL_AREA(#7015);
#7015 = FILL_AREA_STYLE('',(#7016));
#7016 = FILL_AREA_STYLE_COLOUR('',#6587);
#7017 = STYLED_ITEM('color',(#7018),#2883);
#7018 = PRESENTATION_STYLE_ASSIGNMENT((#7019));
#7019 = SURFACE_STYLE_USAGE(.BOTH.,#7020);
#7020 = SURFACE_SIDE_STYLE('',(#7021));
#7021 = SURFACE_STYLE_FILL_AREA(#7022);
#7022 = FILL_AREA_STYLE('',(#7023));
#7023 = FILL_AREA_STYLE_COLOUR('',#6587);
#7024 = STYLED_ITEM('color',(#7025),#2914);
#7025 = PRESENTATION_STYLE_ASSIGNMENT((#7026));
#7026 = SURFACE_STYLE_USAGE(.BOTH.,#7027);
#7027 = SURFACE_SIDE_STYLE('',(#7028));
#7028 = SURFACE_STYLE_FILL_AREA(#7029);
#7029 = FILL_AREA_STYLE('',(#7030));
#7030 = FILL_AREA_STYLE_COLOUR('',#6587);
#7031 = STYLED_ITEM('color',(#7032),#2945);
#7032 = PRESENTATION_STYLE_ASSIGNMENT((#7033));
#7033 = SURFACE_STYLE_USAGE(.BOTH.,#7034);
#7034 = SURFACE_SIDE_STYLE('',(#7035));
#7035 = SURFACE_STYLE_FILL_AREA(#7036);
#7036 = FILL_AREA_STYLE('',(#7037));
#7037 = FILL_AREA_STYLE_COLOUR('',#6587);
#7038 = STYLED_ITEM('color',(#7039),#2976);
#7039 = PRESENTATION_STYLE_ASSIGNMENT((#7040));
#7040 = SURFACE_STYLE_USAGE(.BOTH.,#7041);
#7041 = SURFACE_SIDE_STYLE('',(#7042));
#7042 = SURFACE_STYLE_FILL_AREA(#7043);
#7043 = FILL_AREA_STYLE('',(#7044));
#7044 = FILL_AREA_STYLE_COLOUR('',#6587);
#7045 = STYLED_ITEM('color',(#7046),#3007);
#7046 = PRESENTATION_STYLE_ASSIGNMENT((#7047));
#7047 = SURFACE_STYLE_USAGE(.BOTH.,#7048);
#7048 = SURFACE_SIDE_STYLE('',(#7049));
#7049 = SURFACE_STYLE_FILL_AREA(#7050);
#7050 = FILL_AREA_STYLE('',(#7051));
#7051 = FILL_AREA_STYLE_COLOUR('',#6587);
#7052 = STYLED_ITEM('color',(#7053),#3038);
#7053 = PRESENTATION_STYLE_ASSIGNMENT((#7054));
#7054 = SURFACE_STYLE_USAGE(.BOTH.,#7055);
#7055 = SURFACE_SIDE_STYLE('',(#7056));
#7056 = SURFACE_STYLE_FILL_AREA(#7057);
#7057 = FILL_AREA_STYLE('',(#7058));
#7058 = FILL_AREA_STYLE_COLOUR('',#6587);
#7059 = STYLED_ITEM('color',(#7060),#3069);
#7060 = PRESENTATION_STYLE_ASSIGNMENT((#7061));
#7061 = SURFACE_STYLE_USAGE(.BOTH.,#7062);
#7062 = SURFACE_SIDE_STYLE('',(#7063));
#7063 = SURFACE_STYLE_FILL_AREA(#7064);
#7064 = FILL_AREA_STYLE('',(#7065));
#7065 = FILL_AREA_STYLE_COLOUR('',#6587);
#7066 = STYLED_ITEM('color',(#7067),#3093);
#7067 = PRESENTATION_STYLE_ASSIGNMENT((#7068));
#7068 = SURFACE_STYLE_USAGE(.BOTH.,#7069);
#7069 = SURFACE_SIDE_STYLE('',(#7070));
#7070 = SURFACE_STYLE_FILL_AREA(#7071);
#7071 = FILL_AREA_STYLE('',(#7072));
#7072 = FILL_AREA_STYLE_COLOUR('',#6587);
#7073 = STYLED_ITEM('color',(#7074),#3117);
#7074 = PRESENTATION_STYLE_ASSIGNMENT((#7075));
#7075 = SURFACE_STYLE_USAGE(.BOTH.,#7076);
#7076 = SURFACE_SIDE_STYLE('',(#7077));
#7077 = SURFACE_STYLE_FILL_AREA(#7078);
#7078 = FILL_AREA_STYLE('',(#7079));
#7079 = FILL_AREA_STYLE_COLOUR('',#6587);
#7080 = STYLED_ITEM('color',(#7081),#3134);
#7081 = PRESENTATION_STYLE_ASSIGNMENT((#7082));
#7082 = SURFACE_STYLE_USAGE(.BOTH.,#7083);
#7083 = SURFACE_SIDE_STYLE('',(#7084));
#7084 = SURFACE_STYLE_FILL_AREA(#7085);
#7085 = FILL_AREA_STYLE('',(#7086));
#7086 = FILL_AREA_STYLE_COLOUR('',#6587);
#7087 = STYLED_ITEM('color',(#7088),#3165);
#7088 = PRESENTATION_STYLE_ASSIGNMENT((#7089));
#7089 = SURFACE_STYLE_USAGE(.BOTH.,#7090);
#7090 = SURFACE_SIDE_STYLE('',(#7091));
#7091 = SURFACE_STYLE_FILL_AREA(#7092);
#7092 = FILL_AREA_STYLE('',(#7093));
#7093 = FILL_AREA_STYLE_COLOUR('',#6587);
#7094 = STYLED_ITEM('color',(#7095),#3189);
#7095 = PRESENTATION_STYLE_ASSIGNMENT((#7096));
#7096 = SURFACE_STYLE_USAGE(.BOTH.,#7097);
#7097 = SURFACE_SIDE_STYLE('',(#7098));
#7098 = SURFACE_STYLE_FILL_AREA(#7099);
#7099 = FILL_AREA_STYLE('',(#7100));
#7100 = FILL_AREA_STYLE_COLOUR('',#6587);
#7101 = STYLED_ITEM('color',(#7102),#3213);
#7102 = PRESENTATION_STYLE_ASSIGNMENT((#7103));
#7103 = SURFACE_STYLE_USAGE(.BOTH.,#7104);
#7104 = SURFACE_SIDE_STYLE('',(#7105));
#7105 = SURFACE_STYLE_FILL_AREA(#7106);
#7106 = FILL_AREA_STYLE('',(#7107));
#7107 = FILL_AREA_STYLE_COLOUR('',#6587);
#7108 = STYLED_ITEM('color',(#7109),#3230);
#7109 = PRESENTATION_STYLE_ASSIGNMENT((#7110));
#7110 = SURFACE_STYLE_USAGE(.BOTH.,#7111);
#7111 = SURFACE_SIDE_STYLE('',(#7112));
#7112 = SURFACE_STYLE_FILL_AREA(#7113);
#7113 = FILL_AREA_STYLE('',(#7114));
#7114 = FILL_AREA_STYLE_COLOUR('',#6587);
#7115 = STYLED_ITEM('color',(#7116),#3261);
#7116 = PRESENTATION_STYLE_ASSIGNMENT((#7117));
#7117 = SURFACE_STYLE_USAGE(.BOTH.,#7118);
#7118 = SURFACE_SIDE_STYLE('',(#7119));
#7119 = SURFACE_STYLE_FILL_AREA(#7120);
#7120 = FILL_AREA_STYLE('',(#7121));
#7121 = FILL_AREA_STYLE_COLOUR('',#6587);
#7122 = STYLED_ITEM('color',(#7123),#3285);
#7123 = PRESENTATION_STYLE_ASSIGNMENT((#7124));
#7124 = SURFACE_STYLE_USAGE(.BOTH.,#7125);
#7125 = SURFACE_SIDE_STYLE('',(#7126));
#7126 = SURFACE_STYLE_FILL_AREA(#7127);
#7127 = FILL_AREA_STYLE('',(#7128));
#7128 = FILL_AREA_STYLE_COLOUR('',#6587);
#7129 = STYLED_ITEM('color',(#7130),#3309);
#7130 = PRESENTATION_STYLE_ASSIGNMENT((#7131));
#7131 = SURFACE_STYLE_USAGE(.BOTH.,#7132);
#7132 = SURFACE_SIDE_STYLE('',(#7133));
#7133 = SURFACE_STYLE_FILL_AREA(#7134);
#7134 = FILL_AREA_STYLE('',(#7135));
#7135 = FILL_AREA_STYLE_COLOUR('',#6587);
#7136 = STYLED_ITEM('color',(#7137),#3326);
#7137 = PRESENTATION_STYLE_ASSIGNMENT((#7138));
#7138 = SURFACE_STYLE_USAGE(.BOTH.,#7139);
#7139 = SURFACE_SIDE_STYLE('',(#7140));
#7140 = SURFACE_STYLE_FILL_AREA(#7141);
#7141 = FILL_AREA_STYLE('',(#7142));
#7142 = FILL_AREA_STYLE_COLOUR('',#6587);
#7143 = STYLED_ITEM('color',(#7144),#3357);
#7144 = PRESENTATION_STYLE_ASSIGNMENT((#7145));
#7145 = SURFACE_STYLE_USAGE(.BOTH.,#7146);
#7146 = SURFACE_SIDE_STYLE('',(#7147));
#7147 = SURFACE_STYLE_FILL_AREA(#7148);
#7148 = FILL_AREA_STYLE('',(#7149));
#7149 = FILL_AREA_STYLE_COLOUR('',#6587);
#7150 = STYLED_ITEM('color',(#7151),#3381);
#7151 = PRESENTATION_STYLE_ASSIGNMENT((#7152));
#7152 = SURFACE_STYLE_USAGE(.BOTH.,#7153);
#7153 = SURFACE_SIDE_STYLE('',(#7154));
#7154 = SURFACE_STYLE_FILL_AREA(#7155);
#7155 = FILL_AREA_STYLE('',(#7156));
#7156 = FILL_AREA_STYLE_COLOUR('',#6587);
#7157 = STYLED_ITEM('color',(#7158),#3405);
#7158 = PRESENTATION_STYLE_ASSIGNMENT((#7159));
#7159 = SURFACE_STYLE_USAGE(.BOTH.,#7160);
#7160 = SURFACE_SIDE_STYLE('',(#7161));
#7161 = SURFACE_STYLE_FILL_AREA(#7162);
#7162 = FILL_AREA_STYLE('',(#7163));
#7163 = FILL_AREA_STYLE_COLOUR('',#6587);
#7164 = STYLED_ITEM('color',(#7165),#3422);
#7165 = PRESENTATION_STYLE_ASSIGNMENT((#7166));
#7166 = SURFACE_STYLE_USAGE(.BOTH.,#7167);
#7167 = SURFACE_SIDE_STYLE('',(#7168));
#7168 = SURFACE_STYLE_FILL_AREA(#7169);
#7169 = FILL_AREA_STYLE('',(#7170));
#7170 = FILL_AREA_STYLE_COLOUR('',#6587);
#7171 = STYLED_ITEM('color',(#7172),#3453);
#7172 = PRESENTATION_STYLE_ASSIGNMENT((#7173));
#7173 = SURFACE_STYLE_USAGE(.BOTH.,#7174);
#7174 = SURFACE_SIDE_STYLE('',(#7175));
#7175 = SURFACE_STYLE_FILL_AREA(#7176);
#7176 = FILL_AREA_STYLE('',(#7177));
#7177 = FILL_AREA_STYLE_COLOUR('',#6587);
#7178 = STYLED_ITEM('color',(#7179),#3477);
#7179 = PRESENTATION_STYLE_ASSIGNMENT((#7180));
#7180 = SURFACE_STYLE_USAGE(.BOTH.,#7181);
#7181 = SURFACE_SIDE_STYLE('',(#7182));
#7182 = SURFACE_STYLE_FILL_AREA(#7183);
#7183 = FILL_AREA_STYLE('',(#7184));
#7184 = FILL_AREA_STYLE_COLOUR('',#6587);
#7185 = STYLED_ITEM('color',(#7186),#3501);
#7186 = PRESENTATION_STYLE_ASSIGNMENT((#7187));
#7187 = SURFACE_STYLE_USAGE(.BOTH.,#7188);
#7188 = SURFACE_SIDE_STYLE('',(#7189));
#7189 = SURFACE_STYLE_FILL_AREA(#7190);
#7190 = FILL_AREA_STYLE('',(#7191));
#7191 = FILL_AREA_STYLE_COLOUR('',#6587);
#7192 = STYLED_ITEM('color',(#7193),#3518);
#7193 = PRESENTATION_STYLE_ASSIGNMENT((#7194));
#7194 = SURFACE_STYLE_USAGE(.BOTH.,#7195);
#7195 = SURFACE_SIDE_STYLE('',(#7196));
#7196 = SURFACE_STYLE_FILL_AREA(#7197);
#7197 = FILL_AREA_STYLE('',(#7198));
#7198 = FILL_AREA_STYLE_COLOUR('',#6587);
#7199 = STYLED_ITEM('color',(#7200),#3549);
#7200 = PRESENTATION_STYLE_ASSIGNMENT((#7201));
#7201 = SURFACE_STYLE_USAGE(.BOTH.,#7202);
#7202 = SURFACE_SIDE_STYLE('',(#7203));
#7203 = SURFACE_STYLE_FILL_AREA(#7204);
#7204 = FILL_AREA_STYLE('',(#7205));
#7205 = FILL_AREA_STYLE_COLOUR('',#6587);
#7206 = STYLED_ITEM('color',(#7207),#3573);
#7207 = PRESENTATION_STYLE_ASSIGNMENT((#7208));
#7208 = SURFACE_STYLE_USAGE(.BOTH.,#7209);
#7209 = SURFACE_SIDE_STYLE('',(#7210));
#7210 = SURFACE_STYLE_FILL_AREA(#7211);
#7211 = FILL_AREA_STYLE('',(#7212));
#7212 = FILL_AREA_STYLE_COLOUR('',#6587);
#7213 = STYLED_ITEM('color',(#7214),#3597);
#7214 = PRESENTATION_STYLE_ASSIGNMENT((#7215));
#7215 = SURFACE_STYLE_USAGE(.BOTH.,#7216);
#7216 = SURFACE_SIDE_STYLE('',(#7217));
#7217 = SURFACE_STYLE_FILL_AREA(#7218);
#7218 = FILL_AREA_STYLE('',(#7219));
#7219 = FILL_AREA_STYLE_COLOUR('',#6587);
#7220 = STYLED_ITEM('color',(#7221),#3614);
#7221 = PRESENTATION_STYLE_ASSIGNMENT((#7222));
#7222 = SURFACE_STYLE_USAGE(.BOTH.,#7223);
#7223 = SURFACE_SIDE_STYLE('',(#7224));
#7224 = SURFACE_STYLE_FILL_AREA(#7225);
#7225 = FILL_AREA_STYLE('',(#7226));
#7226 = FILL_AREA_STYLE_COLOUR('',#6587);
#7227 = STYLED_ITEM('color',(#7228),#3645);
#7228 = PRESENTATION_STYLE_ASSIGNMENT((#7229));
#7229 = SURFACE_STYLE_USAGE(.BOTH.,#7230);
#7230 = SURFACE_SIDE_STYLE('',(#7231));
#7231 = SURFACE_STYLE_FILL_AREA(#7232);
#7232 = FILL_AREA_STYLE('',(#7233));
#7233 = FILL_AREA_STYLE_COLOUR('',#6587);
#7234 = STYLED_ITEM('color',(#7235),#3669);
#7235 = PRESENTATION_STYLE_ASSIGNMENT((#7236));
#7236 = SURFACE_STYLE_USAGE(.BOTH.,#7237);
#7237 = SURFACE_SIDE_STYLE('',(#7238));
#7238 = SURFACE_STYLE_FILL_AREA(#7239);
#7239 = FILL_AREA_STYLE('',(#7240));
#7240 = FILL_AREA_STYLE_COLOUR('',#6587);
#7241 = STYLED_ITEM('color',(#7242),#3693);
#7242 = PRESENTATION_STYLE_ASSIGNMENT((#7243));
#7243 = SURFACE_STYLE_USAGE(.BOTH.,#7244);
#7244 = SURFACE_SIDE_STYLE('',(#7245));
#7245 = SURFACE_STYLE_FILL_AREA(#7246);
#7246 = FILL_AREA_STYLE('',(#7247));
#7247 = FILL_AREA_STYLE_COLOUR('',#6587);
#7248 = STYLED_ITEM('color',(#7249),#3710);
#7249 = PRESENTATION_STYLE_ASSIGNMENT((#7250));
#7250 = SURFACE_STYLE_USAGE(.BOTH.,#7251);
#7251 = SURFACE_SIDE_STYLE('',(#7252));
#7252 = SURFACE_STYLE_FILL_AREA(#7253);
#7253 = FILL_AREA_STYLE('',(#7254));
#7254 = FILL_AREA_STYLE_COLOUR('',#6587);
#7255 = STYLED_ITEM('color',(#7256),#3741);
#7256 = PRESENTATION_STYLE_ASSIGNMENT((#7257));
#7257 = SURFACE_STYLE_USAGE(.BOTH.,#7258);
#7258 = SURFACE_SIDE_STYLE('',(#7259));
#7259 = SURFACE_STYLE_FILL_AREA(#7260);
#7260 = FILL_AREA_STYLE('',(#7261));
#7261 = FILL_AREA_STYLE_COLOUR('',#6587);
#7262 = STYLED_ITEM('color',(#7263),#3765);
#7263 = PRESENTATION_STYLE_ASSIGNMENT((#7264));
#7264 = SURFACE_STYLE_USAGE(.BOTH.,#7265);
#7265 = SURFACE_SIDE_STYLE('',(#7266));
#7266 = SURFACE_STYLE_FILL_AREA(#7267);
#7267 = FILL_AREA_STYLE('',(#7268));
#7268 = FILL_AREA_STYLE_COLOUR('',#6587);
#7269 = STYLED_ITEM('color',(#7270),#3789);
#7270 = PRESENTATION_STYLE_ASSIGNMENT((#7271));
#7271 = SURFACE_STYLE_USAGE(.BOTH.,#7272);
#7272 = SURFACE_SIDE_STYLE('',(#7273));
#7273 = SURFACE_STYLE_FILL_AREA(#7274);
#7274 = FILL_AREA_STYLE('',(#7275));
#7275 = FILL_AREA_STYLE_COLOUR('',#6587);
#7276 = STYLED_ITEM('color',(#7277),#3806);
#7277 = PRESENTATION_STYLE_ASSIGNMENT((#7278));
#7278 = SURFACE_STYLE_USAGE(.BOTH.,#7279);
#7279 = SURFACE_SIDE_STYLE('',(#7280));
#7280 = SURFACE_STYLE_FILL_AREA(#7281);
#7281 = FILL_AREA_STYLE('',(#7282));
#7282 = FILL_AREA_STYLE_COLOUR('',#6587);
#7283 = STYLED_ITEM('color',(#7284),#3830);
#7284 = PRESENTATION_STYLE_ASSIGNMENT((#7285));
#7285 = SURFACE_STYLE_USAGE(.BOTH.,#7286);
#7286 = SURFACE_SIDE_STYLE('',(#7287));
#7287 = SURFACE_STYLE_FILL_AREA(#7288);
#7288 = FILL_AREA_STYLE('',(#7289));
#7289 = FILL_AREA_STYLE_COLOUR('',#6587);
#7290 = STYLED_ITEM('color',(#7291),#3848);
#7291 = PRESENTATION_STYLE_ASSIGNMENT((#7292));
#7292 = SURFACE_STYLE_USAGE(.BOTH.,#7293);
#7293 = SURFACE_SIDE_STYLE('',(#7294));
#7294 = SURFACE_STYLE_FILL_AREA(#7295);
#7295 = FILL_AREA_STYLE('',(#7296));
#7296 = FILL_AREA_STYLE_COLOUR('',#6587);
#7297 = STYLED_ITEM('color',(#7298),#3880);
#7298 = PRESENTATION_STYLE_ASSIGNMENT((#7299));
#7299 = SURFACE_STYLE_USAGE(.BOTH.,#7300);
#7300 = SURFACE_SIDE_STYLE('',(#7301));
#7301 = SURFACE_STYLE_FILL_AREA(#7302);
#7302 = FILL_AREA_STYLE('',(#7303));
#7303 = FILL_AREA_STYLE_COLOUR('',#6587);
#7304 = STYLED_ITEM('color',(#7305),#3904);
#7305 = PRESENTATION_STYLE_ASSIGNMENT((#7306));
#7306 = SURFACE_STYLE_USAGE(.BOTH.,#7307);
#7307 = SURFACE_SIDE_STYLE('',(#7308));
#7308 = SURFACE_STYLE_FILL_AREA(#7309);
#7309 = FILL_AREA_STYLE('',(#7310));
#7310 = FILL_AREA_STYLE_COLOUR('',#6587);
#7311 = STYLED_ITEM('color',(#7312),#3926);
#7312 = PRESENTATION_STYLE_ASSIGNMENT((#7313));
#7313 = SURFACE_STYLE_USAGE(.BOTH.,#7314);
#7314 = SURFACE_SIDE_STYLE('',(#7315));
#7315 = SURFACE_STYLE_FILL_AREA(#7316);
#7316 = FILL_AREA_STYLE('',(#7317));
#7317 = FILL_AREA_STYLE_COLOUR('',#6587);
#7318 = STYLED_ITEM('color',(#7319),#3943);
#7319 = PRESENTATION_STYLE_ASSIGNMENT((#7320));
#7320 = SURFACE_STYLE_USAGE(.BOTH.,#7321);
#7321 = SURFACE_SIDE_STYLE('',(#7322));
#7322 = SURFACE_STYLE_FILL_AREA(#7323);
#7323 = FILL_AREA_STYLE('',(#7324));
#7324 = FILL_AREA_STYLE_COLOUR('',#6587);
#7325 = STYLED_ITEM('color',(#7326),#3955);
#7326 = PRESENTATION_STYLE_ASSIGNMENT((#7327));
#7327 = SURFACE_STYLE_USAGE(.BOTH.,#7328);
#7328 = SURFACE_SIDE_STYLE('',(#7329));
#7329 = SURFACE_STYLE_FILL_AREA(#7330);
#7330 = FILL_AREA_STYLE('',(#7331));
#7331 = FILL_AREA_STYLE_COLOUR('',#6587);
#7332 = STYLED_ITEM('color',(#7333),#3979);
#7333 = PRESENTATION_STYLE_ASSIGNMENT((#7334));
#7334 = SURFACE_STYLE_USAGE(.BOTH.,#7335);
#7335 = SURFACE_SIDE_STYLE('',(#7336));
#7336 = SURFACE_STYLE_FILL_AREA(#7337);
#7337 = FILL_AREA_STYLE('',(#7338));
#7338 = FILL_AREA_STYLE_COLOUR('',#6587);
#7339 = STYLED_ITEM('color',(#7340),#4011);
#7340 = PRESENTATION_STYLE_ASSIGNMENT((#7341));
#7341 = SURFACE_STYLE_USAGE(.BOTH.,#7342);
#7342 = SURFACE_SIDE_STYLE('',(#7343));
#7343 = SURFACE_STYLE_FILL_AREA(#7344);
#7344 = FILL_AREA_STYLE('',(#7345));
#7345 = FILL_AREA_STYLE_COLOUR('',#6587);
#7346 = STYLED_ITEM('color',(#7347),#4035);
#7347 = PRESENTATION_STYLE_ASSIGNMENT((#7348));
#7348 = SURFACE_STYLE_USAGE(.BOTH.,#7349);
#7349 = SURFACE_SIDE_STYLE('',(#7350));
#7350 = SURFACE_STYLE_FILL_AREA(#7351);
#7351 = FILL_AREA_STYLE('',(#7352));
#7352 = FILL_AREA_STYLE_COLOUR('',#6587);
#7353 = STYLED_ITEM('color',(#7354),#4057);
#7354 = PRESENTATION_STYLE_ASSIGNMENT((#7355));
#7355 = SURFACE_STYLE_USAGE(.BOTH.,#7356);
#7356 = SURFACE_SIDE_STYLE('',(#7357));
#7357 = SURFACE_STYLE_FILL_AREA(#7358);
#7358 = FILL_AREA_STYLE('',(#7359));
#7359 = FILL_AREA_STYLE_COLOUR('',#6587);
#7360 = STYLED_ITEM('color',(#7361),#4074);
#7361 = PRESENTATION_STYLE_ASSIGNMENT((#7362));
#7362 = SURFACE_STYLE_USAGE(.BOTH.,#7363);
#7363 = SURFACE_SIDE_STYLE('',(#7364));
#7364 = SURFACE_STYLE_FILL_AREA(#7365);
#7365 = FILL_AREA_STYLE('',(#7366));
#7366 = FILL_AREA_STYLE_COLOUR('',#6587);
#7367 = STYLED_ITEM('color',(#7368),#4086);
#7368 = PRESENTATION_STYLE_ASSIGNMENT((#7369));
#7369 = SURFACE_STYLE_USAGE(.BOTH.,#7370);
#7370 = SURFACE_SIDE_STYLE('',(#7371));
#7371 = SURFACE_STYLE_FILL_AREA(#7372);
#7372 = FILL_AREA_STYLE('',(#7373));
#7373 = FILL_AREA_STYLE_COLOUR('',#6587);
#7374 = STYLED_ITEM('color',(#7375),#4110);
#7375 = PRESENTATION_STYLE_ASSIGNMENT((#7376));
#7376 = SURFACE_STYLE_USAGE(.BOTH.,#7377);
#7377 = SURFACE_SIDE_STYLE('',(#7378));
#7378 = SURFACE_STYLE_FILL_AREA(#7379);
#7379 = FILL_AREA_STYLE('',(#7380));
#7380 = FILL_AREA_STYLE_COLOUR('',#6587);
#7381 = STYLED_ITEM('color',(#7382),#4142);
#7382 = PRESENTATION_STYLE_ASSIGNMENT((#7383));
#7383 = SURFACE_STYLE_USAGE(.BOTH.,#7384);
#7384 = SURFACE_SIDE_STYLE('',(#7385));
#7385 = SURFACE_STYLE_FILL_AREA(#7386);
#7386 = FILL_AREA_STYLE('',(#7387));
#7387 = FILL_AREA_STYLE_COLOUR('',#6587);
#7388 = STYLED_ITEM('color',(#7389),#4166);
#7389 = PRESENTATION_STYLE_ASSIGNMENT((#7390));
#7390 = SURFACE_STYLE_USAGE(.BOTH.,#7391);
#7391 = SURFACE_SIDE_STYLE('',(#7392));
#7392 = SURFACE_STYLE_FILL_AREA(#7393);
#7393 = FILL_AREA_STYLE('',(#7394));
#7394 = FILL_AREA_STYLE_COLOUR('',#6587);
#7395 = STYLED_ITEM('color',(#7396),#4188);
#7396 = PRESENTATION_STYLE_ASSIGNMENT((#7397));
#7397 = SURFACE_STYLE_USAGE(.BOTH.,#7398);
#7398 = SURFACE_SIDE_STYLE('',(#7399));
#7399 = SURFACE_STYLE_FILL_AREA(#7400);
#7400 = FILL_AREA_STYLE('',(#7401));
#7401 = FILL_AREA_STYLE_COLOUR('',#6587);
#7402 = STYLED_ITEM('color',(#7403),#4205);
#7403 = PRESENTATION_STYLE_ASSIGNMENT((#7404));
#7404 = SURFACE_STYLE_USAGE(.BOTH.,#7405);
#7405 = SURFACE_SIDE_STYLE('',(#7406));
#7406 = SURFACE_STYLE_FILL_AREA(#7407);
#7407 = FILL_AREA_STYLE('',(#7408));
#7408 = FILL_AREA_STYLE_COLOUR('',#6587);
#7409 = STYLED_ITEM('color',(#7410),#4217);
#7410 = PRESENTATION_STYLE_ASSIGNMENT((#7411));
#7411 = SURFACE_STYLE_USAGE(.BOTH.,#7412);
#7412 = SURFACE_SIDE_STYLE('',(#7413));
#7413 = SURFACE_STYLE_FILL_AREA(#7414);
#7414 = FILL_AREA_STYLE('',(#7415));
#7415 = FILL_AREA_STYLE_COLOUR('',#6587);
#7416 = STYLED_ITEM('color',(#7417),#4241);
#7417 = PRESENTATION_STYLE_ASSIGNMENT((#7418));
#7418 = SURFACE_STYLE_USAGE(.BOTH.,#7419);
#7419 = SURFACE_SIDE_STYLE('',(#7420));
#7420 = SURFACE_STYLE_FILL_AREA(#7421);
#7421 = FILL_AREA_STYLE('',(#7422));
#7422 = FILL_AREA_STYLE_COLOUR('',#6587);
#7423 = STYLED_ITEM('color',(#7424),#4273);
#7424 = PRESENTATION_STYLE_ASSIGNMENT((#7425));
#7425 = SURFACE_STYLE_USAGE(.BOTH.,#7426);
#7426 = SURFACE_SIDE_STYLE('',(#7427));
#7427 = SURFACE_STYLE_FILL_AREA(#7428);
#7428 = FILL_AREA_STYLE('',(#7429));
#7429 = FILL_AREA_STYLE_COLOUR('',#6587);
#7430 = STYLED_ITEM('color',(#7431),#4297);
#7431 = PRESENTATION_STYLE_ASSIGNMENT((#7432));
#7432 = SURFACE_STYLE_USAGE(.BOTH.,#7433);
#7433 = SURFACE_SIDE_STYLE('',(#7434));
#7434 = SURFACE_STYLE_FILL_AREA(#7435);
#7435 = FILL_AREA_STYLE('',(#7436));
#7436 = FILL_AREA_STYLE_COLOUR('',#6587);
#7437 = STYLED_ITEM('color',(#7438),#4319);
#7438 = PRESENTATION_STYLE_ASSIGNMENT((#7439));
#7439 = SURFACE_STYLE_USAGE(.BOTH.,#7440);
#7440 = SURFACE_SIDE_STYLE('',(#7441));
#7441 = SURFACE_STYLE_FILL_AREA(#7442);
#7442 = FILL_AREA_STYLE('',(#7443));
#7443 = FILL_AREA_STYLE_COLOUR('',#6587);
#7444 = STYLED_ITEM('color',(#7445),#4336);
#7445 = PRESENTATION_STYLE_ASSIGNMENT((#7446));
#7446 = SURFACE_STYLE_USAGE(.BOTH.,#7447);
#7447 = SURFACE_SIDE_STYLE('',(#7448));
#7448 = SURFACE_STYLE_FILL_AREA(#7449);
#7449 = FILL_AREA_STYLE('',(#7450));
#7450 = FILL_AREA_STYLE_COLOUR('',#6587);
#7451 = STYLED_ITEM('color',(#7452),#4348);
#7452 = PRESENTATION_STYLE_ASSIGNMENT((#7453));
#7453 = SURFACE_STYLE_USAGE(.BOTH.,#7454);
#7454 = SURFACE_SIDE_STYLE('',(#7455));
#7455 = SURFACE_STYLE_FILL_AREA(#7456);
#7456 = FILL_AREA_STYLE('',(#7457));
#7457 = FILL_AREA_STYLE_COLOUR('',#6587);
#7458 = STYLED_ITEM('color',(#7459),#4372);
#7459 = PRESENTATION_STYLE_ASSIGNMENT((#7460));
#7460 = SURFACE_STYLE_USAGE(.BOTH.,#7461);
#7461 = SURFACE_SIDE_STYLE('',(#7462));
#7462 = SURFACE_STYLE_FILL_AREA(#7463);
#7463 = FILL_AREA_STYLE('',(#7464));
#7464 = FILL_AREA_STYLE_COLOUR('',#6587);
#7465 = STYLED_ITEM('color',(#7466),#4404);
#7466 = PRESENTATION_STYLE_ASSIGNMENT((#7467));
#7467 = SURFACE_STYLE_USAGE(.BOTH.,#7468);
#7468 = SURFACE_SIDE_STYLE('',(#7469));
#7469 = SURFACE_STYLE_FILL_AREA(#7470);
#7470 = FILL_AREA_STYLE('',(#7471));
#7471 = FILL_AREA_STYLE_COLOUR('',#6587);
#7472 = STYLED_ITEM('color',(#7473),#4428);
#7473 = PRESENTATION_STYLE_ASSIGNMENT((#7474));
#7474 = SURFACE_STYLE_USAGE(.BOTH.,#7475);
#7475 = SURFACE_SIDE_STYLE('',(#7476));
#7476 = SURFACE_STYLE_FILL_AREA(#7477);
#7477 = FILL_AREA_STYLE('',(#7478));
#7478 = FILL_AREA_STYLE_COLOUR('',#6587);
#7479 = STYLED_ITEM('color',(#7480),#4450);
#7480 = PRESENTATION_STYLE_ASSIGNMENT((#7481));
#7481 = SURFACE_STYLE_USAGE(.BOTH.,#7482);
#7482 = SURFACE_SIDE_STYLE('',(#7483));
#7483 = SURFACE_STYLE_FILL_AREA(#7484);
#7484 = FILL_AREA_STYLE('',(#7485));
#7485 = FILL_AREA_STYLE_COLOUR('',#6587);
#7486 = STYLED_ITEM('color',(#7487),#4467);
#7487 = PRESENTATION_STYLE_ASSIGNMENT((#7488));
#7488 = SURFACE_STYLE_USAGE(.BOTH.,#7489);
#7489 = SURFACE_SIDE_STYLE('',(#7490));
#7490 = SURFACE_STYLE_FILL_AREA(#7491);
#7491 = FILL_AREA_STYLE('',(#7492));
#7492 = FILL_AREA_STYLE_COLOUR('',#6587);
#7493 = STYLED_ITEM('color',(#7494),#4479);
#7494 = PRESENTATION_STYLE_ASSIGNMENT((#7495));
#7495 = SURFACE_STYLE_USAGE(.BOTH.,#7496);
#7496 = SURFACE_SIDE_STYLE('',(#7497));
#7497 = SURFACE_STYLE_FILL_AREA(#7498);
#7498 = FILL_AREA_STYLE('',(#7499));
#7499 = FILL_AREA_STYLE_COLOUR('',#6587);
#7500 = STYLED_ITEM('color',(#7501),#4503);
#7501 = PRESENTATION_STYLE_ASSIGNMENT((#7502));
#7502 = SURFACE_STYLE_USAGE(.BOTH.,#7503);
#7503 = SURFACE_SIDE_STYLE('',(#7504));
#7504 = SURFACE_STYLE_FILL_AREA(#7505);
#7505 = FILL_AREA_STYLE('',(#7506));
#7506 = FILL_AREA_STYLE_COLOUR('',#6587);
#7507 = STYLED_ITEM('color',(#7508),#4535);
#7508 = PRESENTATION_STYLE_ASSIGNMENT((#7509));
#7509 = SURFACE_STYLE_USAGE(.BOTH.,#7510);
#7510 = SURFACE_SIDE_STYLE('',(#7511));
#7511 = SURFACE_STYLE_FILL_AREA(#7512);
#7512 = FILL_AREA_STYLE('',(#7513));
#7513 = FILL_AREA_STYLE_COLOUR('',#6587);
#7514 = STYLED_ITEM('color',(#7515),#4559);
#7515 = PRESENTATION_STYLE_ASSIGNMENT((#7516));
#7516 = SURFACE_STYLE_USAGE(.BOTH.,#7517);
#7517 = SURFACE_SIDE_STYLE('',(#7518));
#7518 = SURFACE_STYLE_FILL_AREA(#7519);
#7519 = FILL_AREA_STYLE('',(#7520));
#7520 = FILL_AREA_STYLE_COLOUR('',#6587);
#7521 = STYLED_ITEM('color',(#7522),#4581);
#7522 = PRESENTATION_STYLE_ASSIGNMENT((#7523));
#7523 = SURFACE_STYLE_USAGE(.BOTH.,#7524);
#7524 = SURFACE_SIDE_STYLE('',(#7525));
#7525 = SURFACE_STYLE_FILL_AREA(#7526);
#7526 = FILL_AREA_STYLE('',(#7527));
#7527 = FILL_AREA_STYLE_COLOUR('',#6587);
#7528 = STYLED_ITEM('color',(#7529),#4598);
#7529 = PRESENTATION_STYLE_ASSIGNMENT((#7530));
#7530 = SURFACE_STYLE_USAGE(.BOTH.,#7531);
#7531 = SURFACE_SIDE_STYLE('',(#7532));
#7532 = SURFACE_STYLE_FILL_AREA(#7533);
#7533 = FILL_AREA_STYLE('',(#7534));
#7534 = FILL_AREA_STYLE_COLOUR('',#6587);
#7535 = STYLED_ITEM('color',(#7536),#4610);
#7536 = PRESENTATION_STYLE_ASSIGNMENT((#7537));
#7537 = SURFACE_STYLE_USAGE(.BOTH.,#7538);
#7538 = SURFACE_SIDE_STYLE('',(#7539));
#7539 = SURFACE_STYLE_FILL_AREA(#7540);
#7540 = FILL_AREA_STYLE('',(#7541));
#7541 = FILL_AREA_STYLE_COLOUR('',#6587);
#7542 = STYLED_ITEM('color',(#7543),#4634);
#7543 = PRESENTATION_STYLE_ASSIGNMENT((#7544));
#7544 = SURFACE_STYLE_USAGE(.BOTH.,#7545);
#7545 = SURFACE_SIDE_STYLE('',(#7546));
#7546 = SURFACE_STYLE_FILL_AREA(#7547);
#7547 = FILL_AREA_STYLE('',(#7548));
#7548 = FILL_AREA_STYLE_COLOUR('',#6587);
#7549 = STYLED_ITEM('color',(#7550),#4666);
#7550 = PRESENTATION_STYLE_ASSIGNMENT((#7551));
#7551 = SURFACE_STYLE_USAGE(.BOTH.,#7552);
#7552 = SURFACE_SIDE_STYLE('',(#7553));
#7553 = SURFACE_STYLE_FILL_AREA(#7554);
#7554 = FILL_AREA_STYLE('',(#7555));
#7555 = FILL_AREA_STYLE_COLOUR('',#6587);
#7556 = STYLED_ITEM('color',(#7557),#4690);
#7557 = PRESENTATION_STYLE_ASSIGNMENT((#7558));
#7558 = SURFACE_STYLE_USAGE(.BOTH.,#7559);
#7559 = SURFACE_SIDE_STYLE('',(#7560));
#7560 = SURFACE_STYLE_FILL_AREA(#7561);
#7561 = FILL_AREA_STYLE('',(#7562));
#7562 = FILL_AREA_STYLE_COLOUR('',#6587);
#7563 = STYLED_ITEM('color',(#7564),#4712);
#7564 = PRESENTATION_STYLE_ASSIGNMENT((#7565));
#7565 = SURFACE_STYLE_USAGE(.BOTH.,#7566);
#7566 = SURFACE_SIDE_STYLE('',(#7567));
#7567 = SURFACE_STYLE_FILL_AREA(#7568);
#7568 = FILL_AREA_STYLE('',(#7569));
#7569 = FILL_AREA_STYLE_COLOUR('',#6587);
#7570 = STYLED_ITEM('color',(#7571),#4729);
#7571 = PRESENTATION_STYLE_ASSIGNMENT((#7572));
#7572 = SURFACE_STYLE_USAGE(.BOTH.,#7573);
#7573 = SURFACE_SIDE_STYLE('',(#7574));
#7574 = SURFACE_STYLE_FILL_AREA(#7575);
#7575 = FILL_AREA_STYLE('',(#7576));
#7576 = FILL_AREA_STYLE_COLOUR('',#6587);
#7577 = STYLED_ITEM('color',(#7578),#4741);
#7578 = PRESENTATION_STYLE_ASSIGNMENT((#7579));
#7579 = SURFACE_STYLE_USAGE(.BOTH.,#7580);
#7580 = SURFACE_SIDE_STYLE('',(#7581));
#7581 = SURFACE_STYLE_FILL_AREA(#7582);
#7582 = FILL_AREA_STYLE('',(#7583));
#7583 = FILL_AREA_STYLE_COLOUR('',#6587);
#7584 = STYLED_ITEM('color',(#7585),#4765);
#7585 = PRESENTATION_STYLE_ASSIGNMENT((#7586));
#7586 = SURFACE_STYLE_USAGE(.BOTH.,#7587);
#7587 = SURFACE_SIDE_STYLE('',(#7588));
#7588 = SURFACE_STYLE_FILL_AREA(#7589);
#7589 = FILL_AREA_STYLE('',(#7590));
#7590 = FILL_AREA_STYLE_COLOUR('',#6587);
#7591 = STYLED_ITEM('color',(#7592),#4797);
#7592 = PRESENTATION_STYLE_ASSIGNMENT((#7593));
#7593 = SURFACE_STYLE_USAGE(.BOTH.,#7594);
#7594 = SURFACE_SIDE_STYLE('',(#7595));
#7595 = SURFACE_STYLE_FILL_AREA(#7596);
#7596 = FILL_AREA_STYLE('',(#7597));
#7597 = FILL_AREA_STYLE_COLOUR('',#6587);
#7598 = STYLED_ITEM('color',(#7599),#4821);
#7599 = PRESENTATION_STYLE_ASSIGNMENT((#7600));
#7600 = SURFACE_STYLE_USAGE(.BOTH.,#7601);
#7601 = SURFACE_SIDE_STYLE('',(#7602));
#7602 = SURFACE_STYLE_FILL_AREA(#7603);
#7603 = FILL_AREA_STYLE('',(#7604));
#7604 = FILL_AREA_STYLE_COLOUR('',#6587);
#7605 = STYLED_ITEM('color',(#7606),#4843);
#7606 = PRESENTATION_STYLE_ASSIGNMENT((#7607));
#7607 = SURFACE_STYLE_USAGE(.BOTH.,#7608);
#7608 = SURFACE_SIDE_STYLE('',(#7609));
#7609 = SURFACE_STYLE_FILL_AREA(#7610);
#7610 = FILL_AREA_STYLE('',(#7611));
#7611 = FILL_AREA_STYLE_COLOUR('',#6587);
#7612 = STYLED_ITEM('color',(#7613),#4860);
#7613 = PRESENTATION_STYLE_ASSIGNMENT((#7614));
#7614 = SURFACE_STYLE_USAGE(.BOTH.,#7615);
#7615 = SURFACE_SIDE_STYLE('',(#7616));
#7616 = SURFACE_STYLE_FILL_AREA(#7617);
#7617 = FILL_AREA_STYLE('',(#7618));
#7618 = FILL_AREA_STYLE_COLOUR('',#6587);
#7619 = STYLED_ITEM('color',(#7620),#4872);
#7620 = PRESENTATION_STYLE_ASSIGNMENT((#7621));
#7621 = SURFACE_STYLE_USAGE(.BOTH.,#7622);
#7622 = SURFACE_SIDE_STYLE('',(#7623));
#7623 = SURFACE_STYLE_FILL_AREA(#7624);
#7624 = FILL_AREA_STYLE('',(#7625));
#7625 = FILL_AREA_STYLE_COLOUR('',#6587);
#7626 = STYLED_ITEM('color',(#7627),#4896);
#7627 = PRESENTATION_STYLE_ASSIGNMENT((#7628));
#7628 = SURFACE_STYLE_USAGE(.BOTH.,#7629);
#7629 = SURFACE_SIDE_STYLE('',(#7630));
#7630 = SURFACE_STYLE_FILL_AREA(#7631);
#7631 = FILL_AREA_STYLE('',(#7632));
#7632 = FILL_AREA_STYLE_COLOUR('',#6587);
#7633 = STYLED_ITEM('color',(#7634),#4908);
#7634 = PRESENTATION_STYLE_ASSIGNMENT((#7635));
#7635 = SURFACE_STYLE_USAGE(.BOTH.,#7636);
#7636 = SURFACE_SIDE_STYLE('',(#7637));
#7637 = SURFACE_STYLE_FILL_AREA(#7638);
#7638 = FILL_AREA_STYLE('',(#7639));
#7639 = FILL_AREA_STYLE_COLOUR('',#6587);
#7640 = STYLED_ITEM('color',(#7641),#4942);
#7641 = PRESENTATION_STYLE_ASSIGNMENT((#7642));
#7642 = SURFACE_STYLE_USAGE(.BOTH.,#7643);
#7643 = SURFACE_SIDE_STYLE('',(#7644));
#7644 = SURFACE_STYLE_FILL_AREA(#7645);
#7645 = FILL_AREA_STYLE('',(#7646));
#7646 = FILL_AREA_STYLE_COLOUR('',#6587);
#7647 = STYLED_ITEM('color',(#7648),#4968);
#7648 = PRESENTATION_STYLE_ASSIGNMENT((#7649));
#7649 = SURFACE_STYLE_USAGE(.BOTH.,#7650);
#7650 = SURFACE_SIDE_STYLE('',(#7651));
#7651 = SURFACE_STYLE_FILL_AREA(#7652);
#7652 = FILL_AREA_STYLE('',(#7653));
#7653 = FILL_AREA_STYLE_COLOUR('',#6587);
#7654 = STYLED_ITEM('color',(#7655),#4993);
#7655 = PRESENTATION_STYLE_ASSIGNMENT((#7656));
#7656 = SURFACE_STYLE_USAGE(.BOTH.,#7657);
#7657 = SURFACE_SIDE_STYLE('',(#7658));
#7658 = SURFACE_STYLE_FILL_AREA(#7659);
#7659 = FILL_AREA_STYLE('',(#7660));
#7660 = FILL_AREA_STYLE_COLOUR('',#6587);
#7661 = STYLED_ITEM('color',(#7662),#5019);
#7662 = PRESENTATION_STYLE_ASSIGNMENT((#7663));
#7663 = SURFACE_STYLE_USAGE(.BOTH.,#7664);
#7664 = SURFACE_SIDE_STYLE('',(#7665));
#7665 = SURFACE_STYLE_FILL_AREA(#7666);
#7666 = FILL_AREA_STYLE('',(#7667));
#7667 = FILL_AREA_STYLE_COLOUR('',#6587);
#7668 = STYLED_ITEM('color',(#7669),#5036);
#7669 = PRESENTATION_STYLE_ASSIGNMENT((#7670));
#7670 = SURFACE_STYLE_USAGE(.BOTH.,#7671);
#7671 = SURFACE_SIDE_STYLE('',(#7672));
#7672 = SURFACE_STYLE_FILL_AREA(#7673);
#7673 = FILL_AREA_STYLE('',(#7674));
#7674 = FILL_AREA_STYLE_COLOUR('',#6587);
#7675 = STYLED_ITEM('color',(#7676),#5053);
#7676 = PRESENTATION_STYLE_ASSIGNMENT((#7677));
#7677 = SURFACE_STYLE_USAGE(.BOTH.,#7678);
#7678 = SURFACE_SIDE_STYLE('',(#7679));
#7679 = SURFACE_STYLE_FILL_AREA(#7680);
#7680 = FILL_AREA_STYLE('',(#7681));
#7681 = FILL_AREA_STYLE_COLOUR('',#6587);
#7682 = STYLED_ITEM('color',(#7683),#5070);
#7683 = PRESENTATION_STYLE_ASSIGNMENT((#7684));
#7684 = SURFACE_STYLE_USAGE(.BOTH.,#7685);
#7685 = SURFACE_SIDE_STYLE('',(#7686));
#7686 = SURFACE_STYLE_FILL_AREA(#7687);
#7687 = FILL_AREA_STYLE('',(#7688));
#7688 = FILL_AREA_STYLE_COLOUR('',#6587);
#7689 = STYLED_ITEM('color',(#7690),#5087);
#7690 = PRESENTATION_STYLE_ASSIGNMENT((#7691));
#7691 = SURFACE_STYLE_USAGE(.BOTH.,#7692);
#7692 = SURFACE_SIDE_STYLE('',(#7693));
#7693 = SURFACE_STYLE_FILL_AREA(#7694);
#7694 = FILL_AREA_STYLE('',(#7695));
#7695 = FILL_AREA_STYLE_COLOUR('',#6587);
#7696 = STYLED_ITEM('color',(#7697),#5104);
#7697 = PRESENTATION_STYLE_ASSIGNMENT((#7698));
#7698 = SURFACE_STYLE_USAGE(.BOTH.,#7699);
#7699 = SURFACE_SIDE_STYLE('',(#7700));
#7700 = SURFACE_STYLE_FILL_AREA(#7701);
#7701 = FILL_AREA_STYLE('',(#7702));
#7702 = FILL_AREA_STYLE_COLOUR('',#6587);
#7703 = STYLED_ITEM('color',(#7704),#5121);
#7704 = PRESENTATION_STYLE_ASSIGNMENT((#7705));
#7705 = SURFACE_STYLE_USAGE(.BOTH.,#7706);
#7706 = SURFACE_SIDE_STYLE('',(#7707));
#7707 = SURFACE_STYLE_FILL_AREA(#7708);
#7708 = FILL_AREA_STYLE('',(#7709));
#7709 = FILL_AREA_STYLE_COLOUR('',#6587);
#7710 = STYLED_ITEM('color',(#7711),#5138);
#7711 = PRESENTATION_STYLE_ASSIGNMENT((#7712));
#7712 = SURFACE_STYLE_USAGE(.BOTH.,#7713);
#7713 = SURFACE_SIDE_STYLE('',(#7714));
#7714 = SURFACE_STYLE_FILL_AREA(#7715);
#7715 = FILL_AREA_STYLE('',(#7716));
#7716 = FILL_AREA_STYLE_COLOUR('',#6587);
#7717 = STYLED_ITEM('color',(#7718),#5155);
#7718 = PRESENTATION_STYLE_ASSIGNMENT((#7719));
#7719 = SURFACE_STYLE_USAGE(.BOTH.,#7720);
#7720 = SURFACE_SIDE_STYLE('',(#7721));
#7721 = SURFACE_STYLE_FILL_AREA(#7722);
#7722 = FILL_AREA_STYLE('',(#7723));
#7723 = FILL_AREA_STYLE_COLOUR('',#6587);
#7724 = STYLED_ITEM('color',(#7725),#5172);
#7725 = PRESENTATION_STYLE_ASSIGNMENT((#7726));
#7726 = SURFACE_STYLE_USAGE(.BOTH.,#7727);
#7727 = SURFACE_SIDE_STYLE('',(#7728));
#7728 = SURFACE_STYLE_FILL_AREA(#7729);
#7729 = FILL_AREA_STYLE('',(#7730));
#7730 = FILL_AREA_STYLE_COLOUR('',#6587);
#7731 = STYLED_ITEM('color',(#7732),#5203);
#7732 = PRESENTATION_STYLE_ASSIGNMENT((#7733));
#7733 = SURFACE_STYLE_USAGE(.BOTH.,#7734);
#7734 = SURFACE_SIDE_STYLE('',(#7735));
#7735 = SURFACE_STYLE_FILL_AREA(#7736);
#7736 = FILL_AREA_STYLE('',(#7737));
#7737 = FILL_AREA_STYLE_COLOUR('',#6587);
#7738 = STYLED_ITEM('color',(#7739),#5227);
#7739 = PRESENTATION_STYLE_ASSIGNMENT((#7740));
#7740 = SURFACE_STYLE_USAGE(.BOTH.,#7741);
#7741 = SURFACE_SIDE_STYLE('',(#7742));
#7742 = SURFACE_STYLE_FILL_AREA(#7743);
#7743 = FILL_AREA_STYLE('',(#7744));
#7744 = FILL_AREA_STYLE_COLOUR('',#6587);
#7745 = STYLED_ITEM('color',(#7746),#5251);
#7746 = PRESENTATION_STYLE_ASSIGNMENT((#7747));
#7747 = SURFACE_STYLE_USAGE(.BOTH.,#7748);
#7748 = SURFACE_SIDE_STYLE('',(#7749));
#7749 = SURFACE_STYLE_FILL_AREA(#7750);
#7750 = FILL_AREA_STYLE('',(#7751));
#7751 = FILL_AREA_STYLE_COLOUR('',#6587);
#7752 = STYLED_ITEM('color',(#7753),#5268);
#7753 = PRESENTATION_STYLE_ASSIGNMENT((#7754));
#7754 = SURFACE_STYLE_USAGE(.BOTH.,#7755);
#7755 = SURFACE_SIDE_STYLE('',(#7756));
#7756 = SURFACE_STYLE_FILL_AREA(#7757);
#7757 = FILL_AREA_STYLE('',(#7758));
#7758 = FILL_AREA_STYLE_COLOUR('',#6587);
#7759 = STYLED_ITEM('color',(#7760),#5299);
#7760 = PRESENTATION_STYLE_ASSIGNMENT((#7761));
#7761 = SURFACE_STYLE_USAGE(.BOTH.,#7762);
#7762 = SURFACE_SIDE_STYLE('',(#7763));
#7763 = SURFACE_STYLE_FILL_AREA(#7764);
#7764 = FILL_AREA_STYLE('',(#7765));
#7765 = FILL_AREA_STYLE_COLOUR('',#6587);
#7766 = STYLED_ITEM('color',(#7767),#5323);
#7767 = PRESENTATION_STYLE_ASSIGNMENT((#7768));
#7768 = SURFACE_STYLE_USAGE(.BOTH.,#7769);
#7769 = SURFACE_SIDE_STYLE('',(#7770));
#7770 = SURFACE_STYLE_FILL_AREA(#7771);
#7771 = FILL_AREA_STYLE('',(#7772));
#7772 = FILL_AREA_STYLE_COLOUR('',#6587);
#7773 = STYLED_ITEM('color',(#7774),#5347);
#7774 = PRESENTATION_STYLE_ASSIGNMENT((#7775));
#7775 = SURFACE_STYLE_USAGE(.BOTH.,#7776);
#7776 = SURFACE_SIDE_STYLE('',(#7777));
#7777 = SURFACE_STYLE_FILL_AREA(#7778);
#7778 = FILL_AREA_STYLE('',(#7779));
#7779 = FILL_AREA_STYLE_COLOUR('',#6587);
#7780 = STYLED_ITEM('color',(#7781),#5364);
#7781 = PRESENTATION_STYLE_ASSIGNMENT((#7782));
#7782 = SURFACE_STYLE_USAGE(.BOTH.,#7783);
#7783 = SURFACE_SIDE_STYLE('',(#7784));
#7784 = SURFACE_STYLE_FILL_AREA(#7785);
#7785 = FILL_AREA_STYLE('',(#7786));
#7786 = FILL_AREA_STYLE_COLOUR('',#6587);
#7787 = STYLED_ITEM('color',(#7788),#5395);
#7788 = PRESENTATION_STYLE_ASSIGNMENT((#7789));
#7789 = SURFACE_STYLE_USAGE(.BOTH.,#7790);
#7790 = SURFACE_SIDE_STYLE('',(#7791));
#7791 = SURFACE_STYLE_FILL_AREA(#7792);
#7792 = FILL_AREA_STYLE('',(#7793));
#7793 = FILL_AREA_STYLE_COLOUR('',#6587);
#7794 = STYLED_ITEM('color',(#7795),#5419);
#7795 = PRESENTATION_STYLE_ASSIGNMENT((#7796));
#7796 = SURFACE_STYLE_USAGE(.BOTH.,#7797);
#7797 = SURFACE_SIDE_STYLE('',(#7798));
#7798 = SURFACE_STYLE_FILL_AREA(#7799);
#7799 = FILL_AREA_STYLE('',(#7800));
#7800 = FILL_AREA_STYLE_COLOUR('',#6587);
#7801 = STYLED_ITEM('color',(#7802),#5443);
#7802 = PRESENTATION_STYLE_ASSIGNMENT((#7803));
#7803 = SURFACE_STYLE_USAGE(.BOTH.,#7804);
#7804 = SURFACE_SIDE_STYLE('',(#7805));
#7805 = SURFACE_STYLE_FILL_AREA(#7806);
#7806 = FILL_AREA_STYLE('',(#7807));
#7807 = FILL_AREA_STYLE_COLOUR('',#6587);
#7808 = STYLED_ITEM('color',(#7809),#5460);
#7809 = PRESENTATION_STYLE_ASSIGNMENT((#7810));
#7810 = SURFACE_STYLE_USAGE(.BOTH.,#7811);
#7811 = SURFACE_SIDE_STYLE('',(#7812));
#7812 = SURFACE_STYLE_FILL_AREA(#7813);
#7813 = FILL_AREA_STYLE('',(#7814));
#7814 = FILL_AREA_STYLE_COLOUR('',#6587);
#7815 = STYLED_ITEM('color',(#7816),#5491);
#7816 = PRESENTATION_STYLE_ASSIGNMENT((#7817));
#7817 = SURFACE_STYLE_USAGE(.BOTH.,#7818);
#7818 = SURFACE_SIDE_STYLE('',(#7819));
#7819 = SURFACE_STYLE_FILL_AREA(#7820);
#7820 = FILL_AREA_STYLE('',(#7821));
#7821 = FILL_AREA_STYLE_COLOUR('',#6587);
#7822 = STYLED_ITEM('color',(#7823),#5515);
#7823 = PRESENTATION_STYLE_ASSIGNMENT((#7824));
#7824 = SURFACE_STYLE_USAGE(.BOTH.,#7825);
#7825 = SURFACE_SIDE_STYLE('',(#7826));
#7826 = SURFACE_STYLE_FILL_AREA(#7827);
#7827 = FILL_AREA_STYLE('',(#7828));
#7828 = FILL_AREA_STYLE_COLOUR('',#6587);
#7829 = STYLED_ITEM('color',(#7830),#5539);
#7830 = PRESENTATION_STYLE_ASSIGNMENT((#7831));
#7831 = SURFACE_STYLE_USAGE(.BOTH.,#7832);
#7832 = SURFACE_SIDE_STYLE('',(#7833));
#7833 = SURFACE_STYLE_FILL_AREA(#7834);
#7834 = FILL_AREA_STYLE('',(#7835));
#7835 = FILL_AREA_STYLE_COLOUR('',#6587);
#7836 = STYLED_ITEM('color',(#7837),#5556);
#7837 = PRESENTATION_STYLE_ASSIGNMENT((#7838));
#7838 = SURFACE_STYLE_USAGE(.BOTH.,#7839);
#7839 = SURFACE_SIDE_STYLE('',(#7840));
#7840 = SURFACE_STYLE_FILL_AREA(#7841);
#7841 = FILL_AREA_STYLE('',(#7842));
#7842 = FILL_AREA_STYLE_COLOUR('',#6587);
#7843 = STYLED_ITEM('color',(#7844),#5587);
#7844 = PRESENTATION_STYLE_ASSIGNMENT((#7845));
#7845 = SURFACE_STYLE_USAGE(.BOTH.,#7846);
#7846 = SURFACE_SIDE_STYLE('',(#7847));
#7847 = SURFACE_STYLE_FILL_AREA(#7848);
#7848 = FILL_AREA_STYLE('',(#7849));
#7849 = FILL_AREA_STYLE_COLOUR('',#6587);
#7850 = STYLED_ITEM('color',(#7851),#5611);
#7851 = PRESENTATION_STYLE_ASSIGNMENT((#7852));
#7852 = SURFACE_STYLE_USAGE(.BOTH.,#7853);
#7853 = SURFACE_SIDE_STYLE('',(#7854));
#7854 = SURFACE_STYLE_FILL_AREA(#7855);
#7855 = FILL_AREA_STYLE('',(#7856));
#7856 = FILL_AREA_STYLE_COLOUR('',#6587);
#7857 = STYLED_ITEM('color',(#7858),#5635);
#7858 = PRESENTATION_STYLE_ASSIGNMENT((#7859));
#7859 = SURFACE_STYLE_USAGE(.BOTH.,#7860);
#7860 = SURFACE_SIDE_STYLE('',(#7861));
#7861 = SURFACE_STYLE_FILL_AREA(#7862);
#7862 = FILL_AREA_STYLE('',(#7863));
#7863 = FILL_AREA_STYLE_COLOUR('',#6587);
#7864 = STYLED_ITEM('color',(#7865),#5652);
#7865 = PRESENTATION_STYLE_ASSIGNMENT((#7866));
#7866 = SURFACE_STYLE_USAGE(.BOTH.,#7867);
#7867 = SURFACE_SIDE_STYLE('',(#7868));
#7868 = SURFACE_STYLE_FILL_AREA(#7869);
#7869 = FILL_AREA_STYLE('',(#7870));
#7870 = FILL_AREA_STYLE_COLOUR('',#6587);
#7871 = STYLED_ITEM('color',(#7872),#5683);
#7872 = PRESENTATION_STYLE_ASSIGNMENT((#7873));
#7873 = SURFACE_STYLE_USAGE(.BOTH.,#7874);
#7874 = SURFACE_SIDE_STYLE('',(#7875));
#7875 = SURFACE_STYLE_FILL_AREA(#7876);
#7876 = FILL_AREA_STYLE('',(#7877));
#7877 = FILL_AREA_STYLE_COLOUR('',#6587);
#7878 = STYLED_ITEM('color',(#7879),#5707);
#7879 = PRESENTATION_STYLE_ASSIGNMENT((#7880));
#7880 = SURFACE_STYLE_USAGE(.BOTH.,#7881);
#7881 = SURFACE_SIDE_STYLE('',(#7882));
#7882 = SURFACE_STYLE_FILL_AREA(#7883);
#7883 = FILL_AREA_STYLE('',(#7884));
#7884 = FILL_AREA_STYLE_COLOUR('',#6587);
#7885 = STYLED_ITEM('color',(#7886),#5731);
#7886 = PRESENTATION_STYLE_ASSIGNMENT((#7887));
#7887 = SURFACE_STYLE_USAGE(.BOTH.,#7888);
#7888 = SURFACE_SIDE_STYLE('',(#7889));
#7889 = SURFACE_STYLE_FILL_AREA(#7890);
#7890 = FILL_AREA_STYLE('',(#7891));
#7891 = FILL_AREA_STYLE_COLOUR('',#6587);
#7892 = STYLED_ITEM('color',(#7893),#5748);
#7893 = PRESENTATION_STYLE_ASSIGNMENT((#7894));
#7894 = SURFACE_STYLE_USAGE(.BOTH.,#7895);
#7895 = SURFACE_SIDE_STYLE('',(#7896));
#7896 = SURFACE_STYLE_FILL_AREA(#7897);
#7897 = FILL_AREA_STYLE('',(#7898));
#7898 = FILL_AREA_STYLE_COLOUR('',#6587);
#7899 = STYLED_ITEM('color',(#7900),#5779);
#7900 = PRESENTATION_STYLE_ASSIGNMENT((#7901));
#7901 = SURFACE_STYLE_USAGE(.BOTH.,#7902);
#7902 = SURFACE_SIDE_STYLE('',(#7903));
#7903 = SURFACE_STYLE_FILL_AREA(#7904);
#7904 = FILL_AREA_STYLE('',(#7905));
#7905 = FILL_AREA_STYLE_COLOUR('',#6587);
#7906 = STYLED_ITEM('color',(#7907),#5803);
#7907 = PRESENTATION_STYLE_ASSIGNMENT((#7908));
#7908 = SURFACE_STYLE_USAGE(.BOTH.,#7909);
#7909 = SURFACE_SIDE_STYLE('',(#7910));
#7910 = SURFACE_STYLE_FILL_AREA(#7911);
#7911 = FILL_AREA_STYLE('',(#7912));
#7912 = FILL_AREA_STYLE_COLOUR('',#6587);
#7913 = STYLED_ITEM('color',(#7914),#5827);
#7914 = PRESENTATION_STYLE_ASSIGNMENT((#7915));
#7915 = SURFACE_STYLE_USAGE(.BOTH.,#7916);
#7916 = SURFACE_SIDE_STYLE('',(#7917));
#7917 = SURFACE_STYLE_FILL_AREA(#7918);
#7918 = FILL_AREA_STYLE('',(#7919));
#7919 = FILL_AREA_STYLE_COLOUR('',#6587);
#7920 = STYLED_ITEM('color',(#7921),#5844);
#7921 = PRESENTATION_STYLE_ASSIGNMENT((#7922));
#7922 = SURFACE_STYLE_USAGE(.BOTH.,#7923);
#7923 = SURFACE_SIDE_STYLE('',(#7924));
#7924 = SURFACE_STYLE_FILL_AREA(#7925);
#7925 = FILL_AREA_STYLE('',(#7926));
#7926 = FILL_AREA_STYLE_COLOUR('',#6587);
#7927 = STYLED_ITEM('color',(#7928),#5875);
#7928 = PRESENTATION_STYLE_ASSIGNMENT((#7929));
#7929 = SURFACE_STYLE_USAGE(.BOTH.,#7930);
#7930 = SURFACE_SIDE_STYLE('',(#7931));
#7931 = SURFACE_STYLE_FILL_AREA(#7932);
#7932 = FILL_AREA_STYLE('',(#7933));
#7933 = FILL_AREA_STYLE_COLOUR('',#6587);
#7934 = STYLED_ITEM('color',(#7935),#5899);
#7935 = PRESENTATION_STYLE_ASSIGNMENT((#7936));
#7936 = SURFACE_STYLE_USAGE(.BOTH.,#7937);
#7937 = SURFACE_SIDE_STYLE('',(#7938));
#7938 = SURFACE_STYLE_FILL_AREA(#7939);
#7939 = FILL_AREA_STYLE('',(#7940));
#7940 = FILL_AREA_STYLE_COLOUR('',#6587);
#7941 = STYLED_ITEM('color',(#7942),#5923);
#7942 = PRESENTATION_STYLE_ASSIGNMENT((#7943));
#7943 = SURFACE_STYLE_USAGE(.BOTH.,#7944);
#7944 = SURFACE_SIDE_STYLE('',(#7945));
#7945 = SURFACE_STYLE_FILL_AREA(#7946);
#7946 = FILL_AREA_STYLE('',(#7947));
#7947 = FILL_AREA_STYLE_COLOUR('',#6587);
#7948 = STYLED_ITEM('color',(#7949),#5940);
#7949 = PRESENTATION_STYLE_ASSIGNMENT((#7950));
#7950 = SURFACE_STYLE_USAGE(.BOTH.,#7951);
#7951 = SURFACE_SIDE_STYLE('',(#7952));
#7952 = SURFACE_STYLE_FILL_AREA(#7953);
#7953 = FILL_AREA_STYLE('',(#7954));
#7954 = FILL_AREA_STYLE_COLOUR('',#6587);
#7955 = STYLED_ITEM('color',(#7956),#5952);
#7956 = PRESENTATION_STYLE_ASSIGNMENT((#7957));
#7957 = SURFACE_STYLE_USAGE(.BOTH.,#7958);
#7958 = SURFACE_SIDE_STYLE('',(#7959));
#7959 = SURFACE_STYLE_FILL_AREA(#7960);
#7960 = FILL_AREA_STYLE('',(#7961));
#7961 = FILL_AREA_STYLE_COLOUR('',#6587);
#7962 = STYLED_ITEM('color',(#7963),#5964);
#7963 = PRESENTATION_STYLE_ASSIGNMENT((#7964));
#7964 = SURFACE_STYLE_USAGE(.BOTH.,#7965);
#7965 = SURFACE_SIDE_STYLE('',(#7966));
#7966 = SURFACE_STYLE_FILL_AREA(#7967);
#7967 = FILL_AREA_STYLE('',(#7968));
#7968 = FILL_AREA_STYLE_COLOUR('',#6587);
#7969 = STYLED_ITEM('color',(#7970),#5976);
#7970 = PRESENTATION_STYLE_ASSIGNMENT((#7971));
#7971 = SURFACE_STYLE_USAGE(.BOTH.,#7972);
#7972 = SURFACE_SIDE_STYLE('',(#7973));
#7973 = SURFACE_STYLE_FILL_AREA(#7974);
#7974 = FILL_AREA_STYLE('',(#7975));
#7975 = FILL_AREA_STYLE_COLOUR('',#6587);
#7976 = STYLED_ITEM('color',(#7977),#5988);
#7977 = PRESENTATION_STYLE_ASSIGNMENT((#7978));
#7978 = SURFACE_STYLE_USAGE(.BOTH.,#7979);
#7979 = SURFACE_SIDE_STYLE('',(#7980));
#7980 = SURFACE_STYLE_FILL_AREA(#7981);
#7981 = FILL_AREA_STYLE('',(#7982));
#7982 = FILL_AREA_STYLE_COLOUR('',#6587);
#7983 = STYLED_ITEM('color',(#7984),#6000);
#7984 = PRESENTATION_STYLE_ASSIGNMENT((#7985));
#7985 = SURFACE_STYLE_USAGE(.BOTH.,#7986);
#7986 = SURFACE_SIDE_STYLE('',(#7987));
#7987 = SURFACE_STYLE_FILL_AREA(#7988);
#7988 = FILL_AREA_STYLE('',(#7989));
#7989 = FILL_AREA_STYLE_COLOUR('',#6587);
#7990 = STYLED_ITEM('color',(#7991),#6012);
#7991 = PRESENTATION_STYLE_ASSIGNMENT((#7992));
#7992 = SURFACE_STYLE_USAGE(.BOTH.,#7993);
#7993 = SURFACE_SIDE_STYLE('',(#7994));
#7994 = SURFACE_STYLE_FILL_AREA(#7995);
#7995 = FILL_AREA_STYLE('',(#7996));
#7996 = FILL_AREA_STYLE_COLOUR('',#6587);
#7997 = STYLED_ITEM('color',(#7998),#6024);
#7998 = PRESENTATION_STYLE_ASSIGNMENT((#7999));
#7999 = SURFACE_STYLE_USAGE(.BOTH.,#8000);
#8000 = SURFACE_SIDE_STYLE('',(#8001));
#8001 = SURFACE_STYLE_FILL_AREA(#8002);
#8002 = FILL_AREA_STYLE('',(#8003));
#8003 = FILL_AREA_STYLE_COLOUR('',#6587);
#8004 = STYLED_ITEM('color',(#8005),#6036);
#8005 = PRESENTATION_STYLE_ASSIGNMENT((#8006));
#8006 = SURFACE_STYLE_USAGE(.BOTH.,#8007);
#8007 = SURFACE_SIDE_STYLE('',(#8008));
#8008 = SURFACE_STYLE_FILL_AREA(#8009);
#8009 = FILL_AREA_STYLE('',(#8010));
#8010 = FILL_AREA_STYLE_COLOUR('',#6587);
#8011 = STYLED_ITEM('color',(#8012),#6085);
#8012 = PRESENTATION_STYLE_ASSIGNMENT((#8013));
#8013 = SURFACE_STYLE_USAGE(.BOTH.,#8014);
#8014 = SURFACE_SIDE_STYLE('',(#8015));
#8015 = SURFACE_STYLE_FILL_AREA(#8016);
#8016 = FILL_AREA_STYLE('',(#8017));
#8017 = FILL_AREA_STYLE_COLOUR('',#6587);
#8018 = STYLED_ITEM('color',(#8019),#6097);
#8019 = PRESENTATION_STYLE_ASSIGNMENT((#8020));
#8020 = SURFACE_STYLE_USAGE(.BOTH.,#8021);
#8021 = SURFACE_SIDE_STYLE('',(#8022));
#8022 = SURFACE_STYLE_FILL_AREA(#8023);
#8023 = FILL_AREA_STYLE('',(#8024));
#8024 = FILL_AREA_STYLE_COLOUR('',#6587);
#8025 = STYLED_ITEM('color',(#8026),#6109);
#8026 = PRESENTATION_STYLE_ASSIGNMENT((#8027));
#8027 = SURFACE_STYLE_USAGE(.BOTH.,#8028);
#8028 = SURFACE_SIDE_STYLE('',(#8029));
#8029 = SURFACE_STYLE_FILL_AREA(#8030);
#8030 = FILL_AREA_STYLE('',(#8031));
#8031 = FILL_AREA_STYLE_COLOUR('',#6587);
#8032 = STYLED_ITEM('color',(#8033),#6121);
#8033 = PRESENTATION_STYLE_ASSIGNMENT((#8034));
#8034 = SURFACE_STYLE_USAGE(.BOTH.,#8035);
#8035 = SURFACE_SIDE_STYLE('',(#8036));
#8036 = SURFACE_STYLE_FILL_AREA(#8037);
#8037 = FILL_AREA_STYLE('',(#8038));
#8038 = FILL_AREA_STYLE_COLOUR('',#6587);
#8039 = STYLED_ITEM('color',(#8040),#6133);
#8040 = PRESENTATION_STYLE_ASSIGNMENT((#8041));
#8041 = SURFACE_STYLE_USAGE(.BOTH.,#8042);
#8042 = SURFACE_SIDE_STYLE('',(#8043));
#8043 = SURFACE_STYLE_FILL_AREA(#8044);
#8044 = FILL_AREA_STYLE('',(#8045));
#8045 = FILL_AREA_STYLE_COLOUR('',#6587);
#8046 = STYLED_ITEM('color',(#8047),#6145);
#8047 = PRESENTATION_STYLE_ASSIGNMENT((#8048));
#8048 = SURFACE_STYLE_USAGE(.BOTH.,#8049);
#8049 = SURFACE_SIDE_STYLE('',(#8050));
#8050 = SURFACE_STYLE_FILL_AREA(#8051);
#8051 = FILL_AREA_STYLE('',(#8052));
#8052 = FILL_AREA_STYLE_COLOUR('',#6587);
#8053 = STYLED_ITEM('color',(#8054),#6157);
#8054 = PRESENTATION_STYLE_ASSIGNMENT((#8055));
#8055 = SURFACE_STYLE_USAGE(.BOTH.,#8056);
#8056 = SURFACE_SIDE_STYLE('',(#8057));
#8057 = SURFACE_STYLE_FILL_AREA(#8058);
#8058 = FILL_AREA_STYLE('',(#8059));
#8059 = FILL_AREA_STYLE_COLOUR('',#6587);
#8060 = STYLED_ITEM('color',(#8061),#6169);
#8061 = PRESENTATION_STYLE_ASSIGNMENT((#8062));
#8062 = SURFACE_STYLE_USAGE(.BOTH.,#8063);
#8063 = SURFACE_SIDE_STYLE('',(#8064));
#8064 = SURFACE_STYLE_FILL_AREA(#8065);
#8065 = FILL_AREA_STYLE('',(#8066));
#8066 = FILL_AREA_STYLE_COLOUR('',#6587);
#8067 = STYLED_ITEM('color',(#8068),#6181);
#8068 = PRESENTATION_STYLE_ASSIGNMENT((#8069));
#8069 = SURFACE_STYLE_USAGE(.BOTH.,#8070);
#8070 = SURFACE_SIDE_STYLE('',(#8071));
#8071 = SURFACE_STYLE_FILL_AREA(#8072);
#8072 = FILL_AREA_STYLE('',(#8073));
#8073 = FILL_AREA_STYLE_COLOUR('',#6587);
#8074 = STYLED_ITEM('color',(#8075),#6212);
#8075 = PRESENTATION_STYLE_ASSIGNMENT((#8076));
#8076 = SURFACE_STYLE_USAGE(.BOTH.,#8077);
#8077 = SURFACE_SIDE_STYLE('',(#8078));
#8078 = SURFACE_STYLE_FILL_AREA(#8079);
#8079 = FILL_AREA_STYLE('',(#8080));
#8080 = FILL_AREA_STYLE_COLOUR('',#6587);
#8081 = STYLED_ITEM('color',(#8082),#6246);
#8082 = PRESENTATION_STYLE_ASSIGNMENT((#8083));
#8083 = SURFACE_STYLE_USAGE(.BOTH.,#8084);
#8084 = SURFACE_SIDE_STYLE('',(#8085));
#8085 = SURFACE_STYLE_FILL_AREA(#8086);
#8086 = FILL_AREA_STYLE('',(#8087));
#8087 = FILL_AREA_STYLE_COLOUR('',#6587);
#8088 = STYLED_ITEM('color',(#8089),#6270);
#8089 = PRESENTATION_STYLE_ASSIGNMENT((#8090));
#8090 = SURFACE_STYLE_USAGE(.BOTH.,#8091);
#8091 = SURFACE_SIDE_STYLE('',(#8092));
#8092 = SURFACE_STYLE_FILL_AREA(#8093);
#8093 = FILL_AREA_STYLE('',(#8094));
#8094 = FILL_AREA_STYLE_COLOUR('',#6587);
#8095 = STYLED_ITEM('color',(#8096),#6288);
#8096 = PRESENTATION_STYLE_ASSIGNMENT((#8097));
#8097 = SURFACE_STYLE_USAGE(.BOTH.,#8098);
#8098 = SURFACE_SIDE_STYLE('',(#8099));
#8099 = SURFACE_STYLE_FILL_AREA(#8100);
#8100 = FILL_AREA_STYLE('',(#8101));
#8101 = FILL_AREA_STYLE_COLOUR('',#6587);
#8102 = STYLED_ITEM('color',(#8103),#6321);
#8103 = PRESENTATION_STYLE_ASSIGNMENT((#8104));
#8104 = SURFACE_STYLE_USAGE(.BOTH.,#8105);
#8105 = SURFACE_SIDE_STYLE('',(#8106));
#8106 = SURFACE_STYLE_FILL_AREA(#8107);
#8107 = FILL_AREA_STYLE('',(#8108));
#8108 = FILL_AREA_STYLE_COLOUR('',#6587);
#8109 = STYLED_ITEM('color',(#8110),#6347);
#8110 = PRESENTATION_STYLE_ASSIGNMENT((#8111));
#8111 = SURFACE_STYLE_USAGE(.BOTH.,#8112);
#8112 = SURFACE_SIDE_STYLE('',(#8113));
#8113 = SURFACE_STYLE_FILL_AREA(#8114);
#8114 = FILL_AREA_STYLE('',(#8115));
#8115 = FILL_AREA_STYLE_COLOUR('',#6587);
#8116 = STYLED_ITEM('color',(#8117),#6373);
#8117 = PRESENTATION_STYLE_ASSIGNMENT((#8118));
#8118 = SURFACE_STYLE_USAGE(.BOTH.,#8119);
#8119 = SURFACE_SIDE_STYLE('',(#8120));
#8120 = SURFACE_STYLE_FILL_AREA(#8121);
#8121 = FILL_AREA_STYLE('',(#8122));
#8122 = FILL_AREA_STYLE_COLOUR('',#6587);
#8123 = STYLED_ITEM('color',(#8124),#6398);
#8124 = PRESENTATION_STYLE_ASSIGNMENT((#8125));
#8125 = SURFACE_STYLE_USAGE(.BOTH.,#8126);
#8126 = SURFACE_SIDE_STYLE('',(#8127));
#8127 = SURFACE_STYLE_FILL_AREA(#8128);
#8128 = FILL_AREA_STYLE('',(#8129));
#8129 = FILL_AREA_STYLE_COLOUR('',#6587);
#8130 = STYLED_ITEM('color',(#8131),#6416);
#8131 = PRESENTATION_STYLE_ASSIGNMENT((#8132));
#8132 = SURFACE_STYLE_USAGE(.BOTH.,#8133);
#8133 = SURFACE_SIDE_STYLE('',(#8134));
#8134 = SURFACE_STYLE_FILL_AREA(#8135);
#8135 = FILL_AREA_STYLE('',(#8136));
#8136 = FILL_AREA_STYLE_COLOUR('',#6587);
#8137 = STYLED_ITEM('color',(#8138),#6429);
#8138 = PRESENTATION_STYLE_ASSIGNMENT((#8139));
#8139 = SURFACE_STYLE_USAGE(.BOTH.,#8140);
#8140 = SURFACE_SIDE_STYLE('',(#8141));
#8141 = SURFACE_STYLE_FILL_AREA(#8142);
#8142 = FILL_AREA_STYLE('',(#8143));
#8143 = FILL_AREA_STYLE_COLOUR('',#6587);
#8144 = STYLED_ITEM('color',(#8145),#6461);
#8145 = PRESENTATION_STYLE_ASSIGNMENT((#8146));
#8146 = SURFACE_STYLE_USAGE(.BOTH.,#8147);
#8147 = SURFACE_SIDE_STYLE('',(#8148));
#8148 = SURFACE_STYLE_FILL_AREA(#8149);
#8149 = FILL_AREA_STYLE('',(#8150));
#8150 = FILL_AREA_STYLE_COLOUR('',#6587);
#8151 = STYLED_ITEM('color',(#8152),#6475);
#8152 = PRESENTATION_STYLE_ASSIGNMENT((#8153));
#8153 = SURFACE_STYLE_USAGE(.BOTH.,#8154);
#8154 = SURFACE_SIDE_STYLE('',(#8155));
#8155 = SURFACE_STYLE_FILL_AREA(#8156);
#8156 = FILL_AREA_STYLE('',(#8157));
#8157 = FILL_AREA_STYLE_COLOUR('',#6587);
#8158 = STYLED_ITEM('color',(#8159),#6489);
#8159 = PRESENTATION_STYLE_ASSIGNMENT((#8160));
#8160 = SURFACE_STYLE_USAGE(.BOTH.,#8161);
#8161 = SURFACE_SIDE_STYLE('',(#8162));
#8162 = SURFACE_STYLE_FILL_AREA(#8163);
#8163 = FILL_AREA_STYLE('',(#8164));
#8164 = FILL_AREA_STYLE_COLOUR('',#6587);
#8165 = STYLED_ITEM('color',(#8166),#6503);
#8166 = PRESENTATION_STYLE_ASSIGNMENT((#8167));
#8167 = SURFACE_STYLE_USAGE(.BOTH.,#8168);
#8168 = SURFACE_SIDE_STYLE('',(#8169));
#8169 = SURFACE_STYLE_FILL_AREA(#8170);
#8170 = FILL_AREA_STYLE('',(#8171));
#8171 = FILL_AREA_STYLE_COLOUR('',#6587);
#8172 = STYLED_ITEM('color',(#8173),#6517);
#8173 = PRESENTATION_STYLE_ASSIGNMENT((#8174));
#8174 = SURFACE_STYLE_USAGE(.BOTH.,#8175);
#8175 = SURFACE_SIDE_STYLE('',(#8176));
#8176 = SURFACE_STYLE_FILL_AREA(#8177);
#8177 = FILL_AREA_STYLE('',(#8178));
#8178 = FILL_AREA_STYLE_COLOUR('',#6587);
#8179 = STYLED_ITEM('color',(#8180),#6531);
#8180 = PRESENTATION_STYLE_ASSIGNMENT((#8181));
#8181 = SURFACE_STYLE_USAGE(.BOTH.,#8182);
#8182 = SURFACE_SIDE_STYLE('',(#8183));
#8183 = SURFACE_STYLE_FILL_AREA(#8184);
#8184 = FILL_AREA_STYLE('',(#8185));
#8185 = FILL_AREA_STYLE_COLOUR('',#6587);
#8186 = STYLED_ITEM('color',(#8187),#6545);
#8187 = PRESENTATION_STYLE_ASSIGNMENT((#8188));
#8188 = SURFACE_STYLE_USAGE(.BOTH.,#8189);
#8189 = SURFACE_SIDE_STYLE('',(#8190));
#8190 = SURFACE_STYLE_FILL_AREA(#8191);
#8191 = FILL_AREA_STYLE('',(#8192));
#8192 = FILL_AREA_STYLE_COLOUR('',#6587);
#8193 = STYLED_ITEM('color',(#8194),#6559);
#8194 = PRESENTATION_STYLE_ASSIGNMENT((#8195));
#8195 = SURFACE_STYLE_USAGE(.BOTH.,#8196);
#8196 = SURFACE_SIDE_STYLE('',(#8197));
#8197 = SURFACE_STYLE_FILL_AREA(#8198);
#8198 = FILL_AREA_STYLE('',(#8199));
#8199 = FILL_AREA_STYLE_COLOUR('',#6587);
ENDSEC;
END-ISO-10303-21;
