ISO-10303-21;
HEADER;
FILE_DESCRIPTION(('FreeCAD Model'),'2;1');
FILE_NAME(
  '/home/dan/kicad/3dModels/Trimpot_3_8mmx3_6mm_TC33X_2_103E.step',
  '2019-02-22T18:08:59',('kicad StepUp'),('ksu MCAD'),
  'Open CASCADE STEP processor 7.3','FreeCAD','Unknown');
FILE_SCHEMA(('AUTOMOTIVE_DESIGN { 1 0 10303 214 1 1 1 1 }'));
ENDSEC;
DATA;
#1 = APPLICATION_PROTOCOL_DEFINITION('international standard',
  'automotive_design',2000,#2);
#2 = APPLICATION_CONTEXT(
  'core data for automotive mechanical design processes');
#3 = SHAPE_DEFINITION_REPRESENTATION(#4,#10);
#4 = PRODUCT_DEFINITION_SHAPE('','',#5);
#5 = PRODUCT_DEFINITION('design','',#6,#9);
#6 = PRODUCT_DEFINITION_FORMATION('','',#7);
#7 = PRODUCT('Trimpot_3_8mmx3_6mm_TC33X_2_103E',
  'Trimpot_3_8mmx3_6mm_TC33X_2_103E','',(#8));
#8 = PRODUCT_CONTEXT('',#2,'mechanical');
#9 = PRODUCT_DEFINITION_CONTEXT('part definition',#2,'design');
#10 = SHAPE_REPRESENTATION('',(#11,#15,#1461),#2491);
#11 = AXIS2_PLACEMENT_3D('',#12,#13,#14);
#12 = CARTESIAN_POINT('',(0.,0.,0.));
#13 = DIRECTION('',(0.,0.,1.));
#14 = DIRECTION('',(1.,0.,-0.));
#15 = MANIFOLD_SOLID_BREP('',#16);
#16 = CLOSED_SHELL('',(#17,#89,#120,#144,#306,#330,#482,#506,#530,#547,
    #568,#590,#607,#624,#673,#715,#762,#779,#796,#813,#830,#847,#896,
    #920,#967,#979,#991,#1008,#1025,#1074,#1098,#1140,#1160,#1177,#1194,
    #1211,#1223,#1272,#1296,#1338,#1355,#1381,#1398,#1415,#1427,#1452));
#17 = ADVANCED_FACE('',(#18),#84,.F.);
#18 = FACE_BOUND('',#19,.F.);
#19 = EDGE_LOOP('',(#20,#30,#38,#46,#54,#62,#70,#78));
#20 = ORIENTED_EDGE('',*,*,#21,.F.);
#21 = EDGE_CURVE('',#22,#24,#26,.T.);
#22 = VERTEX_POINT('',#23);
#23 = CARTESIAN_POINT('',(-1.325,-2.,0.7));
#24 = VERTEX_POINT('',#25);
#25 = CARTESIAN_POINT('',(-1.325,-1.2,0.7));
#26 = LINE('',#27,#28);
#27 = CARTESIAN_POINT('',(-1.325,-2.,0.7));
#28 = VECTOR('',#29,1.);
#29 = DIRECTION('',(0.,1.,0.));
#30 = ORIENTED_EDGE('',*,*,#31,.F.);
#31 = EDGE_CURVE('',#32,#22,#34,.T.);
#32 = VERTEX_POINT('',#33);
#33 = CARTESIAN_POINT('',(-1.325,-2.,0.));
#34 = LINE('',#35,#36);
#35 = CARTESIAN_POINT('',(-1.325,-2.,0.));
#36 = VECTOR('',#37,1.);
#37 = DIRECTION('',(0.,0.,1.));
#38 = ORIENTED_EDGE('',*,*,#39,.T.);
#39 = EDGE_CURVE('',#32,#40,#42,.T.);
#40 = VERTEX_POINT('',#41);
#41 = CARTESIAN_POINT('',(-1.325,-1.2,0.));
#42 = LINE('',#43,#44);
#43 = CARTESIAN_POINT('',(-1.325,-2.,0.));
#44 = VECTOR('',#45,1.);
#45 = DIRECTION('',(0.,1.,0.));
#46 = ORIENTED_EDGE('',*,*,#47,.T.);
#47 = EDGE_CURVE('',#40,#48,#50,.T.);
#48 = VERTEX_POINT('',#49);
#49 = CARTESIAN_POINT('',(-1.325,-1.2,0.1));
#50 = LINE('',#51,#52);
#51 = CARTESIAN_POINT('',(-1.325,-1.2,0.));
#52 = VECTOR('',#53,1.);
#53 = DIRECTION('',(0.,0.,1.));
#54 = ORIENTED_EDGE('',*,*,#55,.T.);
#55 = EDGE_CURVE('',#48,#56,#58,.T.);
#56 = VERTEX_POINT('',#57);
#57 = CARTESIAN_POINT('',(-1.325,-1.9,0.1));
#58 = LINE('',#59,#60);
#59 = CARTESIAN_POINT('',(-1.325,-1.95,0.1));
#60 = VECTOR('',#61,1.);
#61 = DIRECTION('',(0.,-1.,0.));
#62 = ORIENTED_EDGE('',*,*,#63,.T.);
#63 = EDGE_CURVE('',#56,#64,#66,.T.);
#64 = VERTEX_POINT('',#65);
#65 = CARTESIAN_POINT('',(-1.325,-1.9,0.5));
#66 = LINE('',#67,#68);
#67 = CARTESIAN_POINT('',(-1.325,-1.9,5.E-02));
#68 = VECTOR('',#69,1.);
#69 = DIRECTION('',(0.,0.,1.));
#70 = ORIENTED_EDGE('',*,*,#71,.F.);
#71 = EDGE_CURVE('',#72,#64,#74,.T.);
#72 = VERTEX_POINT('',#73);
#73 = CARTESIAN_POINT('',(-1.325,-1.2,0.5));
#74 = LINE('',#75,#76);
#75 = CARTESIAN_POINT('',(-1.325,-1.95,0.5));
#76 = VECTOR('',#77,1.);
#77 = DIRECTION('',(0.,-1.,0.));
#78 = ORIENTED_EDGE('',*,*,#79,.T.);
#79 = EDGE_CURVE('',#72,#24,#80,.T.);
#80 = LINE('',#81,#82);
#81 = CARTESIAN_POINT('',(-1.325,-1.2,0.));
#82 = VECTOR('',#83,1.);
#83 = DIRECTION('',(0.,0.,1.));
#84 = PLANE('',#85);
#85 = AXIS2_PLACEMENT_3D('',#86,#87,#88);
#86 = CARTESIAN_POINT('',(-1.325,-2.,0.));
#87 = DIRECTION('',(1.,0.,0.));
#88 = DIRECTION('',(0.,0.,1.));
#89 = ADVANCED_FACE('',(#90),#115,.T.);
#90 = FACE_BOUND('',#91,.T.);
#91 = EDGE_LOOP('',(#92,#93,#101,#109));
#92 = ORIENTED_EDGE('',*,*,#21,.F.);
#93 = ORIENTED_EDGE('',*,*,#94,.T.);
#94 = EDGE_CURVE('',#22,#95,#97,.T.);
#95 = VERTEX_POINT('',#96);
#96 = CARTESIAN_POINT('',(-0.675,-2.,0.7));
#97 = LINE('',#98,#99);
#98 = CARTESIAN_POINT('',(-1.325,-2.,0.7));
#99 = VECTOR('',#100,1.);
#100 = DIRECTION('',(1.,0.,0.));
#101 = ORIENTED_EDGE('',*,*,#102,.T.);
#102 = EDGE_CURVE('',#95,#103,#105,.T.);
#103 = VERTEX_POINT('',#104);
#104 = CARTESIAN_POINT('',(-0.675,-1.2,0.7));
#105 = LINE('',#106,#107);
#106 = CARTESIAN_POINT('',(-0.675,-2.,0.7));
#107 = VECTOR('',#108,1.);
#108 = DIRECTION('',(0.,1.,0.));
#109 = ORIENTED_EDGE('',*,*,#110,.F.);
#110 = EDGE_CURVE('',#24,#103,#111,.T.);
#111 = LINE('',#112,#113);
#112 = CARTESIAN_POINT('',(-1.325,-1.2,0.7));
#113 = VECTOR('',#114,1.);
#114 = DIRECTION('',(1.,0.,0.));
#115 = PLANE('',#116);
#116 = AXIS2_PLACEMENT_3D('',#117,#118,#119);
#117 = CARTESIAN_POINT('',(-1.325,-2.,0.7));
#118 = DIRECTION('',(0.,0.,1.));
#119 = DIRECTION('',(1.,0.,0.));
#120 = ADVANCED_FACE('',(#121),#139,.T.);
#121 = FACE_BOUND('',#122,.T.);
#122 = EDGE_LOOP('',(#123,#131,#137,#138));
#123 = ORIENTED_EDGE('',*,*,#124,.F.);
#124 = EDGE_CURVE('',#125,#103,#127,.T.);
#125 = VERTEX_POINT('',#126);
#126 = CARTESIAN_POINT('',(-0.675,-1.2,0.5));
#127 = LINE('',#128,#129);
#128 = CARTESIAN_POINT('',(-0.675,-1.2,0.));
#129 = VECTOR('',#130,1.);
#130 = DIRECTION('',(0.,0.,1.));
#131 = ORIENTED_EDGE('',*,*,#132,.F.);
#132 = EDGE_CURVE('',#72,#125,#133,.T.);
#133 = LINE('',#134,#135);
#134 = CARTESIAN_POINT('',(-1.4125,-1.2,0.5));
#135 = VECTOR('',#136,1.);
#136 = DIRECTION('',(1.,0.,0.));
#137 = ORIENTED_EDGE('',*,*,#79,.T.);
#138 = ORIENTED_EDGE('',*,*,#110,.T.);
#139 = PLANE('',#140);
#140 = AXIS2_PLACEMENT_3D('',#141,#142,#143);
#141 = CARTESIAN_POINT('',(-1.325,-1.2,0.));
#142 = DIRECTION('',(0.,1.,0.));
#143 = DIRECTION('',(0.,0.,1.));
#144 = ADVANCED_FACE('',(#145),#301,.T.);
#145 = FACE_BOUND('',#146,.T.);
#146 = EDGE_LOOP('',(#147,#157,#165,#171,#172,#173,#181,#189,#197,#205,
    #213,#221,#229,#237,#245,#253,#261,#270,#279,#287,#295));
#147 = ORIENTED_EDGE('',*,*,#148,.F.);
#148 = EDGE_CURVE('',#149,#151,#153,.T.);
#149 = VERTEX_POINT('',#150);
#150 = CARTESIAN_POINT('',(-1.5,-1.75,0.5));
#151 = VERTEX_POINT('',#152);
#152 = CARTESIAN_POINT('',(-1.5,1.75,0.5));
#153 = LINE('',#154,#155);
#154 = CARTESIAN_POINT('',(-1.5,-1.9,0.5));
#155 = VECTOR('',#156,1.);
#156 = DIRECTION('',(0.,1.,0.));
#157 = ORIENTED_EDGE('',*,*,#158,.T.);
#158 = EDGE_CURVE('',#149,#159,#161,.T.);
#159 = VERTEX_POINT('',#160);
#160 = CARTESIAN_POINT('',(-1.35,-1.9,0.5));
#161 = LINE('',#162,#163);
#162 = CARTESIAN_POINT('',(-1.425,-1.825,0.5));
#163 = VECTOR('',#164,1.);
#164 = DIRECTION('',(0.707106781187,-0.707106781187,0.));
#165 = ORIENTED_EDGE('',*,*,#166,.T.);
#166 = EDGE_CURVE('',#159,#64,#167,.T.);
#167 = LINE('',#168,#169);
#168 = CARTESIAN_POINT('',(-1.5,-1.9,0.5));
#169 = VECTOR('',#170,1.);
#170 = DIRECTION('',(1.,0.,0.));
#171 = ORIENTED_EDGE('',*,*,#71,.F.);
#172 = ORIENTED_EDGE('',*,*,#132,.T.);
#173 = ORIENTED_EDGE('',*,*,#174,.T.);
#174 = EDGE_CURVE('',#125,#175,#177,.T.);
#175 = VERTEX_POINT('',#176);
#176 = CARTESIAN_POINT('',(-0.675,-1.9,0.5));
#177 = LINE('',#178,#179);
#178 = CARTESIAN_POINT('',(-0.675,-1.95,0.5));
#179 = VECTOR('',#180,1.);
#180 = DIRECTION('',(0.,-1.,0.));
#181 = ORIENTED_EDGE('',*,*,#182,.T.);
#182 = EDGE_CURVE('',#175,#183,#185,.T.);
#183 = VERTEX_POINT('',#184);
#184 = CARTESIAN_POINT('',(0.675,-1.9,0.5));
#185 = LINE('',#186,#187);
#186 = CARTESIAN_POINT('',(-1.5,-1.9,0.5));
#187 = VECTOR('',#188,1.);
#188 = DIRECTION('',(1.,0.,0.));
#189 = ORIENTED_EDGE('',*,*,#190,.T.);
#190 = EDGE_CURVE('',#183,#191,#193,.T.);
#191 = VERTEX_POINT('',#192);
#192 = CARTESIAN_POINT('',(0.675,-1.2,0.5));
#193 = LINE('',#194,#195);
#194 = CARTESIAN_POINT('',(0.675,-1.95,0.5));
#195 = VECTOR('',#196,1.);
#196 = DIRECTION('',(0.,1.,0.));
#197 = ORIENTED_EDGE('',*,*,#198,.F.);
#198 = EDGE_CURVE('',#199,#191,#201,.T.);
#199 = VERTEX_POINT('',#200);
#200 = CARTESIAN_POINT('',(1.325,-1.2,0.5));
#201 = LINE('',#202,#203);
#202 = CARTESIAN_POINT('',(-0.4125,-1.2,0.5));
#203 = VECTOR('',#204,1.);
#204 = DIRECTION('',(-1.,0.,0.));
#205 = ORIENTED_EDGE('',*,*,#206,.F.);
#206 = EDGE_CURVE('',#207,#199,#209,.T.);
#207 = VERTEX_POINT('',#208);
#208 = CARTESIAN_POINT('',(1.325,-1.9,0.5));
#209 = LINE('',#210,#211);
#210 = CARTESIAN_POINT('',(1.325,-1.95,0.5));
#211 = VECTOR('',#212,1.);
#212 = DIRECTION('',(0.,1.,0.));
#213 = ORIENTED_EDGE('',*,*,#214,.T.);
#214 = EDGE_CURVE('',#207,#215,#217,.T.);
#215 = VERTEX_POINT('',#216);
#216 = CARTESIAN_POINT('',(1.35,-1.9,0.5));
#217 = LINE('',#218,#219);
#218 = CARTESIAN_POINT('',(-1.5,-1.9,0.5));
#219 = VECTOR('',#220,1.);
#220 = DIRECTION('',(1.,0.,0.));
#221 = ORIENTED_EDGE('',*,*,#222,.F.);
#222 = EDGE_CURVE('',#223,#215,#225,.T.);
#223 = VERTEX_POINT('',#224);
#224 = CARTESIAN_POINT('',(1.5,-1.75,0.5));
#225 = LINE('',#226,#227);
#226 = CARTESIAN_POINT('',(0.675,-2.575,0.5));
#227 = VECTOR('',#228,1.);
#228 = DIRECTION('',(-0.707106781187,-0.707106781187,0.));
#229 = ORIENTED_EDGE('',*,*,#230,.T.);
#230 = EDGE_CURVE('',#223,#231,#233,.T.);
#231 = VERTEX_POINT('',#232);
#232 = CARTESIAN_POINT('',(1.5,1.75,0.5));
#233 = LINE('',#234,#235);
#234 = CARTESIAN_POINT('',(1.5,-1.9,0.5));
#235 = VECTOR('',#236,1.);
#236 = DIRECTION('',(0.,1.,0.));
#237 = ORIENTED_EDGE('',*,*,#238,.T.);
#238 = EDGE_CURVE('',#231,#239,#241,.T.);
#239 = VERTEX_POINT('',#240);
#240 = CARTESIAN_POINT('',(1.35,1.9,0.5));
#241 = LINE('',#242,#243);
#242 = CARTESIAN_POINT('',(1.625,1.625,0.5));
#243 = VECTOR('',#244,1.);
#244 = DIRECTION('',(-0.707106781187,0.707106781187,0.));
#245 = ORIENTED_EDGE('',*,*,#246,.F.);
#246 = EDGE_CURVE('',#247,#239,#249,.T.);
#247 = VERTEX_POINT('',#248);
#248 = CARTESIAN_POINT('',(0.76,1.9,0.5));
#249 = LINE('',#250,#251);
#250 = CARTESIAN_POINT('',(-1.5,1.9,0.5));
#251 = VECTOR('',#252,1.);
#252 = DIRECTION('',(1.,0.,0.));
#253 = ORIENTED_EDGE('',*,*,#254,.F.);
#254 = EDGE_CURVE('',#255,#247,#257,.T.);
#255 = VERTEX_POINT('',#256);
#256 = CARTESIAN_POINT('',(0.76,1.054703749875,0.5));
#257 = LINE('',#258,#259);
#258 = CARTESIAN_POINT('',(0.76,-0.45,0.5));
#259 = VECTOR('',#260,1.);
#260 = DIRECTION('',(0.,1.,0.));
#261 = ORIENTED_EDGE('',*,*,#262,.F.);
#262 = EDGE_CURVE('',#263,#255,#265,.T.);
#263 = VERTEX_POINT('',#264);
#264 = CARTESIAN_POINT('',(1.3,-3.184081677783E-16,0.5));
#265 = CIRCLE('',#266,1.3);
#266 = AXIS2_PLACEMENT_3D('',#267,#268,#269);
#267 = CARTESIAN_POINT('',(0.,0.,0.5));
#268 = DIRECTION('',(0.,0.,1.));
#269 = DIRECTION('',(1.,0.,0.));
#270 = ORIENTED_EDGE('',*,*,#271,.F.);
#271 = EDGE_CURVE('',#272,#263,#274,.T.);
#272 = VERTEX_POINT('',#273);
#273 = CARTESIAN_POINT('',(-0.74,1.068831137271,0.5));
#274 = CIRCLE('',#275,1.3);
#275 = AXIS2_PLACEMENT_3D('',#276,#277,#278);
#276 = CARTESIAN_POINT('',(0.,0.,0.5));
#277 = DIRECTION('',(0.,0.,1.));
#278 = DIRECTION('',(1.,0.,0.));
#279 = ORIENTED_EDGE('',*,*,#280,.T.);
#280 = EDGE_CURVE('',#272,#281,#283,.T.);
#281 = VERTEX_POINT('',#282);
#282 = CARTESIAN_POINT('',(-0.74,1.9,0.5));
#283 = LINE('',#284,#285);
#284 = CARTESIAN_POINT('',(-0.74,-0.45,0.5));
#285 = VECTOR('',#286,1.);
#286 = DIRECTION('',(0.,1.,0.));
#287 = ORIENTED_EDGE('',*,*,#288,.F.);
#288 = EDGE_CURVE('',#289,#281,#291,.T.);
#289 = VERTEX_POINT('',#290);
#290 = CARTESIAN_POINT('',(-1.35,1.9,0.5));
#291 = LINE('',#292,#293);
#292 = CARTESIAN_POINT('',(-1.5,1.9,0.5));
#293 = VECTOR('',#294,1.);
#294 = DIRECTION('',(1.,0.,0.));
#295 = ORIENTED_EDGE('',*,*,#296,.F.);
#296 = EDGE_CURVE('',#151,#289,#297,.T.);
#297 = LINE('',#298,#299);
#298 = CARTESIAN_POINT('',(-2.375,0.875,0.5));
#299 = VECTOR('',#300,1.);
#300 = DIRECTION('',(0.707106781187,0.707106781187,0.));
#301 = PLANE('',#302);
#302 = AXIS2_PLACEMENT_3D('',#303,#304,#305);
#303 = CARTESIAN_POINT('',(-1.5,-1.9,0.5));
#304 = DIRECTION('',(0.,0.,1.));
#305 = DIRECTION('',(1.,0.,0.));
#306 = ADVANCED_FACE('',(#307),#325,.F.);
#307 = FACE_BOUND('',#308,.F.);
#308 = EDGE_LOOP('',(#309,#317,#323,#324));
#309 = ORIENTED_EDGE('',*,*,#310,.F.);
#310 = EDGE_CURVE('',#311,#56,#313,.T.);
#311 = VERTEX_POINT('',#312);
#312 = CARTESIAN_POINT('',(-1.35,-1.9,0.1));
#313 = LINE('',#314,#315);
#314 = CARTESIAN_POINT('',(-1.5,-1.9,0.1));
#315 = VECTOR('',#316,1.);
#316 = DIRECTION('',(1.,0.,0.));
#317 = ORIENTED_EDGE('',*,*,#318,.T.);
#318 = EDGE_CURVE('',#311,#159,#319,.T.);
#319 = LINE('',#320,#321);
#320 = CARTESIAN_POINT('',(-1.35,-1.9,0.1));
#321 = VECTOR('',#322,1.);
#322 = DIRECTION('',(0.,0.,1.));
#323 = ORIENTED_EDGE('',*,*,#166,.T.);
#324 = ORIENTED_EDGE('',*,*,#63,.F.);
#325 = PLANE('',#326);
#326 = AXIS2_PLACEMENT_3D('',#327,#328,#329);
#327 = CARTESIAN_POINT('',(-1.5,-1.9,0.1));
#328 = DIRECTION('',(0.,1.,0.));
#329 = DIRECTION('',(0.,0.,1.));
#330 = ADVANCED_FACE('',(#331),#477,.F.);
#331 = FACE_BOUND('',#332,.F.);
#332 = EDGE_LOOP('',(#333,#343,#349,#350,#351,#359,#367,#375,#383,#391,
    #399,#407,#415,#423,#431,#439,#447,#455,#463,#471));
#333 = ORIENTED_EDGE('',*,*,#334,.F.);
#334 = EDGE_CURVE('',#335,#337,#339,.T.);
#335 = VERTEX_POINT('',#336);
#336 = CARTESIAN_POINT('',(-1.5,-1.75,0.1));
#337 = VERTEX_POINT('',#338);
#338 = CARTESIAN_POINT('',(-1.5,1.75,0.1));
#339 = LINE('',#340,#341);
#340 = CARTESIAN_POINT('',(-1.5,-1.9,0.1));
#341 = VECTOR('',#342,1.);
#342 = DIRECTION('',(0.,1.,0.));
#343 = ORIENTED_EDGE('',*,*,#344,.T.);
#344 = EDGE_CURVE('',#335,#311,#345,.T.);
#345 = LINE('',#346,#347);
#346 = CARTESIAN_POINT('',(-1.425,-1.825,0.1));
#347 = VECTOR('',#348,1.);
#348 = DIRECTION('',(0.707106781187,-0.707106781187,0.));
#349 = ORIENTED_EDGE('',*,*,#310,.T.);
#350 = ORIENTED_EDGE('',*,*,#55,.F.);
#351 = ORIENTED_EDGE('',*,*,#352,.T.);
#352 = EDGE_CURVE('',#48,#353,#355,.T.);
#353 = VERTEX_POINT('',#354);
#354 = CARTESIAN_POINT('',(-0.675,-1.2,0.1));
#355 = LINE('',#356,#357);
#356 = CARTESIAN_POINT('',(-1.4125,-1.2,0.1));
#357 = VECTOR('',#358,1.);
#358 = DIRECTION('',(1.,0.,0.));
#359 = ORIENTED_EDGE('',*,*,#360,.T.);
#360 = EDGE_CURVE('',#353,#361,#363,.T.);
#361 = VERTEX_POINT('',#362);
#362 = CARTESIAN_POINT('',(-0.675,-1.9,0.1));
#363 = LINE('',#364,#365);
#364 = CARTESIAN_POINT('',(-0.675,-1.95,0.1));
#365 = VECTOR('',#366,1.);
#366 = DIRECTION('',(0.,-1.,0.));
#367 = ORIENTED_EDGE('',*,*,#368,.T.);
#368 = EDGE_CURVE('',#361,#369,#371,.T.);
#369 = VERTEX_POINT('',#370);
#370 = CARTESIAN_POINT('',(0.675,-1.9,0.1));
#371 = LINE('',#372,#373);
#372 = CARTESIAN_POINT('',(-1.5,-1.9,0.1));
#373 = VECTOR('',#374,1.);
#374 = DIRECTION('',(1.,0.,0.));
#375 = ORIENTED_EDGE('',*,*,#376,.T.);
#376 = EDGE_CURVE('',#369,#377,#379,.T.);
#377 = VERTEX_POINT('',#378);
#378 = CARTESIAN_POINT('',(0.675,-1.2,0.1));
#379 = LINE('',#380,#381);
#380 = CARTESIAN_POINT('',(0.675,-1.95,0.1));
#381 = VECTOR('',#382,1.);
#382 = DIRECTION('',(0.,1.,0.));
#383 = ORIENTED_EDGE('',*,*,#384,.F.);
#384 = EDGE_CURVE('',#385,#377,#387,.T.);
#385 = VERTEX_POINT('',#386);
#386 = CARTESIAN_POINT('',(1.325,-1.2,0.1));
#387 = LINE('',#388,#389);
#388 = CARTESIAN_POINT('',(-0.4125,-1.2,0.1));
#389 = VECTOR('',#390,1.);
#390 = DIRECTION('',(-1.,0.,0.));
#391 = ORIENTED_EDGE('',*,*,#392,.F.);
#392 = EDGE_CURVE('',#393,#385,#395,.T.);
#393 = VERTEX_POINT('',#394);
#394 = CARTESIAN_POINT('',(1.325,-1.9,0.1));
#395 = LINE('',#396,#397);
#396 = CARTESIAN_POINT('',(1.325,-1.95,0.1));
#397 = VECTOR('',#398,1.);
#398 = DIRECTION('',(0.,1.,0.));
#399 = ORIENTED_EDGE('',*,*,#400,.T.);
#400 = EDGE_CURVE('',#393,#401,#403,.T.);
#401 = VERTEX_POINT('',#402);
#402 = CARTESIAN_POINT('',(1.35,-1.9,0.1));
#403 = LINE('',#404,#405);
#404 = CARTESIAN_POINT('',(-1.5,-1.9,0.1));
#405 = VECTOR('',#406,1.);
#406 = DIRECTION('',(1.,0.,0.));
#407 = ORIENTED_EDGE('',*,*,#408,.F.);
#408 = EDGE_CURVE('',#409,#401,#411,.T.);
#409 = VERTEX_POINT('',#410);
#410 = CARTESIAN_POINT('',(1.5,-1.75,0.1));
#411 = LINE('',#412,#413);
#412 = CARTESIAN_POINT('',(0.675,-2.575,0.1));
#413 = VECTOR('',#414,1.);
#414 = DIRECTION('',(-0.707106781187,-0.707106781187,0.));
#415 = ORIENTED_EDGE('',*,*,#416,.T.);
#416 = EDGE_CURVE('',#409,#417,#419,.T.);
#417 = VERTEX_POINT('',#418);
#418 = CARTESIAN_POINT('',(1.5,1.75,0.1));
#419 = LINE('',#420,#421);
#420 = CARTESIAN_POINT('',(1.5,-1.9,0.1));
#421 = VECTOR('',#422,1.);
#422 = DIRECTION('',(0.,1.,0.));
#423 = ORIENTED_EDGE('',*,*,#424,.T.);
#424 = EDGE_CURVE('',#417,#425,#427,.T.);
#425 = VERTEX_POINT('',#426);
#426 = CARTESIAN_POINT('',(1.35,1.9,0.1));
#427 = LINE('',#428,#429);
#428 = CARTESIAN_POINT('',(1.625,1.625,0.1));
#429 = VECTOR('',#430,1.);
#430 = DIRECTION('',(-0.707106781187,0.707106781187,0.));
#431 = ORIENTED_EDGE('',*,*,#432,.F.);
#432 = EDGE_CURVE('',#433,#425,#435,.T.);
#433 = VERTEX_POINT('',#434);
#434 = CARTESIAN_POINT('',(0.76,1.9,0.1));
#435 = LINE('',#436,#437);
#436 = CARTESIAN_POINT('',(-1.5,1.9,0.1));
#437 = VECTOR('',#438,1.);
#438 = DIRECTION('',(1.,0.,0.));
#439 = ORIENTED_EDGE('',*,*,#440,.F.);
#440 = EDGE_CURVE('',#441,#433,#443,.T.);
#441 = VERTEX_POINT('',#442);
#442 = CARTESIAN_POINT('',(0.76,1.,0.1));
#443 = LINE('',#444,#445);
#444 = CARTESIAN_POINT('',(0.76,-0.45,0.1));
#445 = VECTOR('',#446,1.);
#446 = DIRECTION('',(0.,1.,0.));
#447 = ORIENTED_EDGE('',*,*,#448,.T.);
#448 = EDGE_CURVE('',#441,#449,#451,.T.);
#449 = VERTEX_POINT('',#450);
#450 = CARTESIAN_POINT('',(-0.74,1.,0.1));
#451 = LINE('',#452,#453);
#452 = CARTESIAN_POINT('',(-1.12,1.,0.1));
#453 = VECTOR('',#454,1.);
#454 = DIRECTION('',(-1.,0.,0.));
#455 = ORIENTED_EDGE('',*,*,#456,.T.);
#456 = EDGE_CURVE('',#449,#457,#459,.T.);
#457 = VERTEX_POINT('',#458);
#458 = CARTESIAN_POINT('',(-0.74,1.9,0.1));
#459 = LINE('',#460,#461);
#460 = CARTESIAN_POINT('',(-0.74,-0.45,0.1));
#461 = VECTOR('',#462,1.);
#462 = DIRECTION('',(0.,1.,0.));
#463 = ORIENTED_EDGE('',*,*,#464,.F.);
#464 = EDGE_CURVE('',#465,#457,#467,.T.);
#465 = VERTEX_POINT('',#466);
#466 = CARTESIAN_POINT('',(-1.35,1.9,0.1));
#467 = LINE('',#468,#469);
#468 = CARTESIAN_POINT('',(-1.5,1.9,0.1));
#469 = VECTOR('',#470,1.);
#470 = DIRECTION('',(1.,0.,0.));
#471 = ORIENTED_EDGE('',*,*,#472,.F.);
#472 = EDGE_CURVE('',#337,#465,#473,.T.);
#473 = LINE('',#474,#475);
#474 = CARTESIAN_POINT('',(-2.375,0.875,0.1));
#475 = VECTOR('',#476,1.);
#476 = DIRECTION('',(0.707106781187,0.707106781187,0.));
#477 = PLANE('',#478);
#478 = AXIS2_PLACEMENT_3D('',#479,#480,#481);
#479 = CARTESIAN_POINT('',(-1.5,-1.9,0.1));
#480 = DIRECTION('',(0.,0.,1.));
#481 = DIRECTION('',(1.,0.,0.));
#482 = ADVANCED_FACE('',(#483),#501,.T.);
#483 = FACE_BOUND('',#484,.T.);
#484 = EDGE_LOOP('',(#485,#493,#499,#500));
#485 = ORIENTED_EDGE('',*,*,#486,.F.);
#486 = EDGE_CURVE('',#487,#353,#489,.T.);
#487 = VERTEX_POINT('',#488);
#488 = CARTESIAN_POINT('',(-0.675,-1.2,0.));
#489 = LINE('',#490,#491);
#490 = CARTESIAN_POINT('',(-0.675,-1.2,0.));
#491 = VECTOR('',#492,1.);
#492 = DIRECTION('',(0.,0.,1.));
#493 = ORIENTED_EDGE('',*,*,#494,.F.);
#494 = EDGE_CURVE('',#40,#487,#495,.T.);
#495 = LINE('',#496,#497);
#496 = CARTESIAN_POINT('',(-1.325,-1.2,0.));
#497 = VECTOR('',#498,1.);
#498 = DIRECTION('',(1.,0.,0.));
#499 = ORIENTED_EDGE('',*,*,#47,.T.);
#500 = ORIENTED_EDGE('',*,*,#352,.T.);
#501 = PLANE('',#502);
#502 = AXIS2_PLACEMENT_3D('',#503,#504,#505);
#503 = CARTESIAN_POINT('',(-1.325,-1.2,0.));
#504 = DIRECTION('',(0.,1.,0.));
#505 = DIRECTION('',(0.,0.,1.));
#506 = ADVANCED_FACE('',(#507),#525,.F.);
#507 = FACE_BOUND('',#508,.F.);
#508 = EDGE_LOOP('',(#509,#510,#518,#524));
#509 = ORIENTED_EDGE('',*,*,#39,.F.);
#510 = ORIENTED_EDGE('',*,*,#511,.T.);
#511 = EDGE_CURVE('',#32,#512,#514,.T.);
#512 = VERTEX_POINT('',#513);
#513 = CARTESIAN_POINT('',(-0.675,-2.,0.));
#514 = LINE('',#515,#516);
#515 = CARTESIAN_POINT('',(-1.325,-2.,0.));
#516 = VECTOR('',#517,1.);
#517 = DIRECTION('',(1.,0.,0.));
#518 = ORIENTED_EDGE('',*,*,#519,.T.);
#519 = EDGE_CURVE('',#512,#487,#520,.T.);
#520 = LINE('',#521,#522);
#521 = CARTESIAN_POINT('',(-0.675,-2.,0.));
#522 = VECTOR('',#523,1.);
#523 = DIRECTION('',(0.,1.,0.));
#524 = ORIENTED_EDGE('',*,*,#494,.F.);
#525 = PLANE('',#526);
#526 = AXIS2_PLACEMENT_3D('',#527,#528,#529);
#527 = CARTESIAN_POINT('',(-1.325,-2.,0.));
#528 = DIRECTION('',(0.,0.,1.));
#529 = DIRECTION('',(1.,0.,0.));
#530 = ADVANCED_FACE('',(#531),#542,.F.);
#531 = FACE_BOUND('',#532,.F.);
#532 = EDGE_LOOP('',(#533,#534,#535,#536));
#533 = ORIENTED_EDGE('',*,*,#511,.F.);
#534 = ORIENTED_EDGE('',*,*,#31,.T.);
#535 = ORIENTED_EDGE('',*,*,#94,.T.);
#536 = ORIENTED_EDGE('',*,*,#537,.F.);
#537 = EDGE_CURVE('',#512,#95,#538,.T.);
#538 = LINE('',#539,#540);
#539 = CARTESIAN_POINT('',(-0.675,-2.,0.));
#540 = VECTOR('',#541,1.);
#541 = DIRECTION('',(0.,0.,1.));
#542 = PLANE('',#543);
#543 = AXIS2_PLACEMENT_3D('',#544,#545,#546);
#544 = CARTESIAN_POINT('',(-1.325,-2.,0.));
#545 = DIRECTION('',(0.,1.,0.));
#546 = DIRECTION('',(0.,0.,1.));
#547 = ADVANCED_FACE('',(#548),#563,.T.);
#548 = FACE_BOUND('',#549,.T.);
#549 = EDGE_LOOP('',(#550,#551,#552,#553,#554,#555,#561,#562));
#550 = ORIENTED_EDGE('',*,*,#102,.F.);
#551 = ORIENTED_EDGE('',*,*,#537,.F.);
#552 = ORIENTED_EDGE('',*,*,#519,.T.);
#553 = ORIENTED_EDGE('',*,*,#486,.T.);
#554 = ORIENTED_EDGE('',*,*,#360,.T.);
#555 = ORIENTED_EDGE('',*,*,#556,.T.);
#556 = EDGE_CURVE('',#361,#175,#557,.T.);
#557 = LINE('',#558,#559);
#558 = CARTESIAN_POINT('',(-0.675,-1.9,5.E-02));
#559 = VECTOR('',#560,1.);
#560 = DIRECTION('',(0.,0.,1.));
#561 = ORIENTED_EDGE('',*,*,#174,.F.);
#562 = ORIENTED_EDGE('',*,*,#124,.T.);
#563 = PLANE('',#564);
#564 = AXIS2_PLACEMENT_3D('',#565,#566,#567);
#565 = CARTESIAN_POINT('',(-0.675,-2.,0.));
#566 = DIRECTION('',(1.,0.,0.));
#567 = DIRECTION('',(0.,0.,1.));
#568 = ADVANCED_FACE('',(#569),#585,.F.);
#569 = FACE_BOUND('',#570,.F.);
#570 = EDGE_LOOP('',(#571,#572,#578,#579));
#571 = ORIENTED_EDGE('',*,*,#148,.F.);
#572 = ORIENTED_EDGE('',*,*,#573,.F.);
#573 = EDGE_CURVE('',#335,#149,#574,.T.);
#574 = LINE('',#575,#576);
#575 = CARTESIAN_POINT('',(-1.5,-1.75,0.1));
#576 = VECTOR('',#577,1.);
#577 = DIRECTION('',(0.,0.,1.));
#578 = ORIENTED_EDGE('',*,*,#334,.T.);
#579 = ORIENTED_EDGE('',*,*,#580,.T.);
#580 = EDGE_CURVE('',#337,#151,#581,.T.);
#581 = LINE('',#582,#583);
#582 = CARTESIAN_POINT('',(-1.5,1.75,0.1));
#583 = VECTOR('',#584,1.);
#584 = DIRECTION('',(0.,0.,1.));
#585 = PLANE('',#586);
#586 = AXIS2_PLACEMENT_3D('',#587,#588,#589);
#587 = CARTESIAN_POINT('',(-1.5,-1.9,0.1));
#588 = DIRECTION('',(1.,0.,0.));
#589 = DIRECTION('',(0.,0.,1.));
#590 = ADVANCED_FACE('',(#591),#602,.F.);
#591 = FACE_BOUND('',#592,.T.);
#592 = EDGE_LOOP('',(#593,#594,#595,#596));
#593 = ORIENTED_EDGE('',*,*,#472,.F.);
#594 = ORIENTED_EDGE('',*,*,#580,.T.);
#595 = ORIENTED_EDGE('',*,*,#296,.T.);
#596 = ORIENTED_EDGE('',*,*,#597,.F.);
#597 = EDGE_CURVE('',#465,#289,#598,.T.);
#598 = LINE('',#599,#600);
#599 = CARTESIAN_POINT('',(-1.35,1.9,0.1));
#600 = VECTOR('',#601,1.);
#601 = DIRECTION('',(0.,0.,1.));
#602 = PLANE('',#603);
#603 = AXIS2_PLACEMENT_3D('',#604,#605,#606);
#604 = CARTESIAN_POINT('',(-1.425,1.825,0.1));
#605 = DIRECTION('',(0.707106781187,-0.707106781187,0.));
#606 = DIRECTION('',(-0.,-0.,-1.));
#607 = ADVANCED_FACE('',(#608),#619,.T.);
#608 = FACE_BOUND('',#609,.T.);
#609 = EDGE_LOOP('',(#610,#611,#612,#613));
#610 = ORIENTED_EDGE('',*,*,#464,.F.);
#611 = ORIENTED_EDGE('',*,*,#597,.T.);
#612 = ORIENTED_EDGE('',*,*,#288,.T.);
#613 = ORIENTED_EDGE('',*,*,#614,.T.);
#614 = EDGE_CURVE('',#281,#457,#615,.T.);
#615 = LINE('',#616,#617);
#616 = CARTESIAN_POINT('',(-0.74,1.9,5.E-02));
#617 = VECTOR('',#618,1.);
#618 = DIRECTION('',(0.,0.,-1.));
#619 = PLANE('',#620);
#620 = AXIS2_PLACEMENT_3D('',#621,#622,#623);
#621 = CARTESIAN_POINT('',(-1.5,1.9,0.1));
#622 = DIRECTION('',(0.,1.,0.));
#623 = DIRECTION('',(0.,0.,1.));
#624 = ADVANCED_FACE('',(#625),#668,.F.);
#625 = FACE_BOUND('',#626,.F.);
#626 = EDGE_LOOP('',(#627,#635,#643,#651,#659,#665,#666,#667));
#627 = ORIENTED_EDGE('',*,*,#628,.F.);
#628 = EDGE_CURVE('',#629,#449,#631,.T.);
#629 = VERTEX_POINT('',#630);
#630 = CARTESIAN_POINT('',(-0.74,1.,0.));
#631 = LINE('',#632,#633);
#632 = CARTESIAN_POINT('',(-0.74,1.,0.));
#633 = VECTOR('',#634,1.);
#634 = DIRECTION('',(0.,0.,1.));
#635 = ORIENTED_EDGE('',*,*,#636,.T.);
#636 = EDGE_CURVE('',#629,#637,#639,.T.);
#637 = VERTEX_POINT('',#638);
#638 = CARTESIAN_POINT('',(-0.74,2.,0.));
#639 = LINE('',#640,#641);
#640 = CARTESIAN_POINT('',(-0.74,1.,0.));
#641 = VECTOR('',#642,1.);
#642 = DIRECTION('',(0.,1.,0.));
#643 = ORIENTED_EDGE('',*,*,#644,.T.);
#644 = EDGE_CURVE('',#637,#645,#647,.T.);
#645 = VERTEX_POINT('',#646);
#646 = CARTESIAN_POINT('',(-0.74,2.,0.7));
#647 = LINE('',#648,#649);
#648 = CARTESIAN_POINT('',(-0.74,2.,0.));
#649 = VECTOR('',#650,1.);
#650 = DIRECTION('',(0.,0.,1.));
#651 = ORIENTED_EDGE('',*,*,#652,.F.);
#652 = EDGE_CURVE('',#653,#645,#655,.T.);
#653 = VERTEX_POINT('',#654);
#654 = CARTESIAN_POINT('',(-0.74,1.068831137271,0.7));
#655 = LINE('',#656,#657);
#656 = CARTESIAN_POINT('',(-0.74,1.,0.7));
#657 = VECTOR('',#658,1.);
#658 = DIRECTION('',(0.,1.,0.));
#659 = ORIENTED_EDGE('',*,*,#660,.F.);
#660 = EDGE_CURVE('',#272,#653,#661,.T.);
#661 = LINE('',#662,#663);
#662 = CARTESIAN_POINT('',(-0.74,1.068831137271,0.2));
#663 = VECTOR('',#664,1.);
#664 = DIRECTION('',(0.,0.,1.));
#665 = ORIENTED_EDGE('',*,*,#280,.T.);
#666 = ORIENTED_EDGE('',*,*,#614,.T.);
#667 = ORIENTED_EDGE('',*,*,#456,.F.);
#668 = PLANE('',#669);
#669 = AXIS2_PLACEMENT_3D('',#670,#671,#672);
#670 = CARTESIAN_POINT('',(-0.74,1.,0.));
#671 = DIRECTION('',(1.,0.,0.));
#672 = DIRECTION('',(0.,0.,1.));
#673 = ADVANCED_FACE('',(#674),#710,.T.);
#674 = FACE_BOUND('',#675,.T.);
#675 = EDGE_LOOP('',(#676,#684,#691,#692,#693,#701,#708,#709));
#676 = ORIENTED_EDGE('',*,*,#677,.T.);
#677 = EDGE_CURVE('',#263,#678,#680,.T.);
#678 = VERTEX_POINT('',#679);
#679 = CARTESIAN_POINT('',(1.3,-3.184081677783E-16,0.8));
#680 = LINE('',#681,#682);
#681 = CARTESIAN_POINT('',(1.3,-3.184081677783E-16,0.2));
#682 = VECTOR('',#683,1.);
#683 = DIRECTION('',(0.,0.,1.));
#684 = ORIENTED_EDGE('',*,*,#685,.F.);
#685 = EDGE_CURVE('',#678,#678,#686,.T.);
#686 = CIRCLE('',#687,1.3);
#687 = AXIS2_PLACEMENT_3D('',#688,#689,#690);
#688 = CARTESIAN_POINT('',(0.,0.,0.8));
#689 = DIRECTION('',(0.,0.,1.));
#690 = DIRECTION('',(1.,0.,0.));
#691 = ORIENTED_EDGE('',*,*,#677,.F.);
#692 = ORIENTED_EDGE('',*,*,#262,.T.);
#693 = ORIENTED_EDGE('',*,*,#694,.T.);
#694 = EDGE_CURVE('',#255,#695,#697,.T.);
#695 = VERTEX_POINT('',#696);
#696 = CARTESIAN_POINT('',(0.76,1.054703749875,0.7));
#697 = LINE('',#698,#699);
#698 = CARTESIAN_POINT('',(0.76,1.054703749875,0.2));
#699 = VECTOR('',#700,1.);
#700 = DIRECTION('',(0.,0.,1.));
#701 = ORIENTED_EDGE('',*,*,#702,.T.);
#702 = EDGE_CURVE('',#695,#653,#703,.T.);
#703 = CIRCLE('',#704,1.3);
#704 = AXIS2_PLACEMENT_3D('',#705,#706,#707);
#705 = CARTESIAN_POINT('',(0.,0.,0.7));
#706 = DIRECTION('',(0.,0.,1.));
#707 = DIRECTION('',(1.,0.,0.));
#708 = ORIENTED_EDGE('',*,*,#660,.F.);
#709 = ORIENTED_EDGE('',*,*,#271,.T.);
#710 = CYLINDRICAL_SURFACE('',#711,1.3);
#711 = AXIS2_PLACEMENT_3D('',#712,#713,#714);
#712 = CARTESIAN_POINT('',(0.,0.,0.2));
#713 = DIRECTION('',(0.,0.,1.));
#714 = DIRECTION('',(1.,0.,0.));
#715 = ADVANCED_FACE('',(#716),#757,.T.);
#716 = FACE_BOUND('',#717,.T.);
#717 = EDGE_LOOP('',(#718,#726,#734,#742,#748,#749,#750,#756));
#718 = ORIENTED_EDGE('',*,*,#719,.F.);
#719 = EDGE_CURVE('',#720,#441,#722,.T.);
#720 = VERTEX_POINT('',#721);
#721 = CARTESIAN_POINT('',(0.76,1.,0.));
#722 = LINE('',#723,#724);
#723 = CARTESIAN_POINT('',(0.76,1.,0.));
#724 = VECTOR('',#725,1.);
#725 = DIRECTION('',(0.,0.,1.));
#726 = ORIENTED_EDGE('',*,*,#727,.T.);
#727 = EDGE_CURVE('',#720,#728,#730,.T.);
#728 = VERTEX_POINT('',#729);
#729 = CARTESIAN_POINT('',(0.76,2.,0.));
#730 = LINE('',#731,#732);
#731 = CARTESIAN_POINT('',(0.76,1.,0.));
#732 = VECTOR('',#733,1.);
#733 = DIRECTION('',(0.,1.,0.));
#734 = ORIENTED_EDGE('',*,*,#735,.T.);
#735 = EDGE_CURVE('',#728,#736,#738,.T.);
#736 = VERTEX_POINT('',#737);
#737 = CARTESIAN_POINT('',(0.76,2.,0.7));
#738 = LINE('',#739,#740);
#739 = CARTESIAN_POINT('',(0.76,2.,0.));
#740 = VECTOR('',#741,1.);
#741 = DIRECTION('',(0.,0.,1.));
#742 = ORIENTED_EDGE('',*,*,#743,.F.);
#743 = EDGE_CURVE('',#695,#736,#744,.T.);
#744 = LINE('',#745,#746);
#745 = CARTESIAN_POINT('',(0.76,1.,0.7));
#746 = VECTOR('',#747,1.);
#747 = DIRECTION('',(0.,1.,0.));
#748 = ORIENTED_EDGE('',*,*,#694,.F.);
#749 = ORIENTED_EDGE('',*,*,#254,.T.);
#750 = ORIENTED_EDGE('',*,*,#751,.T.);
#751 = EDGE_CURVE('',#247,#433,#752,.T.);
#752 = LINE('',#753,#754);
#753 = CARTESIAN_POINT('',(0.76,1.9,5.E-02));
#754 = VECTOR('',#755,1.);
#755 = DIRECTION('',(0.,0.,-1.));
#756 = ORIENTED_EDGE('',*,*,#440,.F.);
#757 = PLANE('',#758);
#758 = AXIS2_PLACEMENT_3D('',#759,#760,#761);
#759 = CARTESIAN_POINT('',(0.76,1.,0.));
#760 = DIRECTION('',(1.,0.,0.));
#761 = DIRECTION('',(0.,0.,1.));
#762 = ADVANCED_FACE('',(#763),#774,.T.);
#763 = FACE_BOUND('',#764,.T.);
#764 = EDGE_LOOP('',(#765,#766,#767,#768));
#765 = ORIENTED_EDGE('',*,*,#432,.F.);
#766 = ORIENTED_EDGE('',*,*,#751,.F.);
#767 = ORIENTED_EDGE('',*,*,#246,.T.);
#768 = ORIENTED_EDGE('',*,*,#769,.F.);
#769 = EDGE_CURVE('',#425,#239,#770,.T.);
#770 = LINE('',#771,#772);
#771 = CARTESIAN_POINT('',(1.35,1.9,0.1));
#772 = VECTOR('',#773,1.);
#773 = DIRECTION('',(0.,0.,1.));
#774 = PLANE('',#775);
#775 = AXIS2_PLACEMENT_3D('',#776,#777,#778);
#776 = CARTESIAN_POINT('',(-1.5,1.9,0.1));
#777 = DIRECTION('',(0.,1.,0.));
#778 = DIRECTION('',(0.,0.,1.));
#779 = ADVANCED_FACE('',(#780),#791,.T.);
#780 = FACE_BOUND('',#781,.F.);
#781 = EDGE_LOOP('',(#782,#783,#789,#790));
#782 = ORIENTED_EDGE('',*,*,#424,.F.);
#783 = ORIENTED_EDGE('',*,*,#784,.T.);
#784 = EDGE_CURVE('',#417,#231,#785,.T.);
#785 = LINE('',#786,#787);
#786 = CARTESIAN_POINT('',(1.5,1.75,0.1));
#787 = VECTOR('',#788,1.);
#788 = DIRECTION('',(0.,0.,1.));
#789 = ORIENTED_EDGE('',*,*,#238,.T.);
#790 = ORIENTED_EDGE('',*,*,#769,.F.);
#791 = PLANE('',#792);
#792 = AXIS2_PLACEMENT_3D('',#793,#794,#795);
#793 = CARTESIAN_POINT('',(1.425,1.825,0.1));
#794 = DIRECTION('',(0.707106781187,0.707106781187,0.));
#795 = DIRECTION('',(0.,0.,-1.));
#796 = ADVANCED_FACE('',(#797),#808,.T.);
#797 = FACE_BOUND('',#798,.T.);
#798 = EDGE_LOOP('',(#799,#800,#806,#807));
#799 = ORIENTED_EDGE('',*,*,#230,.F.);
#800 = ORIENTED_EDGE('',*,*,#801,.F.);
#801 = EDGE_CURVE('',#409,#223,#802,.T.);
#802 = LINE('',#803,#804);
#803 = CARTESIAN_POINT('',(1.5,-1.75,0.1));
#804 = VECTOR('',#805,1.);
#805 = DIRECTION('',(0.,0.,1.));
#806 = ORIENTED_EDGE('',*,*,#416,.T.);
#807 = ORIENTED_EDGE('',*,*,#784,.T.);
#808 = PLANE('',#809);
#809 = AXIS2_PLACEMENT_3D('',#810,#811,#812);
#810 = CARTESIAN_POINT('',(1.5,-1.9,0.1));
#811 = DIRECTION('',(1.,0.,0.));
#812 = DIRECTION('',(0.,0.,1.));
#813 = ADVANCED_FACE('',(#814),#825,.F.);
#814 = FACE_BOUND('',#815,.T.);
#815 = EDGE_LOOP('',(#816,#817,#818,#819));
#816 = ORIENTED_EDGE('',*,*,#408,.F.);
#817 = ORIENTED_EDGE('',*,*,#801,.T.);
#818 = ORIENTED_EDGE('',*,*,#222,.T.);
#819 = ORIENTED_EDGE('',*,*,#820,.F.);
#820 = EDGE_CURVE('',#401,#215,#821,.T.);
#821 = LINE('',#822,#823);
#822 = CARTESIAN_POINT('',(1.35,-1.9,0.1));
#823 = VECTOR('',#824,1.);
#824 = DIRECTION('',(0.,0.,1.));
#825 = PLANE('',#826);
#826 = AXIS2_PLACEMENT_3D('',#827,#828,#829);
#827 = CARTESIAN_POINT('',(1.425,-1.825,0.1));
#828 = DIRECTION('',(-0.707106781187,0.707106781187,0.));
#829 = DIRECTION('',(-0.,-0.,-1.));
#830 = ADVANCED_FACE('',(#831),#842,.F.);
#831 = FACE_BOUND('',#832,.F.);
#832 = EDGE_LOOP('',(#833,#834,#840,#841));
#833 = ORIENTED_EDGE('',*,*,#400,.F.);
#834 = ORIENTED_EDGE('',*,*,#835,.F.);
#835 = EDGE_CURVE('',#207,#393,#836,.T.);
#836 = LINE('',#837,#838);
#837 = CARTESIAN_POINT('',(1.325,-1.9,5.E-02));
#838 = VECTOR('',#839,1.);
#839 = DIRECTION('',(0.,0.,-1.));
#840 = ORIENTED_EDGE('',*,*,#214,.T.);
#841 = ORIENTED_EDGE('',*,*,#820,.F.);
#842 = PLANE('',#843);
#843 = AXIS2_PLACEMENT_3D('',#844,#845,#846);
#844 = CARTESIAN_POINT('',(-1.5,-1.9,0.1));
#845 = DIRECTION('',(0.,1.,0.));
#846 = DIRECTION('',(0.,0.,1.));
#847 = ADVANCED_FACE('',(#848),#891,.T.);
#848 = FACE_BOUND('',#849,.T.);
#849 = EDGE_LOOP('',(#850,#860,#868,#876,#882,#883,#884,#885));
#850 = ORIENTED_EDGE('',*,*,#851,.F.);
#851 = EDGE_CURVE('',#852,#854,#856,.T.);
#852 = VERTEX_POINT('',#853);
#853 = CARTESIAN_POINT('',(1.325,-2.,0.7));
#854 = VERTEX_POINT('',#855);
#855 = CARTESIAN_POINT('',(1.325,-1.2,0.7));
#856 = LINE('',#857,#858);
#857 = CARTESIAN_POINT('',(1.325,-2.,0.7));
#858 = VECTOR('',#859,1.);
#859 = DIRECTION('',(0.,1.,0.));
#860 = ORIENTED_EDGE('',*,*,#861,.F.);
#861 = EDGE_CURVE('',#862,#852,#864,.T.);
#862 = VERTEX_POINT('',#863);
#863 = CARTESIAN_POINT('',(1.325,-2.,0.));
#864 = LINE('',#865,#866);
#865 = CARTESIAN_POINT('',(1.325,-2.,0.));
#866 = VECTOR('',#867,1.);
#867 = DIRECTION('',(0.,0.,1.));
#868 = ORIENTED_EDGE('',*,*,#869,.T.);
#869 = EDGE_CURVE('',#862,#870,#872,.T.);
#870 = VERTEX_POINT('',#871);
#871 = CARTESIAN_POINT('',(1.325,-1.2,0.));
#872 = LINE('',#873,#874);
#873 = CARTESIAN_POINT('',(1.325,-2.,0.));
#874 = VECTOR('',#875,1.);
#875 = DIRECTION('',(0.,1.,0.));
#876 = ORIENTED_EDGE('',*,*,#877,.T.);
#877 = EDGE_CURVE('',#870,#385,#878,.T.);
#878 = LINE('',#879,#880);
#879 = CARTESIAN_POINT('',(1.325,-1.2,0.));
#880 = VECTOR('',#881,1.);
#881 = DIRECTION('',(0.,0.,1.));
#882 = ORIENTED_EDGE('',*,*,#392,.F.);
#883 = ORIENTED_EDGE('',*,*,#835,.F.);
#884 = ORIENTED_EDGE('',*,*,#206,.T.);
#885 = ORIENTED_EDGE('',*,*,#886,.T.);
#886 = EDGE_CURVE('',#199,#854,#887,.T.);
#887 = LINE('',#888,#889);
#888 = CARTESIAN_POINT('',(1.325,-1.2,0.));
#889 = VECTOR('',#890,1.);
#890 = DIRECTION('',(0.,0.,1.));
#891 = PLANE('',#892);
#892 = AXIS2_PLACEMENT_3D('',#893,#894,#895);
#893 = CARTESIAN_POINT('',(1.325,-2.,0.));
#894 = DIRECTION('',(1.,0.,0.));
#895 = DIRECTION('',(0.,0.,1.));
#896 = ADVANCED_FACE('',(#897),#915,.T.);
#897 = FACE_BOUND('',#898,.T.);
#898 = EDGE_LOOP('',(#899,#900,#901,#909));
#899 = ORIENTED_EDGE('',*,*,#886,.F.);
#900 = ORIENTED_EDGE('',*,*,#198,.T.);
#901 = ORIENTED_EDGE('',*,*,#902,.T.);
#902 = EDGE_CURVE('',#191,#903,#905,.T.);
#903 = VERTEX_POINT('',#904);
#904 = CARTESIAN_POINT('',(0.675,-1.2,0.7));
#905 = LINE('',#906,#907);
#906 = CARTESIAN_POINT('',(0.675,-1.2,0.));
#907 = VECTOR('',#908,1.);
#908 = DIRECTION('',(0.,0.,1.));
#909 = ORIENTED_EDGE('',*,*,#910,.T.);
#910 = EDGE_CURVE('',#903,#854,#911,.T.);
#911 = LINE('',#912,#913);
#912 = CARTESIAN_POINT('',(0.675,-1.2,0.7));
#913 = VECTOR('',#914,1.);
#914 = DIRECTION('',(1.,0.,0.));
#915 = PLANE('',#916);
#916 = AXIS2_PLACEMENT_3D('',#917,#918,#919);
#917 = CARTESIAN_POINT('',(0.675,-1.2,0.));
#918 = DIRECTION('',(0.,1.,0.));
#919 = DIRECTION('',(0.,0.,1.));
#920 = ADVANCED_FACE('',(#921),#962,.F.);
#921 = FACE_BOUND('',#922,.F.);
#922 = EDGE_LOOP('',(#923,#931,#939,#947,#953,#954,#960,#961));
#923 = ORIENTED_EDGE('',*,*,#924,.F.);
#924 = EDGE_CURVE('',#925,#903,#927,.T.);
#925 = VERTEX_POINT('',#926);
#926 = CARTESIAN_POINT('',(0.675,-2.,0.7));
#927 = LINE('',#928,#929);
#928 = CARTESIAN_POINT('',(0.675,-2.,0.7));
#929 = VECTOR('',#930,1.);
#930 = DIRECTION('',(0.,1.,0.));
#931 = ORIENTED_EDGE('',*,*,#932,.F.);
#932 = EDGE_CURVE('',#933,#925,#935,.T.);
#933 = VERTEX_POINT('',#934);
#934 = CARTESIAN_POINT('',(0.675,-2.,0.));
#935 = LINE('',#936,#937);
#936 = CARTESIAN_POINT('',(0.675,-2.,0.));
#937 = VECTOR('',#938,1.);
#938 = DIRECTION('',(0.,0.,1.));
#939 = ORIENTED_EDGE('',*,*,#940,.T.);
#940 = EDGE_CURVE('',#933,#941,#943,.T.);
#941 = VERTEX_POINT('',#942);
#942 = CARTESIAN_POINT('',(0.675,-1.2,0.));
#943 = LINE('',#944,#945);
#944 = CARTESIAN_POINT('',(0.675,-2.,0.));
#945 = VECTOR('',#946,1.);
#946 = DIRECTION('',(0.,1.,0.));
#947 = ORIENTED_EDGE('',*,*,#948,.T.);
#948 = EDGE_CURVE('',#941,#377,#949,.T.);
#949 = LINE('',#950,#951);
#950 = CARTESIAN_POINT('',(0.675,-1.2,0.));
#951 = VECTOR('',#952,1.);
#952 = DIRECTION('',(0.,0.,1.));
#953 = ORIENTED_EDGE('',*,*,#376,.F.);
#954 = ORIENTED_EDGE('',*,*,#955,.F.);
#955 = EDGE_CURVE('',#183,#369,#956,.T.);
#956 = LINE('',#957,#958);
#957 = CARTESIAN_POINT('',(0.675,-1.9,5.E-02));
#958 = VECTOR('',#959,1.);
#959 = DIRECTION('',(0.,0.,-1.));
#960 = ORIENTED_EDGE('',*,*,#190,.T.);
#961 = ORIENTED_EDGE('',*,*,#902,.T.);
#962 = PLANE('',#963);
#963 = AXIS2_PLACEMENT_3D('',#964,#965,#966);
#964 = CARTESIAN_POINT('',(0.675,-2.,0.));
#965 = DIRECTION('',(1.,0.,0.));
#966 = DIRECTION('',(0.,0.,1.));
#967 = ADVANCED_FACE('',(#968),#974,.F.);
#968 = FACE_BOUND('',#969,.F.);
#969 = EDGE_LOOP('',(#970,#971,#972,#973));
#970 = ORIENTED_EDGE('',*,*,#368,.F.);
#971 = ORIENTED_EDGE('',*,*,#556,.T.);
#972 = ORIENTED_EDGE('',*,*,#182,.T.);
#973 = ORIENTED_EDGE('',*,*,#955,.T.);
#974 = PLANE('',#975);
#975 = AXIS2_PLACEMENT_3D('',#976,#977,#978);
#976 = CARTESIAN_POINT('',(-1.5,-1.9,0.1));
#977 = DIRECTION('',(0.,1.,0.));
#978 = DIRECTION('',(0.,0.,1.));
#979 = ADVANCED_FACE('',(#980),#986,.T.);
#980 = FACE_BOUND('',#981,.F.);
#981 = EDGE_LOOP('',(#982,#983,#984,#985));
#982 = ORIENTED_EDGE('',*,*,#344,.F.);
#983 = ORIENTED_EDGE('',*,*,#573,.T.);
#984 = ORIENTED_EDGE('',*,*,#158,.T.);
#985 = ORIENTED_EDGE('',*,*,#318,.F.);
#986 = PLANE('',#987);
#987 = AXIS2_PLACEMENT_3D('',#988,#989,#990);
#988 = CARTESIAN_POINT('',(-1.425,-1.825,0.1));
#989 = DIRECTION('',(-0.707106781187,-0.707106781187,0.));
#990 = DIRECTION('',(-0.,-0.,-1.));
#991 = ADVANCED_FACE('',(#992),#1003,.F.);
#992 = FACE_BOUND('',#993,.F.);
#993 = EDGE_LOOP('',(#994,#995,#1001,#1002));
#994 = ORIENTED_EDGE('',*,*,#719,.F.);
#995 = ORIENTED_EDGE('',*,*,#996,.F.);
#996 = EDGE_CURVE('',#629,#720,#997,.T.);
#997 = LINE('',#998,#999);
#998 = CARTESIAN_POINT('',(-0.74,1.,0.));
#999 = VECTOR('',#1000,1.);
#1000 = DIRECTION('',(1.,0.,0.));
#1001 = ORIENTED_EDGE('',*,*,#628,.T.);
#1002 = ORIENTED_EDGE('',*,*,#448,.F.);
#1003 = PLANE('',#1004);
#1004 = AXIS2_PLACEMENT_3D('',#1005,#1006,#1007);
#1005 = CARTESIAN_POINT('',(-0.74,1.,0.));
#1006 = DIRECTION('',(0.,1.,0.));
#1007 = DIRECTION('',(0.,0.,1.));
#1008 = ADVANCED_FACE('',(#1009),#1020,.T.);
#1009 = FACE_BOUND('',#1010,.T.);
#1010 = EDGE_LOOP('',(#1011,#1012,#1018,#1019));
#1011 = ORIENTED_EDGE('',*,*,#877,.F.);
#1012 = ORIENTED_EDGE('',*,*,#1013,.F.);
#1013 = EDGE_CURVE('',#941,#870,#1014,.T.);
#1014 = LINE('',#1015,#1016);
#1015 = CARTESIAN_POINT('',(0.675,-1.2,0.));
#1016 = VECTOR('',#1017,1.);
#1017 = DIRECTION('',(1.,0.,0.));
#1018 = ORIENTED_EDGE('',*,*,#948,.T.);
#1019 = ORIENTED_EDGE('',*,*,#384,.F.);
#1020 = PLANE('',#1021);
#1021 = AXIS2_PLACEMENT_3D('',#1022,#1023,#1024);
#1022 = CARTESIAN_POINT('',(0.675,-1.2,0.));
#1023 = DIRECTION('',(0.,1.,0.));
#1024 = DIRECTION('',(0.,0.,1.));
#1025 = ADVANCED_FACE('',(#1026),#1069,.T.);
#1026 = FACE_BOUND('',#1027,.T.);
#1027 = EDGE_LOOP('',(#1028,#1036,#1037,#1038,#1039,#1047,#1055,#1063));
#1028 = ORIENTED_EDGE('',*,*,#1029,.F.);
#1029 = EDGE_CURVE('',#645,#1030,#1032,.T.);
#1030 = VERTEX_POINT('',#1031);
#1031 = CARTESIAN_POINT('',(-0.375,2.,0.7));
#1032 = LINE('',#1033,#1034);
#1033 = CARTESIAN_POINT('',(-0.74,2.,0.7));
#1034 = VECTOR('',#1035,1.);
#1035 = DIRECTION('',(1.,0.,0.));
#1036 = ORIENTED_EDGE('',*,*,#652,.F.);
#1037 = ORIENTED_EDGE('',*,*,#702,.F.);
#1038 = ORIENTED_EDGE('',*,*,#743,.T.);
#1039 = ORIENTED_EDGE('',*,*,#1040,.F.);
#1040 = EDGE_CURVE('',#1041,#736,#1043,.T.);
#1041 = VERTEX_POINT('',#1042);
#1042 = CARTESIAN_POINT('',(0.375,2.,0.7));
#1043 = LINE('',#1044,#1045);
#1044 = CARTESIAN_POINT('',(-0.74,2.,0.7));
#1045 = VECTOR('',#1046,1.);
#1046 = DIRECTION('',(1.,0.,0.));
#1047 = ORIENTED_EDGE('',*,*,#1048,.F.);
#1048 = EDGE_CURVE('',#1049,#1041,#1051,.T.);
#1049 = VERTEX_POINT('',#1050);
#1050 = CARTESIAN_POINT('',(0.375,1.85,0.7));
#1051 = LINE('',#1052,#1053);
#1052 = CARTESIAN_POINT('',(0.375,1.85,0.7));
#1053 = VECTOR('',#1054,1.);
#1054 = DIRECTION('',(0.,1.,0.));
#1055 = ORIENTED_EDGE('',*,*,#1056,.F.);
#1056 = EDGE_CURVE('',#1057,#1049,#1059,.T.);
#1057 = VERTEX_POINT('',#1058);
#1058 = CARTESIAN_POINT('',(-0.375,1.85,0.7));
#1059 = LINE('',#1060,#1061);
#1060 = CARTESIAN_POINT('',(-0.375,1.85,0.7));
#1061 = VECTOR('',#1062,1.);
#1062 = DIRECTION('',(1.,0.,0.));
#1063 = ORIENTED_EDGE('',*,*,#1064,.T.);
#1064 = EDGE_CURVE('',#1057,#1030,#1065,.T.);
#1065 = LINE('',#1066,#1067);
#1066 = CARTESIAN_POINT('',(-0.375,1.85,0.7));
#1067 = VECTOR('',#1068,1.);
#1068 = DIRECTION('',(0.,1.,0.));
#1069 = PLANE('',#1070);
#1070 = AXIS2_PLACEMENT_3D('',#1071,#1072,#1073);
#1071 = CARTESIAN_POINT('',(-0.74,1.,0.7));
#1072 = DIRECTION('',(0.,0.,1.));
#1073 = DIRECTION('',(1.,0.,0.));
#1074 = ADVANCED_FACE('',(#1075),#1093,.T.);
#1075 = FACE_BOUND('',#1076,.T.);
#1076 = EDGE_LOOP('',(#1077,#1085,#1086,#1087));
#1077 = ORIENTED_EDGE('',*,*,#1078,.F.);
#1078 = EDGE_CURVE('',#637,#1079,#1081,.T.);
#1079 = VERTEX_POINT('',#1080);
#1080 = CARTESIAN_POINT('',(-0.375,2.,0.));
#1081 = LINE('',#1082,#1083);
#1082 = CARTESIAN_POINT('',(-0.74,2.,0.));
#1083 = VECTOR('',#1084,1.);
#1084 = DIRECTION('',(1.,0.,0.));
#1085 = ORIENTED_EDGE('',*,*,#644,.T.);
#1086 = ORIENTED_EDGE('',*,*,#1029,.T.);
#1087 = ORIENTED_EDGE('',*,*,#1088,.F.);
#1088 = EDGE_CURVE('',#1079,#1030,#1089,.T.);
#1089 = LINE('',#1090,#1091);
#1090 = CARTESIAN_POINT('',(-0.375,2.,0.));
#1091 = VECTOR('',#1092,1.);
#1092 = DIRECTION('',(0.,0.,1.));
#1093 = PLANE('',#1094);
#1094 = AXIS2_PLACEMENT_3D('',#1095,#1096,#1097);
#1095 = CARTESIAN_POINT('',(-0.74,2.,0.));
#1096 = DIRECTION('',(0.,1.,0.));
#1097 = DIRECTION('',(0.,0.,1.));
#1098 = ADVANCED_FACE('',(#1099),#1135,.F.);
#1099 = FACE_BOUND('',#1100,.F.);
#1100 = EDGE_LOOP('',(#1101,#1102,#1103,#1104,#1105,#1113,#1121,#1129));
#1101 = ORIENTED_EDGE('',*,*,#1078,.F.);
#1102 = ORIENTED_EDGE('',*,*,#636,.F.);
#1103 = ORIENTED_EDGE('',*,*,#996,.T.);
#1104 = ORIENTED_EDGE('',*,*,#727,.T.);
#1105 = ORIENTED_EDGE('',*,*,#1106,.F.);
#1106 = EDGE_CURVE('',#1107,#728,#1109,.T.);
#1107 = VERTEX_POINT('',#1108);
#1108 = CARTESIAN_POINT('',(0.375,2.,0.));
#1109 = LINE('',#1110,#1111);
#1110 = CARTESIAN_POINT('',(-0.74,2.,0.));
#1111 = VECTOR('',#1112,1.);
#1112 = DIRECTION('',(1.,0.,0.));
#1113 = ORIENTED_EDGE('',*,*,#1114,.F.);
#1114 = EDGE_CURVE('',#1115,#1107,#1117,.T.);
#1115 = VERTEX_POINT('',#1116);
#1116 = CARTESIAN_POINT('',(0.375,1.85,0.));
#1117 = LINE('',#1118,#1119);
#1118 = CARTESIAN_POINT('',(0.375,1.85,0.));
#1119 = VECTOR('',#1120,1.);
#1120 = DIRECTION('',(0.,1.,0.));
#1121 = ORIENTED_EDGE('',*,*,#1122,.F.);
#1122 = EDGE_CURVE('',#1123,#1115,#1125,.T.);
#1123 = VERTEX_POINT('',#1124);
#1124 = CARTESIAN_POINT('',(-0.375,1.85,0.));
#1125 = LINE('',#1126,#1127);
#1126 = CARTESIAN_POINT('',(-0.375,1.85,0.));
#1127 = VECTOR('',#1128,1.);
#1128 = DIRECTION('',(1.,0.,0.));
#1129 = ORIENTED_EDGE('',*,*,#1130,.T.);
#1130 = EDGE_CURVE('',#1123,#1079,#1131,.T.);
#1131 = LINE('',#1132,#1133);
#1132 = CARTESIAN_POINT('',(-0.375,1.85,0.));
#1133 = VECTOR('',#1134,1.);
#1134 = DIRECTION('',(0.,1.,0.));
#1135 = PLANE('',#1136);
#1136 = AXIS2_PLACEMENT_3D('',#1137,#1138,#1139);
#1137 = CARTESIAN_POINT('',(-0.74,1.,0.));
#1138 = DIRECTION('',(0.,0.,1.));
#1139 = DIRECTION('',(1.,0.,0.));
#1140 = ADVANCED_FACE('',(#1141,#1152),#1155,.T.);
#1141 = FACE_BOUND('',#1142,.T.);
#1142 = EDGE_LOOP('',(#1143));
#1143 = ORIENTED_EDGE('',*,*,#1144,.F.);
#1144 = EDGE_CURVE('',#1145,#1145,#1147,.T.);
#1145 = VERTEX_POINT('',#1146);
#1146 = CARTESIAN_POINT('',(0.3,0.,0.8));
#1147 = CIRCLE('',#1148,0.3);
#1148 = AXIS2_PLACEMENT_3D('',#1149,#1150,#1151);
#1149 = CARTESIAN_POINT('',(0.,0.,0.8));
#1150 = DIRECTION('',(0.,0.,1.));
#1151 = DIRECTION('',(1.,0.,0.));
#1152 = FACE_BOUND('',#1153,.T.);
#1153 = EDGE_LOOP('',(#1154));
#1154 = ORIENTED_EDGE('',*,*,#685,.T.);
#1155 = PLANE('',#1156);
#1156 = AXIS2_PLACEMENT_3D('',#1157,#1158,#1159);
#1157 = CARTESIAN_POINT('',(0.,0.,0.8));
#1158 = DIRECTION('',(0.,0.,1.));
#1159 = DIRECTION('',(1.,0.,0.));
#1160 = ADVANCED_FACE('',(#1161),#1172,.T.);
#1161 = FACE_BOUND('',#1162,.T.);
#1162 = EDGE_LOOP('',(#1163,#1164,#1170,#1171));
#1163 = ORIENTED_EDGE('',*,*,#1106,.F.);
#1164 = ORIENTED_EDGE('',*,*,#1165,.T.);
#1165 = EDGE_CURVE('',#1107,#1041,#1166,.T.);
#1166 = LINE('',#1167,#1168);
#1167 = CARTESIAN_POINT('',(0.375,2.,0.));
#1168 = VECTOR('',#1169,1.);
#1169 = DIRECTION('',(0.,0.,1.));
#1170 = ORIENTED_EDGE('',*,*,#1040,.T.);
#1171 = ORIENTED_EDGE('',*,*,#735,.F.);
#1172 = PLANE('',#1173);
#1173 = AXIS2_PLACEMENT_3D('',#1174,#1175,#1176);
#1174 = CARTESIAN_POINT('',(-0.74,2.,0.));
#1175 = DIRECTION('',(0.,1.,0.));
#1176 = DIRECTION('',(0.,0.,1.));
#1177 = ADVANCED_FACE('',(#1178),#1189,.T.);
#1178 = FACE_BOUND('',#1179,.T.);
#1179 = EDGE_LOOP('',(#1180,#1181,#1187,#1188));
#1180 = ORIENTED_EDGE('',*,*,#924,.F.);
#1181 = ORIENTED_EDGE('',*,*,#1182,.T.);
#1182 = EDGE_CURVE('',#925,#852,#1183,.T.);
#1183 = LINE('',#1184,#1185);
#1184 = CARTESIAN_POINT('',(0.675,-2.,0.7));
#1185 = VECTOR('',#1186,1.);
#1186 = DIRECTION('',(1.,0.,0.));
#1187 = ORIENTED_EDGE('',*,*,#851,.T.);
#1188 = ORIENTED_EDGE('',*,*,#910,.F.);
#1189 = PLANE('',#1190);
#1190 = AXIS2_PLACEMENT_3D('',#1191,#1192,#1193);
#1191 = CARTESIAN_POINT('',(0.675,-2.,0.7));
#1192 = DIRECTION('',(0.,0.,1.));
#1193 = DIRECTION('',(1.,0.,0.));
#1194 = ADVANCED_FACE('',(#1195),#1206,.F.);
#1195 = FACE_BOUND('',#1196,.F.);
#1196 = EDGE_LOOP('',(#1197,#1198,#1204,#1205));
#1197 = ORIENTED_EDGE('',*,*,#940,.F.);
#1198 = ORIENTED_EDGE('',*,*,#1199,.T.);
#1199 = EDGE_CURVE('',#933,#862,#1200,.T.);
#1200 = LINE('',#1201,#1202);
#1201 = CARTESIAN_POINT('',(0.675,-2.,0.));
#1202 = VECTOR('',#1203,1.);
#1203 = DIRECTION('',(1.,0.,0.));
#1204 = ORIENTED_EDGE('',*,*,#869,.T.);
#1205 = ORIENTED_EDGE('',*,*,#1013,.F.);
#1206 = PLANE('',#1207);
#1207 = AXIS2_PLACEMENT_3D('',#1208,#1209,#1210);
#1208 = CARTESIAN_POINT('',(0.675,-2.,0.));
#1209 = DIRECTION('',(0.,0.,1.));
#1210 = DIRECTION('',(1.,0.,0.));
#1211 = ADVANCED_FACE('',(#1212),#1218,.F.);
#1212 = FACE_BOUND('',#1213,.F.);
#1213 = EDGE_LOOP('',(#1214,#1215,#1216,#1217));
#1214 = ORIENTED_EDGE('',*,*,#1199,.F.);
#1215 = ORIENTED_EDGE('',*,*,#932,.T.);
#1216 = ORIENTED_EDGE('',*,*,#1182,.T.);
#1217 = ORIENTED_EDGE('',*,*,#861,.F.);
#1218 = PLANE('',#1219);
#1219 = AXIS2_PLACEMENT_3D('',#1220,#1221,#1222);
#1220 = CARTESIAN_POINT('',(0.675,-2.,0.));
#1221 = DIRECTION('',(0.,1.,0.));
#1222 = DIRECTION('',(0.,0.,1.));
#1223 = ADVANCED_FACE('',(#1224),#1267,.T.);
#1224 = FACE_BOUND('',#1225,.T.);
#1225 = EDGE_LOOP('',(#1226,#1234,#1235,#1236,#1237,#1245,#1253,#1261));
#1226 = ORIENTED_EDGE('',*,*,#1227,.F.);
#1227 = EDGE_CURVE('',#1123,#1228,#1230,.T.);
#1228 = VERTEX_POINT('',#1229);
#1229 = CARTESIAN_POINT('',(-0.375,1.85,0.1));
#1230 = LINE('',#1231,#1232);
#1231 = CARTESIAN_POINT('',(-0.375,1.85,0.));
#1232 = VECTOR('',#1233,1.);
#1233 = DIRECTION('',(0.,0.,1.));
#1234 = ORIENTED_EDGE('',*,*,#1130,.T.);
#1235 = ORIENTED_EDGE('',*,*,#1088,.T.);
#1236 = ORIENTED_EDGE('',*,*,#1064,.F.);
#1237 = ORIENTED_EDGE('',*,*,#1238,.F.);
#1238 = EDGE_CURVE('',#1239,#1057,#1241,.T.);
#1239 = VERTEX_POINT('',#1240);
#1240 = CARTESIAN_POINT('',(-0.375,1.85,0.5));
#1241 = LINE('',#1242,#1243);
#1242 = CARTESIAN_POINT('',(-0.375,1.85,0.));
#1243 = VECTOR('',#1244,1.);
#1244 = DIRECTION('',(0.,0.,1.));
#1245 = ORIENTED_EDGE('',*,*,#1246,.T.);
#1246 = EDGE_CURVE('',#1239,#1247,#1249,.T.);
#1247 = VERTEX_POINT('',#1248);
#1248 = CARTESIAN_POINT('',(-0.375,1.9,0.5));
#1249 = LINE('',#1250,#1251);
#1250 = CARTESIAN_POINT('',(-0.375,-2.5E-02,0.5));
#1251 = VECTOR('',#1252,1.);
#1252 = DIRECTION('',(0.,1.,0.));
#1253 = ORIENTED_EDGE('',*,*,#1254,.T.);
#1254 = EDGE_CURVE('',#1247,#1255,#1257,.T.);
#1255 = VERTEX_POINT('',#1256);
#1256 = CARTESIAN_POINT('',(-0.375,1.9,0.1));
#1257 = LINE('',#1258,#1259);
#1258 = CARTESIAN_POINT('',(-0.375,1.9,5.E-02));
#1259 = VECTOR('',#1260,1.);
#1260 = DIRECTION('',(0.,0.,-1.));
#1261 = ORIENTED_EDGE('',*,*,#1262,.F.);
#1262 = EDGE_CURVE('',#1228,#1255,#1263,.T.);
#1263 = LINE('',#1264,#1265);
#1264 = CARTESIAN_POINT('',(-0.375,-2.5E-02,0.1));
#1265 = VECTOR('',#1266,1.);
#1266 = DIRECTION('',(0.,1.,0.));
#1267 = PLANE('',#1268);
#1268 = AXIS2_PLACEMENT_3D('',#1269,#1270,#1271);
#1269 = CARTESIAN_POINT('',(-0.375,1.85,0.));
#1270 = DIRECTION('',(1.,0.,0.));
#1271 = DIRECTION('',(0.,0.,1.));
#1272 = ADVANCED_FACE('',(#1273),#1291,.T.);
#1273 = FACE_BOUND('',#1274,.T.);
#1274 = EDGE_LOOP('',(#1275,#1283,#1289,#1290));
#1275 = ORIENTED_EDGE('',*,*,#1276,.F.);
#1276 = EDGE_CURVE('',#1277,#1049,#1279,.T.);
#1277 = VERTEX_POINT('',#1278);
#1278 = CARTESIAN_POINT('',(0.375,1.85,0.5));
#1279 = LINE('',#1280,#1281);
#1280 = CARTESIAN_POINT('',(0.375,1.85,0.));
#1281 = VECTOR('',#1282,1.);
#1282 = DIRECTION('',(0.,0.,1.));
#1283 = ORIENTED_EDGE('',*,*,#1284,.T.);
#1284 = EDGE_CURVE('',#1277,#1239,#1285,.T.);
#1285 = LINE('',#1286,#1287);
#1286 = CARTESIAN_POINT('',(-0.9375,1.85,0.5));
#1287 = VECTOR('',#1288,1.);
#1288 = DIRECTION('',(-1.,0.,0.));
#1289 = ORIENTED_EDGE('',*,*,#1238,.T.);
#1290 = ORIENTED_EDGE('',*,*,#1056,.T.);
#1291 = PLANE('',#1292);
#1292 = AXIS2_PLACEMENT_3D('',#1293,#1294,#1295);
#1293 = CARTESIAN_POINT('',(-0.375,1.85,0.));
#1294 = DIRECTION('',(0.,1.,0.));
#1295 = DIRECTION('',(0.,0.,1.));
#1296 = ADVANCED_FACE('',(#1297),#1333,.F.);
#1297 = FACE_BOUND('',#1298,.F.);
#1298 = EDGE_LOOP('',(#1299,#1307,#1308,#1309,#1310,#1311,#1319,#1327));
#1299 = ORIENTED_EDGE('',*,*,#1300,.F.);
#1300 = EDGE_CURVE('',#1115,#1301,#1303,.T.);
#1301 = VERTEX_POINT('',#1302);
#1302 = CARTESIAN_POINT('',(0.375,1.85,0.1));
#1303 = LINE('',#1304,#1305);
#1304 = CARTESIAN_POINT('',(0.375,1.85,0.));
#1305 = VECTOR('',#1306,1.);
#1306 = DIRECTION('',(0.,0.,1.));
#1307 = ORIENTED_EDGE('',*,*,#1114,.T.);
#1308 = ORIENTED_EDGE('',*,*,#1165,.T.);
#1309 = ORIENTED_EDGE('',*,*,#1048,.F.);
#1310 = ORIENTED_EDGE('',*,*,#1276,.F.);
#1311 = ORIENTED_EDGE('',*,*,#1312,.T.);
#1312 = EDGE_CURVE('',#1277,#1313,#1315,.T.);
#1313 = VERTEX_POINT('',#1314);
#1314 = CARTESIAN_POINT('',(0.375,1.9,0.5));
#1315 = LINE('',#1316,#1317);
#1316 = CARTESIAN_POINT('',(0.375,-2.5E-02,0.5));
#1317 = VECTOR('',#1318,1.);
#1318 = DIRECTION('',(0.,1.,0.));
#1319 = ORIENTED_EDGE('',*,*,#1320,.T.);
#1320 = EDGE_CURVE('',#1313,#1321,#1323,.T.);
#1321 = VERTEX_POINT('',#1322);
#1322 = CARTESIAN_POINT('',(0.375,1.9,0.1));
#1323 = LINE('',#1324,#1325);
#1324 = CARTESIAN_POINT('',(0.375,1.9,5.E-02));
#1325 = VECTOR('',#1326,1.);
#1326 = DIRECTION('',(0.,0.,-1.));
#1327 = ORIENTED_EDGE('',*,*,#1328,.F.);
#1328 = EDGE_CURVE('',#1301,#1321,#1329,.T.);
#1329 = LINE('',#1330,#1331);
#1330 = CARTESIAN_POINT('',(0.375,-2.5E-02,0.1));
#1331 = VECTOR('',#1332,1.);
#1332 = DIRECTION('',(0.,1.,0.));
#1333 = PLANE('',#1334);
#1334 = AXIS2_PLACEMENT_3D('',#1335,#1336,#1337);
#1335 = CARTESIAN_POINT('',(0.375,1.85,0.));
#1336 = DIRECTION('',(1.,0.,0.));
#1337 = DIRECTION('',(0.,0.,1.));
#1338 = ADVANCED_FACE('',(#1339),#1350,.T.);
#1339 = FACE_BOUND('',#1340,.T.);
#1340 = EDGE_LOOP('',(#1341,#1342,#1343,#1344));
#1341 = ORIENTED_EDGE('',*,*,#1300,.F.);
#1342 = ORIENTED_EDGE('',*,*,#1122,.F.);
#1343 = ORIENTED_EDGE('',*,*,#1227,.T.);
#1344 = ORIENTED_EDGE('',*,*,#1345,.F.);
#1345 = EDGE_CURVE('',#1301,#1228,#1346,.T.);
#1346 = LINE('',#1347,#1348);
#1347 = CARTESIAN_POINT('',(-0.9375,1.85,0.1));
#1348 = VECTOR('',#1349,1.);
#1349 = DIRECTION('',(-1.,0.,0.));
#1350 = PLANE('',#1351);
#1351 = AXIS2_PLACEMENT_3D('',#1352,#1353,#1354);
#1352 = CARTESIAN_POINT('',(-0.375,1.85,0.));
#1353 = DIRECTION('',(0.,1.,0.));
#1354 = DIRECTION('',(0.,0.,1.));
#1355 = ADVANCED_FACE('',(#1356),#1376,.T.);
#1356 = FACE_BOUND('',#1357,.T.);
#1357 = EDGE_LOOP('',(#1358,#1367,#1368,#1369));
#1358 = ORIENTED_EDGE('',*,*,#1359,.F.);
#1359 = EDGE_CURVE('',#1145,#1360,#1362,.T.);
#1360 = VERTEX_POINT('',#1361);
#1361 = CARTESIAN_POINT('',(0.2,0.,0.7));
#1362 = CIRCLE('',#1363,0.1);
#1363 = AXIS2_PLACEMENT_3D('',#1364,#1365,#1366);
#1364 = CARTESIAN_POINT('',(0.3,0.,0.7));
#1365 = DIRECTION('',(0.,-1.,0.));
#1366 = DIRECTION('',(1.,0.,0.));
#1367 = ORIENTED_EDGE('',*,*,#1144,.T.);
#1368 = ORIENTED_EDGE('',*,*,#1359,.T.);
#1369 = ORIENTED_EDGE('',*,*,#1370,.F.);
#1370 = EDGE_CURVE('',#1360,#1360,#1371,.T.);
#1371 = CIRCLE('',#1372,0.2);
#1372 = AXIS2_PLACEMENT_3D('',#1373,#1374,#1375);
#1373 = CARTESIAN_POINT('',(0.,0.,0.7));
#1374 = DIRECTION('',(0.,0.,1.));
#1375 = DIRECTION('',(1.,0.,0.));
#1376 = TOROIDAL_SURFACE('',#1377,0.3,0.1);
#1377 = AXIS2_PLACEMENT_3D('',#1378,#1379,#1380);
#1378 = CARTESIAN_POINT('',(0.,0.,0.7));
#1379 = DIRECTION('',(0.,0.,1.));
#1380 = DIRECTION('',(1.,0.,0.));
#1381 = ADVANCED_FACE('',(#1382),#1393,.F.);
#1382 = FACE_BOUND('',#1383,.F.);
#1383 = EDGE_LOOP('',(#1384,#1390,#1391,#1392));
#1384 = ORIENTED_EDGE('',*,*,#1385,.F.);
#1385 = EDGE_CURVE('',#1255,#1321,#1386,.T.);
#1386 = LINE('',#1387,#1388);
#1387 = CARTESIAN_POINT('',(-1.5,1.9,0.1));
#1388 = VECTOR('',#1389,1.);
#1389 = DIRECTION('',(1.,0.,0.));
#1390 = ORIENTED_EDGE('',*,*,#1262,.F.);
#1391 = ORIENTED_EDGE('',*,*,#1345,.F.);
#1392 = ORIENTED_EDGE('',*,*,#1328,.T.);
#1393 = PLANE('',#1394);
#1394 = AXIS2_PLACEMENT_3D('',#1395,#1396,#1397);
#1395 = CARTESIAN_POINT('',(-1.5,-1.9,0.1));
#1396 = DIRECTION('',(0.,0.,1.));
#1397 = DIRECTION('',(1.,0.,0.));
#1398 = ADVANCED_FACE('',(#1399),#1410,.T.);
#1399 = FACE_BOUND('',#1400,.T.);
#1400 = EDGE_LOOP('',(#1401,#1402,#1403,#1409));
#1401 = ORIENTED_EDGE('',*,*,#1385,.F.);
#1402 = ORIENTED_EDGE('',*,*,#1254,.F.);
#1403 = ORIENTED_EDGE('',*,*,#1404,.T.);
#1404 = EDGE_CURVE('',#1247,#1313,#1405,.T.);
#1405 = LINE('',#1406,#1407);
#1406 = CARTESIAN_POINT('',(-1.5,1.9,0.5));
#1407 = VECTOR('',#1408,1.);
#1408 = DIRECTION('',(1.,0.,0.));
#1409 = ORIENTED_EDGE('',*,*,#1320,.T.);
#1410 = PLANE('',#1411);
#1411 = AXIS2_PLACEMENT_3D('',#1412,#1413,#1414);
#1412 = CARTESIAN_POINT('',(-1.5,1.9,0.1));
#1413 = DIRECTION('',(0.,1.,0.));
#1414 = DIRECTION('',(0.,0.,1.));
#1415 = ADVANCED_FACE('',(#1416),#1422,.T.);
#1416 = FACE_BOUND('',#1417,.T.);
#1417 = EDGE_LOOP('',(#1418,#1419,#1420,#1421));
#1418 = ORIENTED_EDGE('',*,*,#1404,.F.);
#1419 = ORIENTED_EDGE('',*,*,#1246,.F.);
#1420 = ORIENTED_EDGE('',*,*,#1284,.F.);
#1421 = ORIENTED_EDGE('',*,*,#1312,.T.);
#1422 = PLANE('',#1423);
#1423 = AXIS2_PLACEMENT_3D('',#1424,#1425,#1426);
#1424 = CARTESIAN_POINT('',(-1.5,-1.9,0.5));
#1425 = DIRECTION('',(0.,0.,1.));
#1426 = DIRECTION('',(1.,0.,0.));
#1427 = ADVANCED_FACE('',(#1428),#1447,.F.);
#1428 = FACE_BOUND('',#1429,.F.);
#1429 = EDGE_LOOP('',(#1430,#1439,#1445,#1446));
#1430 = ORIENTED_EDGE('',*,*,#1431,.T.);
#1431 = EDGE_CURVE('',#1432,#1432,#1434,.T.);
#1432 = VERTEX_POINT('',#1433);
#1433 = CARTESIAN_POINT('',(0.2,-4.898587196589E-17,0.5));
#1434 = CIRCLE('',#1435,0.2);
#1435 = AXIS2_PLACEMENT_3D('',#1436,#1437,#1438);
#1436 = CARTESIAN_POINT('',(0.,0.,0.5));
#1437 = DIRECTION('',(0.,0.,1.));
#1438 = DIRECTION('',(1.,0.,0.));
#1439 = ORIENTED_EDGE('',*,*,#1440,.T.);
#1440 = EDGE_CURVE('',#1432,#1360,#1441,.T.);
#1441 = LINE('',#1442,#1443);
#1442 = CARTESIAN_POINT('',(0.2,-4.898587196589E-17,0.2));
#1443 = VECTOR('',#1444,1.);
#1444 = DIRECTION('',(0.,0.,1.));
#1445 = ORIENTED_EDGE('',*,*,#1370,.F.);
#1446 = ORIENTED_EDGE('',*,*,#1440,.F.);
#1447 = CYLINDRICAL_SURFACE('',#1448,0.2);
#1448 = AXIS2_PLACEMENT_3D('',#1449,#1450,#1451);
#1449 = CARTESIAN_POINT('',(0.,0.,0.2));
#1450 = DIRECTION('',(0.,0.,1.));
#1451 = DIRECTION('',(1.,0.,0.));
#1452 = ADVANCED_FACE('',(#1453),#1456,.T.);
#1453 = FACE_BOUND('',#1454,.T.);
#1454 = EDGE_LOOP('',(#1455));
#1455 = ORIENTED_EDGE('',*,*,#1431,.T.);
#1456 = PLANE('',#1457);
#1457 = AXIS2_PLACEMENT_3D('',#1458,#1459,#1460);
#1458 = CARTESIAN_POINT('',(-1.5,-1.9,0.5));
#1459 = DIRECTION('',(0.,0.,1.));
#1460 = DIRECTION('',(1.,0.,0.));
#1461 = MANIFOLD_SOLID_BREP('',#1462);
#1462 = CLOSED_SHELL('',(#1463,#1491,#1552,#1577,#1652,#1676,#1692,#1716
    ,#1859,#1891,#1915,#1939,#1963,#1998,#2023,#2048,#2068,#2099,#2124,
    #2148,#2172,#2196,#2220,#2245,#2269,#2293,#2318,#2342,#2366,#2390,
    #2414,#2439,#2456));
#1463 = ADVANCED_FACE('',(#1464,#1475),#1486,.F.);
#1464 = FACE_BOUND('',#1465,.F.);
#1465 = EDGE_LOOP('',(#1466));
#1466 = ORIENTED_EDGE('',*,*,#1467,.T.);
#1467 = EDGE_CURVE('',#1468,#1468,#1470,.T.);
#1468 = VERTEX_POINT('',#1469);
#1469 = CARTESIAN_POINT('',(1.4,-3.429011037613E-16,0.8));
#1470 = CIRCLE('',#1471,1.4);
#1471 = AXIS2_PLACEMENT_3D('',#1472,#1473,#1474);
#1472 = CARTESIAN_POINT('',(0.,0.,0.8));
#1473 = DIRECTION('',(0.,0.,1.));
#1474 = DIRECTION('',(1.,0.,0.));
#1475 = FACE_BOUND('',#1476,.F.);
#1476 = EDGE_LOOP('',(#1477));
#1477 = ORIENTED_EDGE('',*,*,#1478,.F.);
#1478 = EDGE_CURVE('',#1479,#1479,#1481,.T.);
#1479 = VERTEX_POINT('',#1480);
#1480 = CARTESIAN_POINT('',(1.3,-3.184081677783E-16,0.8));
#1481 = CIRCLE('',#1482,1.3);
#1482 = AXIS2_PLACEMENT_3D('',#1483,#1484,#1485);
#1483 = CARTESIAN_POINT('',(0.,0.,0.8));
#1484 = DIRECTION('',(0.,0.,1.));
#1485 = DIRECTION('',(1.,0.,0.));
#1486 = PLANE('',#1487);
#1487 = AXIS2_PLACEMENT_3D('',#1488,#1489,#1490);
#1488 = CARTESIAN_POINT('',(0.,0.,0.8));
#1489 = DIRECTION('',(0.,0.,1.));
#1490 = DIRECTION('',(1.,0.,0.));
#1491 = ADVANCED_FACE('',(#1492),#1547,.T.);
#1492 = FACE_BOUND('',#1493,.T.);
#1493 = EDGE_LOOP('',(#1494,#1502,#1511,#1520,#1529,#1538,#1545,#1546));
#1494 = ORIENTED_EDGE('',*,*,#1495,.T.);
#1495 = EDGE_CURVE('',#1468,#1496,#1498,.T.);
#1496 = VERTEX_POINT('',#1497);
#1497 = CARTESIAN_POINT('',(1.4,-3.429011037613E-16,1.));
#1498 = LINE('',#1499,#1500);
#1499 = CARTESIAN_POINT('',(1.4,-3.429011037613E-16,0.8));
#1500 = VECTOR('',#1501,1.);
#1501 = DIRECTION('',(0.,0.,1.));
#1502 = ORIENTED_EDGE('',*,*,#1503,.F.);
#1503 = EDGE_CURVE('',#1504,#1496,#1506,.T.);
#1504 = VERTEX_POINT('',#1505);
#1505 = CARTESIAN_POINT('',(-0.51961524227,1.3,1.));
#1506 = CIRCLE('',#1507,1.4);
#1507 = AXIS2_PLACEMENT_3D('',#1508,#1509,#1510);
#1508 = CARTESIAN_POINT('',(0.,0.,1.));
#1509 = DIRECTION('',(0.,0.,1.));
#1510 = DIRECTION('',(1.,0.,0.));
#1511 = ORIENTED_EDGE('',*,*,#1512,.F.);
#1512 = EDGE_CURVE('',#1513,#1504,#1515,.T.);
#1513 = VERTEX_POINT('',#1514);
#1514 = CARTESIAN_POINT('',(-0.236919252592,1.379807692308,1.));
#1515 = CIRCLE('',#1516,1.4);
#1516 = AXIS2_PLACEMENT_3D('',#1517,#1518,#1519);
#1517 = CARTESIAN_POINT('',(0.,0.,1.));
#1518 = DIRECTION('',(0.,0.,1.));
#1519 = DIRECTION('',(1.,0.,0.));
#1520 = ORIENTED_EDGE('',*,*,#1521,.F.);
#1521 = EDGE_CURVE('',#1522,#1513,#1524,.T.);
#1522 = VERTEX_POINT('',#1523);
#1523 = CARTESIAN_POINT('',(0.236919252592,1.379807692308,1.));
#1524 = CIRCLE('',#1525,1.4);
#1525 = AXIS2_PLACEMENT_3D('',#1526,#1527,#1528);
#1526 = CARTESIAN_POINT('',(0.,0.,1.));
#1527 = DIRECTION('',(0.,0.,1.));
#1528 = DIRECTION('',(1.,0.,0.));
#1529 = ORIENTED_EDGE('',*,*,#1530,.F.);
#1530 = EDGE_CURVE('',#1531,#1522,#1533,.T.);
#1531 = VERTEX_POINT('',#1532);
#1532 = CARTESIAN_POINT('',(0.51961524227,1.3,1.));
#1533 = CIRCLE('',#1534,1.4);
#1534 = AXIS2_PLACEMENT_3D('',#1535,#1536,#1537);
#1535 = CARTESIAN_POINT('',(0.,0.,1.));
#1536 = DIRECTION('',(0.,0.,1.));
#1537 = DIRECTION('',(1.,0.,0.));
#1538 = ORIENTED_EDGE('',*,*,#1539,.F.);
#1539 = EDGE_CURVE('',#1496,#1531,#1540,.T.);
#1540 = CIRCLE('',#1541,1.4);
#1541 = AXIS2_PLACEMENT_3D('',#1542,#1543,#1544);
#1542 = CARTESIAN_POINT('',(0.,0.,1.));
#1543 = DIRECTION('',(0.,0.,1.));
#1544 = DIRECTION('',(1.,0.,0.));
#1545 = ORIENTED_EDGE('',*,*,#1495,.F.);
#1546 = ORIENTED_EDGE('',*,*,#1467,.T.);
#1547 = CYLINDRICAL_SURFACE('',#1548,1.4);
#1548 = AXIS2_PLACEMENT_3D('',#1549,#1550,#1551);
#1549 = CARTESIAN_POINT('',(0.,0.,0.8));
#1550 = DIRECTION('',(0.,0.,1.));
#1551 = DIRECTION('',(1.,0.,0.));
#1552 = ADVANCED_FACE('',(#1553),#1572,.F.);
#1553 = FACE_BOUND('',#1554,.F.);
#1554 = EDGE_LOOP('',(#1555,#1564,#1570,#1571));
#1555 = ORIENTED_EDGE('',*,*,#1556,.F.);
#1556 = EDGE_CURVE('',#1557,#1557,#1559,.T.);
#1557 = VERTEX_POINT('',#1558);
#1558 = CARTESIAN_POINT('',(1.3,-3.184081677783E-16,1.));
#1559 = CIRCLE('',#1560,1.3);
#1560 = AXIS2_PLACEMENT_3D('',#1561,#1562,#1563);
#1561 = CARTESIAN_POINT('',(0.,0.,1.));
#1562 = DIRECTION('',(0.,0.,1.));
#1563 = DIRECTION('',(1.,0.,0.));
#1564 = ORIENTED_EDGE('',*,*,#1565,.F.);
#1565 = EDGE_CURVE('',#1479,#1557,#1566,.T.);
#1566 = LINE('',#1567,#1568);
#1567 = CARTESIAN_POINT('',(1.3,-3.184081677783E-16,0.8));
#1568 = VECTOR('',#1569,1.);
#1569 = DIRECTION('',(0.,0.,1.));
#1570 = ORIENTED_EDGE('',*,*,#1478,.T.);
#1571 = ORIENTED_EDGE('',*,*,#1565,.T.);
#1572 = CYLINDRICAL_SURFACE('',#1573,1.3);
#1573 = AXIS2_PLACEMENT_3D('',#1574,#1575,#1576);
#1574 = CARTESIAN_POINT('',(0.,0.,0.8));
#1575 = DIRECTION('',(0.,0.,1.));
#1576 = DIRECTION('',(1.,0.,0.));
#1577 = ADVANCED_FACE('',(#1578),#1647,.T.);
#1578 = FACE_BOUND('',#1579,.T.);
#1579 = EDGE_LOOP('',(#1580,#1591,#1597,#1598,#1599,#1607,#1616,#1625,
    #1633,#1641));
#1580 = ORIENTED_EDGE('',*,*,#1581,.F.);
#1581 = EDGE_CURVE('',#1582,#1584,#1586,.T.);
#1582 = VERTEX_POINT('',#1583);
#1583 = CARTESIAN_POINT('',(-0.748331477355,1.3,1.));
#1584 = VERTEX_POINT('',#1585);
#1585 = CARTESIAN_POINT('',(-0.8,-1.268857754045,1.));
#1586 = CIRCLE('',#1587,1.5);
#1587 = AXIS2_PLACEMENT_3D('',#1588,#1589,#1590);
#1588 = CARTESIAN_POINT('',(0.,0.,1.));
#1589 = DIRECTION('',(0.,0.,1.));
#1590 = DIRECTION('',(1.,0.,0.));
#1591 = ORIENTED_EDGE('',*,*,#1592,.T.);
#1592 = EDGE_CURVE('',#1582,#1504,#1593,.T.);
#1593 = LINE('',#1594,#1595);
#1594 = CARTESIAN_POINT('',(-0.8,1.3,1.));
#1595 = VECTOR('',#1596,1.);
#1596 = DIRECTION('',(1.,0.,0.));
#1597 = ORIENTED_EDGE('',*,*,#1503,.T.);
#1598 = ORIENTED_EDGE('',*,*,#1539,.T.);
#1599 = ORIENTED_EDGE('',*,*,#1600,.T.);
#1600 = EDGE_CURVE('',#1531,#1601,#1603,.T.);
#1601 = VERTEX_POINT('',#1602);
#1602 = CARTESIAN_POINT('',(0.748331477355,1.3,1.));
#1603 = LINE('',#1604,#1605);
#1604 = CARTESIAN_POINT('',(-0.8,1.3,1.));
#1605 = VECTOR('',#1606,1.);
#1606 = DIRECTION('',(1.,0.,0.));
#1607 = ORIENTED_EDGE('',*,*,#1608,.F.);
#1608 = EDGE_CURVE('',#1609,#1601,#1611,.T.);
#1609 = VERTEX_POINT('',#1610);
#1610 = CARTESIAN_POINT('',(1.5,-3.673940397442E-16,1.));
#1611 = CIRCLE('',#1612,1.5);
#1612 = AXIS2_PLACEMENT_3D('',#1613,#1614,#1615);
#1613 = CARTESIAN_POINT('',(0.,0.,1.));
#1614 = DIRECTION('',(0.,0.,1.));
#1615 = DIRECTION('',(1.,0.,0.));
#1616 = ORIENTED_EDGE('',*,*,#1617,.F.);
#1617 = EDGE_CURVE('',#1618,#1609,#1620,.T.);
#1618 = VERTEX_POINT('',#1619);
#1619 = CARTESIAN_POINT('',(0.8,-1.268857754045,1.));
#1620 = CIRCLE('',#1621,1.5);
#1621 = AXIS2_PLACEMENT_3D('',#1622,#1623,#1624);
#1622 = CARTESIAN_POINT('',(0.,0.,1.));
#1623 = DIRECTION('',(0.,0.,1.));
#1624 = DIRECTION('',(1.,0.,0.));
#1625 = ORIENTED_EDGE('',*,*,#1626,.F.);
#1626 = EDGE_CURVE('',#1627,#1618,#1629,.T.);
#1627 = VERTEX_POINT('',#1628);
#1628 = CARTESIAN_POINT('',(0.8,-1.5,1.));
#1629 = LINE('',#1630,#1631);
#1630 = CARTESIAN_POINT('',(0.8,-1.5,1.));
#1631 = VECTOR('',#1632,1.);
#1632 = DIRECTION('',(0.,1.,0.));
#1633 = ORIENTED_EDGE('',*,*,#1634,.F.);
#1634 = EDGE_CURVE('',#1635,#1627,#1637,.T.);
#1635 = VERTEX_POINT('',#1636);
#1636 = CARTESIAN_POINT('',(-0.8,-1.5,1.));
#1637 = LINE('',#1638,#1639);
#1638 = CARTESIAN_POINT('',(-0.8,-1.5,1.));
#1639 = VECTOR('',#1640,1.);
#1640 = DIRECTION('',(1.,0.,0.));
#1641 = ORIENTED_EDGE('',*,*,#1642,.T.);
#1642 = EDGE_CURVE('',#1635,#1584,#1643,.T.);
#1643 = LINE('',#1644,#1645);
#1644 = CARTESIAN_POINT('',(-0.8,-1.5,1.));
#1645 = VECTOR('',#1646,1.);
#1646 = DIRECTION('',(0.,1.,0.));
#1647 = PLANE('',#1648);
#1648 = AXIS2_PLACEMENT_3D('',#1649,#1650,#1651);
#1649 = CARTESIAN_POINT('',(1.693002845598E-02,-5.179412027141E-02,1.));
#1650 = DIRECTION('',(-0.,-0.,-1.));
#1651 = DIRECTION('',(-1.,0.,0.));
#1652 = ADVANCED_FACE('',(#1653),#1671,.T.);
#1653 = FACE_BOUND('',#1654,.T.);
#1654 = EDGE_LOOP('',(#1655,#1663,#1664));
#1655 = ORIENTED_EDGE('',*,*,#1656,.T.);
#1656 = EDGE_CURVE('',#1657,#1531,#1659,.T.);
#1657 = VERTEX_POINT('',#1658);
#1658 = CARTESIAN_POINT('',(0.25,1.3,1.));
#1659 = LINE('',#1660,#1661);
#1660 = CARTESIAN_POINT('',(-0.8,1.3,1.));
#1661 = VECTOR('',#1662,1.);
#1662 = DIRECTION('',(1.,0.,0.));
#1663 = ORIENTED_EDGE('',*,*,#1530,.T.);
#1664 = ORIENTED_EDGE('',*,*,#1665,.F.);
#1665 = EDGE_CURVE('',#1657,#1522,#1666,.T.);
#1666 = CIRCLE('',#1667,0.25);
#1667 = AXIS2_PLACEMENT_3D('',#1668,#1669,#1670);
#1668 = CARTESIAN_POINT('',(0.,1.3,1.));
#1669 = DIRECTION('',(0.,0.,1.));
#1670 = DIRECTION('',(1.,0.,0.));
#1671 = PLANE('',#1672);
#1672 = AXIS2_PLACEMENT_3D('',#1673,#1674,#1675);
#1673 = CARTESIAN_POINT('',(0.,0.,1.));
#1674 = DIRECTION('',(0.,0.,1.));
#1675 = DIRECTION('',(1.,0.,0.));
#1676 = ADVANCED_FACE('',(#1677),#1687,.T.);
#1677 = FACE_BOUND('',#1678,.T.);
#1678 = EDGE_LOOP('',(#1679,#1680));
#1679 = ORIENTED_EDGE('',*,*,#1521,.T.);
#1680 = ORIENTED_EDGE('',*,*,#1681,.F.);
#1681 = EDGE_CURVE('',#1522,#1513,#1682,.T.);
#1682 = CIRCLE('',#1683,0.25);
#1683 = AXIS2_PLACEMENT_3D('',#1684,#1685,#1686);
#1684 = CARTESIAN_POINT('',(0.,1.3,1.));
#1685 = DIRECTION('',(0.,0.,1.));
#1686 = DIRECTION('',(1.,0.,0.));
#1687 = PLANE('',#1688);
#1688 = AXIS2_PLACEMENT_3D('',#1689,#1690,#1691);
#1689 = CARTESIAN_POINT('',(1.693002845598E-02,-5.179412027141E-02,1.));
#1690 = DIRECTION('',(-0.,-0.,-1.));
#1691 = DIRECTION('',(-1.,0.,0.));
#1692 = ADVANCED_FACE('',(#1693),#1711,.T.);
#1693 = FACE_BOUND('',#1694,.T.);
#1694 = EDGE_LOOP('',(#1695,#1696,#1704));
#1695 = ORIENTED_EDGE('',*,*,#1512,.T.);
#1696 = ORIENTED_EDGE('',*,*,#1697,.T.);
#1697 = EDGE_CURVE('',#1504,#1698,#1700,.T.);
#1698 = VERTEX_POINT('',#1699);
#1699 = CARTESIAN_POINT('',(-0.25,1.3,1.));
#1700 = LINE('',#1701,#1702);
#1701 = CARTESIAN_POINT('',(-0.8,1.3,1.));
#1702 = VECTOR('',#1703,1.);
#1703 = DIRECTION('',(1.,0.,0.));
#1704 = ORIENTED_EDGE('',*,*,#1705,.F.);
#1705 = EDGE_CURVE('',#1513,#1698,#1706,.T.);
#1706 = CIRCLE('',#1707,0.25);
#1707 = AXIS2_PLACEMENT_3D('',#1708,#1709,#1710);
#1708 = CARTESIAN_POINT('',(0.,1.3,1.));
#1709 = DIRECTION('',(0.,0.,1.));
#1710 = DIRECTION('',(1.,0.,0.));
#1711 = PLANE('',#1712);
#1712 = AXIS2_PLACEMENT_3D('',#1713,#1714,#1715);
#1713 = CARTESIAN_POINT('',(0.,0.,1.));
#1714 = DIRECTION('',(0.,0.,1.));
#1715 = DIRECTION('',(1.,0.,0.));
#1716 = ADVANCED_FACE('',(#1717,#1720),#1854,.T.);
#1717 = FACE_BOUND('',#1718,.T.);
#1718 = EDGE_LOOP('',(#1719));
#1719 = ORIENTED_EDGE('',*,*,#1556,.F.);
#1720 = FACE_BOUND('',#1721,.T.);
#1721 = EDGE_LOOP('',(#1722,#1732,#1741,#1749,#1757,#1765,#1774,#1782,
    #1790,#1798,#1807,#1815,#1823,#1831,#1840,#1848));
#1722 = ORIENTED_EDGE('',*,*,#1723,.F.);
#1723 = EDGE_CURVE('',#1724,#1726,#1728,.T.);
#1724 = VERTEX_POINT('',#1725);
#1725 = CARTESIAN_POINT('',(-0.25,0.545435605732,1.));
#1726 = VERTEX_POINT('',#1727);
#1727 = CARTESIAN_POINT('',(-0.25,1.05,1.));
#1728 = LINE('',#1729,#1730);
#1729 = CARTESIAN_POINT('',(-0.25,-1.05,1.));
#1730 = VECTOR('',#1731,1.);
#1731 = DIRECTION('',(0.,1.,0.));
#1732 = ORIENTED_EDGE('',*,*,#1733,.T.);
#1733 = EDGE_CURVE('',#1724,#1734,#1736,.T.);
#1734 = VERTEX_POINT('',#1735);
#1735 = CARTESIAN_POINT('',(-0.545435605732,0.25,1.));
#1736 = CIRCLE('',#1737,0.6);
#1737 = AXIS2_PLACEMENT_3D('',#1738,#1739,#1740);
#1738 = CARTESIAN_POINT('',(0.,0.,1.));
#1739 = DIRECTION('',(0.,0.,1.));
#1740 = DIRECTION('',(1.,0.,0.));
#1741 = ORIENTED_EDGE('',*,*,#1742,.F.);
#1742 = EDGE_CURVE('',#1743,#1734,#1745,.T.);
#1743 = VERTEX_POINT('',#1744);
#1744 = CARTESIAN_POINT('',(-1.05,0.25,1.));
#1745 = LINE('',#1746,#1747);
#1746 = CARTESIAN_POINT('',(-1.05,0.25,1.));
#1747 = VECTOR('',#1748,1.);
#1748 = DIRECTION('',(1.,0.,0.));
#1749 = ORIENTED_EDGE('',*,*,#1750,.F.);
#1750 = EDGE_CURVE('',#1751,#1743,#1753,.T.);
#1751 = VERTEX_POINT('',#1752);
#1752 = CARTESIAN_POINT('',(-1.05,-0.25,1.));
#1753 = LINE('',#1754,#1755);
#1754 = CARTESIAN_POINT('',(-1.05,-0.25,1.));
#1755 = VECTOR('',#1756,1.);
#1756 = DIRECTION('',(0.,1.,0.));
#1757 = ORIENTED_EDGE('',*,*,#1758,.T.);
#1758 = EDGE_CURVE('',#1751,#1759,#1761,.T.);
#1759 = VERTEX_POINT('',#1760);
#1760 = CARTESIAN_POINT('',(-0.545435605732,-0.25,1.));
#1761 = LINE('',#1762,#1763);
#1762 = CARTESIAN_POINT('',(-1.05,-0.25,1.));
#1763 = VECTOR('',#1764,1.);
#1764 = DIRECTION('',(1.,0.,0.));
#1765 = ORIENTED_EDGE('',*,*,#1766,.T.);
#1766 = EDGE_CURVE('',#1759,#1767,#1769,.T.);
#1767 = VERTEX_POINT('',#1768);
#1768 = CARTESIAN_POINT('',(-0.25,-0.545435605732,1.));
#1769 = CIRCLE('',#1770,0.6);
#1770 = AXIS2_PLACEMENT_3D('',#1771,#1772,#1773);
#1771 = CARTESIAN_POINT('',(0.,0.,1.));
#1772 = DIRECTION('',(0.,0.,1.));
#1773 = DIRECTION('',(1.,0.,0.));
#1774 = ORIENTED_EDGE('',*,*,#1775,.F.);
#1775 = EDGE_CURVE('',#1776,#1767,#1778,.T.);
#1776 = VERTEX_POINT('',#1777);
#1777 = CARTESIAN_POINT('',(-0.25,-1.05,1.));
#1778 = LINE('',#1779,#1780);
#1779 = CARTESIAN_POINT('',(-0.25,-1.05,1.));
#1780 = VECTOR('',#1781,1.);
#1781 = DIRECTION('',(0.,1.,0.));
#1782 = ORIENTED_EDGE('',*,*,#1783,.T.);
#1783 = EDGE_CURVE('',#1776,#1784,#1786,.T.);
#1784 = VERTEX_POINT('',#1785);
#1785 = CARTESIAN_POINT('',(0.25,-1.05,1.));
#1786 = LINE('',#1787,#1788);
#1787 = CARTESIAN_POINT('',(-0.25,-1.05,1.));
#1788 = VECTOR('',#1789,1.);
#1789 = DIRECTION('',(1.,0.,0.));
#1790 = ORIENTED_EDGE('',*,*,#1791,.T.);
#1791 = EDGE_CURVE('',#1784,#1792,#1794,.T.);
#1792 = VERTEX_POINT('',#1793);
#1793 = CARTESIAN_POINT('',(0.25,-0.545435605732,1.));
#1794 = LINE('',#1795,#1796);
#1795 = CARTESIAN_POINT('',(0.25,-1.05,1.));
#1796 = VECTOR('',#1797,1.);
#1797 = DIRECTION('',(0.,1.,0.));
#1798 = ORIENTED_EDGE('',*,*,#1799,.T.);
#1799 = EDGE_CURVE('',#1792,#1800,#1802,.T.);
#1800 = VERTEX_POINT('',#1801);
#1801 = CARTESIAN_POINT('',(0.545435605732,-0.25,1.));
#1802 = CIRCLE('',#1803,0.6);
#1803 = AXIS2_PLACEMENT_3D('',#1804,#1805,#1806);
#1804 = CARTESIAN_POINT('',(0.,0.,1.));
#1805 = DIRECTION('',(0.,0.,1.));
#1806 = DIRECTION('',(1.,0.,0.));
#1807 = ORIENTED_EDGE('',*,*,#1808,.T.);
#1808 = EDGE_CURVE('',#1800,#1809,#1811,.T.);
#1809 = VERTEX_POINT('',#1810);
#1810 = CARTESIAN_POINT('',(1.05,-0.25,1.));
#1811 = LINE('',#1812,#1813);
#1812 = CARTESIAN_POINT('',(-1.05,-0.25,1.));
#1813 = VECTOR('',#1814,1.);
#1814 = DIRECTION('',(1.,0.,0.));
#1815 = ORIENTED_EDGE('',*,*,#1816,.T.);
#1816 = EDGE_CURVE('',#1809,#1817,#1819,.T.);
#1817 = VERTEX_POINT('',#1818);
#1818 = CARTESIAN_POINT('',(1.05,0.25,1.));
#1819 = LINE('',#1820,#1821);
#1820 = CARTESIAN_POINT('',(1.05,-0.25,1.));
#1821 = VECTOR('',#1822,1.);
#1822 = DIRECTION('',(0.,1.,0.));
#1823 = ORIENTED_EDGE('',*,*,#1824,.F.);
#1824 = EDGE_CURVE('',#1825,#1817,#1827,.T.);
#1825 = VERTEX_POINT('',#1826);
#1826 = CARTESIAN_POINT('',(0.545435605732,0.25,1.));
#1827 = LINE('',#1828,#1829);
#1828 = CARTESIAN_POINT('',(-1.05,0.25,1.));
#1829 = VECTOR('',#1830,1.);
#1830 = DIRECTION('',(1.,0.,0.));
#1831 = ORIENTED_EDGE('',*,*,#1832,.T.);
#1832 = EDGE_CURVE('',#1825,#1833,#1835,.T.);
#1833 = VERTEX_POINT('',#1834);
#1834 = CARTESIAN_POINT('',(0.25,0.545435605732,1.));
#1835 = CIRCLE('',#1836,0.6);
#1836 = AXIS2_PLACEMENT_3D('',#1837,#1838,#1839);
#1837 = CARTESIAN_POINT('',(0.,0.,1.));
#1838 = DIRECTION('',(0.,0.,1.));
#1839 = DIRECTION('',(1.,0.,0.));
#1840 = ORIENTED_EDGE('',*,*,#1841,.T.);
#1841 = EDGE_CURVE('',#1833,#1842,#1844,.T.);
#1842 = VERTEX_POINT('',#1843);
#1843 = CARTESIAN_POINT('',(0.25,1.05,1.));
#1844 = LINE('',#1845,#1846);
#1845 = CARTESIAN_POINT('',(0.25,-1.05,1.));
#1846 = VECTOR('',#1847,1.);
#1847 = DIRECTION('',(0.,1.,0.));
#1848 = ORIENTED_EDGE('',*,*,#1849,.F.);
#1849 = EDGE_CURVE('',#1726,#1842,#1850,.T.);
#1850 = LINE('',#1851,#1852);
#1851 = CARTESIAN_POINT('',(-0.25,1.05,1.));
#1852 = VECTOR('',#1853,1.);
#1853 = DIRECTION('',(1.,0.,0.));
#1854 = PLANE('',#1855);
#1855 = AXIS2_PLACEMENT_3D('',#1856,#1857,#1858);
#1856 = CARTESIAN_POINT('',(1.693002845598E-02,-5.179412027141E-02,1.));
#1857 = DIRECTION('',(-0.,-0.,-1.));
#1858 = DIRECTION('',(-1.,0.,0.));
#1859 = ADVANCED_FACE('',(#1860),#1886,.T.);
#1860 = FACE_BOUND('',#1861,.T.);
#1861 = EDGE_LOOP('',(#1862,#1863,#1871,#1880));
#1862 = ORIENTED_EDGE('',*,*,#1581,.T.);
#1863 = ORIENTED_EDGE('',*,*,#1864,.T.);
#1864 = EDGE_CURVE('',#1584,#1865,#1867,.T.);
#1865 = VERTEX_POINT('',#1866);
#1866 = CARTESIAN_POINT('',(-0.8,-1.268857754045,1.2));
#1867 = LINE('',#1868,#1869);
#1868 = CARTESIAN_POINT('',(-0.8,-1.268857754045,1.));
#1869 = VECTOR('',#1870,1.);
#1870 = DIRECTION('',(0.,0.,1.));
#1871 = ORIENTED_EDGE('',*,*,#1872,.F.);
#1872 = EDGE_CURVE('',#1873,#1865,#1875,.T.);
#1873 = VERTEX_POINT('',#1874);
#1874 = CARTESIAN_POINT('',(-0.748331477355,1.3,1.2));
#1875 = CIRCLE('',#1876,1.5);
#1876 = AXIS2_PLACEMENT_3D('',#1877,#1878,#1879);
#1877 = CARTESIAN_POINT('',(0.,0.,1.2));
#1878 = DIRECTION('',(0.,0.,1.));
#1879 = DIRECTION('',(1.,0.,0.));
#1880 = ORIENTED_EDGE('',*,*,#1881,.F.);
#1881 = EDGE_CURVE('',#1582,#1873,#1882,.T.);
#1882 = LINE('',#1883,#1884);
#1883 = CARTESIAN_POINT('',(-0.748331477355,1.3,1.));
#1884 = VECTOR('',#1885,1.);
#1885 = DIRECTION('',(0.,0.,1.));
#1886 = CYLINDRICAL_SURFACE('',#1887,1.5);
#1887 = AXIS2_PLACEMENT_3D('',#1888,#1889,#1890);
#1888 = CARTESIAN_POINT('',(0.,0.,1.));
#1889 = DIRECTION('',(0.,0.,1.));
#1890 = DIRECTION('',(1.,0.,0.));
#1891 = ADVANCED_FACE('',(#1892),#1910,.F.);
#1892 = FACE_BOUND('',#1893,.F.);
#1893 = EDGE_LOOP('',(#1894,#1902,#1908,#1909));
#1894 = ORIENTED_EDGE('',*,*,#1895,.F.);
#1895 = EDGE_CURVE('',#1896,#1865,#1898,.T.);
#1896 = VERTEX_POINT('',#1897);
#1897 = CARTESIAN_POINT('',(-0.8,-1.5,1.2));
#1898 = LINE('',#1899,#1900);
#1899 = CARTESIAN_POINT('',(-0.8,-1.5,1.2));
#1900 = VECTOR('',#1901,1.);
#1901 = DIRECTION('',(0.,1.,0.));
#1902 = ORIENTED_EDGE('',*,*,#1903,.F.);
#1903 = EDGE_CURVE('',#1635,#1896,#1904,.T.);
#1904 = LINE('',#1905,#1906);
#1905 = CARTESIAN_POINT('',(-0.8,-1.5,1.));
#1906 = VECTOR('',#1907,1.);
#1907 = DIRECTION('',(0.,0.,1.));
#1908 = ORIENTED_EDGE('',*,*,#1642,.T.);
#1909 = ORIENTED_EDGE('',*,*,#1864,.T.);
#1910 = PLANE('',#1911);
#1911 = AXIS2_PLACEMENT_3D('',#1912,#1913,#1914);
#1912 = CARTESIAN_POINT('',(-0.8,-1.5,1.));
#1913 = DIRECTION('',(1.,0.,0.));
#1914 = DIRECTION('',(0.,0.,1.));
#1915 = ADVANCED_FACE('',(#1916),#1934,.F.);
#1916 = FACE_BOUND('',#1917,.T.);
#1917 = EDGE_LOOP('',(#1918,#1919,#1927,#1933));
#1918 = ORIENTED_EDGE('',*,*,#1634,.T.);
#1919 = ORIENTED_EDGE('',*,*,#1920,.T.);
#1920 = EDGE_CURVE('',#1627,#1921,#1923,.T.);
#1921 = VERTEX_POINT('',#1922);
#1922 = CARTESIAN_POINT('',(0.8,-1.5,1.2));
#1923 = LINE('',#1924,#1925);
#1924 = CARTESIAN_POINT('',(0.8,-1.5,1.));
#1925 = VECTOR('',#1926,1.);
#1926 = DIRECTION('',(0.,0.,1.));
#1927 = ORIENTED_EDGE('',*,*,#1928,.F.);
#1928 = EDGE_CURVE('',#1896,#1921,#1929,.T.);
#1929 = LINE('',#1930,#1931);
#1930 = CARTESIAN_POINT('',(-0.8,-1.5,1.2));
#1931 = VECTOR('',#1932,1.);
#1932 = DIRECTION('',(1.,0.,0.));
#1933 = ORIENTED_EDGE('',*,*,#1903,.F.);
#1934 = PLANE('',#1935);
#1935 = AXIS2_PLACEMENT_3D('',#1936,#1937,#1938);
#1936 = CARTESIAN_POINT('',(-0.8,-1.5,1.));
#1937 = DIRECTION('',(0.,1.,0.));
#1938 = DIRECTION('',(0.,0.,1.));
#1939 = ADVANCED_FACE('',(#1940),#1958,.T.);
#1940 = FACE_BOUND('',#1941,.T.);
#1941 = EDGE_LOOP('',(#1942,#1950,#1951,#1952));
#1942 = ORIENTED_EDGE('',*,*,#1943,.F.);
#1943 = EDGE_CURVE('',#1921,#1944,#1946,.T.);
#1944 = VERTEX_POINT('',#1945);
#1945 = CARTESIAN_POINT('',(0.8,-1.268857754045,1.2));
#1946 = LINE('',#1947,#1948);
#1947 = CARTESIAN_POINT('',(0.8,-1.5,1.2));
#1948 = VECTOR('',#1949,1.);
#1949 = DIRECTION('',(0.,1.,0.));
#1950 = ORIENTED_EDGE('',*,*,#1920,.F.);
#1951 = ORIENTED_EDGE('',*,*,#1626,.T.);
#1952 = ORIENTED_EDGE('',*,*,#1953,.T.);
#1953 = EDGE_CURVE('',#1618,#1944,#1954,.T.);
#1954 = LINE('',#1955,#1956);
#1955 = CARTESIAN_POINT('',(0.8,-1.268857754045,1.));
#1956 = VECTOR('',#1957,1.);
#1957 = DIRECTION('',(0.,0.,1.));
#1958 = PLANE('',#1959);
#1959 = AXIS2_PLACEMENT_3D('',#1960,#1961,#1962);
#1960 = CARTESIAN_POINT('',(0.8,-1.5,1.));
#1961 = DIRECTION('',(1.,0.,0.));
#1962 = DIRECTION('',(0.,0.,1.));
#1963 = ADVANCED_FACE('',(#1964),#1993,.T.);
#1964 = FACE_BOUND('',#1965,.T.);
#1965 = EDGE_LOOP('',(#1966,#1967,#1968,#1976,#1985,#1992));
#1966 = ORIENTED_EDGE('',*,*,#1617,.T.);
#1967 = ORIENTED_EDGE('',*,*,#1608,.T.);
#1968 = ORIENTED_EDGE('',*,*,#1969,.T.);
#1969 = EDGE_CURVE('',#1601,#1970,#1972,.T.);
#1970 = VERTEX_POINT('',#1971);
#1971 = CARTESIAN_POINT('',(0.748331477355,1.3,1.2));
#1972 = LINE('',#1973,#1974);
#1973 = CARTESIAN_POINT('',(0.748331477355,1.3,1.));
#1974 = VECTOR('',#1975,1.);
#1975 = DIRECTION('',(0.,0.,1.));
#1976 = ORIENTED_EDGE('',*,*,#1977,.F.);
#1977 = EDGE_CURVE('',#1978,#1970,#1980,.T.);
#1978 = VERTEX_POINT('',#1979);
#1979 = CARTESIAN_POINT('',(1.5,-3.673940397442E-16,1.2));
#1980 = CIRCLE('',#1981,1.5);
#1981 = AXIS2_PLACEMENT_3D('',#1982,#1983,#1984);
#1982 = CARTESIAN_POINT('',(0.,0.,1.2));
#1983 = DIRECTION('',(0.,0.,1.));
#1984 = DIRECTION('',(1.,0.,0.));
#1985 = ORIENTED_EDGE('',*,*,#1986,.F.);
#1986 = EDGE_CURVE('',#1944,#1978,#1987,.T.);
#1987 = CIRCLE('',#1988,1.5);
#1988 = AXIS2_PLACEMENT_3D('',#1989,#1990,#1991);
#1989 = CARTESIAN_POINT('',(0.,0.,1.2));
#1990 = DIRECTION('',(0.,0.,1.));
#1991 = DIRECTION('',(1.,0.,0.));
#1992 = ORIENTED_EDGE('',*,*,#1953,.F.);
#1993 = CYLINDRICAL_SURFACE('',#1994,1.5);
#1994 = AXIS2_PLACEMENT_3D('',#1995,#1996,#1997);
#1995 = CARTESIAN_POINT('',(0.,0.,1.));
#1996 = DIRECTION('',(0.,0.,1.));
#1997 = DIRECTION('',(1.,0.,0.));
#1998 = ADVANCED_FACE('',(#1999),#2018,.T.);
#1999 = FACE_BOUND('',#2000,.T.);
#2000 = EDGE_LOOP('',(#2001,#2002,#2010,#2016,#2017));
#2001 = ORIENTED_EDGE('',*,*,#1656,.F.);
#2002 = ORIENTED_EDGE('',*,*,#2003,.T.);
#2003 = EDGE_CURVE('',#1657,#2004,#2006,.T.);
#2004 = VERTEX_POINT('',#2005);
#2005 = CARTESIAN_POINT('',(0.25,1.3,1.2));
#2006 = LINE('',#2007,#2008);
#2007 = CARTESIAN_POINT('',(0.25,1.3,1.));
#2008 = VECTOR('',#2009,1.);
#2009 = DIRECTION('',(0.,0.,1.));
#2010 = ORIENTED_EDGE('',*,*,#2011,.T.);
#2011 = EDGE_CURVE('',#2004,#1970,#2012,.T.);
#2012 = LINE('',#2013,#2014);
#2013 = CARTESIAN_POINT('',(-0.8,1.3,1.2));
#2014 = VECTOR('',#2015,1.);
#2015 = DIRECTION('',(1.,0.,0.));
#2016 = ORIENTED_EDGE('',*,*,#1969,.F.);
#2017 = ORIENTED_EDGE('',*,*,#1600,.F.);
#2018 = PLANE('',#2019);
#2019 = AXIS2_PLACEMENT_3D('',#2020,#2021,#2022);
#2020 = CARTESIAN_POINT('',(-0.8,1.3,1.));
#2021 = DIRECTION('',(0.,1.,0.));
#2022 = DIRECTION('',(0.,0.,1.));
#2023 = ADVANCED_FACE('',(#2024),#2043,.T.);
#2024 = FACE_BOUND('',#2025,.T.);
#2025 = EDGE_LOOP('',(#2026,#2034,#2035,#2036,#2037));
#2026 = ORIENTED_EDGE('',*,*,#2027,.F.);
#2027 = EDGE_CURVE('',#1698,#2028,#2030,.T.);
#2028 = VERTEX_POINT('',#2029);
#2029 = CARTESIAN_POINT('',(-0.25,1.3,1.2));
#2030 = LINE('',#2031,#2032);
#2031 = CARTESIAN_POINT('',(-0.25,1.3,1.));
#2032 = VECTOR('',#2033,1.);
#2033 = DIRECTION('',(0.,0.,1.));
#2034 = ORIENTED_EDGE('',*,*,#1697,.F.);
#2035 = ORIENTED_EDGE('',*,*,#1592,.F.);
#2036 = ORIENTED_EDGE('',*,*,#1881,.T.);
#2037 = ORIENTED_EDGE('',*,*,#2038,.T.);
#2038 = EDGE_CURVE('',#1873,#2028,#2039,.T.);
#2039 = LINE('',#2040,#2041);
#2040 = CARTESIAN_POINT('',(-0.8,1.3,1.2));
#2041 = VECTOR('',#2042,1.);
#2042 = DIRECTION('',(1.,0.,0.));
#2043 = PLANE('',#2044);
#2044 = AXIS2_PLACEMENT_3D('',#2045,#2046,#2047);
#2045 = CARTESIAN_POINT('',(-0.8,1.3,1.));
#2046 = DIRECTION('',(0.,1.,0.));
#2047 = DIRECTION('',(0.,0.,1.));
#2048 = ADVANCED_FACE('',(#2049),#2063,.T.);
#2049 = FACE_BOUND('',#2050,.T.);
#2050 = EDGE_LOOP('',(#2051,#2058,#2059,#2060,#2061,#2062));
#2051 = ORIENTED_EDGE('',*,*,#2052,.F.);
#2052 = EDGE_CURVE('',#2004,#2028,#2053,.T.);
#2053 = CIRCLE('',#2054,0.25);
#2054 = AXIS2_PLACEMENT_3D('',#2055,#2056,#2057);
#2055 = CARTESIAN_POINT('',(0.,1.3,1.2));
#2056 = DIRECTION('',(0.,0.,1.));
#2057 = DIRECTION('',(1.,0.,0.));
#2058 = ORIENTED_EDGE('',*,*,#2003,.F.);
#2059 = ORIENTED_EDGE('',*,*,#1665,.T.);
#2060 = ORIENTED_EDGE('',*,*,#1681,.T.);
#2061 = ORIENTED_EDGE('',*,*,#1705,.T.);
#2062 = ORIENTED_EDGE('',*,*,#2027,.T.);
#2063 = CYLINDRICAL_SURFACE('',#2064,0.25);
#2064 = AXIS2_PLACEMENT_3D('',#2065,#2066,#2067);
#2065 = CARTESIAN_POINT('',(0.,1.3,1.));
#2066 = DIRECTION('',(0.,0.,1.));
#2067 = DIRECTION('',(1.,0.,0.));
#2068 = ADVANCED_FACE('',(#2069),#2094,.T.);
#2069 = FACE_BOUND('',#2070,.T.);
#2070 = EDGE_LOOP('',(#2071,#2081,#2087,#2088));
#2071 = ORIENTED_EDGE('',*,*,#2072,.F.);
#2072 = EDGE_CURVE('',#2073,#2075,#2077,.T.);
#2073 = VERTEX_POINT('',#2074);
#2074 = CARTESIAN_POINT('',(-0.25,0.545435605732,1.2));
#2075 = VERTEX_POINT('',#2076);
#2076 = CARTESIAN_POINT('',(-0.25,1.05,1.2));
#2077 = LINE('',#2078,#2079);
#2078 = CARTESIAN_POINT('',(-0.25,-1.05,1.2));
#2079 = VECTOR('',#2080,1.);
#2080 = DIRECTION('',(0.,1.,0.));
#2081 = ORIENTED_EDGE('',*,*,#2082,.F.);
#2082 = EDGE_CURVE('',#1724,#2073,#2083,.T.);
#2083 = LINE('',#2084,#2085);
#2084 = CARTESIAN_POINT('',(-0.25,0.545435605732,1.));
#2085 = VECTOR('',#2086,1.);
#2086 = DIRECTION('',(0.,0.,1.));
#2087 = ORIENTED_EDGE('',*,*,#1723,.T.);
#2088 = ORIENTED_EDGE('',*,*,#2089,.T.);
#2089 = EDGE_CURVE('',#1726,#2075,#2090,.T.);
#2090 = LINE('',#2091,#2092);
#2091 = CARTESIAN_POINT('',(-0.25,1.05,1.));
#2092 = VECTOR('',#2093,1.);
#2093 = DIRECTION('',(0.,0.,1.));
#2094 = PLANE('',#2095);
#2095 = AXIS2_PLACEMENT_3D('',#2096,#2097,#2098);
#2096 = CARTESIAN_POINT('',(-0.25,-1.05,1.));
#2097 = DIRECTION('',(1.,0.,0.));
#2098 = DIRECTION('',(0.,0.,1.));
#2099 = ADVANCED_FACE('',(#2100),#2119,.F.);
#2100 = FACE_BOUND('',#2101,.F.);
#2101 = EDGE_LOOP('',(#2102,#2111,#2112,#2113));
#2102 = ORIENTED_EDGE('',*,*,#2103,.F.);
#2103 = EDGE_CURVE('',#2073,#2104,#2106,.T.);
#2104 = VERTEX_POINT('',#2105);
#2105 = CARTESIAN_POINT('',(-0.545435605732,0.25,1.2));
#2106 = CIRCLE('',#2107,0.6);
#2107 = AXIS2_PLACEMENT_3D('',#2108,#2109,#2110);
#2108 = CARTESIAN_POINT('',(0.,0.,1.2));
#2109 = DIRECTION('',(0.,0.,1.));
#2110 = DIRECTION('',(1.,0.,0.));
#2111 = ORIENTED_EDGE('',*,*,#2082,.F.);
#2112 = ORIENTED_EDGE('',*,*,#1733,.T.);
#2113 = ORIENTED_EDGE('',*,*,#2114,.T.);
#2114 = EDGE_CURVE('',#1734,#2104,#2115,.T.);
#2115 = LINE('',#2116,#2117);
#2116 = CARTESIAN_POINT('',(-0.545435605732,0.25,1.));
#2117 = VECTOR('',#2118,1.);
#2118 = DIRECTION('',(0.,0.,1.));
#2119 = CYLINDRICAL_SURFACE('',#2120,0.6);
#2120 = AXIS2_PLACEMENT_3D('',#2121,#2122,#2123);
#2121 = CARTESIAN_POINT('',(0.,0.,1.));
#2122 = DIRECTION('',(0.,0.,1.));
#2123 = DIRECTION('',(1.,0.,0.));
#2124 = ADVANCED_FACE('',(#2125),#2143,.F.);
#2125 = FACE_BOUND('',#2126,.T.);
#2126 = EDGE_LOOP('',(#2127,#2128,#2136,#2142));
#2127 = ORIENTED_EDGE('',*,*,#1849,.T.);
#2128 = ORIENTED_EDGE('',*,*,#2129,.T.);
#2129 = EDGE_CURVE('',#1842,#2130,#2132,.T.);
#2130 = VERTEX_POINT('',#2131);
#2131 = CARTESIAN_POINT('',(0.25,1.05,1.2));
#2132 = LINE('',#2133,#2134);
#2133 = CARTESIAN_POINT('',(0.25,1.05,1.));
#2134 = VECTOR('',#2135,1.);
#2135 = DIRECTION('',(0.,0.,1.));
#2136 = ORIENTED_EDGE('',*,*,#2137,.F.);
#2137 = EDGE_CURVE('',#2075,#2130,#2138,.T.);
#2138 = LINE('',#2139,#2140);
#2139 = CARTESIAN_POINT('',(-0.25,1.05,1.2));
#2140 = VECTOR('',#2141,1.);
#2141 = DIRECTION('',(1.,0.,0.));
#2142 = ORIENTED_EDGE('',*,*,#2089,.F.);
#2143 = PLANE('',#2144);
#2144 = AXIS2_PLACEMENT_3D('',#2145,#2146,#2147);
#2145 = CARTESIAN_POINT('',(-0.25,1.05,1.));
#2146 = DIRECTION('',(0.,1.,0.));
#2147 = DIRECTION('',(0.,0.,1.));
#2148 = ADVANCED_FACE('',(#2149),#2167,.F.);
#2149 = FACE_BOUND('',#2150,.F.);
#2150 = EDGE_LOOP('',(#2151,#2152,#2160,#2166));
#2151 = ORIENTED_EDGE('',*,*,#1742,.F.);
#2152 = ORIENTED_EDGE('',*,*,#2153,.T.);
#2153 = EDGE_CURVE('',#1743,#2154,#2156,.T.);
#2154 = VERTEX_POINT('',#2155);
#2155 = CARTESIAN_POINT('',(-1.05,0.25,1.2));
#2156 = LINE('',#2157,#2158);
#2157 = CARTESIAN_POINT('',(-1.05,0.25,1.));
#2158 = VECTOR('',#2159,1.);
#2159 = DIRECTION('',(0.,0.,1.));
#2160 = ORIENTED_EDGE('',*,*,#2161,.T.);
#2161 = EDGE_CURVE('',#2154,#2104,#2162,.T.);
#2162 = LINE('',#2163,#2164);
#2163 = CARTESIAN_POINT('',(-1.05,0.25,1.2));
#2164 = VECTOR('',#2165,1.);
#2165 = DIRECTION('',(1.,0.,0.));
#2166 = ORIENTED_EDGE('',*,*,#2114,.F.);
#2167 = PLANE('',#2168);
#2168 = AXIS2_PLACEMENT_3D('',#2169,#2170,#2171);
#2169 = CARTESIAN_POINT('',(-1.05,0.25,1.));
#2170 = DIRECTION('',(0.,1.,0.));
#2171 = DIRECTION('',(0.,0.,1.));
#2172 = ADVANCED_FACE('',(#2173),#2191,.F.);
#2173 = FACE_BOUND('',#2174,.F.);
#2174 = EDGE_LOOP('',(#2175,#2183,#2189,#2190));
#2175 = ORIENTED_EDGE('',*,*,#2176,.F.);
#2176 = EDGE_CURVE('',#2177,#2130,#2179,.T.);
#2177 = VERTEX_POINT('',#2178);
#2178 = CARTESIAN_POINT('',(0.25,0.545435605732,1.2));
#2179 = LINE('',#2180,#2181);
#2180 = CARTESIAN_POINT('',(0.25,-1.05,1.2));
#2181 = VECTOR('',#2182,1.);
#2182 = DIRECTION('',(0.,1.,0.));
#2183 = ORIENTED_EDGE('',*,*,#2184,.F.);
#2184 = EDGE_CURVE('',#1833,#2177,#2185,.T.);
#2185 = LINE('',#2186,#2187);
#2186 = CARTESIAN_POINT('',(0.25,0.545435605732,1.));
#2187 = VECTOR('',#2188,1.);
#2188 = DIRECTION('',(0.,0.,1.));
#2189 = ORIENTED_EDGE('',*,*,#1841,.T.);
#2190 = ORIENTED_EDGE('',*,*,#2129,.T.);
#2191 = PLANE('',#2192);
#2192 = AXIS2_PLACEMENT_3D('',#2193,#2194,#2195);
#2193 = CARTESIAN_POINT('',(0.25,-1.05,1.));
#2194 = DIRECTION('',(1.,0.,0.));
#2195 = DIRECTION('',(0.,0.,1.));
#2196 = ADVANCED_FACE('',(#2197),#2215,.T.);
#2197 = FACE_BOUND('',#2198,.T.);
#2198 = EDGE_LOOP('',(#2199,#2207,#2208,#2209));
#2199 = ORIENTED_EDGE('',*,*,#2200,.F.);
#2200 = EDGE_CURVE('',#1751,#2201,#2203,.T.);
#2201 = VERTEX_POINT('',#2202);
#2202 = CARTESIAN_POINT('',(-1.05,-0.25,1.2));
#2203 = LINE('',#2204,#2205);
#2204 = CARTESIAN_POINT('',(-1.05,-0.25,1.));
#2205 = VECTOR('',#2206,1.);
#2206 = DIRECTION('',(0.,0.,1.));
#2207 = ORIENTED_EDGE('',*,*,#1750,.T.);
#2208 = ORIENTED_EDGE('',*,*,#2153,.T.);
#2209 = ORIENTED_EDGE('',*,*,#2210,.F.);
#2210 = EDGE_CURVE('',#2201,#2154,#2211,.T.);
#2211 = LINE('',#2212,#2213);
#2212 = CARTESIAN_POINT('',(-1.05,-0.25,1.2));
#2213 = VECTOR('',#2214,1.);
#2214 = DIRECTION('',(0.,1.,0.));
#2215 = PLANE('',#2216);
#2216 = AXIS2_PLACEMENT_3D('',#2217,#2218,#2219);
#2217 = CARTESIAN_POINT('',(-1.05,-0.25,1.));
#2218 = DIRECTION('',(1.,0.,0.));
#2219 = DIRECTION('',(0.,0.,1.));
#2220 = ADVANCED_FACE('',(#2221),#2240,.F.);
#2221 = FACE_BOUND('',#2222,.F.);
#2222 = EDGE_LOOP('',(#2223,#2232,#2238,#2239));
#2223 = ORIENTED_EDGE('',*,*,#2224,.F.);
#2224 = EDGE_CURVE('',#2225,#2177,#2227,.T.);
#2225 = VERTEX_POINT('',#2226);
#2226 = CARTESIAN_POINT('',(0.545435605732,0.25,1.2));
#2227 = CIRCLE('',#2228,0.6);
#2228 = AXIS2_PLACEMENT_3D('',#2229,#2230,#2231);
#2229 = CARTESIAN_POINT('',(0.,0.,1.2));
#2230 = DIRECTION('',(0.,0.,1.));
#2231 = DIRECTION('',(1.,0.,0.));
#2232 = ORIENTED_EDGE('',*,*,#2233,.F.);
#2233 = EDGE_CURVE('',#1825,#2225,#2234,.T.);
#2234 = LINE('',#2235,#2236);
#2235 = CARTESIAN_POINT('',(0.545435605732,0.25,1.));
#2236 = VECTOR('',#2237,1.);
#2237 = DIRECTION('',(0.,0.,1.));
#2238 = ORIENTED_EDGE('',*,*,#1832,.T.);
#2239 = ORIENTED_EDGE('',*,*,#2184,.T.);
#2240 = CYLINDRICAL_SURFACE('',#2241,0.6);
#2241 = AXIS2_PLACEMENT_3D('',#2242,#2243,#2244);
#2242 = CARTESIAN_POINT('',(0.,0.,1.));
#2243 = DIRECTION('',(0.,0.,1.));
#2244 = DIRECTION('',(1.,0.,0.));
#2245 = ADVANCED_FACE('',(#2246),#2264,.T.);
#2246 = FACE_BOUND('',#2247,.T.);
#2247 = EDGE_LOOP('',(#2248,#2249,#2250,#2258));
#2248 = ORIENTED_EDGE('',*,*,#1758,.F.);
#2249 = ORIENTED_EDGE('',*,*,#2200,.T.);
#2250 = ORIENTED_EDGE('',*,*,#2251,.T.);
#2251 = EDGE_CURVE('',#2201,#2252,#2254,.T.);
#2252 = VERTEX_POINT('',#2253);
#2253 = CARTESIAN_POINT('',(-0.545435605732,-0.25,1.2));
#2254 = LINE('',#2255,#2256);
#2255 = CARTESIAN_POINT('',(-1.05,-0.25,1.2));
#2256 = VECTOR('',#2257,1.);
#2257 = DIRECTION('',(1.,0.,0.));
#2258 = ORIENTED_EDGE('',*,*,#2259,.F.);
#2259 = EDGE_CURVE('',#1759,#2252,#2260,.T.);
#2260 = LINE('',#2261,#2262);
#2261 = CARTESIAN_POINT('',(-0.545435605732,-0.25,1.));
#2262 = VECTOR('',#2263,1.);
#2263 = DIRECTION('',(0.,0.,1.));
#2264 = PLANE('',#2265);
#2265 = AXIS2_PLACEMENT_3D('',#2266,#2267,#2268);
#2266 = CARTESIAN_POINT('',(-1.05,-0.25,1.));
#2267 = DIRECTION('',(0.,1.,0.));
#2268 = DIRECTION('',(0.,0.,1.));
#2269 = ADVANCED_FACE('',(#2270),#2288,.F.);
#2270 = FACE_BOUND('',#2271,.F.);
#2271 = EDGE_LOOP('',(#2272,#2273,#2274,#2282));
#2272 = ORIENTED_EDGE('',*,*,#1824,.F.);
#2273 = ORIENTED_EDGE('',*,*,#2233,.T.);
#2274 = ORIENTED_EDGE('',*,*,#2275,.T.);
#2275 = EDGE_CURVE('',#2225,#2276,#2278,.T.);
#2276 = VERTEX_POINT('',#2277);
#2277 = CARTESIAN_POINT('',(1.05,0.25,1.2));
#2278 = LINE('',#2279,#2280);
#2279 = CARTESIAN_POINT('',(-1.05,0.25,1.2));
#2280 = VECTOR('',#2281,1.);
#2281 = DIRECTION('',(1.,0.,0.));
#2282 = ORIENTED_EDGE('',*,*,#2283,.F.);
#2283 = EDGE_CURVE('',#1817,#2276,#2284,.T.);
#2284 = LINE('',#2285,#2286);
#2285 = CARTESIAN_POINT('',(1.05,0.25,1.));
#2286 = VECTOR('',#2287,1.);
#2287 = DIRECTION('',(0.,0.,1.));
#2288 = PLANE('',#2289);
#2289 = AXIS2_PLACEMENT_3D('',#2290,#2291,#2292);
#2290 = CARTESIAN_POINT('',(-1.05,0.25,1.));
#2291 = DIRECTION('',(0.,1.,0.));
#2292 = DIRECTION('',(0.,0.,1.));
#2293 = ADVANCED_FACE('',(#2294),#2313,.F.);
#2294 = FACE_BOUND('',#2295,.F.);
#2295 = EDGE_LOOP('',(#2296,#2304,#2311,#2312));
#2296 = ORIENTED_EDGE('',*,*,#2297,.T.);
#2297 = EDGE_CURVE('',#1767,#2298,#2300,.T.);
#2298 = VERTEX_POINT('',#2299);
#2299 = CARTESIAN_POINT('',(-0.25,-0.545435605732,1.2));
#2300 = LINE('',#2301,#2302);
#2301 = CARTESIAN_POINT('',(-0.25,-0.545435605732,1.));
#2302 = VECTOR('',#2303,1.);
#2303 = DIRECTION('',(0.,0.,1.));
#2304 = ORIENTED_EDGE('',*,*,#2305,.F.);
#2305 = EDGE_CURVE('',#2252,#2298,#2306,.T.);
#2306 = CIRCLE('',#2307,0.6);
#2307 = AXIS2_PLACEMENT_3D('',#2308,#2309,#2310);
#2308 = CARTESIAN_POINT('',(0.,0.,1.2));
#2309 = DIRECTION('',(0.,0.,1.));
#2310 = DIRECTION('',(1.,0.,0.));
#2311 = ORIENTED_EDGE('',*,*,#2259,.F.);
#2312 = ORIENTED_EDGE('',*,*,#1766,.T.);
#2313 = CYLINDRICAL_SURFACE('',#2314,0.6);
#2314 = AXIS2_PLACEMENT_3D('',#2315,#2316,#2317);
#2315 = CARTESIAN_POINT('',(0.,0.,1.));
#2316 = DIRECTION('',(0.,0.,1.));
#2317 = DIRECTION('',(1.,0.,0.));
#2318 = ADVANCED_FACE('',(#2319),#2337,.F.);
#2319 = FACE_BOUND('',#2320,.F.);
#2320 = EDGE_LOOP('',(#2321,#2329,#2330,#2331));
#2321 = ORIENTED_EDGE('',*,*,#2322,.F.);
#2322 = EDGE_CURVE('',#1809,#2323,#2325,.T.);
#2323 = VERTEX_POINT('',#2324);
#2324 = CARTESIAN_POINT('',(1.05,-0.25,1.2));
#2325 = LINE('',#2326,#2327);
#2326 = CARTESIAN_POINT('',(1.05,-0.25,1.));
#2327 = VECTOR('',#2328,1.);
#2328 = DIRECTION('',(0.,0.,1.));
#2329 = ORIENTED_EDGE('',*,*,#1816,.T.);
#2330 = ORIENTED_EDGE('',*,*,#2283,.T.);
#2331 = ORIENTED_EDGE('',*,*,#2332,.F.);
#2332 = EDGE_CURVE('',#2323,#2276,#2333,.T.);
#2333 = LINE('',#2334,#2335);
#2334 = CARTESIAN_POINT('',(1.05,-0.25,1.2));
#2335 = VECTOR('',#2336,1.);
#2336 = DIRECTION('',(0.,1.,0.));
#2337 = PLANE('',#2338);
#2338 = AXIS2_PLACEMENT_3D('',#2339,#2340,#2341);
#2339 = CARTESIAN_POINT('',(1.05,-0.25,1.));
#2340 = DIRECTION('',(1.,0.,0.));
#2341 = DIRECTION('',(0.,0.,1.));
#2342 = ADVANCED_FACE('',(#2343),#2361,.T.);
#2343 = FACE_BOUND('',#2344,.T.);
#2344 = EDGE_LOOP('',(#2345,#2353,#2359,#2360));
#2345 = ORIENTED_EDGE('',*,*,#2346,.F.);
#2346 = EDGE_CURVE('',#2347,#2298,#2349,.T.);
#2347 = VERTEX_POINT('',#2348);
#2348 = CARTESIAN_POINT('',(-0.25,-1.05,1.2));
#2349 = LINE('',#2350,#2351);
#2350 = CARTESIAN_POINT('',(-0.25,-1.05,1.2));
#2351 = VECTOR('',#2352,1.);
#2352 = DIRECTION('',(0.,1.,0.));
#2353 = ORIENTED_EDGE('',*,*,#2354,.F.);
#2354 = EDGE_CURVE('',#1776,#2347,#2355,.T.);
#2355 = LINE('',#2356,#2357);
#2356 = CARTESIAN_POINT('',(-0.25,-1.05,1.));
#2357 = VECTOR('',#2358,1.);
#2358 = DIRECTION('',(0.,0.,1.));
#2359 = ORIENTED_EDGE('',*,*,#1775,.T.);
#2360 = ORIENTED_EDGE('',*,*,#2297,.T.);
#2361 = PLANE('',#2362);
#2362 = AXIS2_PLACEMENT_3D('',#2363,#2364,#2365);
#2363 = CARTESIAN_POINT('',(-0.25,-1.05,1.));
#2364 = DIRECTION('',(1.,0.,0.));
#2365 = DIRECTION('',(0.,0.,1.));
#2366 = ADVANCED_FACE('',(#2367),#2385,.T.);
#2367 = FACE_BOUND('',#2368,.T.);
#2368 = EDGE_LOOP('',(#2369,#2370,#2378,#2384));
#2369 = ORIENTED_EDGE('',*,*,#1808,.F.);
#2370 = ORIENTED_EDGE('',*,*,#2371,.T.);
#2371 = EDGE_CURVE('',#1800,#2372,#2374,.T.);
#2372 = VERTEX_POINT('',#2373);
#2373 = CARTESIAN_POINT('',(0.545435605732,-0.25,1.2));
#2374 = LINE('',#2375,#2376);
#2375 = CARTESIAN_POINT('',(0.545435605732,-0.25,1.));
#2376 = VECTOR('',#2377,1.);
#2377 = DIRECTION('',(0.,0.,1.));
#2378 = ORIENTED_EDGE('',*,*,#2379,.T.);
#2379 = EDGE_CURVE('',#2372,#2323,#2380,.T.);
#2380 = LINE('',#2381,#2382);
#2381 = CARTESIAN_POINT('',(-1.05,-0.25,1.2));
#2382 = VECTOR('',#2383,1.);
#2383 = DIRECTION('',(1.,0.,0.));
#2384 = ORIENTED_EDGE('',*,*,#2322,.F.);
#2385 = PLANE('',#2386);
#2386 = AXIS2_PLACEMENT_3D('',#2387,#2388,#2389);
#2387 = CARTESIAN_POINT('',(-1.05,-0.25,1.));
#2388 = DIRECTION('',(0.,1.,0.));
#2389 = DIRECTION('',(0.,0.,1.));
#2390 = ADVANCED_FACE('',(#2391),#2409,.T.);
#2391 = FACE_BOUND('',#2392,.T.);
#2392 = EDGE_LOOP('',(#2393,#2394,#2395,#2403));
#2393 = ORIENTED_EDGE('',*,*,#1783,.F.);
#2394 = ORIENTED_EDGE('',*,*,#2354,.T.);
#2395 = ORIENTED_EDGE('',*,*,#2396,.T.);
#2396 = EDGE_CURVE('',#2347,#2397,#2399,.T.);
#2397 = VERTEX_POINT('',#2398);
#2398 = CARTESIAN_POINT('',(0.25,-1.05,1.2));
#2399 = LINE('',#2400,#2401);
#2400 = CARTESIAN_POINT('',(-0.25,-1.05,1.2));
#2401 = VECTOR('',#2402,1.);
#2402 = DIRECTION('',(1.,0.,0.));
#2403 = ORIENTED_EDGE('',*,*,#2404,.F.);
#2404 = EDGE_CURVE('',#1784,#2397,#2405,.T.);
#2405 = LINE('',#2406,#2407);
#2406 = CARTESIAN_POINT('',(0.25,-1.05,1.));
#2407 = VECTOR('',#2408,1.);
#2408 = DIRECTION('',(0.,0.,1.));
#2409 = PLANE('',#2410);
#2410 = AXIS2_PLACEMENT_3D('',#2411,#2412,#2413);
#2411 = CARTESIAN_POINT('',(-0.25,-1.05,1.));
#2412 = DIRECTION('',(0.,1.,0.));
#2413 = DIRECTION('',(0.,0.,1.));
#2414 = ADVANCED_FACE('',(#2415),#2434,.F.);
#2415 = FACE_BOUND('',#2416,.F.);
#2416 = EDGE_LOOP('',(#2417,#2418,#2427,#2433));
#2417 = ORIENTED_EDGE('',*,*,#2371,.T.);
#2418 = ORIENTED_EDGE('',*,*,#2419,.F.);
#2419 = EDGE_CURVE('',#2420,#2372,#2422,.T.);
#2420 = VERTEX_POINT('',#2421);
#2421 = CARTESIAN_POINT('',(0.25,-0.545435605732,1.2));
#2422 = CIRCLE('',#2423,0.6);
#2423 = AXIS2_PLACEMENT_3D('',#2424,#2425,#2426);
#2424 = CARTESIAN_POINT('',(0.,0.,1.2));
#2425 = DIRECTION('',(0.,0.,1.));
#2426 = DIRECTION('',(1.,0.,0.));
#2427 = ORIENTED_EDGE('',*,*,#2428,.F.);
#2428 = EDGE_CURVE('',#1792,#2420,#2429,.T.);
#2429 = LINE('',#2430,#2431);
#2430 = CARTESIAN_POINT('',(0.25,-0.545435605732,1.));
#2431 = VECTOR('',#2432,1.);
#2432 = DIRECTION('',(0.,0.,1.));
#2433 = ORIENTED_EDGE('',*,*,#1799,.T.);
#2434 = CYLINDRICAL_SURFACE('',#2435,0.6);
#2435 = AXIS2_PLACEMENT_3D('',#2436,#2437,#2438);
#2436 = CARTESIAN_POINT('',(0.,0.,1.));
#2437 = DIRECTION('',(0.,0.,1.));
#2438 = DIRECTION('',(1.,0.,0.));
#2439 = ADVANCED_FACE('',(#2440),#2451,.F.);
#2440 = FACE_BOUND('',#2441,.F.);
#2441 = EDGE_LOOP('',(#2442,#2448,#2449,#2450));
#2442 = ORIENTED_EDGE('',*,*,#2443,.F.);
#2443 = EDGE_CURVE('',#2397,#2420,#2444,.T.);
#2444 = LINE('',#2445,#2446);
#2445 = CARTESIAN_POINT('',(0.25,-1.05,1.2));
#2446 = VECTOR('',#2447,1.);
#2447 = DIRECTION('',(0.,1.,0.));
#2448 = ORIENTED_EDGE('',*,*,#2404,.F.);
#2449 = ORIENTED_EDGE('',*,*,#1791,.T.);
#2450 = ORIENTED_EDGE('',*,*,#2428,.T.);
#2451 = PLANE('',#2452);
#2452 = AXIS2_PLACEMENT_3D('',#2453,#2454,#2455);
#2453 = CARTESIAN_POINT('',(0.25,-1.05,1.));
#2454 = DIRECTION('',(1.,0.,0.));
#2455 = DIRECTION('',(0.,0.,1.));
#2456 = ADVANCED_FACE('',(#2457,#2468),#2486,.T.);
#2457 = FACE_BOUND('',#2458,.T.);
#2458 = EDGE_LOOP('',(#2459,#2460,#2461,#2462,#2463,#2464,#2465,#2466,
    #2467));
#2459 = ORIENTED_EDGE('',*,*,#2038,.F.);
#2460 = ORIENTED_EDGE('',*,*,#1872,.T.);
#2461 = ORIENTED_EDGE('',*,*,#1895,.F.);
#2462 = ORIENTED_EDGE('',*,*,#1928,.T.);
#2463 = ORIENTED_EDGE('',*,*,#1943,.T.);
#2464 = ORIENTED_EDGE('',*,*,#1986,.T.);
#2465 = ORIENTED_EDGE('',*,*,#1977,.T.);
#2466 = ORIENTED_EDGE('',*,*,#2011,.F.);
#2467 = ORIENTED_EDGE('',*,*,#2052,.T.);
#2468 = FACE_BOUND('',#2469,.T.);
#2469 = EDGE_LOOP('',(#2470,#2471,#2472,#2473,#2474,#2475,#2476,#2477,
    #2478,#2479,#2480,#2481,#2482,#2483,#2484,#2485));
#2470 = ORIENTED_EDGE('',*,*,#2137,.T.);
#2471 = ORIENTED_EDGE('',*,*,#2176,.F.);
#2472 = ORIENTED_EDGE('',*,*,#2224,.F.);
#2473 = ORIENTED_EDGE('',*,*,#2275,.T.);
#2474 = ORIENTED_EDGE('',*,*,#2332,.F.);
#2475 = ORIENTED_EDGE('',*,*,#2379,.F.);
#2476 = ORIENTED_EDGE('',*,*,#2419,.F.);
#2477 = ORIENTED_EDGE('',*,*,#2443,.F.);
#2478 = ORIENTED_EDGE('',*,*,#2396,.F.);
#2479 = ORIENTED_EDGE('',*,*,#2346,.T.);
#2480 = ORIENTED_EDGE('',*,*,#2305,.F.);
#2481 = ORIENTED_EDGE('',*,*,#2251,.F.);
#2482 = ORIENTED_EDGE('',*,*,#2210,.T.);
#2483 = ORIENTED_EDGE('',*,*,#2161,.T.);
#2484 = ORIENTED_EDGE('',*,*,#2103,.F.);
#2485 = ORIENTED_EDGE('',*,*,#2072,.T.);
#2486 = PLANE('',#2487);
#2487 = AXIS2_PLACEMENT_3D('',#2488,#2489,#2490);
#2488 = CARTESIAN_POINT('',(1.693002845598E-02,-5.179412027141E-02,1.2)
  );
#2489 = DIRECTION('',(7.602491268898E-33,-1.19899301082E-32,1.));
#2490 = DIRECTION('',(0.,1.,1.19899301082E-32));
#2491 = ( GEOMETRIC_REPRESENTATION_CONTEXT(3) 
GLOBAL_UNCERTAINTY_ASSIGNED_CONTEXT((#2495)) 
GLOBAL_UNIT_ASSIGNED_CONTEXT((#2492,#2493,#2494)) REPRESENTATION_CONTEXT
('Context #1','3D Context with UNIT and UNCERTAINTY') );
#2492 = ( LENGTH_UNIT() NAMED_UNIT(*) SI_UNIT(.MILLI.,.METRE.) );
#2493 = ( NAMED_UNIT(*) PLANE_ANGLE_UNIT() SI_UNIT($,.RADIAN.) );
#2494 = ( NAMED_UNIT(*) SI_UNIT($,.STERADIAN.) SOLID_ANGLE_UNIT() );
#2495 = UNCERTAINTY_MEASURE_WITH_UNIT(LENGTH_MEASURE(1.E-05),#2492,
  'distance_accuracy_value','confusion accuracy');
#2496 = PRODUCT_RELATED_PRODUCT_CATEGORY('part',$,(#7));
#2497 = MECHANICAL_DESIGN_GEOMETRIC_PRESENTATION_REPRESENTATION('',(
    #2498,#2506,#2513,#2520,#2528,#2535,#2542,#2549,#2556,#2563,#2570,
    #2577,#2584,#2591,#2598,#2605,#2612,#2619,#2626,#2633,#2640,#2647,
    #2654,#2661,#2668,#2675,#2682,#2689,#2696,#2703,#2710,#2717,#2724,
    #2731,#2738,#2745,#2752,#2759,#2766,#2773,#2780,#2787,#2794,#2801,
    #2808,#2815,#2822,#2829,#2836,#2843,#2850,#2857,#2864,#2871,#2878,
    #2885,#2892,#2899,#2906,#2913,#2920,#2927,#2934,#2941,#2948,#2955,
    #2962,#2969,#2976,#2983,#2990,#2997,#3004,#3011,#3018,#3025,#3032,
    #3039,#3046),#2491);
#2498 = STYLED_ITEM('color',(#2499),#17);
#2499 = PRESENTATION_STYLE_ASSIGNMENT((#2500));
#2500 = SURFACE_STYLE_USAGE(.BOTH.,#2501);
#2501 = SURFACE_SIDE_STYLE('',(#2502));
#2502 = SURFACE_STYLE_FILL_AREA(#2503);
#2503 = FILL_AREA_STYLE('',(#2504));
#2504 = FILL_AREA_STYLE_COLOUR('',#2505);
#2505 = COLOUR_RGB('',0.800000011921,0.800000011921,0.800000011921);
#2506 = STYLED_ITEM('color',(#2507),#89);
#2507 = PRESENTATION_STYLE_ASSIGNMENT((#2508));
#2508 = SURFACE_STYLE_USAGE(.BOTH.,#2509);
#2509 = SURFACE_SIDE_STYLE('',(#2510));
#2510 = SURFACE_STYLE_FILL_AREA(#2511);
#2511 = FILL_AREA_STYLE('',(#2512));
#2512 = FILL_AREA_STYLE_COLOUR('',#2505);
#2513 = STYLED_ITEM('color',(#2514),#120);
#2514 = PRESENTATION_STYLE_ASSIGNMENT((#2515));
#2515 = SURFACE_STYLE_USAGE(.BOTH.,#2516);
#2516 = SURFACE_SIDE_STYLE('',(#2517));
#2517 = SURFACE_STYLE_FILL_AREA(#2518);
#2518 = FILL_AREA_STYLE('',(#2519));
#2519 = FILL_AREA_STYLE_COLOUR('',#2505);
#2520 = STYLED_ITEM('color',(#2521),#144);
#2521 = PRESENTATION_STYLE_ASSIGNMENT((#2522));
#2522 = SURFACE_STYLE_USAGE(.BOTH.,#2523);
#2523 = SURFACE_SIDE_STYLE('',(#2524));
#2524 = SURFACE_STYLE_FILL_AREA(#2525);
#2525 = FILL_AREA_STYLE('',(#2526));
#2526 = FILL_AREA_STYLE_COLOUR('',#2527);
#2527 = DRAUGHTING_PRE_DEFINED_COLOUR('white');
#2528 = STYLED_ITEM('color',(#2529),#306);
#2529 = PRESENTATION_STYLE_ASSIGNMENT((#2530));
#2530 = SURFACE_STYLE_USAGE(.BOTH.,#2531);
#2531 = SURFACE_SIDE_STYLE('',(#2532));
#2532 = SURFACE_STYLE_FILL_AREA(#2533);
#2533 = FILL_AREA_STYLE('',(#2534));
#2534 = FILL_AREA_STYLE_COLOUR('',#2527);
#2535 = STYLED_ITEM('color',(#2536),#330);
#2536 = PRESENTATION_STYLE_ASSIGNMENT((#2537));
#2537 = SURFACE_STYLE_USAGE(.BOTH.,#2538);
#2538 = SURFACE_SIDE_STYLE('',(#2539));
#2539 = SURFACE_STYLE_FILL_AREA(#2540);
#2540 = FILL_AREA_STYLE('',(#2541));
#2541 = FILL_AREA_STYLE_COLOUR('',#2527);
#2542 = STYLED_ITEM('color',(#2543),#482);
#2543 = PRESENTATION_STYLE_ASSIGNMENT((#2544));
#2544 = SURFACE_STYLE_USAGE(.BOTH.,#2545);
#2545 = SURFACE_SIDE_STYLE('',(#2546));
#2546 = SURFACE_STYLE_FILL_AREA(#2547);
#2547 = FILL_AREA_STYLE('',(#2548));
#2548 = FILL_AREA_STYLE_COLOUR('',#2505);
#2549 = STYLED_ITEM('color',(#2550),#506);
#2550 = PRESENTATION_STYLE_ASSIGNMENT((#2551));
#2551 = SURFACE_STYLE_USAGE(.BOTH.,#2552);
#2552 = SURFACE_SIDE_STYLE('',(#2553));
#2553 = SURFACE_STYLE_FILL_AREA(#2554);
#2554 = FILL_AREA_STYLE('',(#2555));
#2555 = FILL_AREA_STYLE_COLOUR('',#2505);
#2556 = STYLED_ITEM('color',(#2557),#530);
#2557 = PRESENTATION_STYLE_ASSIGNMENT((#2558));
#2558 = SURFACE_STYLE_USAGE(.BOTH.,#2559);
#2559 = SURFACE_SIDE_STYLE('',(#2560));
#2560 = SURFACE_STYLE_FILL_AREA(#2561);
#2561 = FILL_AREA_STYLE('',(#2562));
#2562 = FILL_AREA_STYLE_COLOUR('',#2505);
#2563 = STYLED_ITEM('color',(#2564),#547);
#2564 = PRESENTATION_STYLE_ASSIGNMENT((#2565));
#2565 = SURFACE_STYLE_USAGE(.BOTH.,#2566);
#2566 = SURFACE_SIDE_STYLE('',(#2567));
#2567 = SURFACE_STYLE_FILL_AREA(#2568);
#2568 = FILL_AREA_STYLE('',(#2569));
#2569 = FILL_AREA_STYLE_COLOUR('',#2505);
#2570 = STYLED_ITEM('color',(#2571),#568);
#2571 = PRESENTATION_STYLE_ASSIGNMENT((#2572));
#2572 = SURFACE_STYLE_USAGE(.BOTH.,#2573);
#2573 = SURFACE_SIDE_STYLE('',(#2574));
#2574 = SURFACE_STYLE_FILL_AREA(#2575);
#2575 = FILL_AREA_STYLE('',(#2576));
#2576 = FILL_AREA_STYLE_COLOUR('',#2527);
#2577 = STYLED_ITEM('color',(#2578),#590);
#2578 = PRESENTATION_STYLE_ASSIGNMENT((#2579));
#2579 = SURFACE_STYLE_USAGE(.BOTH.,#2580);
#2580 = SURFACE_SIDE_STYLE('',(#2581));
#2581 = SURFACE_STYLE_FILL_AREA(#2582);
#2582 = FILL_AREA_STYLE('',(#2583));
#2583 = FILL_AREA_STYLE_COLOUR('',#2527);
#2584 = STYLED_ITEM('color',(#2585),#607);
#2585 = PRESENTATION_STYLE_ASSIGNMENT((#2586));
#2586 = SURFACE_STYLE_USAGE(.BOTH.,#2587);
#2587 = SURFACE_SIDE_STYLE('',(#2588));
#2588 = SURFACE_STYLE_FILL_AREA(#2589);
#2589 = FILL_AREA_STYLE('',(#2590));
#2590 = FILL_AREA_STYLE_COLOUR('',#2527);
#2591 = STYLED_ITEM('color',(#2592),#624);
#2592 = PRESENTATION_STYLE_ASSIGNMENT((#2593));
#2593 = SURFACE_STYLE_USAGE(.BOTH.,#2594);
#2594 = SURFACE_SIDE_STYLE('',(#2595));
#2595 = SURFACE_STYLE_FILL_AREA(#2596);
#2596 = FILL_AREA_STYLE('',(#2597));
#2597 = FILL_AREA_STYLE_COLOUR('',#2505);
#2598 = STYLED_ITEM('color',(#2599),#673);
#2599 = PRESENTATION_STYLE_ASSIGNMENT((#2600));
#2600 = SURFACE_STYLE_USAGE(.BOTH.,#2601);
#2601 = SURFACE_SIDE_STYLE('',(#2602));
#2602 = SURFACE_STYLE_FILL_AREA(#2603);
#2603 = FILL_AREA_STYLE('',(#2604));
#2604 = FILL_AREA_STYLE_COLOUR('',#2505);
#2605 = STYLED_ITEM('color',(#2606),#715);
#2606 = PRESENTATION_STYLE_ASSIGNMENT((#2607));
#2607 = SURFACE_STYLE_USAGE(.BOTH.,#2608);
#2608 = SURFACE_SIDE_STYLE('',(#2609));
#2609 = SURFACE_STYLE_FILL_AREA(#2610);
#2610 = FILL_AREA_STYLE('',(#2611));
#2611 = FILL_AREA_STYLE_COLOUR('',#2505);
#2612 = STYLED_ITEM('color',(#2613),#762);
#2613 = PRESENTATION_STYLE_ASSIGNMENT((#2614));
#2614 = SURFACE_STYLE_USAGE(.BOTH.,#2615);
#2615 = SURFACE_SIDE_STYLE('',(#2616));
#2616 = SURFACE_STYLE_FILL_AREA(#2617);
#2617 = FILL_AREA_STYLE('',(#2618));
#2618 = FILL_AREA_STYLE_COLOUR('',#2527);
#2619 = STYLED_ITEM('color',(#2620),#779);
#2620 = PRESENTATION_STYLE_ASSIGNMENT((#2621));
#2621 = SURFACE_STYLE_USAGE(.BOTH.,#2622);
#2622 = SURFACE_SIDE_STYLE('',(#2623));
#2623 = SURFACE_STYLE_FILL_AREA(#2624);
#2624 = FILL_AREA_STYLE('',(#2625));
#2625 = FILL_AREA_STYLE_COLOUR('',#2527);
#2626 = STYLED_ITEM('color',(#2627),#796);
#2627 = PRESENTATION_STYLE_ASSIGNMENT((#2628));
#2628 = SURFACE_STYLE_USAGE(.BOTH.,#2629);
#2629 = SURFACE_SIDE_STYLE('',(#2630));
#2630 = SURFACE_STYLE_FILL_AREA(#2631);
#2631 = FILL_AREA_STYLE('',(#2632));
#2632 = FILL_AREA_STYLE_COLOUR('',#2527);
#2633 = STYLED_ITEM('color',(#2634),#813);
#2634 = PRESENTATION_STYLE_ASSIGNMENT((#2635));
#2635 = SURFACE_STYLE_USAGE(.BOTH.,#2636);
#2636 = SURFACE_SIDE_STYLE('',(#2637));
#2637 = SURFACE_STYLE_FILL_AREA(#2638);
#2638 = FILL_AREA_STYLE('',(#2639));
#2639 = FILL_AREA_STYLE_COLOUR('',#2527);
#2640 = STYLED_ITEM('color',(#2641),#830);
#2641 = PRESENTATION_STYLE_ASSIGNMENT((#2642));
#2642 = SURFACE_STYLE_USAGE(.BOTH.,#2643);
#2643 = SURFACE_SIDE_STYLE('',(#2644));
#2644 = SURFACE_STYLE_FILL_AREA(#2645);
#2645 = FILL_AREA_STYLE('',(#2646));
#2646 = FILL_AREA_STYLE_COLOUR('',#2527);
#2647 = STYLED_ITEM('color',(#2648),#847);
#2648 = PRESENTATION_STYLE_ASSIGNMENT((#2649));
#2649 = SURFACE_STYLE_USAGE(.BOTH.,#2650);
#2650 = SURFACE_SIDE_STYLE('',(#2651));
#2651 = SURFACE_STYLE_FILL_AREA(#2652);
#2652 = FILL_AREA_STYLE('',(#2653));
#2653 = FILL_AREA_STYLE_COLOUR('',#2505);
#2654 = STYLED_ITEM('color',(#2655),#896);
#2655 = PRESENTATION_STYLE_ASSIGNMENT((#2656));
#2656 = SURFACE_STYLE_USAGE(.BOTH.,#2657);
#2657 = SURFACE_SIDE_STYLE('',(#2658));
#2658 = SURFACE_STYLE_FILL_AREA(#2659);
#2659 = FILL_AREA_STYLE('',(#2660));
#2660 = FILL_AREA_STYLE_COLOUR('',#2505);
#2661 = STYLED_ITEM('color',(#2662),#920);
#2662 = PRESENTATION_STYLE_ASSIGNMENT((#2663));
#2663 = SURFACE_STYLE_USAGE(.BOTH.,#2664);
#2664 = SURFACE_SIDE_STYLE('',(#2665));
#2665 = SURFACE_STYLE_FILL_AREA(#2666);
#2666 = FILL_AREA_STYLE('',(#2667));
#2667 = FILL_AREA_STYLE_COLOUR('',#2505);
#2668 = STYLED_ITEM('color',(#2669),#967);
#2669 = PRESENTATION_STYLE_ASSIGNMENT((#2670));
#2670 = SURFACE_STYLE_USAGE(.BOTH.,#2671);
#2671 = SURFACE_SIDE_STYLE('',(#2672));
#2672 = SURFACE_STYLE_FILL_AREA(#2673);
#2673 = FILL_AREA_STYLE('',(#2674));
#2674 = FILL_AREA_STYLE_COLOUR('',#2527);
#2675 = STYLED_ITEM('color',(#2676),#979);
#2676 = PRESENTATION_STYLE_ASSIGNMENT((#2677));
#2677 = SURFACE_STYLE_USAGE(.BOTH.,#2678);
#2678 = SURFACE_SIDE_STYLE('',(#2679));
#2679 = SURFACE_STYLE_FILL_AREA(#2680);
#2680 = FILL_AREA_STYLE('',(#2681));
#2681 = FILL_AREA_STYLE_COLOUR('',#2527);
#2682 = STYLED_ITEM('color',(#2683),#991);
#2683 = PRESENTATION_STYLE_ASSIGNMENT((#2684));
#2684 = SURFACE_STYLE_USAGE(.BOTH.,#2685);
#2685 = SURFACE_SIDE_STYLE('',(#2686));
#2686 = SURFACE_STYLE_FILL_AREA(#2687);
#2687 = FILL_AREA_STYLE('',(#2688));
#2688 = FILL_AREA_STYLE_COLOUR('',#2505);
#2689 = STYLED_ITEM('color',(#2690),#1008);
#2690 = PRESENTATION_STYLE_ASSIGNMENT((#2691));
#2691 = SURFACE_STYLE_USAGE(.BOTH.,#2692);
#2692 = SURFACE_SIDE_STYLE('',(#2693));
#2693 = SURFACE_STYLE_FILL_AREA(#2694);
#2694 = FILL_AREA_STYLE('',(#2695));
#2695 = FILL_AREA_STYLE_COLOUR('',#2505);
#2696 = STYLED_ITEM('color',(#2697),#1025);
#2697 = PRESENTATION_STYLE_ASSIGNMENT((#2698));
#2698 = SURFACE_STYLE_USAGE(.BOTH.,#2699);
#2699 = SURFACE_SIDE_STYLE('',(#2700));
#2700 = SURFACE_STYLE_FILL_AREA(#2701);
#2701 = FILL_AREA_STYLE('',(#2702));
#2702 = FILL_AREA_STYLE_COLOUR('',#2505);
#2703 = STYLED_ITEM('color',(#2704),#1074);
#2704 = PRESENTATION_STYLE_ASSIGNMENT((#2705));
#2705 = SURFACE_STYLE_USAGE(.BOTH.,#2706);
#2706 = SURFACE_SIDE_STYLE('',(#2707));
#2707 = SURFACE_STYLE_FILL_AREA(#2708);
#2708 = FILL_AREA_STYLE('',(#2709));
#2709 = FILL_AREA_STYLE_COLOUR('',#2505);
#2710 = STYLED_ITEM('color',(#2711),#1098);
#2711 = PRESENTATION_STYLE_ASSIGNMENT((#2712));
#2712 = SURFACE_STYLE_USAGE(.BOTH.,#2713);
#2713 = SURFACE_SIDE_STYLE('',(#2714));
#2714 = SURFACE_STYLE_FILL_AREA(#2715);
#2715 = FILL_AREA_STYLE('',(#2716));
#2716 = FILL_AREA_STYLE_COLOUR('',#2505);
#2717 = STYLED_ITEM('color',(#2718),#1140);
#2718 = PRESENTATION_STYLE_ASSIGNMENT((#2719));
#2719 = SURFACE_STYLE_USAGE(.BOTH.,#2720);
#2720 = SURFACE_SIDE_STYLE('',(#2721));
#2721 = SURFACE_STYLE_FILL_AREA(#2722);
#2722 = FILL_AREA_STYLE('',(#2723));
#2723 = FILL_AREA_STYLE_COLOUR('',#2505);
#2724 = STYLED_ITEM('color',(#2725),#1160);
#2725 = PRESENTATION_STYLE_ASSIGNMENT((#2726));
#2726 = SURFACE_STYLE_USAGE(.BOTH.,#2727);
#2727 = SURFACE_SIDE_STYLE('',(#2728));
#2728 = SURFACE_STYLE_FILL_AREA(#2729);
#2729 = FILL_AREA_STYLE('',(#2730));
#2730 = FILL_AREA_STYLE_COLOUR('',#2505);
#2731 = STYLED_ITEM('color',(#2732),#1177);
#2732 = PRESENTATION_STYLE_ASSIGNMENT((#2733));
#2733 = SURFACE_STYLE_USAGE(.BOTH.,#2734);
#2734 = SURFACE_SIDE_STYLE('',(#2735));
#2735 = SURFACE_STYLE_FILL_AREA(#2736);
#2736 = FILL_AREA_STYLE('',(#2737));
#2737 = FILL_AREA_STYLE_COLOUR('',#2505);
#2738 = STYLED_ITEM('color',(#2739),#1194);
#2739 = PRESENTATION_STYLE_ASSIGNMENT((#2740));
#2740 = SURFACE_STYLE_USAGE(.BOTH.,#2741);
#2741 = SURFACE_SIDE_STYLE('',(#2742));
#2742 = SURFACE_STYLE_FILL_AREA(#2743);
#2743 = FILL_AREA_STYLE('',(#2744));
#2744 = FILL_AREA_STYLE_COLOUR('',#2505);
#2745 = STYLED_ITEM('color',(#2746),#1211);
#2746 = PRESENTATION_STYLE_ASSIGNMENT((#2747));
#2747 = SURFACE_STYLE_USAGE(.BOTH.,#2748);
#2748 = SURFACE_SIDE_STYLE('',(#2749));
#2749 = SURFACE_STYLE_FILL_AREA(#2750);
#2750 = FILL_AREA_STYLE('',(#2751));
#2751 = FILL_AREA_STYLE_COLOUR('',#2505);
#2752 = STYLED_ITEM('color',(#2753),#1223);
#2753 = PRESENTATION_STYLE_ASSIGNMENT((#2754));
#2754 = SURFACE_STYLE_USAGE(.BOTH.,#2755);
#2755 = SURFACE_SIDE_STYLE('',(#2756));
#2756 = SURFACE_STYLE_FILL_AREA(#2757);
#2757 = FILL_AREA_STYLE('',(#2758));
#2758 = FILL_AREA_STYLE_COLOUR('',#2505);
#2759 = STYLED_ITEM('color',(#2760),#1272);
#2760 = PRESENTATION_STYLE_ASSIGNMENT((#2761));
#2761 = SURFACE_STYLE_USAGE(.BOTH.,#2762);
#2762 = SURFACE_SIDE_STYLE('',(#2763));
#2763 = SURFACE_STYLE_FILL_AREA(#2764);
#2764 = FILL_AREA_STYLE('',(#2765));
#2765 = FILL_AREA_STYLE_COLOUR('',#2505);
#2766 = STYLED_ITEM('color',(#2767),#1296);
#2767 = PRESENTATION_STYLE_ASSIGNMENT((#2768));
#2768 = SURFACE_STYLE_USAGE(.BOTH.,#2769);
#2769 = SURFACE_SIDE_STYLE('',(#2770));
#2770 = SURFACE_STYLE_FILL_AREA(#2771);
#2771 = FILL_AREA_STYLE('',(#2772));
#2772 = FILL_AREA_STYLE_COLOUR('',#2505);
#2773 = STYLED_ITEM('color',(#2774),#1338);
#2774 = PRESENTATION_STYLE_ASSIGNMENT((#2775));
#2775 = SURFACE_STYLE_USAGE(.BOTH.,#2776);
#2776 = SURFACE_SIDE_STYLE('',(#2777));
#2777 = SURFACE_STYLE_FILL_AREA(#2778);
#2778 = FILL_AREA_STYLE('',(#2779));
#2779 = FILL_AREA_STYLE_COLOUR('',#2505);
#2780 = STYLED_ITEM('color',(#2781),#1355);
#2781 = PRESENTATION_STYLE_ASSIGNMENT((#2782));
#2782 = SURFACE_STYLE_USAGE(.BOTH.,#2783);
#2783 = SURFACE_SIDE_STYLE('',(#2784));
#2784 = SURFACE_STYLE_FILL_AREA(#2785);
#2785 = FILL_AREA_STYLE('',(#2786));
#2786 = FILL_AREA_STYLE_COLOUR('',#2505);
#2787 = STYLED_ITEM('color',(#2788),#1381);
#2788 = PRESENTATION_STYLE_ASSIGNMENT((#2789));
#2789 = SURFACE_STYLE_USAGE(.BOTH.,#2790);
#2790 = SURFACE_SIDE_STYLE('',(#2791));
#2791 = SURFACE_STYLE_FILL_AREA(#2792);
#2792 = FILL_AREA_STYLE('',(#2793));
#2793 = FILL_AREA_STYLE_COLOUR('',#2527);
#2794 = STYLED_ITEM('color',(#2795),#1398);
#2795 = PRESENTATION_STYLE_ASSIGNMENT((#2796));
#2796 = SURFACE_STYLE_USAGE(.BOTH.,#2797);
#2797 = SURFACE_SIDE_STYLE('',(#2798));
#2798 = SURFACE_STYLE_FILL_AREA(#2799);
#2799 = FILL_AREA_STYLE('',(#2800));
#2800 = FILL_AREA_STYLE_COLOUR('',#2527);
#2801 = STYLED_ITEM('color',(#2802),#1415);
#2802 = PRESENTATION_STYLE_ASSIGNMENT((#2803));
#2803 = SURFACE_STYLE_USAGE(.BOTH.,#2804);
#2804 = SURFACE_SIDE_STYLE('',(#2805));
#2805 = SURFACE_STYLE_FILL_AREA(#2806);
#2806 = FILL_AREA_STYLE('',(#2807));
#2807 = FILL_AREA_STYLE_COLOUR('',#2527);
#2808 = STYLED_ITEM('color',(#2809),#1427);
#2809 = PRESENTATION_STYLE_ASSIGNMENT((#2810));
#2810 = SURFACE_STYLE_USAGE(.BOTH.,#2811);
#2811 = SURFACE_SIDE_STYLE('',(#2812));
#2812 = SURFACE_STYLE_FILL_AREA(#2813);
#2813 = FILL_AREA_STYLE('',(#2814));
#2814 = FILL_AREA_STYLE_COLOUR('',#2505);
#2815 = STYLED_ITEM('color',(#2816),#1452);
#2816 = PRESENTATION_STYLE_ASSIGNMENT((#2817));
#2817 = SURFACE_STYLE_USAGE(.BOTH.,#2818);
#2818 = SURFACE_SIDE_STYLE('',(#2819));
#2819 = SURFACE_STYLE_FILL_AREA(#2820);
#2820 = FILL_AREA_STYLE('',(#2821));
#2821 = FILL_AREA_STYLE_COLOUR('',#2527);
#2822 = STYLED_ITEM('color',(#2823),#1463);
#2823 = PRESENTATION_STYLE_ASSIGNMENT((#2824));
#2824 = SURFACE_STYLE_USAGE(.BOTH.,#2825);
#2825 = SURFACE_SIDE_STYLE('',(#2826));
#2826 = SURFACE_STYLE_FILL_AREA(#2827);
#2827 = FILL_AREA_STYLE('',(#2828));
#2828 = FILL_AREA_STYLE_COLOUR('',#2505);
#2829 = STYLED_ITEM('color',(#2830),#1491);
#2830 = PRESENTATION_STYLE_ASSIGNMENT((#2831));
#2831 = SURFACE_STYLE_USAGE(.BOTH.,#2832);
#2832 = SURFACE_SIDE_STYLE('',(#2833));
#2833 = SURFACE_STYLE_FILL_AREA(#2834);
#2834 = FILL_AREA_STYLE('',(#2835));
#2835 = FILL_AREA_STYLE_COLOUR('',#2505);
#2836 = STYLED_ITEM('color',(#2837),#1552);
#2837 = PRESENTATION_STYLE_ASSIGNMENT((#2838));
#2838 = SURFACE_STYLE_USAGE(.BOTH.,#2839);
#2839 = SURFACE_SIDE_STYLE('',(#2840));
#2840 = SURFACE_STYLE_FILL_AREA(#2841);
#2841 = FILL_AREA_STYLE('',(#2842));
#2842 = FILL_AREA_STYLE_COLOUR('',#2505);
#2843 = STYLED_ITEM('color',(#2844),#1577);
#2844 = PRESENTATION_STYLE_ASSIGNMENT((#2845));
#2845 = SURFACE_STYLE_USAGE(.BOTH.,#2846);
#2846 = SURFACE_SIDE_STYLE('',(#2847));
#2847 = SURFACE_STYLE_FILL_AREA(#2848);
#2848 = FILL_AREA_STYLE('',(#2849));
#2849 = FILL_AREA_STYLE_COLOUR('',#2505);
#2850 = STYLED_ITEM('color',(#2851),#1652);
#2851 = PRESENTATION_STYLE_ASSIGNMENT((#2852));
#2852 = SURFACE_STYLE_USAGE(.BOTH.,#2853);
#2853 = SURFACE_SIDE_STYLE('',(#2854));
#2854 = SURFACE_STYLE_FILL_AREA(#2855);
#2855 = FILL_AREA_STYLE('',(#2856));
#2856 = FILL_AREA_STYLE_COLOUR('',#2505);
#2857 = STYLED_ITEM('color',(#2858),#1676);
#2858 = PRESENTATION_STYLE_ASSIGNMENT((#2859));
#2859 = SURFACE_STYLE_USAGE(.BOTH.,#2860);
#2860 = SURFACE_SIDE_STYLE('',(#2861));
#2861 = SURFACE_STYLE_FILL_AREA(#2862);
#2862 = FILL_AREA_STYLE('',(#2863));
#2863 = FILL_AREA_STYLE_COLOUR('',#2505);
#2864 = STYLED_ITEM('color',(#2865),#1692);
#2865 = PRESENTATION_STYLE_ASSIGNMENT((#2866));
#2866 = SURFACE_STYLE_USAGE(.BOTH.,#2867);
#2867 = SURFACE_SIDE_STYLE('',(#2868));
#2868 = SURFACE_STYLE_FILL_AREA(#2869);
#2869 = FILL_AREA_STYLE('',(#2870));
#2870 = FILL_AREA_STYLE_COLOUR('',#2505);
#2871 = STYLED_ITEM('color',(#2872),#1716);
#2872 = PRESENTATION_STYLE_ASSIGNMENT((#2873));
#2873 = SURFACE_STYLE_USAGE(.BOTH.,#2874);
#2874 = SURFACE_SIDE_STYLE('',(#2875));
#2875 = SURFACE_STYLE_FILL_AREA(#2876);
#2876 = FILL_AREA_STYLE('',(#2877));
#2877 = FILL_AREA_STYLE_COLOUR('',#2505);
#2878 = STYLED_ITEM('color',(#2879),#1859);
#2879 = PRESENTATION_STYLE_ASSIGNMENT((#2880));
#2880 = SURFACE_STYLE_USAGE(.BOTH.,#2881);
#2881 = SURFACE_SIDE_STYLE('',(#2882));
#2882 = SURFACE_STYLE_FILL_AREA(#2883);
#2883 = FILL_AREA_STYLE('',(#2884));
#2884 = FILL_AREA_STYLE_COLOUR('',#2505);
#2885 = STYLED_ITEM('color',(#2886),#1891);
#2886 = PRESENTATION_STYLE_ASSIGNMENT((#2887));
#2887 = SURFACE_STYLE_USAGE(.BOTH.,#2888);
#2888 = SURFACE_SIDE_STYLE('',(#2889));
#2889 = SURFACE_STYLE_FILL_AREA(#2890);
#2890 = FILL_AREA_STYLE('',(#2891));
#2891 = FILL_AREA_STYLE_COLOUR('',#2505);
#2892 = STYLED_ITEM('color',(#2893),#1915);
#2893 = PRESENTATION_STYLE_ASSIGNMENT((#2894));
#2894 = SURFACE_STYLE_USAGE(.BOTH.,#2895);
#2895 = SURFACE_SIDE_STYLE('',(#2896));
#2896 = SURFACE_STYLE_FILL_AREA(#2897);
#2897 = FILL_AREA_STYLE('',(#2898));
#2898 = FILL_AREA_STYLE_COLOUR('',#2505);
#2899 = STYLED_ITEM('color',(#2900),#1939);
#2900 = PRESENTATION_STYLE_ASSIGNMENT((#2901));
#2901 = SURFACE_STYLE_USAGE(.BOTH.,#2902);
#2902 = SURFACE_SIDE_STYLE('',(#2903));
#2903 = SURFACE_STYLE_FILL_AREA(#2904);
#2904 = FILL_AREA_STYLE('',(#2905));
#2905 = FILL_AREA_STYLE_COLOUR('',#2505);
#2906 = STYLED_ITEM('color',(#2907),#1963);
#2907 = PRESENTATION_STYLE_ASSIGNMENT((#2908));
#2908 = SURFACE_STYLE_USAGE(.BOTH.,#2909);
#2909 = SURFACE_SIDE_STYLE('',(#2910));
#2910 = SURFACE_STYLE_FILL_AREA(#2911);
#2911 = FILL_AREA_STYLE('',(#2912));
#2912 = FILL_AREA_STYLE_COLOUR('',#2505);
#2913 = STYLED_ITEM('color',(#2914),#1998);
#2914 = PRESENTATION_STYLE_ASSIGNMENT((#2915));
#2915 = SURFACE_STYLE_USAGE(.BOTH.,#2916);
#2916 = SURFACE_SIDE_STYLE('',(#2917));
#2917 = SURFACE_STYLE_FILL_AREA(#2918);
#2918 = FILL_AREA_STYLE('',(#2919));
#2919 = FILL_AREA_STYLE_COLOUR('',#2505);
#2920 = STYLED_ITEM('color',(#2921),#2023);
#2921 = PRESENTATION_STYLE_ASSIGNMENT((#2922));
#2922 = SURFACE_STYLE_USAGE(.BOTH.,#2923);
#2923 = SURFACE_SIDE_STYLE('',(#2924));
#2924 = SURFACE_STYLE_FILL_AREA(#2925);
#2925 = FILL_AREA_STYLE('',(#2926));
#2926 = FILL_AREA_STYLE_COLOUR('',#2505);
#2927 = STYLED_ITEM('color',(#2928),#2048);
#2928 = PRESENTATION_STYLE_ASSIGNMENT((#2929));
#2929 = SURFACE_STYLE_USAGE(.BOTH.,#2930);
#2930 = SURFACE_SIDE_STYLE('',(#2931));
#2931 = SURFACE_STYLE_FILL_AREA(#2932);
#2932 = FILL_AREA_STYLE('',(#2933));
#2933 = FILL_AREA_STYLE_COLOUR('',#2505);
#2934 = STYLED_ITEM('color',(#2935),#2068);
#2935 = PRESENTATION_STYLE_ASSIGNMENT((#2936));
#2936 = SURFACE_STYLE_USAGE(.BOTH.,#2937);
#2937 = SURFACE_SIDE_STYLE('',(#2938));
#2938 = SURFACE_STYLE_FILL_AREA(#2939);
#2939 = FILL_AREA_STYLE('',(#2940));
#2940 = FILL_AREA_STYLE_COLOUR('',#2505);
#2941 = STYLED_ITEM('color',(#2942),#2099);
#2942 = PRESENTATION_STYLE_ASSIGNMENT((#2943));
#2943 = SURFACE_STYLE_USAGE(.BOTH.,#2944);
#2944 = SURFACE_SIDE_STYLE('',(#2945));
#2945 = SURFACE_STYLE_FILL_AREA(#2946);
#2946 = FILL_AREA_STYLE('',(#2947));
#2947 = FILL_AREA_STYLE_COLOUR('',#2505);
#2948 = STYLED_ITEM('color',(#2949),#2124);
#2949 = PRESENTATION_STYLE_ASSIGNMENT((#2950));
#2950 = SURFACE_STYLE_USAGE(.BOTH.,#2951);
#2951 = SURFACE_SIDE_STYLE('',(#2952));
#2952 = SURFACE_STYLE_FILL_AREA(#2953);
#2953 = FILL_AREA_STYLE('',(#2954));
#2954 = FILL_AREA_STYLE_COLOUR('',#2505);
#2955 = STYLED_ITEM('color',(#2956),#2148);
#2956 = PRESENTATION_STYLE_ASSIGNMENT((#2957));
#2957 = SURFACE_STYLE_USAGE(.BOTH.,#2958);
#2958 = SURFACE_SIDE_STYLE('',(#2959));
#2959 = SURFACE_STYLE_FILL_AREA(#2960);
#2960 = FILL_AREA_STYLE('',(#2961));
#2961 = FILL_AREA_STYLE_COLOUR('',#2505);
#2962 = STYLED_ITEM('color',(#2963),#2172);
#2963 = PRESENTATION_STYLE_ASSIGNMENT((#2964));
#2964 = SURFACE_STYLE_USAGE(.BOTH.,#2965);
#2965 = SURFACE_SIDE_STYLE('',(#2966));
#2966 = SURFACE_STYLE_FILL_AREA(#2967);
#2967 = FILL_AREA_STYLE('',(#2968));
#2968 = FILL_AREA_STYLE_COLOUR('',#2505);
#2969 = STYLED_ITEM('color',(#2970),#2196);
#2970 = PRESENTATION_STYLE_ASSIGNMENT((#2971));
#2971 = SURFACE_STYLE_USAGE(.BOTH.,#2972);
#2972 = SURFACE_SIDE_STYLE('',(#2973));
#2973 = SURFACE_STYLE_FILL_AREA(#2974);
#2974 = FILL_AREA_STYLE('',(#2975));
#2975 = FILL_AREA_STYLE_COLOUR('',#2505);
#2976 = STYLED_ITEM('color',(#2977),#2220);
#2977 = PRESENTATION_STYLE_ASSIGNMENT((#2978));
#2978 = SURFACE_STYLE_USAGE(.BOTH.,#2979);
#2979 = SURFACE_SIDE_STYLE('',(#2980));
#2980 = SURFACE_STYLE_FILL_AREA(#2981);
#2981 = FILL_AREA_STYLE('',(#2982));
#2982 = FILL_AREA_STYLE_COLOUR('',#2505);
#2983 = STYLED_ITEM('color',(#2984),#2245);
#2984 = PRESENTATION_STYLE_ASSIGNMENT((#2985));
#2985 = SURFACE_STYLE_USAGE(.BOTH.,#2986);
#2986 = SURFACE_SIDE_STYLE('',(#2987));
#2987 = SURFACE_STYLE_FILL_AREA(#2988);
#2988 = FILL_AREA_STYLE('',(#2989));
#2989 = FILL_AREA_STYLE_COLOUR('',#2505);
#2990 = STYLED_ITEM('color',(#2991),#2269);
#2991 = PRESENTATION_STYLE_ASSIGNMENT((#2992));
#2992 = SURFACE_STYLE_USAGE(.BOTH.,#2993);
#2993 = SURFACE_SIDE_STYLE('',(#2994));
#2994 = SURFACE_STYLE_FILL_AREA(#2995);
#2995 = FILL_AREA_STYLE('',(#2996));
#2996 = FILL_AREA_STYLE_COLOUR('',#2505);
#2997 = STYLED_ITEM('color',(#2998),#2293);
#2998 = PRESENTATION_STYLE_ASSIGNMENT((#2999));
#2999 = SURFACE_STYLE_USAGE(.BOTH.,#3000);
#3000 = SURFACE_SIDE_STYLE('',(#3001));
#3001 = SURFACE_STYLE_FILL_AREA(#3002);
#3002 = FILL_AREA_STYLE('',(#3003));
#3003 = FILL_AREA_STYLE_COLOUR('',#2505);
#3004 = STYLED_ITEM('color',(#3005),#2318);
#3005 = PRESENTATION_STYLE_ASSIGNMENT((#3006));
#3006 = SURFACE_STYLE_USAGE(.BOTH.,#3007);
#3007 = SURFACE_SIDE_STYLE('',(#3008));
#3008 = SURFACE_STYLE_FILL_AREA(#3009);
#3009 = FILL_AREA_STYLE('',(#3010));
#3010 = FILL_AREA_STYLE_COLOUR('',#2505);
#3011 = STYLED_ITEM('color',(#3012),#2342);
#3012 = PRESENTATION_STYLE_ASSIGNMENT((#3013));
#3013 = SURFACE_STYLE_USAGE(.BOTH.,#3014);
#3014 = SURFACE_SIDE_STYLE('',(#3015));
#3015 = SURFACE_STYLE_FILL_AREA(#3016);
#3016 = FILL_AREA_STYLE('',(#3017));
#3017 = FILL_AREA_STYLE_COLOUR('',#2505);
#3018 = STYLED_ITEM('color',(#3019),#2366);
#3019 = PRESENTATION_STYLE_ASSIGNMENT((#3020));
#3020 = SURFACE_STYLE_USAGE(.BOTH.,#3021);
#3021 = SURFACE_SIDE_STYLE('',(#3022));
#3022 = SURFACE_STYLE_FILL_AREA(#3023);
#3023 = FILL_AREA_STYLE('',(#3024));
#3024 = FILL_AREA_STYLE_COLOUR('',#2505);
#3025 = STYLED_ITEM('color',(#3026),#2390);
#3026 = PRESENTATION_STYLE_ASSIGNMENT((#3027));
#3027 = SURFACE_STYLE_USAGE(.BOTH.,#3028);
#3028 = SURFACE_SIDE_STYLE('',(#3029));
#3029 = SURFACE_STYLE_FILL_AREA(#3030);
#3030 = FILL_AREA_STYLE('',(#3031));
#3031 = FILL_AREA_STYLE_COLOUR('',#2505);
#3032 = STYLED_ITEM('color',(#3033),#2414);
#3033 = PRESENTATION_STYLE_ASSIGNMENT((#3034));
#3034 = SURFACE_STYLE_USAGE(.BOTH.,#3035);
#3035 = SURFACE_SIDE_STYLE('',(#3036));
#3036 = SURFACE_STYLE_FILL_AREA(#3037);
#3037 = FILL_AREA_STYLE('',(#3038));
#3038 = FILL_AREA_STYLE_COLOUR('',#2505);
#3039 = STYLED_ITEM('color',(#3040),#2439);
#3040 = PRESENTATION_STYLE_ASSIGNMENT((#3041));
#3041 = SURFACE_STYLE_USAGE(.BOTH.,#3042);
#3042 = SURFACE_SIDE_STYLE('',(#3043));
#3043 = SURFACE_STYLE_FILL_AREA(#3044);
#3044 = FILL_AREA_STYLE('',(#3045));
#3045 = FILL_AREA_STYLE_COLOUR('',#2505);
#3046 = STYLED_ITEM('color',(#3047),#2456);
#3047 = PRESENTATION_STYLE_ASSIGNMENT((#3048));
#3048 = SURFACE_STYLE_USAGE(.BOTH.,#3049);
#3049 = SURFACE_SIDE_STYLE('',(#3050));
#3050 = SURFACE_STYLE_FILL_AREA(#3051);
#3051 = FILL_AREA_STYLE('',(#3052));
#3052 = FILL_AREA_STYLE_COLOUR('',#2505);
ENDSEC;
END-ISO-10303-21;
