ISO-10303-21;
HEADER;
FILE_DESCRIPTION(('FreeCAD Model'),'2;1');
FILE_NAME(
'/home/dan/kicad/3dModels/USB_Micro_B_Amphenol_10103594_0001LF_
Horizontal.step','2019-02-22T23:45:33',('kicad StepUp'),('ksu MCAD'),
  'Open CASCADE STEP processor 7.3','FreeCAD','Unknown');
FILE_SCHEMA(('AUTOMOTIVE_DESIGN { 1 0 10303 214 1 1 1 1 }'));
ENDSEC;
DATA;
#1 = APPLICATION_PROTOCOL_DEFINITION('international standard',
  'automotive_design',2000,#2);
#2 = APPLICATION_CONTEXT(
  'core data for automotive mechanical design processes');
#3 = SHAPE_DEFINITION_REPRESENTATION(#4,#10);
#4 = PRODUCT_DEFINITION_SHAPE('','',#5);
#5 = PRODUCT_DEFINITION('design','',#6,#9);
#6 = PRODUCT_DEFINITION_FORMATION('','',#7);
#7 = PRODUCT('USB_Micro_B_Amphenol_10103594_0001LF_Horizontal',
  'USB_Micro_B_Amphenol_10103594_0001LF_Horizontal','',(#8));
#8 = PRODUCT_CONTEXT('',#2,'mechanical');
#9 = PRODUCT_DEFINITION_CONTEXT('part definition',#2,'design');
#10 = ADVANCED_BREP_SHAPE_REPRESENTATION('',(#11,#15),#4734);
#11 = AXIS2_PLACEMENT_3D('',#12,#13,#14);
#12 = CARTESIAN_POINT('',(0.,0.,0.));
#13 = DIRECTION('',(0.,0.,1.));
#14 = DIRECTION('',(1.,0.,-0.));
#15 = MANIFOLD_SOLID_BREP('',#16);
#16 = CLOSED_SHELL('',(#17,#57,#248,#272,#296,#526,#550,#574,#591,#615,
    #639,#656,#680,#704,#721,#745,#769,#786,#810,#834,#851,#863,#1064,
    #1120,#1167,#1191,#1215,#1239,#1263,#1287,#1311,#1328,#1377,#1389,
    #1401,#1413,#1425,#1437,#1518,#1549,#1589,#1613,#1646,#1677,#1717,
    #1741,#1774,#1805,#1845,#1869,#1902,#1933,#1973,#1997,#2030,#2061,
    #2101,#2125,#2158,#2182,#2214,#2333,#2345,#2514,#2538,#2563,#2604,
    #2628,#2652,#2708,#2732,#2756,#2790,#2807,#2824,#2836,#2853,#2870,
    #2882,#2899,#2916,#2928,#2945,#2962,#2974,#2991,#3008,#3020,#3061,
    #3133,#3157,#3229,#3246,#3270,#3318,#3342,#3390,#3414,#3430,#3461,
    #3485,#3520,#3537,#3554,#3571,#3627,#3651,#3675,#3699,#3723,#3747,
    #3771,#3795,#3883,#3907,#3924,#3949,#3983,#4133,#4164,#4186,#4203,
    #4227,#4244,#4261,#4273,#4290,#4307,#4319,#4330,#4355,#4482,#4500,
    #4518,#4536,#4560,#4582,#4594,#4611,#4623,#4635,#4652,#4669,#4688,
    #4705,#4722));
#17 = ADVANCED_FACE('',(#18),#52,.F.);
#18 = FACE_BOUND('',#19,.F.);
#19 = EDGE_LOOP('',(#20,#30,#38,#46));
#20 = ORIENTED_EDGE('',*,*,#21,.F.);
#21 = EDGE_CURVE('',#22,#24,#26,.T.);
#22 = VERTEX_POINT('',#23);
#23 = CARTESIAN_POINT('',(-1.625,1.,1.2));
#24 = VERTEX_POINT('',#25);
#25 = CARTESIAN_POINT('',(-1.625,-0.2,1.2));
#26 = LINE('',#27,#28);
#27 = CARTESIAN_POINT('',(-1.625,1.,1.2));
#28 = VECTOR('',#29,1.);
#29 = DIRECTION('',(0.,-1.,2.22044604925E-16));
#30 = ORIENTED_EDGE('',*,*,#31,.T.);
#31 = EDGE_CURVE('',#22,#32,#34,.T.);
#32 = VERTEX_POINT('',#33);
#33 = CARTESIAN_POINT('',(-1.625,1.,1.4));
#34 = LINE('',#35,#36);
#35 = CARTESIAN_POINT('',(-1.625,1.,1.2));
#36 = VECTOR('',#37,1.);
#37 = DIRECTION('',(0.,2.22044604925E-16,1.));
#38 = ORIENTED_EDGE('',*,*,#39,.T.);
#39 = EDGE_CURVE('',#32,#40,#42,.T.);
#40 = VERTEX_POINT('',#41);
#41 = CARTESIAN_POINT('',(-1.625,-0.2,1.4));
#42 = LINE('',#43,#44);
#43 = CARTESIAN_POINT('',(-1.625,1.,1.4));
#44 = VECTOR('',#45,1.);
#45 = DIRECTION('',(0.,-1.,2.22044604925E-16));
#46 = ORIENTED_EDGE('',*,*,#47,.F.);
#47 = EDGE_CURVE('',#24,#40,#48,.T.);
#48 = LINE('',#49,#50);
#49 = CARTESIAN_POINT('',(-1.625,-0.2,1.2));
#50 = VECTOR('',#51,1.);
#51 = DIRECTION('',(0.,2.22044604925E-16,1.));
#52 = PLANE('',#53);
#53 = AXIS2_PLACEMENT_3D('',#54,#55,#56);
#54 = CARTESIAN_POINT('',(-1.625,1.,1.2));
#55 = DIRECTION('',(1.,0.,0.));
#56 = DIRECTION('',(0.,-1.,2.22044604925E-16));
#57 = ADVANCED_FACE('',(#58),#243,.F.);
#58 = FACE_BOUND('',#59,.F.);
#59 = EDGE_LOOP('',(#60,#68,#69,#77,#85,#93,#101,#109,#117,#125,#133,
    #141,#149,#157,#165,#173,#181,#189,#197,#205,#213,#221,#229,#237));
#60 = ORIENTED_EDGE('',*,*,#61,.F.);
#61 = EDGE_CURVE('',#22,#62,#64,.T.);
#62 = VERTEX_POINT('',#63);
#63 = CARTESIAN_POINT('',(-1.45,1.,1.2));
#64 = LINE('',#65,#66);
#65 = CARTESIAN_POINT('',(-1.625,1.,1.2));
#66 = VECTOR('',#67,1.);
#67 = DIRECTION('',(1.,0.,0.));
#68 = ORIENTED_EDGE('',*,*,#21,.T.);
#69 = ORIENTED_EDGE('',*,*,#70,.T.);
#70 = EDGE_CURVE('',#24,#71,#73,.T.);
#71 = VERTEX_POINT('',#72);
#72 = CARTESIAN_POINT('',(1.625,-0.2,1.2));
#73 = LINE('',#74,#75);
#74 = CARTESIAN_POINT('',(-1.625,-0.2,1.2));
#75 = VECTOR('',#76,1.);
#76 = DIRECTION('',(1.,0.,0.));
#77 = ORIENTED_EDGE('',*,*,#78,.F.);
#78 = EDGE_CURVE('',#79,#71,#81,.T.);
#79 = VERTEX_POINT('',#80);
#80 = CARTESIAN_POINT('',(1.625,1.,1.2));
#81 = LINE('',#82,#83);
#82 = CARTESIAN_POINT('',(1.625,1.,1.2));
#83 = VECTOR('',#84,1.);
#84 = DIRECTION('',(0.,-1.,2.22044604925E-16));
#85 = ORIENTED_EDGE('',*,*,#86,.F.);
#86 = EDGE_CURVE('',#87,#79,#89,.T.);
#87 = VERTEX_POINT('',#88);
#88 = CARTESIAN_POINT('',(1.4,1.,1.2));
#89 = LINE('',#90,#91);
#90 = CARTESIAN_POINT('',(-1.625,1.,1.2));
#91 = VECTOR('',#92,1.);
#92 = DIRECTION('',(1.,0.,0.));
#93 = ORIENTED_EDGE('',*,*,#94,.T.);
#94 = EDGE_CURVE('',#87,#95,#97,.T.);
#95 = VERTEX_POINT('',#96);
#96 = CARTESIAN_POINT('',(1.4,-0.1,1.2));
#97 = LINE('',#98,#99);
#98 = CARTESIAN_POINT('',(1.4,0.45,1.2));
#99 = VECTOR('',#100,1.);
#100 = DIRECTION('',(0.,-1.,2.22044604925E-16));
#101 = ORIENTED_EDGE('',*,*,#102,.F.);
#102 = EDGE_CURVE('',#103,#95,#105,.T.);
#103 = VERTEX_POINT('',#104);
#104 = CARTESIAN_POINT('',(1.15,-0.1,1.2));
#105 = LINE('',#106,#107);
#106 = CARTESIAN_POINT('',(-0.2375,-0.1,1.2));
#107 = VECTOR('',#108,1.);
#108 = DIRECTION('',(1.,0.,0.));
#109 = ORIENTED_EDGE('',*,*,#110,.F.);
#110 = EDGE_CURVE('',#111,#103,#113,.T.);
#111 = VERTEX_POINT('',#112);
#112 = CARTESIAN_POINT('',(1.15,1.,1.2));
#113 = LINE('',#114,#115);
#114 = CARTESIAN_POINT('',(1.15,0.45,1.2));
#115 = VECTOR('',#116,1.);
#116 = DIRECTION('',(0.,-1.,2.22044604925E-16));
#117 = ORIENTED_EDGE('',*,*,#118,.F.);
#118 = EDGE_CURVE('',#119,#111,#121,.T.);
#119 = VERTEX_POINT('',#120);
#120 = CARTESIAN_POINT('',(0.75,1.,1.2));
#121 = LINE('',#122,#123);
#122 = CARTESIAN_POINT('',(-1.625,1.,1.2));
#123 = VECTOR('',#124,1.);
#124 = DIRECTION('',(1.,0.,0.));
#125 = ORIENTED_EDGE('',*,*,#126,.T.);
#126 = EDGE_CURVE('',#119,#127,#129,.T.);
#127 = VERTEX_POINT('',#128);
#128 = CARTESIAN_POINT('',(0.75,-0.1,1.2));
#129 = LINE('',#130,#131);
#130 = CARTESIAN_POINT('',(0.75,0.45,1.2));
#131 = VECTOR('',#132,1.);
#132 = DIRECTION('',(0.,-1.,2.22044604925E-16));
#133 = ORIENTED_EDGE('',*,*,#134,.F.);
#134 = EDGE_CURVE('',#135,#127,#137,.T.);
#135 = VERTEX_POINT('',#136);
#136 = CARTESIAN_POINT('',(0.5,-0.1,1.2));
#137 = LINE('',#138,#139);
#138 = CARTESIAN_POINT('',(-0.5625,-0.1,1.2));
#139 = VECTOR('',#140,1.);
#140 = DIRECTION('',(1.,0.,0.));
#141 = ORIENTED_EDGE('',*,*,#142,.F.);
#142 = EDGE_CURVE('',#143,#135,#145,.T.);
#143 = VERTEX_POINT('',#144);
#144 = CARTESIAN_POINT('',(0.5,1.,1.2));
#145 = LINE('',#146,#147);
#146 = CARTESIAN_POINT('',(0.5,0.45,1.2));
#147 = VECTOR('',#148,1.);
#148 = DIRECTION('',(0.,-1.,2.22044604925E-16));
#149 = ORIENTED_EDGE('',*,*,#150,.F.);
#150 = EDGE_CURVE('',#151,#143,#153,.T.);
#151 = VERTEX_POINT('',#152);
#152 = CARTESIAN_POINT('',(0.1,1.,1.2));
#153 = LINE('',#154,#155);
#154 = CARTESIAN_POINT('',(-1.625,1.,1.2));
#155 = VECTOR('',#156,1.);
#156 = DIRECTION('',(1.,0.,0.));
#157 = ORIENTED_EDGE('',*,*,#158,.T.);
#158 = EDGE_CURVE('',#151,#159,#161,.T.);
#159 = VERTEX_POINT('',#160);
#160 = CARTESIAN_POINT('',(0.1,-0.1,1.2));
#161 = LINE('',#162,#163);
#162 = CARTESIAN_POINT('',(0.1,0.45,1.2));
#163 = VECTOR('',#164,1.);
#164 = DIRECTION('',(0.,-1.,2.22044604925E-16));
#165 = ORIENTED_EDGE('',*,*,#166,.F.);
#166 = EDGE_CURVE('',#167,#159,#169,.T.);
#167 = VERTEX_POINT('',#168);
#168 = CARTESIAN_POINT('',(-0.15,-0.1,1.2));
#169 = LINE('',#170,#171);
#170 = CARTESIAN_POINT('',(-0.8875,-0.1,1.2));
#171 = VECTOR('',#172,1.);
#172 = DIRECTION('',(1.,0.,0.));
#173 = ORIENTED_EDGE('',*,*,#174,.F.);
#174 = EDGE_CURVE('',#175,#167,#177,.T.);
#175 = VERTEX_POINT('',#176);
#176 = CARTESIAN_POINT('',(-0.15,1.,1.2));
#177 = LINE('',#178,#179);
#178 = CARTESIAN_POINT('',(-0.15,0.45,1.2));
#179 = VECTOR('',#180,1.);
#180 = DIRECTION('',(0.,-1.,2.22044604925E-16));
#181 = ORIENTED_EDGE('',*,*,#182,.F.);
#182 = EDGE_CURVE('',#183,#175,#185,.T.);
#183 = VERTEX_POINT('',#184);
#184 = CARTESIAN_POINT('',(-0.55,1.,1.2));
#185 = LINE('',#186,#187);
#186 = CARTESIAN_POINT('',(-1.625,1.,1.2));
#187 = VECTOR('',#188,1.);
#188 = DIRECTION('',(1.,0.,0.));
#189 = ORIENTED_EDGE('',*,*,#190,.T.);
#190 = EDGE_CURVE('',#183,#191,#193,.T.);
#191 = VERTEX_POINT('',#192);
#192 = CARTESIAN_POINT('',(-0.55,-0.1,1.2));
#193 = LINE('',#194,#195);
#194 = CARTESIAN_POINT('',(-0.55,0.45,1.2));
#195 = VECTOR('',#196,1.);
#196 = DIRECTION('',(0.,-1.,2.22044604925E-16));
#197 = ORIENTED_EDGE('',*,*,#198,.F.);
#198 = EDGE_CURVE('',#199,#191,#201,.T.);
#199 = VERTEX_POINT('',#200);
#200 = CARTESIAN_POINT('',(-0.8,-0.1,1.2));
#201 = LINE('',#202,#203);
#202 = CARTESIAN_POINT('',(-1.2125,-0.1,1.2));
#203 = VECTOR('',#204,1.);
#204 = DIRECTION('',(1.,0.,0.));
#205 = ORIENTED_EDGE('',*,*,#206,.F.);
#206 = EDGE_CURVE('',#207,#199,#209,.T.);
#207 = VERTEX_POINT('',#208);
#208 = CARTESIAN_POINT('',(-0.8,1.,1.2));
#209 = LINE('',#210,#211);
#210 = CARTESIAN_POINT('',(-0.8,0.45,1.2));
#211 = VECTOR('',#212,1.);
#212 = DIRECTION('',(0.,-1.,2.22044604925E-16));
#213 = ORIENTED_EDGE('',*,*,#214,.F.);
#214 = EDGE_CURVE('',#215,#207,#217,.T.);
#215 = VERTEX_POINT('',#216);
#216 = CARTESIAN_POINT('',(-1.2,1.,1.2));
#217 = LINE('',#218,#219);
#218 = CARTESIAN_POINT('',(-1.625,1.,1.2));
#219 = VECTOR('',#220,1.);
#220 = DIRECTION('',(1.,0.,0.));
#221 = ORIENTED_EDGE('',*,*,#222,.T.);
#222 = EDGE_CURVE('',#215,#223,#225,.T.);
#223 = VERTEX_POINT('',#224);
#224 = CARTESIAN_POINT('',(-1.2,-0.1,1.2));
#225 = LINE('',#226,#227);
#226 = CARTESIAN_POINT('',(-1.2,0.45,1.2));
#227 = VECTOR('',#228,1.);
#228 = DIRECTION('',(0.,-1.,2.22044604925E-16));
#229 = ORIENTED_EDGE('',*,*,#230,.F.);
#230 = EDGE_CURVE('',#231,#223,#233,.T.);
#231 = VERTEX_POINT('',#232);
#232 = CARTESIAN_POINT('',(-1.45,-0.1,1.2));
#233 = LINE('',#234,#235);
#234 = CARTESIAN_POINT('',(-1.5375,-0.1,1.2));
#235 = VECTOR('',#236,1.);
#236 = DIRECTION('',(1.,0.,0.));
#237 = ORIENTED_EDGE('',*,*,#238,.F.);
#238 = EDGE_CURVE('',#62,#231,#239,.T.);
#239 = LINE('',#240,#241);
#240 = CARTESIAN_POINT('',(-1.45,0.45,1.2));
#241 = VECTOR('',#242,1.);
#242 = DIRECTION('',(0.,-1.,2.22044604925E-16));
#243 = PLANE('',#244);
#244 = AXIS2_PLACEMENT_3D('',#245,#246,#247);
#245 = CARTESIAN_POINT('',(-1.625,1.,1.2));
#246 = DIRECTION('',(0.,2.22044604925E-16,1.));
#247 = DIRECTION('',(0.,-1.,2.22044604925E-16));
#248 = ADVANCED_FACE('',(#249),#267,.T.);
#249 = FACE_BOUND('',#250,.T.);
#250 = EDGE_LOOP('',(#251,#252,#253,#261));
#251 = ORIENTED_EDGE('',*,*,#47,.F.);
#252 = ORIENTED_EDGE('',*,*,#70,.T.);
#253 = ORIENTED_EDGE('',*,*,#254,.T.);
#254 = EDGE_CURVE('',#71,#255,#257,.T.);
#255 = VERTEX_POINT('',#256);
#256 = CARTESIAN_POINT('',(1.625,-0.2,1.4));
#257 = LINE('',#258,#259);
#258 = CARTESIAN_POINT('',(1.625,-0.2,1.2));
#259 = VECTOR('',#260,1.);
#260 = DIRECTION('',(0.,2.22044604925E-16,1.));
#261 = ORIENTED_EDGE('',*,*,#262,.F.);
#262 = EDGE_CURVE('',#40,#255,#263,.T.);
#263 = LINE('',#264,#265);
#264 = CARTESIAN_POINT('',(-1.625,-0.2,1.4));
#265 = VECTOR('',#266,1.);
#266 = DIRECTION('',(1.,0.,0.));
#267 = PLANE('',#268);
#268 = AXIS2_PLACEMENT_3D('',#269,#270,#271);
#269 = CARTESIAN_POINT('',(-1.625,-0.2,1.2));
#270 = DIRECTION('',(0.,-1.,2.22044604925E-16));
#271 = DIRECTION('',(1.,0.,0.));
#272 = ADVANCED_FACE('',(#273),#291,.T.);
#273 = FACE_BOUND('',#274,.T.);
#274 = EDGE_LOOP('',(#275,#283,#284,#285));
#275 = ORIENTED_EDGE('',*,*,#276,.F.);
#276 = EDGE_CURVE('',#32,#277,#279,.T.);
#277 = VERTEX_POINT('',#278);
#278 = CARTESIAN_POINT('',(1.625,1.,1.4));
#279 = LINE('',#280,#281);
#280 = CARTESIAN_POINT('',(-1.625,1.,1.4));
#281 = VECTOR('',#282,1.);
#282 = DIRECTION('',(1.,0.,0.));
#283 = ORIENTED_EDGE('',*,*,#39,.T.);
#284 = ORIENTED_EDGE('',*,*,#262,.T.);
#285 = ORIENTED_EDGE('',*,*,#286,.F.);
#286 = EDGE_CURVE('',#277,#255,#287,.T.);
#287 = LINE('',#288,#289);
#288 = CARTESIAN_POINT('',(1.625,1.,1.4));
#289 = VECTOR('',#290,1.);
#290 = DIRECTION('',(0.,-1.,2.22044604925E-16));
#291 = PLANE('',#292);
#292 = AXIS2_PLACEMENT_3D('',#293,#294,#295);
#293 = CARTESIAN_POINT('',(-1.625,1.,1.4));
#294 = DIRECTION('',(0.,2.22044604925E-16,1.));
#295 = DIRECTION('',(0.,-1.,2.22044604925E-16));
#296 = ADVANCED_FACE('',(#297,#395),#521,.F.);
#297 = FACE_BOUND('',#298,.F.);
#298 = EDGE_LOOP('',(#299,#309,#317,#325,#333,#341,#349,#357,#365,#373,
    #381,#389));
#299 = ORIENTED_EDGE('',*,*,#300,.F.);
#300 = EDGE_CURVE('',#301,#303,#305,.T.);
#301 = VERTEX_POINT('',#302);
#302 = CARTESIAN_POINT('',(-1.91,1.,0.2));
#303 = VERTEX_POINT('',#304);
#304 = CARTESIAN_POINT('',(1.91,1.,0.2));
#305 = LINE('',#306,#307);
#306 = CARTESIAN_POINT('',(-3.5,1.,0.2));
#307 = VECTOR('',#308,1.);
#308 = DIRECTION('',(1.,0.,0.));
#309 = ORIENTED_EDGE('',*,*,#310,.T.);
#310 = EDGE_CURVE('',#301,#311,#313,.T.);
#311 = VERTEX_POINT('',#312);
#312 = CARTESIAN_POINT('',(-1.91,1.,0.25));
#313 = LINE('',#314,#315);
#314 = CARTESIAN_POINT('',(-1.91,1.,0.1));
#315 = VECTOR('',#316,1.);
#316 = DIRECTION('',(0.,0.,1.));
#317 = ORIENTED_EDGE('',*,*,#318,.T.);
#318 = EDGE_CURVE('',#311,#319,#321,.T.);
#319 = VERTEX_POINT('',#320);
#320 = CARTESIAN_POINT('',(-2.538692828673,1.,0.25));
#321 = LINE('',#322,#323);
#322 = CARTESIAN_POINT('',(-1.757095462329,1.,0.25));
#323 = VECTOR('',#324,1.);
#324 = DIRECTION('',(-1.,0.,0.));
#325 = ORIENTED_EDGE('',*,*,#326,.T.);
#326 = EDGE_CURVE('',#319,#327,#329,.T.);
#327 = VERTEX_POINT('',#328);
#328 = CARTESIAN_POINT('',(-3.5,1.,1.317639775071));
#329 = LINE('',#330,#331);
#330 = CARTESIAN_POINT('',(-2.704227589955,1.,0.433844977519));
#331 = VECTOR('',#332,1.);
#332 = DIRECTION('',(-0.669130606359,0.,0.743144825477));
#333 = ORIENTED_EDGE('',*,*,#334,.T.);
#334 = EDGE_CURVE('',#327,#335,#337,.T.);
#335 = VERTEX_POINT('',#336);
#336 = CARTESIAN_POINT('',(-3.5,1.,2.32831365356));
#337 = LINE('',#338,#339);
#338 = CARTESIAN_POINT('',(-3.5,1.,0.2));
#339 = VECTOR('',#340,1.);
#340 = DIRECTION('',(0.,0.,1.));
#341 = ORIENTED_EDGE('',*,*,#342,.T.);
#342 = EDGE_CURVE('',#335,#343,#345,.T.);
#343 = VERTEX_POINT('',#344);
#344 = CARTESIAN_POINT('',(-3.236501125991,1.,2.75));
#345 = LINE('',#346,#347);
#346 = CARTESIAN_POINT('',(-3.9972228981,1.,1.532590681101));
#347 = VECTOR('',#348,1.);
#348 = DIRECTION('',(0.529919264233,0.,0.848048096156));
#349 = ORIENTED_EDGE('',*,*,#350,.T.);
#350 = EDGE_CURVE('',#343,#351,#353,.T.);
#351 = VERTEX_POINT('',#352);
#352 = CARTESIAN_POINT('',(3.240062711084,1.,2.75));
#353 = LINE('',#354,#355);
#354 = CARTESIAN_POINT('',(-3.5,1.,2.75));
#355 = VECTOR('',#356,1.);
#356 = DIRECTION('',(1.,0.,0.));
#357 = ORIENTED_EDGE('',*,*,#358,.F.);
#358 = EDGE_CURVE('',#359,#351,#361,.T.);
#359 = VERTEX_POINT('',#360);
#360 = CARTESIAN_POINT('',(3.5,1.,2.334013381162));
#361 = LINE('',#362,#363);
#362 = CARTESIAN_POINT('',(3.016659137309,1.,3.107520453023));
#363 = VECTOR('',#364,1.);
#364 = DIRECTION('',(-0.529919264233,0.,0.848048096156));
#365 = ORIENTED_EDGE('',*,*,#366,.F.);
#366 = EDGE_CURVE('',#367,#359,#369,.T.);
#367 = VERTEX_POINT('',#368);
#368 = CARTESIAN_POINT('',(3.5,1.,1.316143140571));
#369 = LINE('',#370,#371);
#370 = CARTESIAN_POINT('',(3.5,1.,0.2));
#371 = VECTOR('',#372,1.);
#372 = DIRECTION('',(0.,0.,1.));
#373 = ORIENTED_EDGE('',*,*,#374,.F.);
#374 = EDGE_CURVE('',#375,#367,#377,.T.);
#375 = VERTEX_POINT('',#376);
#376 = CARTESIAN_POINT('',(2.54004040443,1.,0.25));
#377 = LINE('',#378,#379);
#378 = CARTESIAN_POINT('',(1.130417612803,1.,-1.315544713569));
#379 = VECTOR('',#380,1.);
#380 = DIRECTION('',(0.669130606359,0.,0.743144825477));
#381 = ORIENTED_EDGE('',*,*,#382,.T.);
#382 = EDGE_CURVE('',#375,#383,#385,.T.);
#383 = VERTEX_POINT('',#384);
#384 = CARTESIAN_POINT('',(1.91,1.,0.25));
#385 = LINE('',#386,#387);
#386 = CARTESIAN_POINT('',(-1.757095462329,1.,0.25));
#387 = VECTOR('',#388,1.);
#388 = DIRECTION('',(-1.,0.,0.));
#389 = ORIENTED_EDGE('',*,*,#390,.F.);
#390 = EDGE_CURVE('',#303,#383,#391,.T.);
#391 = LINE('',#392,#393);
#392 = CARTESIAN_POINT('',(1.91,1.,0.1));
#393 = VECTOR('',#394,1.);
#394 = DIRECTION('',(0.,0.,1.));
#395 = FACE_BOUND('',#396,.F.);
#396 = EDGE_LOOP('',(#397,#405,#413,#419,#420,#426,#427,#428,#429,#437,
    #445,#451,#452,#460,#468,#474,#475,#483,#491,#497,#498,#506,#514,
    #520));
#397 = ORIENTED_EDGE('',*,*,#398,.F.);
#398 = EDGE_CURVE('',#399,#111,#401,.T.);
#399 = VERTEX_POINT('',#400);
#400 = CARTESIAN_POINT('',(1.15,1.,1.18));
#401 = LINE('',#402,#403);
#402 = CARTESIAN_POINT('',(1.15,1.,1.18));
#403 = VECTOR('',#404,1.);
#404 = DIRECTION('',(0.,0.,1.));
#405 = ORIENTED_EDGE('',*,*,#406,.T.);
#406 = EDGE_CURVE('',#399,#407,#409,.T.);
#407 = VERTEX_POINT('',#408);
#408 = CARTESIAN_POINT('',(1.4,1.,1.18));
#409 = LINE('',#410,#411);
#410 = CARTESIAN_POINT('',(1.15,1.,1.18));
#411 = VECTOR('',#412,1.);
#412 = DIRECTION('',(1.,0.,0.));
#413 = ORIENTED_EDGE('',*,*,#414,.T.);
#414 = EDGE_CURVE('',#407,#87,#415,.T.);
#415 = LINE('',#416,#417);
#416 = CARTESIAN_POINT('',(1.4,1.,1.18));
#417 = VECTOR('',#418,1.);
#418 = DIRECTION('',(0.,0.,1.));
#419 = ORIENTED_EDGE('',*,*,#86,.T.);
#420 = ORIENTED_EDGE('',*,*,#421,.T.);
#421 = EDGE_CURVE('',#79,#277,#422,.T.);
#422 = LINE('',#423,#424);
#423 = CARTESIAN_POINT('',(1.625,1.,1.2));
#424 = VECTOR('',#425,1.);
#425 = DIRECTION('',(0.,2.22044604925E-16,1.));
#426 = ORIENTED_EDGE('',*,*,#276,.F.);
#427 = ORIENTED_EDGE('',*,*,#31,.F.);
#428 = ORIENTED_EDGE('',*,*,#61,.T.);
#429 = ORIENTED_EDGE('',*,*,#430,.F.);
#430 = EDGE_CURVE('',#431,#62,#433,.T.);
#431 = VERTEX_POINT('',#432);
#432 = CARTESIAN_POINT('',(-1.45,1.,1.18));
#433 = LINE('',#434,#435);
#434 = CARTESIAN_POINT('',(-1.45,1.,1.18));
#435 = VECTOR('',#436,1.);
#436 = DIRECTION('',(0.,0.,1.));
#437 = ORIENTED_EDGE('',*,*,#438,.T.);
#438 = EDGE_CURVE('',#431,#439,#441,.T.);
#439 = VERTEX_POINT('',#440);
#440 = CARTESIAN_POINT('',(-1.2,1.,1.18));
#441 = LINE('',#442,#443);
#442 = CARTESIAN_POINT('',(-1.45,1.,1.18));
#443 = VECTOR('',#444,1.);
#444 = DIRECTION('',(1.,0.,0.));
#445 = ORIENTED_EDGE('',*,*,#446,.T.);
#446 = EDGE_CURVE('',#439,#215,#447,.T.);
#447 = LINE('',#448,#449);
#448 = CARTESIAN_POINT('',(-1.2,1.,1.18));
#449 = VECTOR('',#450,1.);
#450 = DIRECTION('',(0.,0.,1.));
#451 = ORIENTED_EDGE('',*,*,#214,.T.);
#452 = ORIENTED_EDGE('',*,*,#453,.F.);
#453 = EDGE_CURVE('',#454,#207,#456,.T.);
#454 = VERTEX_POINT('',#455);
#455 = CARTESIAN_POINT('',(-0.8,1.,1.18));
#456 = LINE('',#457,#458);
#457 = CARTESIAN_POINT('',(-0.8,1.,1.18));
#458 = VECTOR('',#459,1.);
#459 = DIRECTION('',(0.,0.,1.));
#460 = ORIENTED_EDGE('',*,*,#461,.T.);
#461 = EDGE_CURVE('',#454,#462,#464,.T.);
#462 = VERTEX_POINT('',#463);
#463 = CARTESIAN_POINT('',(-0.55,1.,1.18));
#464 = LINE('',#465,#466);
#465 = CARTESIAN_POINT('',(-0.8,1.,1.18));
#466 = VECTOR('',#467,1.);
#467 = DIRECTION('',(1.,0.,0.));
#468 = ORIENTED_EDGE('',*,*,#469,.T.);
#469 = EDGE_CURVE('',#462,#183,#470,.T.);
#470 = LINE('',#471,#472);
#471 = CARTESIAN_POINT('',(-0.55,1.,1.18));
#472 = VECTOR('',#473,1.);
#473 = DIRECTION('',(0.,0.,1.));
#474 = ORIENTED_EDGE('',*,*,#182,.T.);
#475 = ORIENTED_EDGE('',*,*,#476,.F.);
#476 = EDGE_CURVE('',#477,#175,#479,.T.);
#477 = VERTEX_POINT('',#478);
#478 = CARTESIAN_POINT('',(-0.15,1.,1.18));
#479 = LINE('',#480,#481);
#480 = CARTESIAN_POINT('',(-0.15,1.,1.18));
#481 = VECTOR('',#482,1.);
#482 = DIRECTION('',(0.,0.,1.));
#483 = ORIENTED_EDGE('',*,*,#484,.T.);
#484 = EDGE_CURVE('',#477,#485,#487,.T.);
#485 = VERTEX_POINT('',#486);
#486 = CARTESIAN_POINT('',(0.1,1.,1.18));
#487 = LINE('',#488,#489);
#488 = CARTESIAN_POINT('',(-0.15,1.,1.18));
#489 = VECTOR('',#490,1.);
#490 = DIRECTION('',(1.,0.,0.));
#491 = ORIENTED_EDGE('',*,*,#492,.T.);
#492 = EDGE_CURVE('',#485,#151,#493,.T.);
#493 = LINE('',#494,#495);
#494 = CARTESIAN_POINT('',(0.1,1.,1.18));
#495 = VECTOR('',#496,1.);
#496 = DIRECTION('',(0.,0.,1.));
#497 = ORIENTED_EDGE('',*,*,#150,.T.);
#498 = ORIENTED_EDGE('',*,*,#499,.F.);
#499 = EDGE_CURVE('',#500,#143,#502,.T.);
#500 = VERTEX_POINT('',#501);
#501 = CARTESIAN_POINT('',(0.5,1.,1.18));
#502 = LINE('',#503,#504);
#503 = CARTESIAN_POINT('',(0.5,1.,1.18));
#504 = VECTOR('',#505,1.);
#505 = DIRECTION('',(0.,0.,1.));
#506 = ORIENTED_EDGE('',*,*,#507,.T.);
#507 = EDGE_CURVE('',#500,#508,#510,.T.);
#508 = VERTEX_POINT('',#509);
#509 = CARTESIAN_POINT('',(0.75,1.,1.18));
#510 = LINE('',#511,#512);
#511 = CARTESIAN_POINT('',(0.5,1.,1.18));
#512 = VECTOR('',#513,1.);
#513 = DIRECTION('',(1.,0.,0.));
#514 = ORIENTED_EDGE('',*,*,#515,.T.);
#515 = EDGE_CURVE('',#508,#119,#516,.T.);
#516 = LINE('',#517,#518);
#517 = CARTESIAN_POINT('',(0.75,1.,1.18));
#518 = VECTOR('',#519,1.);
#519 = DIRECTION('',(0.,0.,1.));
#520 = ORIENTED_EDGE('',*,*,#118,.T.);
#521 = PLANE('',#522);
#522 = AXIS2_PLACEMENT_3D('',#523,#524,#525);
#523 = CARTESIAN_POINT('',(-3.5,1.,0.2));
#524 = DIRECTION('',(0.,1.,0.));
#525 = DIRECTION('',(0.,0.,1.));
#526 = ADVANCED_FACE('',(#527),#545,.F.);
#527 = FACE_BOUND('',#528,.F.);
#528 = EDGE_LOOP('',(#529,#537,#543,#544));
#529 = ORIENTED_EDGE('',*,*,#530,.F.);
#530 = EDGE_CURVE('',#531,#231,#533,.T.);
#531 = VERTEX_POINT('',#532);
#532 = CARTESIAN_POINT('',(-1.45,-0.1,1.18));
#533 = LINE('',#534,#535);
#534 = CARTESIAN_POINT('',(-1.45,-0.1,1.18));
#535 = VECTOR('',#536,1.);
#536 = DIRECTION('',(0.,0.,1.));
#537 = ORIENTED_EDGE('',*,*,#538,.T.);
#538 = EDGE_CURVE('',#531,#431,#539,.T.);
#539 = LINE('',#540,#541);
#540 = CARTESIAN_POINT('',(-1.45,-0.1,1.18));
#541 = VECTOR('',#542,1.);
#542 = DIRECTION('',(0.,1.,0.));
#543 = ORIENTED_EDGE('',*,*,#430,.T.);
#544 = ORIENTED_EDGE('',*,*,#238,.T.);
#545 = PLANE('',#546);
#546 = AXIS2_PLACEMENT_3D('',#547,#548,#549);
#547 = CARTESIAN_POINT('',(-1.45,-0.1,1.18));
#548 = DIRECTION('',(1.,0.,0.));
#549 = DIRECTION('',(0.,0.,1.));
#550 = ADVANCED_FACE('',(#551),#569,.F.);
#551 = FACE_BOUND('',#552,.F.);
#552 = EDGE_LOOP('',(#553,#561,#567,#568));
#553 = ORIENTED_EDGE('',*,*,#554,.F.);
#554 = EDGE_CURVE('',#555,#223,#557,.T.);
#555 = VERTEX_POINT('',#556);
#556 = CARTESIAN_POINT('',(-1.2,-0.1,1.18));
#557 = LINE('',#558,#559);
#558 = CARTESIAN_POINT('',(-1.2,-0.1,1.18));
#559 = VECTOR('',#560,1.);
#560 = DIRECTION('',(0.,0.,1.));
#561 = ORIENTED_EDGE('',*,*,#562,.F.);
#562 = EDGE_CURVE('',#531,#555,#563,.T.);
#563 = LINE('',#564,#565);
#564 = CARTESIAN_POINT('',(-1.45,-0.1,1.18));
#565 = VECTOR('',#566,1.);
#566 = DIRECTION('',(1.,0.,0.));
#567 = ORIENTED_EDGE('',*,*,#530,.T.);
#568 = ORIENTED_EDGE('',*,*,#230,.T.);
#569 = PLANE('',#570);
#570 = AXIS2_PLACEMENT_3D('',#571,#572,#573);
#571 = CARTESIAN_POINT('',(-1.45,-0.1,1.18));
#572 = DIRECTION('',(0.,1.,0.));
#573 = DIRECTION('',(0.,0.,1.));
#574 = ADVANCED_FACE('',(#575),#586,.T.);
#575 = FACE_BOUND('',#576,.T.);
#576 = EDGE_LOOP('',(#577,#578,#584,#585));
#577 = ORIENTED_EDGE('',*,*,#554,.F.);
#578 = ORIENTED_EDGE('',*,*,#579,.T.);
#579 = EDGE_CURVE('',#555,#439,#580,.T.);
#580 = LINE('',#581,#582);
#581 = CARTESIAN_POINT('',(-1.2,-0.1,1.18));
#582 = VECTOR('',#583,1.);
#583 = DIRECTION('',(0.,1.,0.));
#584 = ORIENTED_EDGE('',*,*,#446,.T.);
#585 = ORIENTED_EDGE('',*,*,#222,.T.);
#586 = PLANE('',#587);
#587 = AXIS2_PLACEMENT_3D('',#588,#589,#590);
#588 = CARTESIAN_POINT('',(-1.2,-0.1,1.18));
#589 = DIRECTION('',(1.,0.,0.));
#590 = DIRECTION('',(0.,0.,1.));
#591 = ADVANCED_FACE('',(#592),#610,.F.);
#592 = FACE_BOUND('',#593,.F.);
#593 = EDGE_LOOP('',(#594,#602,#608,#609));
#594 = ORIENTED_EDGE('',*,*,#595,.F.);
#595 = EDGE_CURVE('',#596,#199,#598,.T.);
#596 = VERTEX_POINT('',#597);
#597 = CARTESIAN_POINT('',(-0.8,-0.1,1.18));
#598 = LINE('',#599,#600);
#599 = CARTESIAN_POINT('',(-0.8,-0.1,1.18));
#600 = VECTOR('',#601,1.);
#601 = DIRECTION('',(0.,0.,1.));
#602 = ORIENTED_EDGE('',*,*,#603,.T.);
#603 = EDGE_CURVE('',#596,#454,#604,.T.);
#604 = LINE('',#605,#606);
#605 = CARTESIAN_POINT('',(-0.8,-0.1,1.18));
#606 = VECTOR('',#607,1.);
#607 = DIRECTION('',(0.,1.,0.));
#608 = ORIENTED_EDGE('',*,*,#453,.T.);
#609 = ORIENTED_EDGE('',*,*,#206,.T.);
#610 = PLANE('',#611);
#611 = AXIS2_PLACEMENT_3D('',#612,#613,#614);
#612 = CARTESIAN_POINT('',(-0.8,-0.1,1.18));
#613 = DIRECTION('',(1.,0.,0.));
#614 = DIRECTION('',(0.,0.,1.));
#615 = ADVANCED_FACE('',(#616),#634,.F.);
#616 = FACE_BOUND('',#617,.F.);
#617 = EDGE_LOOP('',(#618,#626,#632,#633));
#618 = ORIENTED_EDGE('',*,*,#619,.F.);
#619 = EDGE_CURVE('',#620,#191,#622,.T.);
#620 = VERTEX_POINT('',#621);
#621 = CARTESIAN_POINT('',(-0.55,-0.1,1.18));
#622 = LINE('',#623,#624);
#623 = CARTESIAN_POINT('',(-0.55,-0.1,1.18));
#624 = VECTOR('',#625,1.);
#625 = DIRECTION('',(0.,0.,1.));
#626 = ORIENTED_EDGE('',*,*,#627,.F.);
#627 = EDGE_CURVE('',#596,#620,#628,.T.);
#628 = LINE('',#629,#630);
#629 = CARTESIAN_POINT('',(-0.8,-0.1,1.18));
#630 = VECTOR('',#631,1.);
#631 = DIRECTION('',(1.,0.,0.));
#632 = ORIENTED_EDGE('',*,*,#595,.T.);
#633 = ORIENTED_EDGE('',*,*,#198,.T.);
#634 = PLANE('',#635);
#635 = AXIS2_PLACEMENT_3D('',#636,#637,#638);
#636 = CARTESIAN_POINT('',(-0.8,-0.1,1.18));
#637 = DIRECTION('',(0.,1.,0.));
#638 = DIRECTION('',(0.,0.,1.));
#639 = ADVANCED_FACE('',(#640),#651,.T.);
#640 = FACE_BOUND('',#641,.T.);
#641 = EDGE_LOOP('',(#642,#643,#649,#650));
#642 = ORIENTED_EDGE('',*,*,#619,.F.);
#643 = ORIENTED_EDGE('',*,*,#644,.T.);
#644 = EDGE_CURVE('',#620,#462,#645,.T.);
#645 = LINE('',#646,#647);
#646 = CARTESIAN_POINT('',(-0.55,-0.1,1.18));
#647 = VECTOR('',#648,1.);
#648 = DIRECTION('',(0.,1.,0.));
#649 = ORIENTED_EDGE('',*,*,#469,.T.);
#650 = ORIENTED_EDGE('',*,*,#190,.T.);
#651 = PLANE('',#652);
#652 = AXIS2_PLACEMENT_3D('',#653,#654,#655);
#653 = CARTESIAN_POINT('',(-0.55,-0.1,1.18));
#654 = DIRECTION('',(1.,0.,0.));
#655 = DIRECTION('',(0.,0.,1.));
#656 = ADVANCED_FACE('',(#657),#675,.F.);
#657 = FACE_BOUND('',#658,.F.);
#658 = EDGE_LOOP('',(#659,#667,#673,#674));
#659 = ORIENTED_EDGE('',*,*,#660,.F.);
#660 = EDGE_CURVE('',#661,#167,#663,.T.);
#661 = VERTEX_POINT('',#662);
#662 = CARTESIAN_POINT('',(-0.15,-0.1,1.18));
#663 = LINE('',#664,#665);
#664 = CARTESIAN_POINT('',(-0.15,-0.1,1.18));
#665 = VECTOR('',#666,1.);
#666 = DIRECTION('',(0.,0.,1.));
#667 = ORIENTED_EDGE('',*,*,#668,.T.);
#668 = EDGE_CURVE('',#661,#477,#669,.T.);
#669 = LINE('',#670,#671);
#670 = CARTESIAN_POINT('',(-0.15,-0.1,1.18));
#671 = VECTOR('',#672,1.);
#672 = DIRECTION('',(0.,1.,0.));
#673 = ORIENTED_EDGE('',*,*,#476,.T.);
#674 = ORIENTED_EDGE('',*,*,#174,.T.);
#675 = PLANE('',#676);
#676 = AXIS2_PLACEMENT_3D('',#677,#678,#679);
#677 = CARTESIAN_POINT('',(-0.15,-0.1,1.18));
#678 = DIRECTION('',(1.,0.,0.));
#679 = DIRECTION('',(0.,0.,1.));
#680 = ADVANCED_FACE('',(#681),#699,.F.);
#681 = FACE_BOUND('',#682,.F.);
#682 = EDGE_LOOP('',(#683,#691,#697,#698));
#683 = ORIENTED_EDGE('',*,*,#684,.F.);
#684 = EDGE_CURVE('',#685,#159,#687,.T.);
#685 = VERTEX_POINT('',#686);
#686 = CARTESIAN_POINT('',(0.1,-0.1,1.18));
#687 = LINE('',#688,#689);
#688 = CARTESIAN_POINT('',(0.1,-0.1,1.18));
#689 = VECTOR('',#690,1.);
#690 = DIRECTION('',(0.,0.,1.));
#691 = ORIENTED_EDGE('',*,*,#692,.F.);
#692 = EDGE_CURVE('',#661,#685,#693,.T.);
#693 = LINE('',#694,#695);
#694 = CARTESIAN_POINT('',(-0.15,-0.1,1.18));
#695 = VECTOR('',#696,1.);
#696 = DIRECTION('',(1.,0.,0.));
#697 = ORIENTED_EDGE('',*,*,#660,.T.);
#698 = ORIENTED_EDGE('',*,*,#166,.T.);
#699 = PLANE('',#700);
#700 = AXIS2_PLACEMENT_3D('',#701,#702,#703);
#701 = CARTESIAN_POINT('',(-0.15,-0.1,1.18));
#702 = DIRECTION('',(0.,1.,0.));
#703 = DIRECTION('',(0.,0.,1.));
#704 = ADVANCED_FACE('',(#705),#716,.T.);
#705 = FACE_BOUND('',#706,.T.);
#706 = EDGE_LOOP('',(#707,#708,#714,#715));
#707 = ORIENTED_EDGE('',*,*,#684,.F.);
#708 = ORIENTED_EDGE('',*,*,#709,.T.);
#709 = EDGE_CURVE('',#685,#485,#710,.T.);
#710 = LINE('',#711,#712);
#711 = CARTESIAN_POINT('',(0.1,-0.1,1.18));
#712 = VECTOR('',#713,1.);
#713 = DIRECTION('',(0.,1.,0.));
#714 = ORIENTED_EDGE('',*,*,#492,.T.);
#715 = ORIENTED_EDGE('',*,*,#158,.T.);
#716 = PLANE('',#717);
#717 = AXIS2_PLACEMENT_3D('',#718,#719,#720);
#718 = CARTESIAN_POINT('',(0.1,-0.1,1.18));
#719 = DIRECTION('',(1.,0.,0.));
#720 = DIRECTION('',(0.,0.,1.));
#721 = ADVANCED_FACE('',(#722),#740,.F.);
#722 = FACE_BOUND('',#723,.F.);
#723 = EDGE_LOOP('',(#724,#732,#738,#739));
#724 = ORIENTED_EDGE('',*,*,#725,.F.);
#725 = EDGE_CURVE('',#726,#135,#728,.T.);
#726 = VERTEX_POINT('',#727);
#727 = CARTESIAN_POINT('',(0.5,-0.1,1.18));
#728 = LINE('',#729,#730);
#729 = CARTESIAN_POINT('',(0.5,-0.1,1.18));
#730 = VECTOR('',#731,1.);
#731 = DIRECTION('',(0.,0.,1.));
#732 = ORIENTED_EDGE('',*,*,#733,.T.);
#733 = EDGE_CURVE('',#726,#500,#734,.T.);
#734 = LINE('',#735,#736);
#735 = CARTESIAN_POINT('',(0.5,-0.1,1.18));
#736 = VECTOR('',#737,1.);
#737 = DIRECTION('',(0.,1.,0.));
#738 = ORIENTED_EDGE('',*,*,#499,.T.);
#739 = ORIENTED_EDGE('',*,*,#142,.T.);
#740 = PLANE('',#741);
#741 = AXIS2_PLACEMENT_3D('',#742,#743,#744);
#742 = CARTESIAN_POINT('',(0.5,-0.1,1.18));
#743 = DIRECTION('',(1.,0.,0.));
#744 = DIRECTION('',(0.,0.,1.));
#745 = ADVANCED_FACE('',(#746),#764,.F.);
#746 = FACE_BOUND('',#747,.F.);
#747 = EDGE_LOOP('',(#748,#756,#762,#763));
#748 = ORIENTED_EDGE('',*,*,#749,.F.);
#749 = EDGE_CURVE('',#750,#127,#752,.T.);
#750 = VERTEX_POINT('',#751);
#751 = CARTESIAN_POINT('',(0.75,-0.1,1.18));
#752 = LINE('',#753,#754);
#753 = CARTESIAN_POINT('',(0.75,-0.1,1.18));
#754 = VECTOR('',#755,1.);
#755 = DIRECTION('',(0.,0.,1.));
#756 = ORIENTED_EDGE('',*,*,#757,.F.);
#757 = EDGE_CURVE('',#726,#750,#758,.T.);
#758 = LINE('',#759,#760);
#759 = CARTESIAN_POINT('',(0.5,-0.1,1.18));
#760 = VECTOR('',#761,1.);
#761 = DIRECTION('',(1.,0.,0.));
#762 = ORIENTED_EDGE('',*,*,#725,.T.);
#763 = ORIENTED_EDGE('',*,*,#134,.T.);
#764 = PLANE('',#765);
#765 = AXIS2_PLACEMENT_3D('',#766,#767,#768);
#766 = CARTESIAN_POINT('',(0.5,-0.1,1.18));
#767 = DIRECTION('',(0.,1.,0.));
#768 = DIRECTION('',(0.,0.,1.));
#769 = ADVANCED_FACE('',(#770),#781,.T.);
#770 = FACE_BOUND('',#771,.T.);
#771 = EDGE_LOOP('',(#772,#773,#779,#780));
#772 = ORIENTED_EDGE('',*,*,#749,.F.);
#773 = ORIENTED_EDGE('',*,*,#774,.T.);
#774 = EDGE_CURVE('',#750,#508,#775,.T.);
#775 = LINE('',#776,#777);
#776 = CARTESIAN_POINT('',(0.75,-0.1,1.18));
#777 = VECTOR('',#778,1.);
#778 = DIRECTION('',(0.,1.,0.));
#779 = ORIENTED_EDGE('',*,*,#515,.T.);
#780 = ORIENTED_EDGE('',*,*,#126,.T.);
#781 = PLANE('',#782);
#782 = AXIS2_PLACEMENT_3D('',#783,#784,#785);
#783 = CARTESIAN_POINT('',(0.75,-0.1,1.18));
#784 = DIRECTION('',(1.,0.,0.));
#785 = DIRECTION('',(0.,0.,1.));
#786 = ADVANCED_FACE('',(#787),#805,.F.);
#787 = FACE_BOUND('',#788,.F.);
#788 = EDGE_LOOP('',(#789,#797,#803,#804));
#789 = ORIENTED_EDGE('',*,*,#790,.F.);
#790 = EDGE_CURVE('',#791,#103,#793,.T.);
#791 = VERTEX_POINT('',#792);
#792 = CARTESIAN_POINT('',(1.15,-0.1,1.18));
#793 = LINE('',#794,#795);
#794 = CARTESIAN_POINT('',(1.15,-0.1,1.18));
#795 = VECTOR('',#796,1.);
#796 = DIRECTION('',(0.,0.,1.));
#797 = ORIENTED_EDGE('',*,*,#798,.T.);
#798 = EDGE_CURVE('',#791,#399,#799,.T.);
#799 = LINE('',#800,#801);
#800 = CARTESIAN_POINT('',(1.15,-0.1,1.18));
#801 = VECTOR('',#802,1.);
#802 = DIRECTION('',(0.,1.,0.));
#803 = ORIENTED_EDGE('',*,*,#398,.T.);
#804 = ORIENTED_EDGE('',*,*,#110,.T.);
#805 = PLANE('',#806);
#806 = AXIS2_PLACEMENT_3D('',#807,#808,#809);
#807 = CARTESIAN_POINT('',(1.15,-0.1,1.18));
#808 = DIRECTION('',(1.,0.,0.));
#809 = DIRECTION('',(0.,0.,1.));
#810 = ADVANCED_FACE('',(#811),#829,.F.);
#811 = FACE_BOUND('',#812,.F.);
#812 = EDGE_LOOP('',(#813,#821,#827,#828));
#813 = ORIENTED_EDGE('',*,*,#814,.F.);
#814 = EDGE_CURVE('',#815,#95,#817,.T.);
#815 = VERTEX_POINT('',#816);
#816 = CARTESIAN_POINT('',(1.4,-0.1,1.18));
#817 = LINE('',#818,#819);
#818 = CARTESIAN_POINT('',(1.4,-0.1,1.18));
#819 = VECTOR('',#820,1.);
#820 = DIRECTION('',(0.,0.,1.));
#821 = ORIENTED_EDGE('',*,*,#822,.F.);
#822 = EDGE_CURVE('',#791,#815,#823,.T.);
#823 = LINE('',#824,#825);
#824 = CARTESIAN_POINT('',(1.15,-0.1,1.18));
#825 = VECTOR('',#826,1.);
#826 = DIRECTION('',(1.,0.,0.));
#827 = ORIENTED_EDGE('',*,*,#790,.T.);
#828 = ORIENTED_EDGE('',*,*,#102,.T.);
#829 = PLANE('',#830);
#830 = AXIS2_PLACEMENT_3D('',#831,#832,#833);
#831 = CARTESIAN_POINT('',(1.15,-0.1,1.18));
#832 = DIRECTION('',(0.,1.,0.));
#833 = DIRECTION('',(0.,0.,1.));
#834 = ADVANCED_FACE('',(#835),#846,.T.);
#835 = FACE_BOUND('',#836,.T.);
#836 = EDGE_LOOP('',(#837,#838,#844,#845));
#837 = ORIENTED_EDGE('',*,*,#814,.F.);
#838 = ORIENTED_EDGE('',*,*,#839,.T.);
#839 = EDGE_CURVE('',#815,#407,#840,.T.);
#840 = LINE('',#841,#842);
#841 = CARTESIAN_POINT('',(1.4,-0.1,1.18));
#842 = VECTOR('',#843,1.);
#843 = DIRECTION('',(0.,1.,0.));
#844 = ORIENTED_EDGE('',*,*,#414,.T.);
#845 = ORIENTED_EDGE('',*,*,#94,.T.);
#846 = PLANE('',#847);
#847 = AXIS2_PLACEMENT_3D('',#848,#849,#850);
#848 = CARTESIAN_POINT('',(1.4,-0.1,1.18));
#849 = DIRECTION('',(1.,0.,0.));
#850 = DIRECTION('',(0.,0.,1.));
#851 = ADVANCED_FACE('',(#852),#858,.T.);
#852 = FACE_BOUND('',#853,.T.);
#853 = EDGE_LOOP('',(#854,#855,#856,#857));
#854 = ORIENTED_EDGE('',*,*,#78,.F.);
#855 = ORIENTED_EDGE('',*,*,#421,.T.);
#856 = ORIENTED_EDGE('',*,*,#286,.T.);
#857 = ORIENTED_EDGE('',*,*,#254,.F.);
#858 = PLANE('',#859);
#859 = AXIS2_PLACEMENT_3D('',#860,#861,#862);
#860 = CARTESIAN_POINT('',(1.625,1.,1.2));
#861 = DIRECTION('',(1.,0.,0.));
#862 = DIRECTION('',(0.,-1.,2.22044604925E-16));
#863 = ADVANCED_FACE('',(#864,#889,#923,#957,#991,#1025),#1059,.F.);
#864 = FACE_BOUND('',#865,.F.);
#865 = EDGE_LOOP('',(#866,#876,#882,#883));
#866 = ORIENTED_EDGE('',*,*,#867,.F.);
#867 = EDGE_CURVE('',#868,#870,#872,.T.);
#868 = VERTEX_POINT('',#869);
#869 = CARTESIAN_POINT('',(-1.91,1.5,0.2));
#870 = VERTEX_POINT('',#871);
#871 = CARTESIAN_POINT('',(1.91,1.5,0.2));
#872 = LINE('',#873,#874);
#873 = CARTESIAN_POINT('',(-3.5,1.5,0.2));
#874 = VECTOR('',#875,1.);
#875 = DIRECTION('',(1.,0.,0.));
#876 = ORIENTED_EDGE('',*,*,#877,.T.);
#877 = EDGE_CURVE('',#868,#301,#878,.T.);
#878 = LINE('',#879,#880);
#879 = CARTESIAN_POINT('',(-1.91,-1.1,0.2));
#880 = VECTOR('',#881,1.);
#881 = DIRECTION('',(0.,-1.,0.));
#882 = ORIENTED_EDGE('',*,*,#300,.T.);
#883 = ORIENTED_EDGE('',*,*,#884,.F.);
#884 = EDGE_CURVE('',#870,#303,#885,.T.);
#885 = LINE('',#886,#887);
#886 = CARTESIAN_POINT('',(1.91,-1.1,0.2));
#887 = VECTOR('',#888,1.);
#888 = DIRECTION('',(0.,-1.,0.));
#889 = FACE_BOUND('',#890,.F.);
#890 = EDGE_LOOP('',(#891,#901,#909,#917));
#891 = ORIENTED_EDGE('',*,*,#892,.F.);
#892 = EDGE_CURVE('',#893,#895,#897,.T.);
#893 = VERTEX_POINT('',#894);
#894 = CARTESIAN_POINT('',(0.1,1.32,0.2));
#895 = VERTEX_POINT('',#896);
#896 = CARTESIAN_POINT('',(-0.15,1.32,0.2));
#897 = LINE('',#898,#899);
#898 = CARTESIAN_POINT('',(-1.825,1.32,0.2));
#899 = VECTOR('',#900,1.);
#900 = DIRECTION('',(-1.,0.,0.));
#901 = ORIENTED_EDGE('',*,*,#902,.F.);
#902 = EDGE_CURVE('',#903,#893,#905,.T.);
#903 = VERTEX_POINT('',#904);
#904 = CARTESIAN_POINT('',(0.1,1.2,0.2));
#905 = LINE('',#906,#907);
#906 = CARTESIAN_POINT('',(0.1,1.202,0.2));
#907 = VECTOR('',#908,1.);
#908 = DIRECTION('',(5.823580813689E-31,1.,0.));
#909 = ORIENTED_EDGE('',*,*,#910,.T.);
#910 = EDGE_CURVE('',#903,#911,#913,.T.);
#911 = VERTEX_POINT('',#912);
#912 = CARTESIAN_POINT('',(-0.15,1.2,0.2));
#913 = LINE('',#914,#915);
#914 = CARTESIAN_POINT('',(-1.825,1.2,0.2));
#915 = VECTOR('',#916,1.);
#916 = DIRECTION('',(-1.,0.,0.));
#917 = ORIENTED_EDGE('',*,*,#918,.F.);
#918 = EDGE_CURVE('',#895,#911,#919,.T.);
#919 = LINE('',#920,#921);
#920 = CARTESIAN_POINT('',(-0.15,1.202,0.2));
#921 = VECTOR('',#922,1.);
#922 = DIRECTION('',(2.631836605823E-31,-1.,0.));
#923 = FACE_BOUND('',#924,.F.);
#924 = EDGE_LOOP('',(#925,#935,#943,#951));
#925 = ORIENTED_EDGE('',*,*,#926,.F.);
#926 = EDGE_CURVE('',#927,#929,#931,.T.);
#927 = VERTEX_POINT('',#928);
#928 = CARTESIAN_POINT('',(-0.55,1.32,0.2));
#929 = VERTEX_POINT('',#930);
#930 = CARTESIAN_POINT('',(-0.8,1.32,0.2));
#931 = LINE('',#932,#933);
#932 = CARTESIAN_POINT('',(-2.15,1.32,0.2));
#933 = VECTOR('',#934,1.);
#934 = DIRECTION('',(-1.,0.,0.));
#935 = ORIENTED_EDGE('',*,*,#936,.F.);
#936 = EDGE_CURVE('',#937,#927,#939,.T.);
#937 = VERTEX_POINT('',#938);
#938 = CARTESIAN_POINT('',(-0.55,1.2,0.2));
#939 = LINE('',#940,#941);
#940 = CARTESIAN_POINT('',(-0.55,1.202,0.2));
#941 = VECTOR('',#942,1.);
#942 = DIRECTION('',(0.,1.,0.));
#943 = ORIENTED_EDGE('',*,*,#944,.T.);
#944 = EDGE_CURVE('',#937,#945,#947,.T.);
#945 = VERTEX_POINT('',#946);
#946 = CARTESIAN_POINT('',(-0.8,1.2,0.2));
#947 = LINE('',#948,#949);
#948 = CARTESIAN_POINT('',(-2.15,1.2,0.2));
#949 = VECTOR('',#950,1.);
#950 = DIRECTION('',(-1.,0.,0.));
#951 = ORIENTED_EDGE('',*,*,#952,.F.);
#952 = EDGE_CURVE('',#929,#945,#953,.T.);
#953 = LINE('',#954,#955);
#954 = CARTESIAN_POINT('',(-0.8,1.202,0.2));
#955 = VECTOR('',#956,1.);
#956 = DIRECTION('',(4.047987172978E-31,-1.,0.));
#957 = FACE_BOUND('',#958,.F.);
#958 = EDGE_LOOP('',(#959,#969,#977,#985));
#959 = ORIENTED_EDGE('',*,*,#960,.F.);
#960 = EDGE_CURVE('',#961,#963,#965,.T.);
#961 = VERTEX_POINT('',#962);
#962 = CARTESIAN_POINT('',(-1.2,1.32,0.2));
#963 = VERTEX_POINT('',#964);
#964 = CARTESIAN_POINT('',(-1.45,1.32,0.2));
#965 = LINE('',#966,#967);
#966 = CARTESIAN_POINT('',(-2.475,1.32,0.2));
#967 = VECTOR('',#968,1.);
#968 = DIRECTION('',(-1.,0.,0.));
#969 = ORIENTED_EDGE('',*,*,#970,.F.);
#970 = EDGE_CURVE('',#971,#961,#973,.T.);
#971 = VERTEX_POINT('',#972);
#972 = CARTESIAN_POINT('',(-1.2,1.2,0.2));
#973 = LINE('',#974,#975);
#974 = CARTESIAN_POINT('',(-1.2,1.202,0.2));
#975 = VECTOR('',#976,1.);
#976 = DIRECTION('',(-6.253371087261E-30,1.,0.));
#977 = ORIENTED_EDGE('',*,*,#978,.T.);
#978 = EDGE_CURVE('',#971,#979,#981,.T.);
#979 = VERTEX_POINT('',#980);
#980 = CARTESIAN_POINT('',(-1.45,1.2,0.2));
#981 = LINE('',#982,#983);
#982 = CARTESIAN_POINT('',(-2.475,1.2,0.2));
#983 = VECTOR('',#984,1.);
#984 = DIRECTION('',(-1.,0.,0.));
#985 = ORIENTED_EDGE('',*,*,#986,.F.);
#986 = EDGE_CURVE('',#963,#979,#987,.T.);
#987 = LINE('',#988,#989);
#988 = CARTESIAN_POINT('',(-1.45,1.202,0.2));
#989 = VECTOR('',#990,1.);
#990 = DIRECTION('',(4.210938569317E-30,-1.,0.));
#991 = FACE_BOUND('',#992,.F.);
#992 = EDGE_LOOP('',(#993,#1003,#1011,#1019));
#993 = ORIENTED_EDGE('',*,*,#994,.F.);
#994 = EDGE_CURVE('',#995,#997,#999,.T.);
#995 = VERTEX_POINT('',#996);
#996 = CARTESIAN_POINT('',(0.75,1.32,0.2));
#997 = VERTEX_POINT('',#998);
#998 = CARTESIAN_POINT('',(0.5,1.32,0.2));
#999 = LINE('',#1000,#1001);
#1000 = CARTESIAN_POINT('',(-1.5,1.32,0.2));
#1001 = VECTOR('',#1002,1.);
#1002 = DIRECTION('',(-1.,0.,0.));
#1003 = ORIENTED_EDGE('',*,*,#1004,.F.);
#1004 = EDGE_CURVE('',#1005,#995,#1007,.T.);
#1005 = VERTEX_POINT('',#1006);
#1006 = CARTESIAN_POINT('',(0.75,1.2,0.2));
#1007 = LINE('',#1008,#1009);
#1008 = CARTESIAN_POINT('',(0.75,1.202,0.2));
#1009 = VECTOR('',#1010,1.);
#1010 = DIRECTION('',(9.051909435223E-31,1.,0.));
#1011 = ORIENTED_EDGE('',*,*,#1012,.T.);
#1012 = EDGE_CURVE('',#1005,#1013,#1015,.T.);
#1013 = VERTEX_POINT('',#1014);
#1014 = CARTESIAN_POINT('',(0.5,1.2,0.2));
#1015 = LINE('',#1016,#1017);
#1016 = CARTESIAN_POINT('',(-1.5,1.2,0.2));
#1017 = VECTOR('',#1018,1.);
#1018 = DIRECTION('',(-1.,0.,0.));
#1019 = ORIENTED_EDGE('',*,*,#1020,.F.);
#1020 = EDGE_CURVE('',#997,#1013,#1021,.T.);
#1021 = LINE('',#1022,#1023);
#1022 = CARTESIAN_POINT('',(0.5,1.202,0.2));
#1023 = VECTOR('',#1024,1.);
#1024 = DIRECTION('',(0.,-1.,0.));
#1025 = FACE_BOUND('',#1026,.F.);
#1026 = EDGE_LOOP('',(#1027,#1037,#1045,#1053));
#1027 = ORIENTED_EDGE('',*,*,#1028,.F.);
#1028 = EDGE_CURVE('',#1029,#1031,#1033,.T.);
#1029 = VERTEX_POINT('',#1030);
#1030 = CARTESIAN_POINT('',(1.4,1.32,0.2));
#1031 = VERTEX_POINT('',#1032);
#1032 = CARTESIAN_POINT('',(1.15,1.32,0.2));
#1033 = LINE('',#1034,#1035);
#1034 = CARTESIAN_POINT('',(-1.175,1.32,0.2));
#1035 = VECTOR('',#1036,1.);
#1036 = DIRECTION('',(-1.,0.,0.));
#1037 = ORIENTED_EDGE('',*,*,#1038,.F.);
#1038 = EDGE_CURVE('',#1039,#1029,#1041,.T.);
#1039 = VERTEX_POINT('',#1040);
#1040 = CARTESIAN_POINT('',(1.4,1.2,0.2));
#1041 = LINE('',#1042,#1043);
#1042 = CARTESIAN_POINT('',(1.4,1.202,0.2));
#1043 = VECTOR('',#1044,1.);
#1044 = DIRECTION('',(6.253371087261E-30,1.,0.));
#1045 = ORIENTED_EDGE('',*,*,#1046,.T.);
#1046 = EDGE_CURVE('',#1039,#1047,#1049,.T.);
#1047 = VERTEX_POINT('',#1048);
#1048 = CARTESIAN_POINT('',(1.15,1.2,0.2));
#1049 = LINE('',#1050,#1051);
#1050 = CARTESIAN_POINT('',(-1.175,1.2,0.2));
#1051 = VECTOR('',#1052,1.);
#1052 = DIRECTION('',(-1.,0.,0.));
#1053 = ORIENTED_EDGE('',*,*,#1054,.F.);
#1054 = EDGE_CURVE('',#1031,#1047,#1055,.T.);
#1055 = LINE('',#1056,#1057);
#1056 = CARTESIAN_POINT('',(1.15,1.202,0.2));
#1057 = VECTOR('',#1058,1.);
#1058 = DIRECTION('',(-4.210938569317E-30,-1.,0.));
#1059 = PLANE('',#1060);
#1060 = AXIS2_PLACEMENT_3D('',#1061,#1062,#1063);
#1061 = CARTESIAN_POINT('',(-3.5,1.,0.2));
#1062 = DIRECTION('',(0.,0.,1.));
#1063 = DIRECTION('',(1.,0.,0.));
#1064 = ADVANCED_FACE('',(#1065),#1115,.F.);
#1065 = FACE_BOUND('',#1066,.F.);
#1066 = EDGE_LOOP('',(#1067,#1075,#1083,#1091,#1099,#1107,#1113,#1114));
#1067 = ORIENTED_EDGE('',*,*,#1068,.F.);
#1068 = EDGE_CURVE('',#1069,#383,#1071,.T.);
#1069 = VERTEX_POINT('',#1070);
#1070 = CARTESIAN_POINT('',(1.91,0.55,0.25));
#1071 = LINE('',#1072,#1073);
#1072 = CARTESIAN_POINT('',(1.91,-3.2,0.25));
#1073 = VECTOR('',#1074,1.);
#1074 = DIRECTION('',(0.,1.,0.));
#1075 = ORIENTED_EDGE('',*,*,#1076,.F.);
#1076 = EDGE_CURVE('',#1077,#1069,#1079,.T.);
#1077 = VERTEX_POINT('',#1078);
#1078 = CARTESIAN_POINT('',(1.91,0.55,0.));
#1079 = LINE('',#1080,#1081);
#1080 = CARTESIAN_POINT('',(1.91,0.55,0.));
#1081 = VECTOR('',#1082,1.);
#1082 = DIRECTION('',(0.,0.,1.));
#1083 = ORIENTED_EDGE('',*,*,#1084,.T.);
#1084 = EDGE_CURVE('',#1077,#1085,#1087,.T.);
#1085 = VERTEX_POINT('',#1086);
#1086 = CARTESIAN_POINT('',(1.91,1.6,0.));
#1087 = LINE('',#1088,#1089);
#1088 = CARTESIAN_POINT('',(1.91,-3.2,0.));
#1089 = VECTOR('',#1090,1.);
#1090 = DIRECTION('',(0.,1.,0.));
#1091 = ORIENTED_EDGE('',*,*,#1092,.T.);
#1092 = EDGE_CURVE('',#1085,#1093,#1095,.T.);
#1093 = VERTEX_POINT('',#1094);
#1094 = CARTESIAN_POINT('',(1.91,1.6,0.25));
#1095 = LINE('',#1096,#1097);
#1096 = CARTESIAN_POINT('',(1.91,1.6,0.));
#1097 = VECTOR('',#1098,1.);
#1098 = DIRECTION('',(0.,0.,1.));
#1099 = ORIENTED_EDGE('',*,*,#1100,.F.);
#1100 = EDGE_CURVE('',#1101,#1093,#1103,.T.);
#1101 = VERTEX_POINT('',#1102);
#1102 = CARTESIAN_POINT('',(1.91,1.5,0.25));
#1103 = LINE('',#1104,#1105);
#1104 = CARTESIAN_POINT('',(1.91,-3.2,0.25));
#1105 = VECTOR('',#1106,1.);
#1106 = DIRECTION('',(0.,1.,0.));
#1107 = ORIENTED_EDGE('',*,*,#1108,.F.);
#1108 = EDGE_CURVE('',#870,#1101,#1109,.T.);
#1109 = LINE('',#1110,#1111);
#1110 = CARTESIAN_POINT('',(1.91,1.5,0.1));
#1111 = VECTOR('',#1112,1.);
#1112 = DIRECTION('',(0.,0.,1.));
#1113 = ORIENTED_EDGE('',*,*,#884,.T.);
#1114 = ORIENTED_EDGE('',*,*,#390,.T.);
#1115 = PLANE('',#1116);
#1116 = AXIS2_PLACEMENT_3D('',#1117,#1118,#1119);
#1117 = CARTESIAN_POINT('',(1.91,-3.2,0.));
#1118 = DIRECTION('',(1.,0.,0.));
#1119 = DIRECTION('',(0.,0.,1.));
#1120 = ADVANCED_FACE('',(#1121),#1162,.T.);
#1121 = FACE_BOUND('',#1122,.T.);
#1122 = EDGE_LOOP('',(#1123,#1124,#1132,#1138,#1139,#1147,#1155,#1161));
#1123 = ORIENTED_EDGE('',*,*,#1068,.F.);
#1124 = ORIENTED_EDGE('',*,*,#1125,.F.);
#1125 = EDGE_CURVE('',#1126,#1069,#1128,.T.);
#1126 = VERTEX_POINT('',#1127);
#1127 = CARTESIAN_POINT('',(-1.91,0.55,0.25));
#1128 = LINE('',#1129,#1130);
#1129 = CARTESIAN_POINT('',(-1.91,0.55,0.25));
#1130 = VECTOR('',#1131,1.);
#1131 = DIRECTION('',(1.,0.,0.));
#1132 = ORIENTED_EDGE('',*,*,#1133,.T.);
#1133 = EDGE_CURVE('',#1126,#311,#1134,.T.);
#1134 = LINE('',#1135,#1136);
#1135 = CARTESIAN_POINT('',(-1.91,-3.2,0.25));
#1136 = VECTOR('',#1137,1.);
#1137 = DIRECTION('',(0.,1.,0.));
#1138 = ORIENTED_EDGE('',*,*,#318,.T.);
#1139 = ORIENTED_EDGE('',*,*,#1140,.T.);
#1140 = EDGE_CURVE('',#319,#1141,#1143,.T.);
#1141 = VERTEX_POINT('',#1142);
#1142 = CARTESIAN_POINT('',(-2.538692828673,-3.2,0.25));
#1143 = LINE('',#1144,#1145);
#1144 = CARTESIAN_POINT('',(-2.538692828673,-2.008777825342,0.25));
#1145 = VECTOR('',#1146,1.);
#1146 = DIRECTION('',(0.,-1.,0.));
#1147 = ORIENTED_EDGE('',*,*,#1148,.T.);
#1148 = EDGE_CURVE('',#1141,#1149,#1151,.T.);
#1149 = VERTEX_POINT('',#1150);
#1150 = CARTESIAN_POINT('',(2.54004040443,-3.2,0.25));
#1151 = LINE('',#1152,#1153);
#1152 = CARTESIAN_POINT('',(1.91,-3.2,0.25));
#1153 = VECTOR('',#1154,1.);
#1154 = DIRECTION('',(1.,0.,0.));
#1155 = ORIENTED_EDGE('',*,*,#1156,.F.);
#1156 = EDGE_CURVE('',#375,#1149,#1157,.T.);
#1157 = LINE('',#1158,#1159);
#1158 = CARTESIAN_POINT('',(2.54004040443,-2.008777825342,0.25));
#1159 = VECTOR('',#1160,1.);
#1160 = DIRECTION('',(0.,-1.,0.));
#1161 = ORIENTED_EDGE('',*,*,#382,.T.);
#1162 = PLANE('',#1163);
#1163 = AXIS2_PLACEMENT_3D('',#1164,#1165,#1166);
#1164 = CARTESIAN_POINT('',(-1.419092465753E-02,-0.817555650685,0.25));
#1165 = DIRECTION('',(0.,0.,1.));
#1166 = DIRECTION('',(1.,0.,0.));
#1167 = ADVANCED_FACE('',(#1168),#1186,.F.);
#1168 = FACE_BOUND('',#1169,.F.);
#1169 = EDGE_LOOP('',(#1170,#1178,#1179,#1180));
#1170 = ORIENTED_EDGE('',*,*,#1171,.F.);
#1171 = EDGE_CURVE('',#1149,#1172,#1174,.T.);
#1172 = VERTEX_POINT('',#1173);
#1173 = CARTESIAN_POINT('',(3.5,-3.2,1.316143140571));
#1174 = LINE('',#1175,#1176);
#1175 = CARTESIAN_POINT('',(2.45,-3.2,0.15));
#1176 = VECTOR('',#1177,1.);
#1177 = DIRECTION('',(0.669130606359,0.,0.743144825477));
#1178 = ORIENTED_EDGE('',*,*,#1156,.F.);
#1179 = ORIENTED_EDGE('',*,*,#374,.T.);
#1180 = ORIENTED_EDGE('',*,*,#1181,.F.);
#1181 = EDGE_CURVE('',#1172,#367,#1182,.T.);
#1182 = LINE('',#1183,#1184);
#1183 = CARTESIAN_POINT('',(3.5,-3.2,1.316143140571));
#1184 = VECTOR('',#1185,1.);
#1185 = DIRECTION('',(0.,1.,0.));
#1186 = PLANE('',#1187);
#1187 = AXIS2_PLACEMENT_3D('',#1188,#1189,#1190);
#1188 = CARTESIAN_POINT('',(2.45,-3.2,0.15));
#1189 = DIRECTION('',(0.743144825477,0.,-0.669130606359));
#1190 = DIRECTION('',(0.669130606359,0.,0.743144825477));
#1191 = ADVANCED_FACE('',(#1192),#1210,.F.);
#1192 = FACE_BOUND('',#1193,.F.);
#1193 = EDGE_LOOP('',(#1194,#1202,#1203,#1204));
#1194 = ORIENTED_EDGE('',*,*,#1195,.F.);
#1195 = EDGE_CURVE('',#1172,#1196,#1198,.T.);
#1196 = VERTEX_POINT('',#1197);
#1197 = CARTESIAN_POINT('',(3.5,-3.2,2.334013381162));
#1198 = LINE('',#1199,#1200);
#1199 = CARTESIAN_POINT('',(3.5,-3.2,1.2));
#1200 = VECTOR('',#1201,1.);
#1201 = DIRECTION('',(0.,0.,1.));
#1202 = ORIENTED_EDGE('',*,*,#1181,.T.);
#1203 = ORIENTED_EDGE('',*,*,#366,.T.);
#1204 = ORIENTED_EDGE('',*,*,#1205,.F.);
#1205 = EDGE_CURVE('',#1196,#359,#1206,.T.);
#1206 = LINE('',#1207,#1208);
#1207 = CARTESIAN_POINT('',(3.5,-3.2,2.334013381162));
#1208 = VECTOR('',#1209,1.);
#1209 = DIRECTION('',(0.,1.,0.));
#1210 = PLANE('',#1211);
#1211 = AXIS2_PLACEMENT_3D('',#1212,#1213,#1214);
#1212 = CARTESIAN_POINT('',(3.5,-3.2,1.2));
#1213 = DIRECTION('',(1.,0.,0.));
#1214 = DIRECTION('',(0.,0.,1.));
#1215 = ADVANCED_FACE('',(#1216),#1234,.F.);
#1216 = FACE_BOUND('',#1217,.F.);
#1217 = EDGE_LOOP('',(#1218,#1226,#1227,#1228));
#1218 = ORIENTED_EDGE('',*,*,#1219,.F.);
#1219 = EDGE_CURVE('',#1196,#1220,#1222,.T.);
#1220 = VERTEX_POINT('',#1221);
#1221 = CARTESIAN_POINT('',(3.240062711084,-3.2,2.75));
#1222 = LINE('',#1223,#1224);
#1223 = CARTESIAN_POINT('',(3.54,-3.2,2.27));
#1224 = VECTOR('',#1225,1.);
#1225 = DIRECTION('',(-0.529919264233,0.,0.848048096156));
#1226 = ORIENTED_EDGE('',*,*,#1205,.T.);
#1227 = ORIENTED_EDGE('',*,*,#358,.T.);
#1228 = ORIENTED_EDGE('',*,*,#1229,.F.);
#1229 = EDGE_CURVE('',#1220,#351,#1230,.T.);
#1230 = LINE('',#1231,#1232);
#1231 = CARTESIAN_POINT('',(3.240062711084,-3.2,2.75));
#1232 = VECTOR('',#1233,1.);
#1233 = DIRECTION('',(0.,1.,0.));
#1234 = PLANE('',#1235);
#1235 = AXIS2_PLACEMENT_3D('',#1236,#1237,#1238);
#1236 = CARTESIAN_POINT('',(3.54,-3.2,2.27));
#1237 = DIRECTION('',(0.848048096156,0.,0.529919264233));
#1238 = DIRECTION('',(-0.529919264233,0.,0.848048096156));
#1239 = ADVANCED_FACE('',(#1240),#1258,.F.);
#1240 = FACE_BOUND('',#1241,.F.);
#1241 = EDGE_LOOP('',(#1242,#1243,#1251,#1257));
#1242 = ORIENTED_EDGE('',*,*,#350,.F.);
#1243 = ORIENTED_EDGE('',*,*,#1244,.F.);
#1244 = EDGE_CURVE('',#1245,#343,#1247,.T.);
#1245 = VERTEX_POINT('',#1246);
#1246 = CARTESIAN_POINT('',(-3.236501125991,-3.2,2.75));
#1247 = LINE('',#1248,#1249);
#1248 = CARTESIAN_POINT('',(-3.236501125991,-3.2,2.75));
#1249 = VECTOR('',#1250,1.);
#1250 = DIRECTION('',(0.,1.,0.));
#1251 = ORIENTED_EDGE('',*,*,#1252,.T.);
#1252 = EDGE_CURVE('',#1245,#1220,#1253,.T.);
#1253 = LINE('',#1254,#1255);
#1254 = CARTESIAN_POINT('',(-3.4,-3.2,2.75));
#1255 = VECTOR('',#1256,1.);
#1256 = DIRECTION('',(1.,0.,0.));
#1257 = ORIENTED_EDGE('',*,*,#1229,.T.);
#1258 = PLANE('',#1259);
#1259 = AXIS2_PLACEMENT_3D('',#1260,#1261,#1262);
#1260 = CARTESIAN_POINT('',(-3.4,-3.2,2.75));
#1261 = DIRECTION('',(0.,0.,1.));
#1262 = DIRECTION('',(1.,0.,0.));
#1263 = ADVANCED_FACE('',(#1264),#1282,.T.);
#1264 = FACE_BOUND('',#1265,.T.);
#1265 = EDGE_LOOP('',(#1266,#1274,#1280,#1281));
#1266 = ORIENTED_EDGE('',*,*,#1267,.F.);
#1267 = EDGE_CURVE('',#1268,#1245,#1270,.T.);
#1268 = VERTEX_POINT('',#1269);
#1269 = CARTESIAN_POINT('',(-3.5,-3.2,2.32831365356));
#1270 = LINE('',#1271,#1272);
#1271 = CARTESIAN_POINT('',(-3.537987975961,-3.2,2.267520183942));
#1272 = VECTOR('',#1273,1.);
#1273 = DIRECTION('',(0.529919264233,0.,0.848048096156));
#1274 = ORIENTED_EDGE('',*,*,#1275,.T.);
#1275 = EDGE_CURVE('',#1268,#335,#1276,.T.);
#1276 = LINE('',#1277,#1278);
#1277 = CARTESIAN_POINT('',(-3.5,-3.2,2.32831365356));
#1278 = VECTOR('',#1279,1.);
#1279 = DIRECTION('',(0.,1.,0.));
#1280 = ORIENTED_EDGE('',*,*,#342,.T.);
#1281 = ORIENTED_EDGE('',*,*,#1244,.F.);
#1282 = PLANE('',#1283);
#1283 = AXIS2_PLACEMENT_3D('',#1284,#1285,#1286);
#1284 = CARTESIAN_POINT('',(-3.537987975961,-3.2,2.267520183942));
#1285 = DIRECTION('',(0.848048096156,0.,-0.529919264233));
#1286 = DIRECTION('',(0.529919264233,0.,0.848048096156));
#1287 = ADVANCED_FACE('',(#1288),#1306,.T.);
#1288 = FACE_BOUND('',#1289,.T.);
#1289 = EDGE_LOOP('',(#1290,#1298,#1304,#1305));
#1290 = ORIENTED_EDGE('',*,*,#1291,.F.);
#1291 = EDGE_CURVE('',#1292,#1268,#1294,.T.);
#1292 = VERTEX_POINT('',#1293);
#1293 = CARTESIAN_POINT('',(-3.5,-3.2,1.317639775071));
#1294 = LINE('',#1295,#1296);
#1295 = CARTESIAN_POINT('',(-3.5,-3.2,1.2));
#1296 = VECTOR('',#1297,1.);
#1297 = DIRECTION('',(0.,0.,1.));
#1298 = ORIENTED_EDGE('',*,*,#1299,.F.);
#1299 = EDGE_CURVE('',#327,#1292,#1300,.T.);
#1300 = LINE('',#1301,#1302);
#1301 = CARTESIAN_POINT('',(-3.5,-3.2,1.317639775071));
#1302 = VECTOR('',#1303,1.);
#1303 = DIRECTION('',(0.,-1.,0.));
#1304 = ORIENTED_EDGE('',*,*,#334,.T.);
#1305 = ORIENTED_EDGE('',*,*,#1275,.F.);
#1306 = PLANE('',#1307);
#1307 = AXIS2_PLACEMENT_3D('',#1308,#1309,#1310);
#1308 = CARTESIAN_POINT('',(-3.5,-3.2,1.2));
#1309 = DIRECTION('',(1.,0.,0.));
#1310 = DIRECTION('',(0.,0.,1.));
#1311 = ADVANCED_FACE('',(#1312),#1323,.T.);
#1312 = FACE_BOUND('',#1313,.T.);
#1313 = EDGE_LOOP('',(#1314,#1320,#1321,#1322));
#1314 = ORIENTED_EDGE('',*,*,#1315,.F.);
#1315 = EDGE_CURVE('',#1141,#1292,#1316,.T.);
#1316 = LINE('',#1317,#1318);
#1317 = CARTESIAN_POINT('',(-2.464213793631,-3.2,0.16728265159));
#1318 = VECTOR('',#1319,1.);
#1319 = DIRECTION('',(-0.669130606359,0.,0.743144825477));
#1320 = ORIENTED_EDGE('',*,*,#1140,.F.);
#1321 = ORIENTED_EDGE('',*,*,#326,.T.);
#1322 = ORIENTED_EDGE('',*,*,#1299,.T.);
#1323 = PLANE('',#1324);
#1324 = AXIS2_PLACEMENT_3D('',#1325,#1326,#1327);
#1325 = CARTESIAN_POINT('',(-2.464213793631,-3.2,0.16728265159));
#1326 = DIRECTION('',(0.743144825477,0.,0.669130606359));
#1327 = DIRECTION('',(-0.669130606359,0.,0.743144825477));
#1328 = ADVANCED_FACE('',(#1329),#1372,.T.);
#1329 = FACE_BOUND('',#1330,.T.);
#1330 = EDGE_LOOP('',(#1331,#1332,#1340,#1348,#1356,#1364,#1370,#1371));
#1331 = ORIENTED_EDGE('',*,*,#1133,.F.);
#1332 = ORIENTED_EDGE('',*,*,#1333,.F.);
#1333 = EDGE_CURVE('',#1334,#1126,#1336,.T.);
#1334 = VERTEX_POINT('',#1335);
#1335 = CARTESIAN_POINT('',(-1.91,0.55,0.));
#1336 = LINE('',#1337,#1338);
#1337 = CARTESIAN_POINT('',(-1.91,0.55,0.));
#1338 = VECTOR('',#1339,1.);
#1339 = DIRECTION('',(0.,0.,1.));
#1340 = ORIENTED_EDGE('',*,*,#1341,.T.);
#1341 = EDGE_CURVE('',#1334,#1342,#1344,.T.);
#1342 = VERTEX_POINT('',#1343);
#1343 = CARTESIAN_POINT('',(-1.91,1.6,0.));
#1344 = LINE('',#1345,#1346);
#1345 = CARTESIAN_POINT('',(-1.91,-3.2,0.));
#1346 = VECTOR('',#1347,1.);
#1347 = DIRECTION('',(0.,1.,0.));
#1348 = ORIENTED_EDGE('',*,*,#1349,.T.);
#1349 = EDGE_CURVE('',#1342,#1350,#1352,.T.);
#1350 = VERTEX_POINT('',#1351);
#1351 = CARTESIAN_POINT('',(-1.91,1.6,0.25));
#1352 = LINE('',#1353,#1354);
#1353 = CARTESIAN_POINT('',(-1.91,1.6,0.));
#1354 = VECTOR('',#1355,1.);
#1355 = DIRECTION('',(0.,0.,1.));
#1356 = ORIENTED_EDGE('',*,*,#1357,.F.);
#1357 = EDGE_CURVE('',#1358,#1350,#1360,.T.);
#1358 = VERTEX_POINT('',#1359);
#1359 = CARTESIAN_POINT('',(-1.91,1.5,0.25));
#1360 = LINE('',#1361,#1362);
#1361 = CARTESIAN_POINT('',(-1.91,-3.2,0.25));
#1362 = VECTOR('',#1363,1.);
#1363 = DIRECTION('',(0.,1.,0.));
#1364 = ORIENTED_EDGE('',*,*,#1365,.F.);
#1365 = EDGE_CURVE('',#868,#1358,#1366,.T.);
#1366 = LINE('',#1367,#1368);
#1367 = CARTESIAN_POINT('',(-1.91,1.5,0.1));
#1368 = VECTOR('',#1369,1.);
#1369 = DIRECTION('',(0.,0.,1.));
#1370 = ORIENTED_EDGE('',*,*,#877,.T.);
#1371 = ORIENTED_EDGE('',*,*,#310,.T.);
#1372 = PLANE('',#1373);
#1373 = AXIS2_PLACEMENT_3D('',#1374,#1375,#1376);
#1374 = CARTESIAN_POINT('',(-1.91,-3.2,0.));
#1375 = DIRECTION('',(1.,0.,0.));
#1376 = DIRECTION('',(0.,0.,1.));
#1377 = ADVANCED_FACE('',(#1378),#1384,.F.);
#1378 = FACE_BOUND('',#1379,.F.);
#1379 = EDGE_LOOP('',(#1380,#1381,#1382,#1383));
#1380 = ORIENTED_EDGE('',*,*,#733,.F.);
#1381 = ORIENTED_EDGE('',*,*,#757,.T.);
#1382 = ORIENTED_EDGE('',*,*,#774,.T.);
#1383 = ORIENTED_EDGE('',*,*,#507,.F.);
#1384 = PLANE('',#1385);
#1385 = AXIS2_PLACEMENT_3D('',#1386,#1387,#1388);
#1386 = CARTESIAN_POINT('',(0.5,-0.1,1.18));
#1387 = DIRECTION('',(0.,0.,1.));
#1388 = DIRECTION('',(1.,0.,0.));
#1389 = ADVANCED_FACE('',(#1390),#1396,.F.);
#1390 = FACE_BOUND('',#1391,.F.);
#1391 = EDGE_LOOP('',(#1392,#1393,#1394,#1395));
#1392 = ORIENTED_EDGE('',*,*,#668,.F.);
#1393 = ORIENTED_EDGE('',*,*,#692,.T.);
#1394 = ORIENTED_EDGE('',*,*,#709,.T.);
#1395 = ORIENTED_EDGE('',*,*,#484,.F.);
#1396 = PLANE('',#1397);
#1397 = AXIS2_PLACEMENT_3D('',#1398,#1399,#1400);
#1398 = CARTESIAN_POINT('',(-0.15,-0.1,1.18));
#1399 = DIRECTION('',(0.,0.,1.));
#1400 = DIRECTION('',(1.,0.,0.));
#1401 = ADVANCED_FACE('',(#1402),#1408,.F.);
#1402 = FACE_BOUND('',#1403,.F.);
#1403 = EDGE_LOOP('',(#1404,#1405,#1406,#1407));
#1404 = ORIENTED_EDGE('',*,*,#603,.F.);
#1405 = ORIENTED_EDGE('',*,*,#627,.T.);
#1406 = ORIENTED_EDGE('',*,*,#644,.T.);
#1407 = ORIENTED_EDGE('',*,*,#461,.F.);
#1408 = PLANE('',#1409);
#1409 = AXIS2_PLACEMENT_3D('',#1410,#1411,#1412);
#1410 = CARTESIAN_POINT('',(-0.8,-0.1,1.18));
#1411 = DIRECTION('',(0.,0.,1.));
#1412 = DIRECTION('',(1.,0.,0.));
#1413 = ADVANCED_FACE('',(#1414),#1420,.F.);
#1414 = FACE_BOUND('',#1415,.F.);
#1415 = EDGE_LOOP('',(#1416,#1417,#1418,#1419));
#1416 = ORIENTED_EDGE('',*,*,#538,.F.);
#1417 = ORIENTED_EDGE('',*,*,#562,.T.);
#1418 = ORIENTED_EDGE('',*,*,#579,.T.);
#1419 = ORIENTED_EDGE('',*,*,#438,.F.);
#1420 = PLANE('',#1421);
#1421 = AXIS2_PLACEMENT_3D('',#1422,#1423,#1424);
#1422 = CARTESIAN_POINT('',(-1.45,-0.1,1.18));
#1423 = DIRECTION('',(0.,0.,1.));
#1424 = DIRECTION('',(1.,0.,0.));
#1425 = ADVANCED_FACE('',(#1426),#1432,.F.);
#1426 = FACE_BOUND('',#1427,.F.);
#1427 = EDGE_LOOP('',(#1428,#1429,#1430,#1431));
#1428 = ORIENTED_EDGE('',*,*,#798,.F.);
#1429 = ORIENTED_EDGE('',*,*,#822,.T.);
#1430 = ORIENTED_EDGE('',*,*,#839,.T.);
#1431 = ORIENTED_EDGE('',*,*,#406,.F.);
#1432 = PLANE('',#1433);
#1433 = AXIS2_PLACEMENT_3D('',#1434,#1435,#1436);
#1434 = CARTESIAN_POINT('',(1.15,-0.1,1.18));
#1435 = DIRECTION('',(0.,0.,1.));
#1436 = DIRECTION('',(1.,0.,0.));
#1437 = ADVANCED_FACE('',(#1438),#1513,.T.);
#1438 = FACE_BOUND('',#1439,.T.);
#1439 = EDGE_LOOP('',(#1440,#1441,#1442,#1450,#1458,#1466,#1474,#1482,
    #1490,#1498,#1506,#1512));
#1440 = ORIENTED_EDGE('',*,*,#867,.F.);
#1441 = ORIENTED_EDGE('',*,*,#1365,.T.);
#1442 = ORIENTED_EDGE('',*,*,#1443,.T.);
#1443 = EDGE_CURVE('',#1358,#1444,#1446,.T.);
#1444 = VERTEX_POINT('',#1445);
#1445 = CARTESIAN_POINT('',(-2.538692828673,1.5,0.25));
#1446 = LINE('',#1447,#1448);
#1447 = CARTESIAN_POINT('',(-1.757095462329,1.5,0.25));
#1448 = VECTOR('',#1449,1.);
#1449 = DIRECTION('',(-1.,0.,0.));
#1450 = ORIENTED_EDGE('',*,*,#1451,.T.);
#1451 = EDGE_CURVE('',#1444,#1452,#1454,.T.);
#1452 = VERTEX_POINT('',#1453);
#1453 = CARTESIAN_POINT('',(-3.5,1.5,1.317639775071));
#1454 = LINE('',#1455,#1456);
#1455 = CARTESIAN_POINT('',(-2.704227589955,1.5,0.433844977519));
#1456 = VECTOR('',#1457,1.);
#1457 = DIRECTION('',(-0.669130606359,0.,0.743144825477));
#1458 = ORIENTED_EDGE('',*,*,#1459,.T.);
#1459 = EDGE_CURVE('',#1452,#1460,#1462,.T.);
#1460 = VERTEX_POINT('',#1461);
#1461 = CARTESIAN_POINT('',(-3.5,1.5,2.32831365356));
#1462 = LINE('',#1463,#1464);
#1463 = CARTESIAN_POINT('',(-3.5,1.5,0.2));
#1464 = VECTOR('',#1465,1.);
#1465 = DIRECTION('',(0.,0.,1.));
#1466 = ORIENTED_EDGE('',*,*,#1467,.T.);
#1467 = EDGE_CURVE('',#1460,#1468,#1470,.T.);
#1468 = VERTEX_POINT('',#1469);
#1469 = CARTESIAN_POINT('',(-3.236501125991,1.5,2.75));
#1470 = LINE('',#1471,#1472);
#1471 = CARTESIAN_POINT('',(-3.9972228981,1.5,1.532590681101));
#1472 = VECTOR('',#1473,1.);
#1473 = DIRECTION('',(0.529919264233,0.,0.848048096156));
#1474 = ORIENTED_EDGE('',*,*,#1475,.T.);
#1475 = EDGE_CURVE('',#1468,#1476,#1478,.T.);
#1476 = VERTEX_POINT('',#1477);
#1477 = CARTESIAN_POINT('',(3.240062711084,1.5,2.75));
#1478 = LINE('',#1479,#1480);
#1479 = CARTESIAN_POINT('',(-3.5,1.5,2.75));
#1480 = VECTOR('',#1481,1.);
#1481 = DIRECTION('',(1.,0.,0.));
#1482 = ORIENTED_EDGE('',*,*,#1483,.F.);
#1483 = EDGE_CURVE('',#1484,#1476,#1486,.T.);
#1484 = VERTEX_POINT('',#1485);
#1485 = CARTESIAN_POINT('',(3.5,1.5,2.334013381162));
#1486 = LINE('',#1487,#1488);
#1487 = CARTESIAN_POINT('',(3.016659137309,1.5,3.107520453023));
#1488 = VECTOR('',#1489,1.);
#1489 = DIRECTION('',(-0.529919264233,0.,0.848048096156));
#1490 = ORIENTED_EDGE('',*,*,#1491,.F.);
#1491 = EDGE_CURVE('',#1492,#1484,#1494,.T.);
#1492 = VERTEX_POINT('',#1493);
#1493 = CARTESIAN_POINT('',(3.5,1.5,1.316143140571));
#1494 = LINE('',#1495,#1496);
#1495 = CARTESIAN_POINT('',(3.5,1.5,0.2));
#1496 = VECTOR('',#1497,1.);
#1497 = DIRECTION('',(0.,0.,1.));
#1498 = ORIENTED_EDGE('',*,*,#1499,.F.);
#1499 = EDGE_CURVE('',#1500,#1492,#1502,.T.);
#1500 = VERTEX_POINT('',#1501);
#1501 = CARTESIAN_POINT('',(2.54004040443,1.5,0.25));
#1502 = LINE('',#1503,#1504);
#1503 = CARTESIAN_POINT('',(1.130417612803,1.5,-1.315544713569));
#1504 = VECTOR('',#1505,1.);
#1505 = DIRECTION('',(0.669130606359,0.,0.743144825477));
#1506 = ORIENTED_EDGE('',*,*,#1507,.T.);
#1507 = EDGE_CURVE('',#1500,#1101,#1508,.T.);
#1508 = LINE('',#1509,#1510);
#1509 = CARTESIAN_POINT('',(-1.757095462329,1.5,0.25));
#1510 = VECTOR('',#1511,1.);
#1511 = DIRECTION('',(-1.,0.,0.));
#1512 = ORIENTED_EDGE('',*,*,#1108,.F.);
#1513 = PLANE('',#1514);
#1514 = AXIS2_PLACEMENT_3D('',#1515,#1516,#1517);
#1515 = CARTESIAN_POINT('',(-3.5,1.5,0.2));
#1516 = DIRECTION('',(0.,1.,0.));
#1517 = DIRECTION('',(0.,0.,1.));
#1518 = ADVANCED_FACE('',(#1519),#1544,.T.);
#1519 = FACE_BOUND('',#1520,.T.);
#1520 = EDGE_LOOP('',(#1521,#1529,#1530,#1538));
#1521 = ORIENTED_EDGE('',*,*,#1522,.F.);
#1522 = EDGE_CURVE('',#895,#1523,#1525,.T.);
#1523 = VERTEX_POINT('',#1524);
#1524 = CARTESIAN_POINT('',(-0.15,1.32,0.12));
#1525 = LINE('',#1526,#1527);
#1526 = CARTESIAN_POINT('',(-0.15,1.32,0.6));
#1527 = VECTOR('',#1528,1.);
#1528 = DIRECTION('',(0.,-2.22044604925E-16,-1.));
#1529 = ORIENTED_EDGE('',*,*,#892,.F.);
#1530 = ORIENTED_EDGE('',*,*,#1531,.T.);
#1531 = EDGE_CURVE('',#893,#1532,#1534,.T.);
#1532 = VERTEX_POINT('',#1533);
#1533 = CARTESIAN_POINT('',(0.1,1.32,0.12));
#1534 = LINE('',#1535,#1536);
#1535 = CARTESIAN_POINT('',(0.1,1.32,0.6));
#1536 = VECTOR('',#1537,1.);
#1537 = DIRECTION('',(0.,-2.22044604925E-16,-1.));
#1538 = ORIENTED_EDGE('',*,*,#1539,.T.);
#1539 = EDGE_CURVE('',#1532,#1523,#1540,.T.);
#1540 = LINE('',#1541,#1542);
#1541 = CARTESIAN_POINT('',(-0.15,1.32,0.12));
#1542 = VECTOR('',#1543,1.);
#1543 = DIRECTION('',(-1.,0.,0.));
#1544 = PLANE('',#1545);
#1545 = AXIS2_PLACEMENT_3D('',#1546,#1547,#1548);
#1546 = CARTESIAN_POINT('',(-0.15,1.32,0.6));
#1547 = DIRECTION('',(0.,1.,-2.22044604925E-16));
#1548 = DIRECTION('',(1.,0.,0.));
#1549 = ADVANCED_FACE('',(#1550),#1584,.T.);
#1550 = FACE_BOUND('',#1551,.T.);
#1551 = EDGE_LOOP('',(#1552,#1562,#1568,#1569,#1570,#1578));
#1552 = ORIENTED_EDGE('',*,*,#1553,.F.);
#1553 = EDGE_CURVE('',#1554,#1556,#1558,.T.);
#1554 = VERTEX_POINT('',#1555);
#1555 = CARTESIAN_POINT('',(-0.15,1.2,0.));
#1556 = VERTEX_POINT('',#1557);
#1557 = CARTESIAN_POINT('',(-0.15,1.8,0.));
#1558 = LINE('',#1559,#1560);
#1559 = CARTESIAN_POINT('',(-0.15,1.2,0.));
#1560 = VECTOR('',#1561,1.);
#1561 = DIRECTION('',(0.,1.,0.));
#1562 = ORIENTED_EDGE('',*,*,#1563,.T.);
#1563 = EDGE_CURVE('',#1554,#911,#1564,.T.);
#1564 = LINE('',#1565,#1566);
#1565 = CARTESIAN_POINT('',(-0.15,1.2,0.));
#1566 = VECTOR('',#1567,1.);
#1567 = DIRECTION('',(0.,0.,1.));
#1568 = ORIENTED_EDGE('',*,*,#918,.F.);
#1569 = ORIENTED_EDGE('',*,*,#1522,.T.);
#1570 = ORIENTED_EDGE('',*,*,#1571,.T.);
#1571 = EDGE_CURVE('',#1523,#1572,#1574,.T.);
#1572 = VERTEX_POINT('',#1573);
#1573 = CARTESIAN_POINT('',(-0.15,1.8,0.12));
#1574 = LINE('',#1575,#1576);
#1575 = CARTESIAN_POINT('',(-0.15,1.2,0.12));
#1576 = VECTOR('',#1577,1.);
#1577 = DIRECTION('',(0.,1.,0.));
#1578 = ORIENTED_EDGE('',*,*,#1579,.F.);
#1579 = EDGE_CURVE('',#1556,#1572,#1580,.T.);
#1580 = LINE('',#1581,#1582);
#1581 = CARTESIAN_POINT('',(-0.15,1.8,0.));
#1582 = VECTOR('',#1583,1.);
#1583 = DIRECTION('',(0.,0.,1.));
#1584 = PLANE('',#1585);
#1585 = AXIS2_PLACEMENT_3D('',#1586,#1587,#1588);
#1586 = CARTESIAN_POINT('',(-0.15,1.404,0.204));
#1587 = DIRECTION('',(-1.,-2.631836605823E-31,-1.451058128014E-31));
#1588 = DIRECTION('',(2.631836605823E-31,-1.,0.));
#1589 = ADVANCED_FACE('',(#1590),#1608,.F.);
#1590 = FACE_BOUND('',#1591,.F.);
#1591 = EDGE_LOOP('',(#1592,#1600,#1601,#1602));
#1592 = ORIENTED_EDGE('',*,*,#1593,.F.);
#1593 = EDGE_CURVE('',#1554,#1594,#1596,.T.);
#1594 = VERTEX_POINT('',#1595);
#1595 = CARTESIAN_POINT('',(0.1,1.2,0.));
#1596 = LINE('',#1597,#1598);
#1597 = CARTESIAN_POINT('',(-0.15,1.2,0.));
#1598 = VECTOR('',#1599,1.);
#1599 = DIRECTION('',(1.,0.,0.));
#1600 = ORIENTED_EDGE('',*,*,#1563,.T.);
#1601 = ORIENTED_EDGE('',*,*,#910,.F.);
#1602 = ORIENTED_EDGE('',*,*,#1603,.F.);
#1603 = EDGE_CURVE('',#1594,#903,#1604,.T.);
#1604 = LINE('',#1605,#1606);
#1605 = CARTESIAN_POINT('',(0.1,1.2,0.));
#1606 = VECTOR('',#1607,1.);
#1607 = DIRECTION('',(0.,0.,1.));
#1608 = PLANE('',#1609);
#1609 = AXIS2_PLACEMENT_3D('',#1610,#1611,#1612);
#1610 = CARTESIAN_POINT('',(-0.15,1.2,0.6));
#1611 = DIRECTION('',(0.,1.,-2.22044604925E-16));
#1612 = DIRECTION('',(1.,0.,0.));
#1613 = ADVANCED_FACE('',(#1614),#1641,.T.);
#1614 = FACE_BOUND('',#1615,.T.);
#1615 = EDGE_LOOP('',(#1616,#1617,#1625,#1633,#1639,#1640));
#1616 = ORIENTED_EDGE('',*,*,#1603,.F.);
#1617 = ORIENTED_EDGE('',*,*,#1618,.T.);
#1618 = EDGE_CURVE('',#1594,#1619,#1621,.T.);
#1619 = VERTEX_POINT('',#1620);
#1620 = CARTESIAN_POINT('',(0.1,1.8,0.));
#1621 = LINE('',#1622,#1623);
#1622 = CARTESIAN_POINT('',(0.1,1.2,0.));
#1623 = VECTOR('',#1624,1.);
#1624 = DIRECTION('',(0.,1.,0.));
#1625 = ORIENTED_EDGE('',*,*,#1626,.T.);
#1626 = EDGE_CURVE('',#1619,#1627,#1629,.T.);
#1627 = VERTEX_POINT('',#1628);
#1628 = CARTESIAN_POINT('',(0.1,1.8,0.12));
#1629 = LINE('',#1630,#1631);
#1630 = CARTESIAN_POINT('',(0.1,1.8,0.));
#1631 = VECTOR('',#1632,1.);
#1632 = DIRECTION('',(0.,0.,1.));
#1633 = ORIENTED_EDGE('',*,*,#1634,.F.);
#1634 = EDGE_CURVE('',#1532,#1627,#1635,.T.);
#1635 = LINE('',#1636,#1637);
#1636 = CARTESIAN_POINT('',(0.1,1.2,0.12));
#1637 = VECTOR('',#1638,1.);
#1638 = DIRECTION('',(0.,1.,0.));
#1639 = ORIENTED_EDGE('',*,*,#1531,.F.);
#1640 = ORIENTED_EDGE('',*,*,#902,.F.);
#1641 = PLANE('',#1642);
#1642 = AXIS2_PLACEMENT_3D('',#1643,#1644,#1645);
#1643 = CARTESIAN_POINT('',(1.E-01,1.404,0.204));
#1644 = DIRECTION('',(1.,-5.823580813689E-31,-2.776739261458E-31));
#1645 = DIRECTION('',(5.823580813689E-31,1.,0.));
#1646 = ADVANCED_FACE('',(#1647),#1672,.T.);
#1647 = FACE_BOUND('',#1648,.T.);
#1648 = EDGE_LOOP('',(#1649,#1657,#1658,#1666));
#1649 = ORIENTED_EDGE('',*,*,#1650,.F.);
#1650 = EDGE_CURVE('',#929,#1651,#1653,.T.);
#1651 = VERTEX_POINT('',#1652);
#1652 = CARTESIAN_POINT('',(-0.8,1.32,0.12));
#1653 = LINE('',#1654,#1655);
#1654 = CARTESIAN_POINT('',(-0.8,1.32,0.6));
#1655 = VECTOR('',#1656,1.);
#1656 = DIRECTION('',(0.,-2.22044604925E-16,-1.));
#1657 = ORIENTED_EDGE('',*,*,#926,.F.);
#1658 = ORIENTED_EDGE('',*,*,#1659,.T.);
#1659 = EDGE_CURVE('',#927,#1660,#1662,.T.);
#1660 = VERTEX_POINT('',#1661);
#1661 = CARTESIAN_POINT('',(-0.55,1.32,0.12));
#1662 = LINE('',#1663,#1664);
#1663 = CARTESIAN_POINT('',(-0.55,1.32,0.6));
#1664 = VECTOR('',#1665,1.);
#1665 = DIRECTION('',(0.,-2.22044604925E-16,-1.));
#1666 = ORIENTED_EDGE('',*,*,#1667,.F.);
#1667 = EDGE_CURVE('',#1651,#1660,#1668,.T.);
#1668 = LINE('',#1669,#1670);
#1669 = CARTESIAN_POINT('',(-0.8,1.32,0.12));
#1670 = VECTOR('',#1671,1.);
#1671 = DIRECTION('',(1.,0.,0.));
#1672 = PLANE('',#1673);
#1673 = AXIS2_PLACEMENT_3D('',#1674,#1675,#1676);
#1674 = CARTESIAN_POINT('',(-0.8,1.32,0.6));
#1675 = DIRECTION('',(0.,1.,-2.22044604925E-16));
#1676 = DIRECTION('',(1.,0.,0.));
#1677 = ADVANCED_FACE('',(#1678),#1712,.T.);
#1678 = FACE_BOUND('',#1679,.T.);
#1679 = EDGE_LOOP('',(#1680,#1681,#1682,#1690,#1698,#1706));
#1680 = ORIENTED_EDGE('',*,*,#952,.F.);
#1681 = ORIENTED_EDGE('',*,*,#1650,.T.);
#1682 = ORIENTED_EDGE('',*,*,#1683,.T.);
#1683 = EDGE_CURVE('',#1651,#1684,#1686,.T.);
#1684 = VERTEX_POINT('',#1685);
#1685 = CARTESIAN_POINT('',(-0.8,1.8,0.12));
#1686 = LINE('',#1687,#1688);
#1687 = CARTESIAN_POINT('',(-0.8,1.2,0.12));
#1688 = VECTOR('',#1689,1.);
#1689 = DIRECTION('',(0.,1.,0.));
#1690 = ORIENTED_EDGE('',*,*,#1691,.F.);
#1691 = EDGE_CURVE('',#1692,#1684,#1694,.T.);
#1692 = VERTEX_POINT('',#1693);
#1693 = CARTESIAN_POINT('',(-0.8,1.8,0.));
#1694 = LINE('',#1695,#1696);
#1695 = CARTESIAN_POINT('',(-0.8,1.8,0.));
#1696 = VECTOR('',#1697,1.);
#1697 = DIRECTION('',(0.,0.,1.));
#1698 = ORIENTED_EDGE('',*,*,#1699,.F.);
#1699 = EDGE_CURVE('',#1700,#1692,#1702,.T.);
#1700 = VERTEX_POINT('',#1701);
#1701 = CARTESIAN_POINT('',(-0.8,1.2,0.));
#1702 = LINE('',#1703,#1704);
#1703 = CARTESIAN_POINT('',(-0.8,1.2,0.));
#1704 = VECTOR('',#1705,1.);
#1705 = DIRECTION('',(0.,1.,0.));
#1706 = ORIENTED_EDGE('',*,*,#1707,.F.);
#1707 = EDGE_CURVE('',#945,#1700,#1708,.T.);
#1708 = LINE('',#1709,#1710);
#1709 = CARTESIAN_POINT('',(-0.8,1.2,0.6));
#1710 = VECTOR('',#1711,1.);
#1711 = DIRECTION('',(0.,-2.22044604925E-16,-1.));
#1712 = PLANE('',#1713);
#1713 = AXIS2_PLACEMENT_3D('',#1714,#1715,#1716);
#1714 = CARTESIAN_POINT('',(-0.8,1.404,0.204));
#1715 = DIRECTION('',(-1.,-4.047987172978E-31,-2.035441331621E-31));
#1716 = DIRECTION('',(4.047987172978E-31,-1.,0.));
#1717 = ADVANCED_FACE('',(#1718),#1736,.F.);
#1718 = FACE_BOUND('',#1719,.F.);
#1719 = EDGE_LOOP('',(#1720,#1721,#1722,#1730));
#1720 = ORIENTED_EDGE('',*,*,#1707,.F.);
#1721 = ORIENTED_EDGE('',*,*,#944,.F.);
#1722 = ORIENTED_EDGE('',*,*,#1723,.T.);
#1723 = EDGE_CURVE('',#937,#1724,#1726,.T.);
#1724 = VERTEX_POINT('',#1725);
#1725 = CARTESIAN_POINT('',(-0.55,1.2,0.));
#1726 = LINE('',#1727,#1728);
#1727 = CARTESIAN_POINT('',(-0.55,1.2,0.6));
#1728 = VECTOR('',#1729,1.);
#1729 = DIRECTION('',(0.,-2.22044604925E-16,-1.));
#1730 = ORIENTED_EDGE('',*,*,#1731,.F.);
#1731 = EDGE_CURVE('',#1700,#1724,#1732,.T.);
#1732 = LINE('',#1733,#1734);
#1733 = CARTESIAN_POINT('',(-0.8,1.2,0.));
#1734 = VECTOR('',#1735,1.);
#1735 = DIRECTION('',(1.,0.,0.));
#1736 = PLANE('',#1737);
#1737 = AXIS2_PLACEMENT_3D('',#1738,#1739,#1740);
#1738 = CARTESIAN_POINT('',(-0.8,1.2,0.6));
#1739 = DIRECTION('',(0.,1.,-2.22044604925E-16));
#1740 = DIRECTION('',(1.,0.,0.));
#1741 = ADVANCED_FACE('',(#1742),#1769,.T.);
#1742 = FACE_BOUND('',#1743,.T.);
#1743 = EDGE_LOOP('',(#1744,#1745,#1746,#1747,#1755,#1763));
#1744 = ORIENTED_EDGE('',*,*,#1659,.F.);
#1745 = ORIENTED_EDGE('',*,*,#936,.F.);
#1746 = ORIENTED_EDGE('',*,*,#1723,.T.);
#1747 = ORIENTED_EDGE('',*,*,#1748,.T.);
#1748 = EDGE_CURVE('',#1724,#1749,#1751,.T.);
#1749 = VERTEX_POINT('',#1750);
#1750 = CARTESIAN_POINT('',(-0.55,1.8,0.));
#1751 = LINE('',#1752,#1753);
#1752 = CARTESIAN_POINT('',(-0.55,1.2,0.));
#1753 = VECTOR('',#1754,1.);
#1754 = DIRECTION('',(0.,1.,-2.22044604925E-16));
#1755 = ORIENTED_EDGE('',*,*,#1756,.T.);
#1756 = EDGE_CURVE('',#1749,#1757,#1759,.T.);
#1757 = VERTEX_POINT('',#1758);
#1758 = CARTESIAN_POINT('',(-0.55,1.8,0.12));
#1759 = LINE('',#1760,#1761);
#1760 = CARTESIAN_POINT('',(-0.55,1.8,0.));
#1761 = VECTOR('',#1762,1.);
#1762 = DIRECTION('',(0.,0.,1.));
#1763 = ORIENTED_EDGE('',*,*,#1764,.F.);
#1764 = EDGE_CURVE('',#1660,#1757,#1765,.T.);
#1765 = LINE('',#1766,#1767);
#1766 = CARTESIAN_POINT('',(-0.55,1.2,0.12));
#1767 = VECTOR('',#1768,1.);
#1768 = DIRECTION('',(0.,1.,0.));
#1769 = PLANE('',#1770);
#1770 = AXIS2_PLACEMENT_3D('',#1771,#1772,#1773);
#1771 = CARTESIAN_POINT('',(-0.55,1.404,0.204));
#1772 = DIRECTION('',(1.,0.,0.));
#1773 = DIRECTION('',(0.,0.,1.));
#1774 = ADVANCED_FACE('',(#1775),#1800,.T.);
#1775 = FACE_BOUND('',#1776,.T.);
#1776 = EDGE_LOOP('',(#1777,#1785,#1786,#1794));
#1777 = ORIENTED_EDGE('',*,*,#1778,.F.);
#1778 = EDGE_CURVE('',#963,#1779,#1781,.T.);
#1779 = VERTEX_POINT('',#1780);
#1780 = CARTESIAN_POINT('',(-1.45,1.32,0.12));
#1781 = LINE('',#1782,#1783);
#1782 = CARTESIAN_POINT('',(-1.45,1.32,0.6));
#1783 = VECTOR('',#1784,1.);
#1784 = DIRECTION('',(0.,-2.22044604925E-16,-1.));
#1785 = ORIENTED_EDGE('',*,*,#960,.F.);
#1786 = ORIENTED_EDGE('',*,*,#1787,.T.);
#1787 = EDGE_CURVE('',#961,#1788,#1790,.T.);
#1788 = VERTEX_POINT('',#1789);
#1789 = CARTESIAN_POINT('',(-1.2,1.32,0.12));
#1790 = LINE('',#1791,#1792);
#1791 = CARTESIAN_POINT('',(-1.2,1.32,0.6));
#1792 = VECTOR('',#1793,1.);
#1793 = DIRECTION('',(0.,-2.22044604925E-16,-1.));
#1794 = ORIENTED_EDGE('',*,*,#1795,.T.);
#1795 = EDGE_CURVE('',#1788,#1779,#1796,.T.);
#1796 = LINE('',#1797,#1798);
#1797 = CARTESIAN_POINT('',(-1.45,1.32,0.12));
#1798 = VECTOR('',#1799,1.);
#1799 = DIRECTION('',(-1.,0.,0.));
#1800 = PLANE('',#1801);
#1801 = AXIS2_PLACEMENT_3D('',#1802,#1803,#1804);
#1802 = CARTESIAN_POINT('',(-1.45,1.32,0.6));
#1803 = DIRECTION('',(0.,1.,-2.22044604925E-16));
#1804 = DIRECTION('',(1.,0.,0.));
#1805 = ADVANCED_FACE('',(#1806),#1840,.T.);
#1806 = FACE_BOUND('',#1807,.T.);
#1807 = EDGE_LOOP('',(#1808,#1818,#1824,#1825,#1826,#1834));
#1808 = ORIENTED_EDGE('',*,*,#1809,.F.);
#1809 = EDGE_CURVE('',#1810,#1812,#1814,.T.);
#1810 = VERTEX_POINT('',#1811);
#1811 = CARTESIAN_POINT('',(-1.45,1.2,0.));
#1812 = VERTEX_POINT('',#1813);
#1813 = CARTESIAN_POINT('',(-1.45,1.8,0.));
#1814 = LINE('',#1815,#1816);
#1815 = CARTESIAN_POINT('',(-1.45,1.2,0.));
#1816 = VECTOR('',#1817,1.);
#1817 = DIRECTION('',(0.,1.,0.));
#1818 = ORIENTED_EDGE('',*,*,#1819,.T.);
#1819 = EDGE_CURVE('',#1810,#979,#1820,.T.);
#1820 = LINE('',#1821,#1822);
#1821 = CARTESIAN_POINT('',(-1.45,1.2,0.));
#1822 = VECTOR('',#1823,1.);
#1823 = DIRECTION('',(0.,0.,1.));
#1824 = ORIENTED_EDGE('',*,*,#986,.F.);
#1825 = ORIENTED_EDGE('',*,*,#1778,.T.);
#1826 = ORIENTED_EDGE('',*,*,#1827,.T.);
#1827 = EDGE_CURVE('',#1779,#1828,#1830,.T.);
#1828 = VERTEX_POINT('',#1829);
#1829 = CARTESIAN_POINT('',(-1.45,1.8,0.12));
#1830 = LINE('',#1831,#1832);
#1831 = CARTESIAN_POINT('',(-1.45,1.2,0.12));
#1832 = VECTOR('',#1833,1.);
#1833 = DIRECTION('',(0.,1.,0.));
#1834 = ORIENTED_EDGE('',*,*,#1835,.F.);
#1835 = EDGE_CURVE('',#1812,#1828,#1836,.T.);
#1836 = LINE('',#1837,#1838);
#1837 = CARTESIAN_POINT('',(-1.45,1.8,0.));
#1838 = VECTOR('',#1839,1.);
#1839 = DIRECTION('',(0.,0.,1.));
#1840 = PLANE('',#1841);
#1841 = AXIS2_PLACEMENT_3D('',#1842,#1843,#1844);
#1842 = CARTESIAN_POINT('',(-1.45,1.404,0.204));
#1843 = DIRECTION('',(-1.,-4.210938569317E-30,-2.321693004823E-30));
#1844 = DIRECTION('',(4.210938569317E-30,-1.,0.));
#1845 = ADVANCED_FACE('',(#1846),#1864,.F.);
#1846 = FACE_BOUND('',#1847,.F.);
#1847 = EDGE_LOOP('',(#1848,#1856,#1857,#1858));
#1848 = ORIENTED_EDGE('',*,*,#1849,.F.);
#1849 = EDGE_CURVE('',#1810,#1850,#1852,.T.);
#1850 = VERTEX_POINT('',#1851);
#1851 = CARTESIAN_POINT('',(-1.2,1.2,0.));
#1852 = LINE('',#1853,#1854);
#1853 = CARTESIAN_POINT('',(-1.45,1.2,0.));
#1854 = VECTOR('',#1855,1.);
#1855 = DIRECTION('',(1.,0.,0.));
#1856 = ORIENTED_EDGE('',*,*,#1819,.T.);
#1857 = ORIENTED_EDGE('',*,*,#978,.F.);
#1858 = ORIENTED_EDGE('',*,*,#1859,.F.);
#1859 = EDGE_CURVE('',#1850,#971,#1860,.T.);
#1860 = LINE('',#1861,#1862);
#1861 = CARTESIAN_POINT('',(-1.2,1.2,0.));
#1862 = VECTOR('',#1863,1.);
#1863 = DIRECTION('',(0.,0.,1.));
#1864 = PLANE('',#1865);
#1865 = AXIS2_PLACEMENT_3D('',#1866,#1867,#1868);
#1866 = CARTESIAN_POINT('',(-1.45,1.2,0.6));
#1867 = DIRECTION('',(0.,1.,-2.22044604925E-16));
#1868 = DIRECTION('',(1.,0.,0.));
#1869 = ADVANCED_FACE('',(#1870),#1897,.T.);
#1870 = FACE_BOUND('',#1871,.T.);
#1871 = EDGE_LOOP('',(#1872,#1873,#1881,#1889,#1895,#1896));
#1872 = ORIENTED_EDGE('',*,*,#1859,.F.);
#1873 = ORIENTED_EDGE('',*,*,#1874,.T.);
#1874 = EDGE_CURVE('',#1850,#1875,#1877,.T.);
#1875 = VERTEX_POINT('',#1876);
#1876 = CARTESIAN_POINT('',(-1.2,1.8,0.));
#1877 = LINE('',#1878,#1879);
#1878 = CARTESIAN_POINT('',(-1.2,1.2,0.));
#1879 = VECTOR('',#1880,1.);
#1880 = DIRECTION('',(0.,1.,0.));
#1881 = ORIENTED_EDGE('',*,*,#1882,.T.);
#1882 = EDGE_CURVE('',#1875,#1883,#1885,.T.);
#1883 = VERTEX_POINT('',#1884);
#1884 = CARTESIAN_POINT('',(-1.2,1.8,0.12));
#1885 = LINE('',#1886,#1887);
#1886 = CARTESIAN_POINT('',(-1.2,1.8,0.));
#1887 = VECTOR('',#1888,1.);
#1888 = DIRECTION('',(0.,0.,1.));
#1889 = ORIENTED_EDGE('',*,*,#1890,.F.);
#1890 = EDGE_CURVE('',#1788,#1883,#1891,.T.);
#1891 = LINE('',#1892,#1893);
#1892 = CARTESIAN_POINT('',(-1.2,1.2,0.12));
#1893 = VECTOR('',#1894,1.);
#1894 = DIRECTION('',(0.,1.,0.));
#1895 = ORIENTED_EDGE('',*,*,#1787,.F.);
#1896 = ORIENTED_EDGE('',*,*,#970,.F.);
#1897 = PLANE('',#1898);
#1898 = AXIS2_PLACEMENT_3D('',#1899,#1900,#1901);
#1899 = CARTESIAN_POINT('',(-1.2,1.404,0.204));
#1900 = DIRECTION('',(1.,6.253371087261E-30,2.992537318986E-30));
#1901 = DIRECTION('',(-6.253371087261E-30,1.,0.));
#1902 = ADVANCED_FACE('',(#1903),#1928,.T.);
#1903 = FACE_BOUND('',#1904,.T.);
#1904 = EDGE_LOOP('',(#1905,#1913,#1914,#1922));
#1905 = ORIENTED_EDGE('',*,*,#1906,.F.);
#1906 = EDGE_CURVE('',#997,#1907,#1909,.T.);
#1907 = VERTEX_POINT('',#1908);
#1908 = CARTESIAN_POINT('',(0.5,1.32,0.12));
#1909 = LINE('',#1910,#1911);
#1910 = CARTESIAN_POINT('',(0.5,1.32,0.6));
#1911 = VECTOR('',#1912,1.);
#1912 = DIRECTION('',(0.,-2.22044604925E-16,-1.));
#1913 = ORIENTED_EDGE('',*,*,#994,.F.);
#1914 = ORIENTED_EDGE('',*,*,#1915,.T.);
#1915 = EDGE_CURVE('',#995,#1916,#1918,.T.);
#1916 = VERTEX_POINT('',#1917);
#1917 = CARTESIAN_POINT('',(0.75,1.32,0.12));
#1918 = LINE('',#1919,#1920);
#1919 = CARTESIAN_POINT('',(0.75,1.32,0.6));
#1920 = VECTOR('',#1921,1.);
#1921 = DIRECTION('',(0.,-2.22044604925E-16,-1.));
#1922 = ORIENTED_EDGE('',*,*,#1923,.F.);
#1923 = EDGE_CURVE('',#1907,#1916,#1924,.T.);
#1924 = LINE('',#1925,#1926);
#1925 = CARTESIAN_POINT('',(0.5,1.32,0.12));
#1926 = VECTOR('',#1927,1.);
#1927 = DIRECTION('',(1.,0.,0.));
#1928 = PLANE('',#1929);
#1929 = AXIS2_PLACEMENT_3D('',#1930,#1931,#1932);
#1930 = CARTESIAN_POINT('',(0.5,1.32,0.6));
#1931 = DIRECTION('',(0.,1.,-2.22044604925E-16));
#1932 = DIRECTION('',(1.,0.,0.));
#1933 = ADVANCED_FACE('',(#1934),#1968,.T.);
#1934 = FACE_BOUND('',#1935,.T.);
#1935 = EDGE_LOOP('',(#1936,#1937,#1938,#1946,#1954,#1962));
#1936 = ORIENTED_EDGE('',*,*,#1020,.F.);
#1937 = ORIENTED_EDGE('',*,*,#1906,.T.);
#1938 = ORIENTED_EDGE('',*,*,#1939,.T.);
#1939 = EDGE_CURVE('',#1907,#1940,#1942,.T.);
#1940 = VERTEX_POINT('',#1941);
#1941 = CARTESIAN_POINT('',(0.5,1.8,0.12));
#1942 = LINE('',#1943,#1944);
#1943 = CARTESIAN_POINT('',(0.5,1.2,0.12));
#1944 = VECTOR('',#1945,1.);
#1945 = DIRECTION('',(0.,1.,0.));
#1946 = ORIENTED_EDGE('',*,*,#1947,.F.);
#1947 = EDGE_CURVE('',#1948,#1940,#1950,.T.);
#1948 = VERTEX_POINT('',#1949);
#1949 = CARTESIAN_POINT('',(0.5,1.8,0.));
#1950 = LINE('',#1951,#1952);
#1951 = CARTESIAN_POINT('',(0.5,1.8,0.));
#1952 = VECTOR('',#1953,1.);
#1953 = DIRECTION('',(0.,0.,1.));
#1954 = ORIENTED_EDGE('',*,*,#1955,.F.);
#1955 = EDGE_CURVE('',#1956,#1948,#1958,.T.);
#1956 = VERTEX_POINT('',#1957);
#1957 = CARTESIAN_POINT('',(0.5,1.2,0.));
#1958 = LINE('',#1959,#1960);
#1959 = CARTESIAN_POINT('',(0.5,1.2,0.));
#1960 = VECTOR('',#1961,1.);
#1961 = DIRECTION('',(0.,1.,0.));
#1962 = ORIENTED_EDGE('',*,*,#1963,.F.);
#1963 = EDGE_CURVE('',#1013,#1956,#1964,.T.);
#1964 = LINE('',#1965,#1966);
#1965 = CARTESIAN_POINT('',(0.5,1.2,0.6));
#1966 = VECTOR('',#1967,1.);
#1967 = DIRECTION('',(0.,-2.22044604925E-16,-1.));
#1968 = PLANE('',#1969);
#1969 = AXIS2_PLACEMENT_3D('',#1970,#1971,#1972);
#1970 = CARTESIAN_POINT('',(0.5,1.404,0.204));
#1971 = DIRECTION('',(-1.,-0.,-0.));
#1972 = DIRECTION('',(0.,0.,-1.));
#1973 = ADVANCED_FACE('',(#1974),#1992,.F.);
#1974 = FACE_BOUND('',#1975,.F.);
#1975 = EDGE_LOOP('',(#1976,#1977,#1978,#1986));
#1976 = ORIENTED_EDGE('',*,*,#1963,.F.);
#1977 = ORIENTED_EDGE('',*,*,#1012,.F.);
#1978 = ORIENTED_EDGE('',*,*,#1979,.T.);
#1979 = EDGE_CURVE('',#1005,#1980,#1982,.T.);
#1980 = VERTEX_POINT('',#1981);
#1981 = CARTESIAN_POINT('',(0.75,1.2,0.));
#1982 = LINE('',#1983,#1984);
#1983 = CARTESIAN_POINT('',(0.75,1.2,0.6));
#1984 = VECTOR('',#1985,1.);
#1985 = DIRECTION('',(0.,-2.22044604925E-16,-1.));
#1986 = ORIENTED_EDGE('',*,*,#1987,.F.);
#1987 = EDGE_CURVE('',#1956,#1980,#1988,.T.);
#1988 = LINE('',#1989,#1990);
#1989 = CARTESIAN_POINT('',(0.5,1.2,0.));
#1990 = VECTOR('',#1991,1.);
#1991 = DIRECTION('',(1.,0.,0.));
#1992 = PLANE('',#1993);
#1993 = AXIS2_PLACEMENT_3D('',#1994,#1995,#1996);
#1994 = CARTESIAN_POINT('',(0.5,1.2,0.6));
#1995 = DIRECTION('',(0.,1.,-2.22044604925E-16));
#1996 = DIRECTION('',(1.,0.,0.));
#1997 = ADVANCED_FACE('',(#1998),#2025,.T.);
#1998 = FACE_BOUND('',#1999,.T.);
#1999 = EDGE_LOOP('',(#2000,#2001,#2002,#2003,#2011,#2019));
#2000 = ORIENTED_EDGE('',*,*,#1915,.F.);
#2001 = ORIENTED_EDGE('',*,*,#1004,.F.);
#2002 = ORIENTED_EDGE('',*,*,#1979,.T.);
#2003 = ORIENTED_EDGE('',*,*,#2004,.T.);
#2004 = EDGE_CURVE('',#1980,#2005,#2007,.T.);
#2005 = VERTEX_POINT('',#2006);
#2006 = CARTESIAN_POINT('',(0.75,1.8,0.));
#2007 = LINE('',#2008,#2009);
#2008 = CARTESIAN_POINT('',(0.75,1.2,0.));
#2009 = VECTOR('',#2010,1.);
#2010 = DIRECTION('',(0.,1.,-2.22044604925E-16));
#2011 = ORIENTED_EDGE('',*,*,#2012,.T.);
#2012 = EDGE_CURVE('',#2005,#2013,#2015,.T.);
#2013 = VERTEX_POINT('',#2014);
#2014 = CARTESIAN_POINT('',(0.75,1.8,0.12));
#2015 = LINE('',#2016,#2017);
#2016 = CARTESIAN_POINT('',(0.75,1.8,0.));
#2017 = VECTOR('',#2018,1.);
#2018 = DIRECTION('',(0.,0.,1.));
#2019 = ORIENTED_EDGE('',*,*,#2020,.F.);
#2020 = EDGE_CURVE('',#1916,#2013,#2021,.T.);
#2021 = LINE('',#2022,#2023);
#2022 = CARTESIAN_POINT('',(0.75,1.2,0.12));
#2023 = VECTOR('',#2024,1.);
#2024 = DIRECTION('',(0.,1.,0.));
#2025 = PLANE('',#2026);
#2026 = AXIS2_PLACEMENT_3D('',#2027,#2028,#2029);
#2027 = CARTESIAN_POINT('',(0.75,1.404,0.204));
#2028 = DIRECTION('',(1.,-9.051909435223E-31,-6.117159043776E-31));
#2029 = DIRECTION('',(9.051909435223E-31,1.,0.));
#2030 = ADVANCED_FACE('',(#2031),#2056,.T.);
#2031 = FACE_BOUND('',#2032,.T.);
#2032 = EDGE_LOOP('',(#2033,#2041,#2042,#2050));
#2033 = ORIENTED_EDGE('',*,*,#2034,.F.);
#2034 = EDGE_CURVE('',#1031,#2035,#2037,.T.);
#2035 = VERTEX_POINT('',#2036);
#2036 = CARTESIAN_POINT('',(1.15,1.32,0.12));
#2037 = LINE('',#2038,#2039);
#2038 = CARTESIAN_POINT('',(1.15,1.32,0.6));
#2039 = VECTOR('',#2040,1.);
#2040 = DIRECTION('',(0.,-2.22044604925E-16,-1.));
#2041 = ORIENTED_EDGE('',*,*,#1028,.F.);
#2042 = ORIENTED_EDGE('',*,*,#2043,.T.);
#2043 = EDGE_CURVE('',#1029,#2044,#2046,.T.);
#2044 = VERTEX_POINT('',#2045);
#2045 = CARTESIAN_POINT('',(1.4,1.32,0.12));
#2046 = LINE('',#2047,#2048);
#2047 = CARTESIAN_POINT('',(1.4,1.32,0.6));
#2048 = VECTOR('',#2049,1.);
#2049 = DIRECTION('',(0.,-2.22044604925E-16,-1.));
#2050 = ORIENTED_EDGE('',*,*,#2051,.T.);
#2051 = EDGE_CURVE('',#2044,#2035,#2052,.T.);
#2052 = LINE('',#2053,#2054);
#2053 = CARTESIAN_POINT('',(1.15,1.32,0.12));
#2054 = VECTOR('',#2055,1.);
#2055 = DIRECTION('',(-1.,0.,0.));
#2056 = PLANE('',#2057);
#2057 = AXIS2_PLACEMENT_3D('',#2058,#2059,#2060);
#2058 = CARTESIAN_POINT('',(1.15,1.32,0.6));
#2059 = DIRECTION('',(0.,1.,-2.22044604925E-16));
#2060 = DIRECTION('',(1.,0.,0.));
#2061 = ADVANCED_FACE('',(#2062),#2096,.T.);
#2062 = FACE_BOUND('',#2063,.T.);
#2063 = EDGE_LOOP('',(#2064,#2074,#2080,#2081,#2082,#2090));
#2064 = ORIENTED_EDGE('',*,*,#2065,.F.);
#2065 = EDGE_CURVE('',#2066,#2068,#2070,.T.);
#2066 = VERTEX_POINT('',#2067);
#2067 = CARTESIAN_POINT('',(1.15,1.2,0.));
#2068 = VERTEX_POINT('',#2069);
#2069 = CARTESIAN_POINT('',(1.15,1.8,0.));
#2070 = LINE('',#2071,#2072);
#2071 = CARTESIAN_POINT('',(1.15,1.2,0.));
#2072 = VECTOR('',#2073,1.);
#2073 = DIRECTION('',(0.,1.,0.));
#2074 = ORIENTED_EDGE('',*,*,#2075,.T.);
#2075 = EDGE_CURVE('',#2066,#1047,#2076,.T.);
#2076 = LINE('',#2077,#2078);
#2077 = CARTESIAN_POINT('',(1.15,1.2,0.));
#2078 = VECTOR('',#2079,1.);
#2079 = DIRECTION('',(0.,0.,1.));
#2080 = ORIENTED_EDGE('',*,*,#1054,.F.);
#2081 = ORIENTED_EDGE('',*,*,#2034,.T.);
#2082 = ORIENTED_EDGE('',*,*,#2083,.T.);
#2083 = EDGE_CURVE('',#2035,#2084,#2086,.T.);
#2084 = VERTEX_POINT('',#2085);
#2085 = CARTESIAN_POINT('',(1.15,1.8,0.12));
#2086 = LINE('',#2087,#2088);
#2087 = CARTESIAN_POINT('',(1.15,1.2,0.12));
#2088 = VECTOR('',#2089,1.);
#2089 = DIRECTION('',(0.,1.,0.));
#2090 = ORIENTED_EDGE('',*,*,#2091,.F.);
#2091 = EDGE_CURVE('',#2068,#2084,#2092,.T.);
#2092 = LINE('',#2093,#2094);
#2093 = CARTESIAN_POINT('',(1.15,1.8,0.));
#2094 = VECTOR('',#2095,1.);
#2095 = DIRECTION('',(0.,0.,1.));
#2096 = PLANE('',#2097);
#2097 = AXIS2_PLACEMENT_3D('',#2098,#2099,#2100);
#2098 = CARTESIAN_POINT('',(1.15,1.404,0.204));
#2099 = DIRECTION('',(-1.,4.210938569317E-30,2.321693004823E-30));
#2100 = DIRECTION('',(-4.210938569317E-30,-1.,0.));
#2101 = ADVANCED_FACE('',(#2102),#2120,.F.);
#2102 = FACE_BOUND('',#2103,.F.);
#2103 = EDGE_LOOP('',(#2104,#2112,#2113,#2114));
#2104 = ORIENTED_EDGE('',*,*,#2105,.F.);
#2105 = EDGE_CURVE('',#2066,#2106,#2108,.T.);
#2106 = VERTEX_POINT('',#2107);
#2107 = CARTESIAN_POINT('',(1.4,1.2,0.));
#2108 = LINE('',#2109,#2110);
#2109 = CARTESIAN_POINT('',(1.15,1.2,0.));
#2110 = VECTOR('',#2111,1.);
#2111 = DIRECTION('',(1.,0.,0.));
#2112 = ORIENTED_EDGE('',*,*,#2075,.T.);
#2113 = ORIENTED_EDGE('',*,*,#1046,.F.);
#2114 = ORIENTED_EDGE('',*,*,#2115,.F.);
#2115 = EDGE_CURVE('',#2106,#1039,#2116,.T.);
#2116 = LINE('',#2117,#2118);
#2117 = CARTESIAN_POINT('',(1.4,1.2,0.));
#2118 = VECTOR('',#2119,1.);
#2119 = DIRECTION('',(0.,0.,1.));
#2120 = PLANE('',#2121);
#2121 = AXIS2_PLACEMENT_3D('',#2122,#2123,#2124);
#2122 = CARTESIAN_POINT('',(1.15,1.2,0.6));
#2123 = DIRECTION('',(0.,1.,-2.22044604925E-16));
#2124 = DIRECTION('',(1.,0.,0.));
#2125 = ADVANCED_FACE('',(#2126),#2153,.T.);
#2126 = FACE_BOUND('',#2127,.T.);
#2127 = EDGE_LOOP('',(#2128,#2129,#2137,#2145,#2151,#2152));
#2128 = ORIENTED_EDGE('',*,*,#2115,.F.);
#2129 = ORIENTED_EDGE('',*,*,#2130,.T.);
#2130 = EDGE_CURVE('',#2106,#2131,#2133,.T.);
#2131 = VERTEX_POINT('',#2132);
#2132 = CARTESIAN_POINT('',(1.4,1.8,0.));
#2133 = LINE('',#2134,#2135);
#2134 = CARTESIAN_POINT('',(1.4,1.2,0.));
#2135 = VECTOR('',#2136,1.);
#2136 = DIRECTION('',(0.,1.,0.));
#2137 = ORIENTED_EDGE('',*,*,#2138,.T.);
#2138 = EDGE_CURVE('',#2131,#2139,#2141,.T.);
#2139 = VERTEX_POINT('',#2140);
#2140 = CARTESIAN_POINT('',(1.4,1.8,0.12));
#2141 = LINE('',#2142,#2143);
#2142 = CARTESIAN_POINT('',(1.4,1.8,0.));
#2143 = VECTOR('',#2144,1.);
#2144 = DIRECTION('',(0.,0.,1.));
#2145 = ORIENTED_EDGE('',*,*,#2146,.F.);
#2146 = EDGE_CURVE('',#2044,#2139,#2147,.T.);
#2147 = LINE('',#2148,#2149);
#2148 = CARTESIAN_POINT('',(1.4,1.2,0.12));
#2149 = VECTOR('',#2150,1.);
#2150 = DIRECTION('',(0.,1.,0.));
#2151 = ORIENTED_EDGE('',*,*,#2043,.F.);
#2152 = ORIENTED_EDGE('',*,*,#1038,.F.);
#2153 = PLANE('',#2154);
#2154 = AXIS2_PLACEMENT_3D('',#2155,#2156,#2157);
#2155 = CARTESIAN_POINT('',(1.4,1.404,0.204));
#2156 = DIRECTION('',(1.,-6.253371087261E-30,-2.992537318986E-30));
#2157 = DIRECTION('',(6.253371087261E-30,1.,0.));
#2158 = ADVANCED_FACE('',(#2159),#2177,.T.);
#2159 = FACE_BOUND('',#2160,.T.);
#2160 = EDGE_LOOP('',(#2161,#2162,#2163,#2171));
#2161 = ORIENTED_EDGE('',*,*,#1100,.F.);
#2162 = ORIENTED_EDGE('',*,*,#1507,.F.);
#2163 = ORIENTED_EDGE('',*,*,#2164,.F.);
#2164 = EDGE_CURVE('',#2165,#1500,#2167,.T.);
#2165 = VERTEX_POINT('',#2166);
#2166 = CARTESIAN_POINT('',(2.54004040443,1.6,0.25));
#2167 = LINE('',#2168,#2169);
#2168 = CARTESIAN_POINT('',(2.54004040443,-2.008777825342,0.25));
#2169 = VECTOR('',#2170,1.);
#2170 = DIRECTION('',(0.,-1.,0.));
#2171 = ORIENTED_EDGE('',*,*,#2172,.F.);
#2172 = EDGE_CURVE('',#1093,#2165,#2173,.T.);
#2173 = LINE('',#2174,#2175);
#2174 = CARTESIAN_POINT('',(1.91,1.6,0.25));
#2175 = VECTOR('',#2176,1.);
#2176 = DIRECTION('',(1.,0.,0.));
#2177 = PLANE('',#2178);
#2178 = AXIS2_PLACEMENT_3D('',#2179,#2180,#2181);
#2179 = CARTESIAN_POINT('',(-1.419092465753E-02,-0.817555650685,0.25));
#2180 = DIRECTION('',(0.,0.,1.));
#2181 = DIRECTION('',(1.,0.,0.));
#2182 = ADVANCED_FACE('',(#2183),#2209,.T.);
#2183 = FACE_BOUND('',#2184,.T.);
#2184 = EDGE_LOOP('',(#2185,#2193,#2194,#2195,#2203));
#2185 = ORIENTED_EDGE('',*,*,#2186,.F.);
#2186 = EDGE_CURVE('',#1085,#2187,#2189,.T.);
#2187 = VERTEX_POINT('',#2188);
#2188 = CARTESIAN_POINT('',(2.616591877224,1.6,0.));
#2189 = LINE('',#2190,#2191);
#2190 = CARTESIAN_POINT('',(1.91,1.6,0.));
#2191 = VECTOR('',#2192,1.);
#2192 = DIRECTION('',(1.,0.,0.));
#2193 = ORIENTED_EDGE('',*,*,#1092,.T.);
#2194 = ORIENTED_EDGE('',*,*,#2172,.T.);
#2195 = ORIENTED_EDGE('',*,*,#2196,.F.);
#2196 = EDGE_CURVE('',#2197,#2165,#2199,.T.);
#2197 = VERTEX_POINT('',#2198);
#2198 = CARTESIAN_POINT('',(2.45,1.6,0.15));
#2199 = LINE('',#2200,#2201);
#2200 = CARTESIAN_POINT('',(2.291816771465,1.6,-2.568027324725E-02));
#2201 = VECTOR('',#2202,1.);
#2202 = DIRECTION('',(0.669130606359,0.,0.743144825477));
#2203 = ORIENTED_EDGE('',*,*,#2204,.F.);
#2204 = EDGE_CURVE('',#2187,#2197,#2205,.T.);
#2205 = LINE('',#2206,#2207);
#2206 = CARTESIAN_POINT('',(2.338183228535,1.6,0.250680273247));
#2207 = VECTOR('',#2208,1.);
#2208 = DIRECTION('',(-0.743144825477,0.,0.669130606359));
#2209 = PLANE('',#2210);
#2210 = AXIS2_PLACEMENT_3D('',#2211,#2212,#2213);
#2211 = CARTESIAN_POINT('',(1.91,1.6,0.));
#2212 = DIRECTION('',(0.,1.,0.));
#2213 = DIRECTION('',(0.,0.,1.));
#2214 = ADVANCED_FACE('',(#2215),#2328,.T.);
#2215 = FACE_BOUND('',#2216,.T.);
#2216 = EDGE_LOOP('',(#2217,#2223,#2224,#2225,#2233,#2241,#2249,#2257,
    #2265,#2273,#2281,#2289,#2297,#2305,#2313,#2321,#2327));
#2217 = ORIENTED_EDGE('',*,*,#2218,.T.);
#2218 = EDGE_CURVE('',#1334,#1077,#2219,.T.);
#2219 = LINE('',#2220,#2221);
#2220 = CARTESIAN_POINT('',(-1.91,0.55,0.));
#2221 = VECTOR('',#2222,1.);
#2222 = DIRECTION('',(1.,0.,0.));
#2223 = ORIENTED_EDGE('',*,*,#1084,.T.);
#2224 = ORIENTED_EDGE('',*,*,#2186,.T.);
#2225 = ORIENTED_EDGE('',*,*,#2226,.F.);
#2226 = EDGE_CURVE('',#2227,#2187,#2229,.T.);
#2227 = VERTEX_POINT('',#2228);
#2228 = CARTESIAN_POINT('',(2.616591877224,-0.73,0.));
#2229 = LINE('',#2230,#2231);
#2230 = CARTESIAN_POINT('',(2.616591877224,-2.004377200704,
    -2.775557561563E-17));
#2231 = VECTOR('',#2232,1.);
#2232 = DIRECTION('',(0.,1.,0.));
#2233 = ORIENTED_EDGE('',*,*,#2234,.T.);
#2234 = EDGE_CURVE('',#2227,#2235,#2237,.T.);
#2235 = VERTEX_POINT('',#2236);
#2236 = CARTESIAN_POINT('',(2.54,-0.73,0.));
#2237 = LINE('',#2238,#2239);
#2238 = CARTESIAN_POINT('',(2.225,-0.73,0.));
#2239 = VECTOR('',#2240,1.);
#2240 = DIRECTION('',(-1.,0.,0.));
#2241 = ORIENTED_EDGE('',*,*,#2242,.F.);
#2242 = EDGE_CURVE('',#2243,#2235,#2245,.T.);
#2243 = VERTEX_POINT('',#2244);
#2244 = CARTESIAN_POINT('',(2.54,-1.53,0.));
#2245 = LINE('',#2246,#2247);
#2246 = CARTESIAN_POINT('',(2.54,-2.365,0.));
#2247 = VECTOR('',#2248,1.);
#2248 = DIRECTION('',(0.,1.,0.));
#2249 = ORIENTED_EDGE('',*,*,#2250,.F.);
#2250 = EDGE_CURVE('',#2251,#2243,#2253,.T.);
#2251 = VERTEX_POINT('',#2252);
#2252 = CARTESIAN_POINT('',(2.616591877224,-1.53,0.));
#2253 = LINE('',#2254,#2255);
#2254 = CARTESIAN_POINT('',(2.225,-1.53,0.));
#2255 = VECTOR('',#2256,1.);
#2256 = DIRECTION('',(-1.,0.,0.));
#2257 = ORIENTED_EDGE('',*,*,#2258,.F.);
#2258 = EDGE_CURVE('',#2259,#2251,#2261,.T.);
#2259 = VERTEX_POINT('',#2260);
#2260 = CARTESIAN_POINT('',(2.616591877224,-3.2,0.));
#2261 = LINE('',#2262,#2263);
#2262 = CARTESIAN_POINT('',(2.616591877224,-2.004377200704,
    -2.775557561563E-17));
#2263 = VECTOR('',#2264,1.);
#2264 = DIRECTION('',(0.,1.,0.));
#2265 = ORIENTED_EDGE('',*,*,#2266,.F.);
#2266 = EDGE_CURVE('',#2267,#2259,#2269,.T.);
#2267 = VERTEX_POINT('',#2268);
#2268 = CARTESIAN_POINT('',(-2.66,-3.2,0.));
#2269 = LINE('',#2270,#2271);
#2270 = CARTESIAN_POINT('',(-2.66,-3.2,0.));
#2271 = VECTOR('',#2272,1.);
#2272 = DIRECTION('',(1.,0.,0.));
#2273 = ORIENTED_EDGE('',*,*,#2274,.T.);
#2274 = EDGE_CURVE('',#2267,#2275,#2277,.T.);
#2275 = VERTEX_POINT('',#2276);
#2276 = CARTESIAN_POINT('',(-2.66,-1.53,0.));
#2277 = LINE('',#2278,#2279);
#2278 = CARTESIAN_POINT('',(-2.66,-3.2,0.));
#2279 = VECTOR('',#2280,1.);
#2280 = DIRECTION('',(0.,1.,0.));
#2281 = ORIENTED_EDGE('',*,*,#2282,.F.);
#2282 = EDGE_CURVE('',#2283,#2275,#2285,.T.);
#2283 = VERTEX_POINT('',#2284);
#2284 = CARTESIAN_POINT('',(-2.59,-1.53,0.));
#2285 = LINE('',#2286,#2287);
#2286 = CARTESIAN_POINT('',(-2.8,-1.53,0.));
#2287 = VECTOR('',#2288,1.);
#2288 = DIRECTION('',(-1.,0.,0.));
#2289 = ORIENTED_EDGE('',*,*,#2290,.T.);
#2290 = EDGE_CURVE('',#2283,#2291,#2293,.T.);
#2291 = VERTEX_POINT('',#2292);
#2292 = CARTESIAN_POINT('',(-2.59,-0.73,0.));
#2293 = LINE('',#2294,#2295);
#2294 = CARTESIAN_POINT('',(-2.59,-2.365,0.));
#2295 = VECTOR('',#2296,1.);
#2296 = DIRECTION('',(0.,1.,0.));
#2297 = ORIENTED_EDGE('',*,*,#2298,.T.);
#2298 = EDGE_CURVE('',#2291,#2299,#2301,.T.);
#2299 = VERTEX_POINT('',#2300);
#2300 = CARTESIAN_POINT('',(-2.66,-0.73,0.));
#2301 = LINE('',#2302,#2303);
#2302 = CARTESIAN_POINT('',(-2.8,-0.73,0.));
#2303 = VECTOR('',#2304,1.);
#2304 = DIRECTION('',(-1.,0.,0.));
#2305 = ORIENTED_EDGE('',*,*,#2306,.T.);
#2306 = EDGE_CURVE('',#2299,#2307,#2309,.T.);
#2307 = VERTEX_POINT('',#2308);
#2308 = CARTESIAN_POINT('',(-2.66,1.6,0.));
#2309 = LINE('',#2310,#2311);
#2310 = CARTESIAN_POINT('',(-2.66,-3.2,0.));
#2311 = VECTOR('',#2312,1.);
#2312 = DIRECTION('',(0.,1.,0.));
#2313 = ORIENTED_EDGE('',*,*,#2314,.T.);
#2314 = EDGE_CURVE('',#2307,#2315,#2317,.T.);
#2315 = VERTEX_POINT('',#2316);
#2316 = CARTESIAN_POINT('',(-2.65,1.6,0.));
#2317 = LINE('',#2318,#2319);
#2318 = CARTESIAN_POINT('',(-2.66,1.6,0.));
#2319 = VECTOR('',#2320,1.);
#2320 = DIRECTION('',(1.,0.,0.));
#2321 = ORIENTED_EDGE('',*,*,#2322,.T.);
#2322 = EDGE_CURVE('',#2315,#1342,#2323,.T.);
#2323 = LINE('',#2324,#2325);
#2324 = CARTESIAN_POINT('',(-2.66,1.6,0.));
#2325 = VECTOR('',#2326,1.);
#2326 = DIRECTION('',(1.,0.,0.));
#2327 = ORIENTED_EDGE('',*,*,#1341,.F.);
#2328 = PLANE('',#2329);
#2329 = AXIS2_PLACEMENT_3D('',#2330,#2331,#2332);
#2330 = CARTESIAN_POINT('',(9.529049295775E-03,-0.808754401408,0.));
#2331 = DIRECTION('',(-0.,-0.,-1.));
#2332 = DIRECTION('',(-1.,0.,0.));
#2333 = ADVANCED_FACE('',(#2334),#2340,.T.);
#2334 = FACE_BOUND('',#2335,.T.);
#2335 = EDGE_LOOP('',(#2336,#2337,#2338,#2339));
#2336 = ORIENTED_EDGE('',*,*,#2218,.F.);
#2337 = ORIENTED_EDGE('',*,*,#1333,.T.);
#2338 = ORIENTED_EDGE('',*,*,#1125,.T.);
#2339 = ORIENTED_EDGE('',*,*,#1076,.F.);
#2340 = PLANE('',#2341);
#2341 = AXIS2_PLACEMENT_3D('',#2342,#2343,#2344);
#2342 = CARTESIAN_POINT('',(-1.91,0.55,0.));
#2343 = DIRECTION('',(0.,1.,0.));
#2344 = DIRECTION('',(0.,0.,1.));
#2345 = ADVANCED_FACE('',(#2346,#2499),#2509,.T.);
#2346 = FACE_BOUND('',#2347,.T.);
#2347 = EDGE_LOOP('',(#2348,#2358,#2366,#2374,#2380,#2381,#2389,#2397,
    #2405,#2413,#2421,#2429,#2437,#2445,#2453,#2461,#2469,#2477,#2485,
    #2493));
#2348 = ORIENTED_EDGE('',*,*,#2349,.F.);
#2349 = EDGE_CURVE('',#2350,#2352,#2354,.T.);
#2350 = VERTEX_POINT('',#2351);
#2351 = CARTESIAN_POINT('',(-3.75,-3.2,1.2));
#2352 = VERTEX_POINT('',#2353);
#2353 = CARTESIAN_POINT('',(-3.75,-3.2,2.4));
#2354 = LINE('',#2355,#2356);
#2355 = CARTESIAN_POINT('',(-3.75,-3.2,1.2));
#2356 = VECTOR('',#2357,1.);
#2357 = DIRECTION('',(0.,0.,1.));
#2358 = ORIENTED_EDGE('',*,*,#2359,.T.);
#2359 = EDGE_CURVE('',#2350,#2360,#2362,.T.);
#2360 = VERTEX_POINT('',#2361);
#2361 = CARTESIAN_POINT('',(-3.730484853157,-3.2,1.2));
#2362 = LINE('',#2363,#2364);
#2363 = CARTESIAN_POINT('',(-3.75,-3.2,1.2));
#2364 = VECTOR('',#2365,1.);
#2365 = DIRECTION('',(1.,0.,0.));
#2366 = ORIENTED_EDGE('',*,*,#2367,.F.);
#2367 = EDGE_CURVE('',#2368,#2360,#2370,.T.);
#2368 = VERTEX_POINT('',#2369);
#2369 = CARTESIAN_POINT('',(-2.66,-3.2,1.110612514829E-02));
#2370 = LINE('',#2371,#2372);
#2371 = CARTESIAN_POINT('',(-2.65,-3.2,0.));
#2372 = VECTOR('',#2373,1.);
#2373 = DIRECTION('',(-0.669130606359,0.,0.743144825477));
#2374 = ORIENTED_EDGE('',*,*,#2375,.F.);
#2375 = EDGE_CURVE('',#2267,#2368,#2376,.T.);
#2376 = LINE('',#2377,#2378);
#2377 = CARTESIAN_POINT('',(-2.66,-3.2,0.));
#2378 = VECTOR('',#2379,1.);
#2379 = DIRECTION('',(0.,0.,1.));
#2380 = ORIENTED_EDGE('',*,*,#2266,.T.);
#2381 = ORIENTED_EDGE('',*,*,#2382,.T.);
#2382 = EDGE_CURVE('',#2259,#2383,#2385,.T.);
#2383 = VERTEX_POINT('',#2384);
#2384 = CARTESIAN_POINT('',(2.635786206369,-3.2,-1.728265158971E-02));
#2385 = LINE('',#2386,#2387);
#2386 = CARTESIAN_POINT('',(2.45,-3.2,0.15));
#2387 = VECTOR('',#2388,1.);
#2388 = DIRECTION('',(0.743144825477,0.,-0.669130606359));
#2389 = ORIENTED_EDGE('',*,*,#2390,.T.);
#2390 = EDGE_CURVE('',#2383,#2391,#2393,.T.);
#2391 = VERTEX_POINT('',#2392);
#2392 = CARTESIAN_POINT('',(2.651347575757,-3.2,-2.949029909161E-17));
#2393 = LINE('',#2394,#2395);
#2394 = CARTESIAN_POINT('',(2.635786206369,-3.2,-1.728265158971E-02));
#2395 = VECTOR('',#2396,1.);
#2396 = DIRECTION('',(0.669130606359,0.,0.743144825477));
#2397 = ORIENTED_EDGE('',*,*,#2398,.T.);
#2398 = EDGE_CURVE('',#2391,#2399,#2401,.T.);
#2399 = VERTEX_POINT('',#2400);
#2400 = CARTESIAN_POINT('',(2.66,-3.2,0.));
#2401 = LINE('',#2402,#2403);
#2402 = CARTESIAN_POINT('',(-2.66,-3.2,0.));
#2403 = VECTOR('',#2404,1.);
#2404 = DIRECTION('',(1.,0.,0.));
#2405 = ORIENTED_EDGE('',*,*,#2406,.T.);
#2406 = EDGE_CURVE('',#2399,#2407,#2409,.T.);
#2407 = VERTEX_POINT('',#2408);
#2408 = CARTESIAN_POINT('',(2.66,-3.2,9.609490647978E-03));
#2409 = LINE('',#2410,#2411);
#2410 = CARTESIAN_POINT('',(2.66,-3.2,0.));
#2411 = VECTOR('',#2412,1.);
#2412 = DIRECTION('',(0.,0.,1.));
#2413 = ORIENTED_EDGE('',*,*,#2414,.T.);
#2414 = EDGE_CURVE('',#2407,#2415,#2417,.T.);
#2415 = VERTEX_POINT('',#2416);
#2416 = CARTESIAN_POINT('',(3.726469094734,-3.2,1.194043413938));
#2417 = LINE('',#2418,#2419);
#2418 = CARTESIAN_POINT('',(2.635786206369,-3.2,-1.728265158971E-02));
#2419 = VECTOR('',#2420,1.);
#2420 = DIRECTION('',(0.669130606359,0.,0.743144825477));
#2421 = ORIENTED_EDGE('',*,*,#2422,.F.);
#2422 = EDGE_CURVE('',#2423,#2415,#2425,.T.);
#2423 = VERTEX_POINT('',#2424);
#2424 = CARTESIAN_POINT('',(3.719853635709,-3.2,1.2));
#2425 = LINE('',#2426,#2427);
#2426 = CARTESIAN_POINT('',(3.540682888365,-3.2,1.361326065528));
#2427 = VECTOR('',#2428,1.);
#2428 = DIRECTION('',(0.743144825477,0.,-0.669130606359));
#2429 = ORIENTED_EDGE('',*,*,#2430,.T.);
#2430 = EDGE_CURVE('',#2423,#2431,#2433,.T.);
#2431 = VERTEX_POINT('',#2432);
#2432 = CARTESIAN_POINT('',(3.75,-3.2,1.2));
#2433 = LINE('',#2434,#2435);
#2434 = CARTESIAN_POINT('',(3.5,-3.2,1.2));
#2435 = VECTOR('',#2436,1.);
#2436 = DIRECTION('',(1.,0.,0.));
#2437 = ORIENTED_EDGE('',*,*,#2438,.T.);
#2438 = EDGE_CURVE('',#2431,#2439,#2441,.T.);
#2439 = VERTEX_POINT('',#2440);
#2440 = CARTESIAN_POINT('',(3.75,-3.2,2.4));
#2441 = LINE('',#2442,#2443);
#2442 = CARTESIAN_POINT('',(3.75,-3.2,1.2));
#2443 = VECTOR('',#2444,1.);
#2444 = DIRECTION('',(0.,0.,1.));
#2445 = ORIENTED_EDGE('',*,*,#2446,.F.);
#2446 = EDGE_CURVE('',#2447,#2439,#2449,.T.);
#2447 = VERTEX_POINT('',#2448);
#2448 = CARTESIAN_POINT('',(3.748043488775,-3.2,2.4));
#2449 = LINE('',#2450,#2451);
#2450 = CARTESIAN_POINT('',(3.5,-3.2,2.4));
#2451 = VECTOR('',#2452,1.);
#2452 = DIRECTION('',(1.,0.,0.));
#2453 = ORIENTED_EDGE('',*,*,#2454,.T.);
#2454 = EDGE_CURVE('',#2447,#2455,#2457,.T.);
#2455 = VERTEX_POINT('',#2456);
#2456 = CARTESIAN_POINT('',(3.752012024039,-3.2,2.402479816058));
#2457 = LINE('',#2458,#2459);
#2458 = CARTESIAN_POINT('',(3.54,-3.2,2.27));
#2459 = VECTOR('',#2460,1.);
#2460 = DIRECTION('',(0.848048096156,0.,0.529919264233));
#2461 = ORIENTED_EDGE('',*,*,#2462,.T.);
#2462 = EDGE_CURVE('',#2455,#2463,#2465,.T.);
#2463 = VERTEX_POINT('',#2464);
#2464 = CARTESIAN_POINT('',(3.4,-3.2,2.965816812766));
#2465 = LINE('',#2466,#2467);
#2466 = CARTESIAN_POINT('',(3.752012024039,-3.2,2.402479816058));
#2467 = VECTOR('',#2468,1.);
#2468 = DIRECTION('',(-0.529919264233,0.,0.848048096156));
#2469 = ORIENTED_EDGE('',*,*,#2470,.T.);
#2470 = EDGE_CURVE('',#2463,#2471,#2473,.T.);
#2471 = VERTEX_POINT('',#2472);
#2472 = CARTESIAN_POINT('',(3.4,-3.2,3.));
#2473 = LINE('',#2474,#2475);
#2474 = CARTESIAN_POINT('',(3.4,-3.2,2.75));
#2475 = VECTOR('',#2476,1.);
#2476 = DIRECTION('',(0.,0.,1.));
#2477 = ORIENTED_EDGE('',*,*,#2478,.F.);
#2478 = EDGE_CURVE('',#2479,#2471,#2481,.T.);
#2479 = VERTEX_POINT('',#2480);
#2480 = CARTESIAN_POINT('',(-3.4,-3.2,3.));
#2481 = LINE('',#2482,#2483);
#2482 = CARTESIAN_POINT('',(-3.4,-3.2,3.));
#2483 = VECTOR('',#2484,1.);
#2484 = DIRECTION('',(1.,0.,0.));
#2485 = ORIENTED_EDGE('',*,*,#2486,.F.);
#2486 = EDGE_CURVE('',#2487,#2479,#2489,.T.);
#2487 = VERTEX_POINT('',#2488);
#2488 = CARTESIAN_POINT('',(-3.4,-3.2,2.960117085164));
#2489 = LINE('',#2490,#2491);
#2490 = CARTESIAN_POINT('',(-3.4,-3.2,2.75));
#2491 = VECTOR('',#2492,1.);
#2492 = DIRECTION('',(0.,0.,1.));
#2493 = ORIENTED_EDGE('',*,*,#2494,.F.);
#2494 = EDGE_CURVE('',#2352,#2487,#2495,.T.);
#2495 = LINE('',#2496,#2497);
#2496 = CARTESIAN_POINT('',(-3.75,-3.2,2.4));
#2497 = VECTOR('',#2498,1.);
#2498 = DIRECTION('',(0.529919264233,0.,0.848048096156));
#2499 = FACE_BOUND('',#2500,.T.);
#2500 = EDGE_LOOP('',(#2501,#2502,#2503,#2504,#2505,#2506,#2507,#2508));
#2501 = ORIENTED_EDGE('',*,*,#1267,.T.);
#2502 = ORIENTED_EDGE('',*,*,#1252,.T.);
#2503 = ORIENTED_EDGE('',*,*,#1219,.F.);
#2504 = ORIENTED_EDGE('',*,*,#1195,.F.);
#2505 = ORIENTED_EDGE('',*,*,#1171,.F.);
#2506 = ORIENTED_EDGE('',*,*,#1148,.F.);
#2507 = ORIENTED_EDGE('',*,*,#1315,.T.);
#2508 = ORIENTED_EDGE('',*,*,#1291,.T.);
#2509 = PLANE('',#2510);
#2510 = AXIS2_PLACEMENT_3D('',#2511,#2512,#2513);
#2511 = CARTESIAN_POINT('',(5.407885189069E-03,-3.2,1.587897729781));
#2512 = DIRECTION('',(6.142755456789E-32,-1.,-1.866819342767E-31));
#2513 = DIRECTION('',(0.,1.866819342767E-31,-1.));
#2514 = ADVANCED_FACE('',(#2515),#2533,.T.);
#2515 = FACE_BOUND('',#2516,.T.);
#2516 = EDGE_LOOP('',(#2517,#2518,#2519,#2527));
#2517 = ORIENTED_EDGE('',*,*,#1443,.F.);
#2518 = ORIENTED_EDGE('',*,*,#1357,.T.);
#2519 = ORIENTED_EDGE('',*,*,#2520,.F.);
#2520 = EDGE_CURVE('',#2521,#1350,#2523,.T.);
#2521 = VERTEX_POINT('',#2522);
#2522 = CARTESIAN_POINT('',(-2.538692828673,1.6,0.25));
#2523 = LINE('',#2524,#2525);
#2524 = CARTESIAN_POINT('',(-2.66,1.6,0.25));
#2525 = VECTOR('',#2526,1.);
#2526 = DIRECTION('',(1.,0.,0.));
#2527 = ORIENTED_EDGE('',*,*,#2528,.T.);
#2528 = EDGE_CURVE('',#2521,#1444,#2529,.T.);
#2529 = LINE('',#2530,#2531);
#2530 = CARTESIAN_POINT('',(-2.538692828673,-2.008777825342,0.25));
#2531 = VECTOR('',#2532,1.);
#2532 = DIRECTION('',(0.,-1.,0.));
#2533 = PLANE('',#2534);
#2534 = AXIS2_PLACEMENT_3D('',#2535,#2536,#2537);
#2535 = CARTESIAN_POINT('',(-1.419092465753E-02,-0.817555650685,0.25));
#2536 = DIRECTION('',(0.,0.,1.));
#2537 = DIRECTION('',(1.,0.,0.));
#2538 = ADVANCED_FACE('',(#2539),#2558,.T.);
#2539 = FACE_BOUND('',#2540,.T.);
#2540 = EDGE_LOOP('',(#2541,#2542,#2550,#2556,#2557));
#2541 = ORIENTED_EDGE('',*,*,#2322,.F.);
#2542 = ORIENTED_EDGE('',*,*,#2543,.F.);
#2543 = EDGE_CURVE('',#2544,#2315,#2546,.T.);
#2544 = VERTEX_POINT('',#2545);
#2545 = CARTESIAN_POINT('',(-2.464213793631,1.6,0.16728265159));
#2546 = LINE('',#2547,#2548);
#2547 = CARTESIAN_POINT('',(-2.652761321158,1.6,-2.486304738421E-03));
#2548 = VECTOR('',#2549,1.);
#2549 = DIRECTION('',(-0.743144825477,0.,-0.669130606359));
#2550 = ORIENTED_EDGE('',*,*,#2551,.T.);
#2551 = EDGE_CURVE('',#2544,#2521,#2552,.T.);
#2552 = LINE('',#2553,#2554);
#2553 = CARTESIAN_POINT('',(-2.466452472472,1.6,0.169768956328));
#2554 = VECTOR('',#2555,1.);
#2555 = DIRECTION('',(-0.669130606359,0.,0.743144825477));
#2556 = ORIENTED_EDGE('',*,*,#2520,.T.);
#2557 = ORIENTED_EDGE('',*,*,#1349,.F.);
#2558 = PLANE('',#2559);
#2559 = AXIS2_PLACEMENT_3D('',#2560,#2561,#2562);
#2560 = CARTESIAN_POINT('',(-2.66,1.6,0.));
#2561 = DIRECTION('',(0.,1.,0.));
#2562 = DIRECTION('',(0.,0.,1.));
#2563 = ADVANCED_FACE('',(#2564),#2599,.F.);
#2564 = FACE_BOUND('',#2565,.F.);
#2565 = EDGE_LOOP('',(#2566,#2567,#2568,#2569,#2577,#2585,#2593));
#2566 = ORIENTED_EDGE('',*,*,#1499,.F.);
#2567 = ORIENTED_EDGE('',*,*,#2164,.F.);
#2568 = ORIENTED_EDGE('',*,*,#2196,.F.);
#2569 = ORIENTED_EDGE('',*,*,#2570,.T.);
#2570 = EDGE_CURVE('',#2197,#2571,#2573,.T.);
#2571 = VERTEX_POINT('',#2572);
#2572 = CARTESIAN_POINT('',(2.45,1.8,0.15));
#2573 = LINE('',#2574,#2575);
#2574 = CARTESIAN_POINT('',(2.45,-3.2,0.15));
#2575 = VECTOR('',#2576,1.);
#2576 = DIRECTION('',(0.,1.,0.));
#2577 = ORIENTED_EDGE('',*,*,#2578,.T.);
#2578 = EDGE_CURVE('',#2571,#2579,#2581,.T.);
#2579 = VERTEX_POINT('',#2580);
#2580 = CARTESIAN_POINT('',(2.58,1.8,0.294379626928));
#2581 = LINE('',#2582,#2583);
#2582 = CARTESIAN_POINT('',(2.45,1.8,0.15));
#2583 = VECTOR('',#2584,1.);
#2584 = DIRECTION('',(0.669130606359,0.,0.743144825477));
#2585 = ORIENTED_EDGE('',*,*,#2586,.T.);
#2586 = EDGE_CURVE('',#2579,#2587,#2589,.T.);
#2587 = VERTEX_POINT('',#2588);
#2588 = CARTESIAN_POINT('',(3.5,1.8,1.316143140571));
#2589 = LINE('',#2590,#2591);
#2590 = CARTESIAN_POINT('',(2.45,1.8,0.15));
#2591 = VECTOR('',#2592,1.);
#2592 = DIRECTION('',(0.669130606359,0.,0.743144825477));
#2593 = ORIENTED_EDGE('',*,*,#2594,.F.);
#2594 = EDGE_CURVE('',#1492,#2587,#2595,.T.);
#2595 = LINE('',#2596,#2597);
#2596 = CARTESIAN_POINT('',(3.5,-3.2,1.316143140571));
#2597 = VECTOR('',#2598,1.);
#2598 = DIRECTION('',(0.,1.,0.));
#2599 = PLANE('',#2600);
#2600 = AXIS2_PLACEMENT_3D('',#2601,#2602,#2603);
#2601 = CARTESIAN_POINT('',(2.45,-3.2,0.15));
#2602 = DIRECTION('',(0.743144825477,0.,-0.669130606359));
#2603 = DIRECTION('',(0.669130606359,0.,0.743144825477));
#2604 = ADVANCED_FACE('',(#2605),#2623,.F.);
#2605 = FACE_BOUND('',#2606,.F.);
#2606 = EDGE_LOOP('',(#2607,#2608,#2609,#2617));
#2607 = ORIENTED_EDGE('',*,*,#1491,.F.);
#2608 = ORIENTED_EDGE('',*,*,#2594,.T.);
#2609 = ORIENTED_EDGE('',*,*,#2610,.T.);
#2610 = EDGE_CURVE('',#2587,#2611,#2613,.T.);
#2611 = VERTEX_POINT('',#2612);
#2612 = CARTESIAN_POINT('',(3.5,1.8,2.334013381162));
#2613 = LINE('',#2614,#2615);
#2614 = CARTESIAN_POINT('',(3.5,1.8,1.2));
#2615 = VECTOR('',#2616,1.);
#2616 = DIRECTION('',(0.,0.,1.));
#2617 = ORIENTED_EDGE('',*,*,#2618,.F.);
#2618 = EDGE_CURVE('',#1484,#2611,#2619,.T.);
#2619 = LINE('',#2620,#2621);
#2620 = CARTESIAN_POINT('',(3.5,-3.2,2.334013381162));
#2621 = VECTOR('',#2622,1.);
#2622 = DIRECTION('',(0.,1.,0.));
#2623 = PLANE('',#2624);
#2624 = AXIS2_PLACEMENT_3D('',#2625,#2626,#2627);
#2625 = CARTESIAN_POINT('',(3.5,-3.2,1.2));
#2626 = DIRECTION('',(1.,0.,0.));
#2627 = DIRECTION('',(0.,0.,1.));
#2628 = ADVANCED_FACE('',(#2629),#2647,.F.);
#2629 = FACE_BOUND('',#2630,.F.);
#2630 = EDGE_LOOP('',(#2631,#2632,#2633,#2641));
#2631 = ORIENTED_EDGE('',*,*,#1483,.F.);
#2632 = ORIENTED_EDGE('',*,*,#2618,.T.);
#2633 = ORIENTED_EDGE('',*,*,#2634,.T.);
#2634 = EDGE_CURVE('',#2611,#2635,#2637,.T.);
#2635 = VERTEX_POINT('',#2636);
#2636 = CARTESIAN_POINT('',(3.240062711084,1.8,2.75));
#2637 = LINE('',#2638,#2639);
#2638 = CARTESIAN_POINT('',(3.54,1.8,2.27));
#2639 = VECTOR('',#2640,1.);
#2640 = DIRECTION('',(-0.529919264233,0.,0.848048096156));
#2641 = ORIENTED_EDGE('',*,*,#2642,.F.);
#2642 = EDGE_CURVE('',#1476,#2635,#2643,.T.);
#2643 = LINE('',#2644,#2645);
#2644 = CARTESIAN_POINT('',(3.240062711084,-3.2,2.75));
#2645 = VECTOR('',#2646,1.);
#2646 = DIRECTION('',(0.,1.,0.));
#2647 = PLANE('',#2648);
#2648 = AXIS2_PLACEMENT_3D('',#2649,#2650,#2651);
#2649 = CARTESIAN_POINT('',(3.54,-3.2,2.27));
#2650 = DIRECTION('',(0.848048096156,0.,0.529919264233));
#2651 = DIRECTION('',(-0.529919264233,0.,0.848048096156));
#2652 = ADVANCED_FACE('',(#2653),#2703,.F.);
#2653 = FACE_BOUND('',#2654,.F.);
#2654 = EDGE_LOOP('',(#2655,#2665,#2671,#2672,#2673,#2681,#2689,#2697));
#2655 = ORIENTED_EDGE('',*,*,#2656,.F.);
#2656 = EDGE_CURVE('',#2657,#2659,#2661,.T.);
#2657 = VERTEX_POINT('',#2658);
#2658 = CARTESIAN_POINT('',(-3.236501125991,1.8,2.75));
#2659 = VERTEX_POINT('',#2660);
#2660 = CARTESIAN_POINT('',(-1.5,1.8,2.75));
#2661 = LINE('',#2662,#2663);
#2662 = CARTESIAN_POINT('',(-3.4,1.8,2.75));
#2663 = VECTOR('',#2664,1.);
#2664 = DIRECTION('',(1.,0.,0.));
#2665 = ORIENTED_EDGE('',*,*,#2666,.F.);
#2666 = EDGE_CURVE('',#1468,#2657,#2667,.T.);
#2667 = LINE('',#2668,#2669);
#2668 = CARTESIAN_POINT('',(-3.236501125991,-3.2,2.75));
#2669 = VECTOR('',#2670,1.);
#2670 = DIRECTION('',(0.,1.,0.));
#2671 = ORIENTED_EDGE('',*,*,#1475,.T.);
#2672 = ORIENTED_EDGE('',*,*,#2642,.T.);
#2673 = ORIENTED_EDGE('',*,*,#2674,.F.);
#2674 = EDGE_CURVE('',#2675,#2635,#2677,.T.);
#2675 = VERTEX_POINT('',#2676);
#2676 = CARTESIAN_POINT('',(1.5,1.8,2.75));
#2677 = LINE('',#2678,#2679);
#2678 = CARTESIAN_POINT('',(-3.4,1.8,2.75));
#2679 = VECTOR('',#2680,1.);
#2680 = DIRECTION('',(1.,0.,0.));
#2681 = ORIENTED_EDGE('',*,*,#2682,.F.);
#2682 = EDGE_CURVE('',#2683,#2675,#2685,.T.);
#2683 = VERTEX_POINT('',#2684);
#2684 = CARTESIAN_POINT('',(1.,1.8,2.75));
#2685 = LINE('',#2686,#2687);
#2686 = CARTESIAN_POINT('',(-3.4,1.8,2.75));
#2687 = VECTOR('',#2688,1.);
#2688 = DIRECTION('',(1.,0.,0.));
#2689 = ORIENTED_EDGE('',*,*,#2690,.F.);
#2690 = EDGE_CURVE('',#2691,#2683,#2693,.T.);
#2691 = VERTEX_POINT('',#2692);
#2692 = CARTESIAN_POINT('',(-1.,1.8,2.75));
#2693 = LINE('',#2694,#2695);
#2694 = CARTESIAN_POINT('',(-3.4,1.8,2.75));
#2695 = VECTOR('',#2696,1.);
#2696 = DIRECTION('',(1.,0.,0.));
#2697 = ORIENTED_EDGE('',*,*,#2698,.F.);
#2698 = EDGE_CURVE('',#2659,#2691,#2699,.T.);
#2699 = LINE('',#2700,#2701);
#2700 = CARTESIAN_POINT('',(-3.4,1.8,2.75));
#2701 = VECTOR('',#2702,1.);
#2702 = DIRECTION('',(1.,0.,0.));
#2703 = PLANE('',#2704);
#2704 = AXIS2_PLACEMENT_3D('',#2705,#2706,#2707);
#2705 = CARTESIAN_POINT('',(-3.4,-3.2,2.75));
#2706 = DIRECTION('',(0.,0.,1.));
#2707 = DIRECTION('',(1.,0.,0.));
#2708 = ADVANCED_FACE('',(#2709),#2727,.T.);
#2709 = FACE_BOUND('',#2710,.T.);
#2710 = EDGE_LOOP('',(#2711,#2712,#2720,#2726));
#2711 = ORIENTED_EDGE('',*,*,#1467,.F.);
#2712 = ORIENTED_EDGE('',*,*,#2713,.T.);
#2713 = EDGE_CURVE('',#1460,#2714,#2716,.T.);
#2714 = VERTEX_POINT('',#2715);
#2715 = CARTESIAN_POINT('',(-3.5,1.8,2.32831365356));
#2716 = LINE('',#2717,#2718);
#2717 = CARTESIAN_POINT('',(-3.5,-3.2,2.32831365356));
#2718 = VECTOR('',#2719,1.);
#2719 = DIRECTION('',(0.,1.,0.));
#2720 = ORIENTED_EDGE('',*,*,#2721,.T.);
#2721 = EDGE_CURVE('',#2714,#2657,#2722,.T.);
#2722 = LINE('',#2723,#2724);
#2723 = CARTESIAN_POINT('',(-3.537987975961,1.8,2.267520183942));
#2724 = VECTOR('',#2725,1.);
#2725 = DIRECTION('',(0.529919264233,0.,0.848048096156));
#2726 = ORIENTED_EDGE('',*,*,#2666,.F.);
#2727 = PLANE('',#2728);
#2728 = AXIS2_PLACEMENT_3D('',#2729,#2730,#2731);
#2729 = CARTESIAN_POINT('',(-3.537987975961,-3.2,2.267520183942));
#2730 = DIRECTION('',(0.848048096156,0.,-0.529919264233));
#2731 = DIRECTION('',(0.529919264233,0.,0.848048096156));
#2732 = ADVANCED_FACE('',(#2733),#2751,.T.);
#2733 = FACE_BOUND('',#2734,.T.);
#2734 = EDGE_LOOP('',(#2735,#2736,#2744,#2750));
#2735 = ORIENTED_EDGE('',*,*,#1459,.F.);
#2736 = ORIENTED_EDGE('',*,*,#2737,.F.);
#2737 = EDGE_CURVE('',#2738,#1452,#2740,.T.);
#2738 = VERTEX_POINT('',#2739);
#2739 = CARTESIAN_POINT('',(-3.5,1.8,1.317639775071));
#2740 = LINE('',#2741,#2742);
#2741 = CARTESIAN_POINT('',(-3.5,-3.2,1.317639775071));
#2742 = VECTOR('',#2743,1.);
#2743 = DIRECTION('',(0.,-1.,0.));
#2744 = ORIENTED_EDGE('',*,*,#2745,.T.);
#2745 = EDGE_CURVE('',#2738,#2714,#2746,.T.);
#2746 = LINE('',#2747,#2748);
#2747 = CARTESIAN_POINT('',(-3.5,1.8,1.2));
#2748 = VECTOR('',#2749,1.);
#2749 = DIRECTION('',(0.,0.,1.));
#2750 = ORIENTED_EDGE('',*,*,#2713,.F.);
#2751 = PLANE('',#2752);
#2752 = AXIS2_PLACEMENT_3D('',#2753,#2754,#2755);
#2753 = CARTESIAN_POINT('',(-3.5,-3.2,1.2));
#2754 = DIRECTION('',(1.,0.,0.));
#2755 = DIRECTION('',(0.,0.,1.));
#2756 = ADVANCED_FACE('',(#2757),#2785,.T.);
#2757 = FACE_BOUND('',#2758,.T.);
#2758 = EDGE_LOOP('',(#2759,#2760,#2761,#2762,#2770,#2778,#2784));
#2759 = ORIENTED_EDGE('',*,*,#1451,.F.);
#2760 = ORIENTED_EDGE('',*,*,#2528,.F.);
#2761 = ORIENTED_EDGE('',*,*,#2551,.F.);
#2762 = ORIENTED_EDGE('',*,*,#2763,.T.);
#2763 = EDGE_CURVE('',#2544,#2764,#2766,.T.);
#2764 = VERTEX_POINT('',#2765);
#2765 = CARTESIAN_POINT('',(-2.464213793631,1.8,0.16728265159));
#2766 = LINE('',#2767,#2768);
#2767 = CARTESIAN_POINT('',(-2.464213793631,-3.2,0.16728265159));
#2768 = VECTOR('',#2769,1.);
#2769 = DIRECTION('',(0.,1.,0.));
#2770 = ORIENTED_EDGE('',*,*,#2771,.T.);
#2771 = EDGE_CURVE('',#2764,#2772,#2774,.T.);
#2772 = VERTEX_POINT('',#2773);
#2773 = CARTESIAN_POINT('',(-2.62,1.8,0.340300762021));
#2774 = LINE('',#2775,#2776);
#2775 = CARTESIAN_POINT('',(-2.464213793631,1.8,0.16728265159));
#2776 = VECTOR('',#2777,1.);
#2777 = DIRECTION('',(-0.669130606359,0.,0.743144825477));
#2778 = ORIENTED_EDGE('',*,*,#2779,.T.);
#2779 = EDGE_CURVE('',#2772,#2738,#2780,.T.);
#2780 = LINE('',#2781,#2782);
#2781 = CARTESIAN_POINT('',(-2.464213793631,1.8,0.16728265159));
#2782 = VECTOR('',#2783,1.);
#2783 = DIRECTION('',(-0.669130606359,0.,0.743144825477));
#2784 = ORIENTED_EDGE('',*,*,#2737,.T.);
#2785 = PLANE('',#2786);
#2786 = AXIS2_PLACEMENT_3D('',#2787,#2788,#2789);
#2787 = CARTESIAN_POINT('',(-2.464213793631,-3.2,0.16728265159));
#2788 = DIRECTION('',(0.743144825477,0.,0.669130606359));
#2789 = DIRECTION('',(-0.669130606359,0.,0.743144825477));
#2790 = ADVANCED_FACE('',(#2791),#2802,.T.);
#2791 = FACE_BOUND('',#2792,.T.);
#2792 = EDGE_LOOP('',(#2793,#2794,#2795,#2796));
#2793 = ORIENTED_EDGE('',*,*,#1571,.F.);
#2794 = ORIENTED_EDGE('',*,*,#1539,.F.);
#2795 = ORIENTED_EDGE('',*,*,#1634,.T.);
#2796 = ORIENTED_EDGE('',*,*,#2797,.F.);
#2797 = EDGE_CURVE('',#1572,#1627,#2798,.T.);
#2798 = LINE('',#2799,#2800);
#2799 = CARTESIAN_POINT('',(-0.15,1.8,0.12));
#2800 = VECTOR('',#2801,1.);
#2801 = DIRECTION('',(1.,0.,0.));
#2802 = PLANE('',#2803);
#2803 = AXIS2_PLACEMENT_3D('',#2804,#2805,#2806);
#2804 = CARTESIAN_POINT('',(-0.15,1.2,0.12));
#2805 = DIRECTION('',(0.,0.,1.));
#2806 = DIRECTION('',(1.,0.,0.));
#2807 = ADVANCED_FACE('',(#2808),#2819,.F.);
#2808 = FACE_BOUND('',#2809,.T.);
#2809 = EDGE_LOOP('',(#2810,#2811,#2817,#2818));
#2810 = ORIENTED_EDGE('',*,*,#1553,.T.);
#2811 = ORIENTED_EDGE('',*,*,#2812,.T.);
#2812 = EDGE_CURVE('',#1556,#1619,#2813,.T.);
#2813 = LINE('',#2814,#2815);
#2814 = CARTESIAN_POINT('',(-0.15,1.8,0.));
#2815 = VECTOR('',#2816,1.);
#2816 = DIRECTION('',(1.,0.,0.));
#2817 = ORIENTED_EDGE('',*,*,#1618,.F.);
#2818 = ORIENTED_EDGE('',*,*,#1593,.F.);
#2819 = PLANE('',#2820);
#2820 = AXIS2_PLACEMENT_3D('',#2821,#2822,#2823);
#2821 = CARTESIAN_POINT('',(-0.15,1.2,0.));
#2822 = DIRECTION('',(0.,0.,1.));
#2823 = DIRECTION('',(1.,0.,0.));
#2824 = ADVANCED_FACE('',(#2825),#2831,.T.);
#2825 = FACE_BOUND('',#2826,.T.);
#2826 = EDGE_LOOP('',(#2827,#2828,#2829,#2830));
#2827 = ORIENTED_EDGE('',*,*,#2812,.F.);
#2828 = ORIENTED_EDGE('',*,*,#1579,.T.);
#2829 = ORIENTED_EDGE('',*,*,#2797,.T.);
#2830 = ORIENTED_EDGE('',*,*,#1626,.F.);
#2831 = PLANE('',#2832);
#2832 = AXIS2_PLACEMENT_3D('',#2833,#2834,#2835);
#2833 = CARTESIAN_POINT('',(-0.15,1.8,0.));
#2834 = DIRECTION('',(0.,1.,0.));
#2835 = DIRECTION('',(0.,0.,1.));
#2836 = ADVANCED_FACE('',(#2837),#2848,.T.);
#2837 = FACE_BOUND('',#2838,.T.);
#2838 = EDGE_LOOP('',(#2839,#2840,#2841,#2842));
#2839 = ORIENTED_EDGE('',*,*,#1683,.F.);
#2840 = ORIENTED_EDGE('',*,*,#1667,.T.);
#2841 = ORIENTED_EDGE('',*,*,#1764,.T.);
#2842 = ORIENTED_EDGE('',*,*,#2843,.F.);
#2843 = EDGE_CURVE('',#1684,#1757,#2844,.T.);
#2844 = LINE('',#2845,#2846);
#2845 = CARTESIAN_POINT('',(-0.8,1.8,0.12));
#2846 = VECTOR('',#2847,1.);
#2847 = DIRECTION('',(1.,0.,0.));
#2848 = PLANE('',#2849);
#2849 = AXIS2_PLACEMENT_3D('',#2850,#2851,#2852);
#2850 = CARTESIAN_POINT('',(-0.8,1.2,0.12));
#2851 = DIRECTION('',(0.,0.,1.));
#2852 = DIRECTION('',(1.,0.,0.));
#2853 = ADVANCED_FACE('',(#2854),#2865,.F.);
#2854 = FACE_BOUND('',#2855,.T.);
#2855 = EDGE_LOOP('',(#2856,#2857,#2858,#2864));
#2856 = ORIENTED_EDGE('',*,*,#1731,.F.);
#2857 = ORIENTED_EDGE('',*,*,#1699,.T.);
#2858 = ORIENTED_EDGE('',*,*,#2859,.T.);
#2859 = EDGE_CURVE('',#1692,#1749,#2860,.T.);
#2860 = LINE('',#2861,#2862);
#2861 = CARTESIAN_POINT('',(-0.8,1.8,0.));
#2862 = VECTOR('',#2863,1.);
#2863 = DIRECTION('',(1.,0.,0.));
#2864 = ORIENTED_EDGE('',*,*,#1748,.F.);
#2865 = PLANE('',#2866);
#2866 = AXIS2_PLACEMENT_3D('',#2867,#2868,#2869);
#2867 = CARTESIAN_POINT('',(-0.8,1.2,0.));
#2868 = DIRECTION('',(0.,0.,1.));
#2869 = DIRECTION('',(1.,0.,0.));
#2870 = ADVANCED_FACE('',(#2871),#2877,.T.);
#2871 = FACE_BOUND('',#2872,.T.);
#2872 = EDGE_LOOP('',(#2873,#2874,#2875,#2876));
#2873 = ORIENTED_EDGE('',*,*,#2859,.F.);
#2874 = ORIENTED_EDGE('',*,*,#1691,.T.);
#2875 = ORIENTED_EDGE('',*,*,#2843,.T.);
#2876 = ORIENTED_EDGE('',*,*,#1756,.F.);
#2877 = PLANE('',#2878);
#2878 = AXIS2_PLACEMENT_3D('',#2879,#2880,#2881);
#2879 = CARTESIAN_POINT('',(-0.8,1.8,0.));
#2880 = DIRECTION('',(0.,1.,0.));
#2881 = DIRECTION('',(0.,0.,1.));
#2882 = ADVANCED_FACE('',(#2883),#2894,.T.);
#2883 = FACE_BOUND('',#2884,.T.);
#2884 = EDGE_LOOP('',(#2885,#2886,#2887,#2888));
#2885 = ORIENTED_EDGE('',*,*,#1827,.F.);
#2886 = ORIENTED_EDGE('',*,*,#1795,.F.);
#2887 = ORIENTED_EDGE('',*,*,#1890,.T.);
#2888 = ORIENTED_EDGE('',*,*,#2889,.F.);
#2889 = EDGE_CURVE('',#1828,#1883,#2890,.T.);
#2890 = LINE('',#2891,#2892);
#2891 = CARTESIAN_POINT('',(-1.45,1.8,0.12));
#2892 = VECTOR('',#2893,1.);
#2893 = DIRECTION('',(1.,0.,0.));
#2894 = PLANE('',#2895);
#2895 = AXIS2_PLACEMENT_3D('',#2896,#2897,#2898);
#2896 = CARTESIAN_POINT('',(-1.45,1.2,0.12));
#2897 = DIRECTION('',(0.,0.,1.));
#2898 = DIRECTION('',(1.,0.,0.));
#2899 = ADVANCED_FACE('',(#2900),#2911,.F.);
#2900 = FACE_BOUND('',#2901,.T.);
#2901 = EDGE_LOOP('',(#2902,#2903,#2909,#2910));
#2902 = ORIENTED_EDGE('',*,*,#1809,.T.);
#2903 = ORIENTED_EDGE('',*,*,#2904,.T.);
#2904 = EDGE_CURVE('',#1812,#1875,#2905,.T.);
#2905 = LINE('',#2906,#2907);
#2906 = CARTESIAN_POINT('',(-1.45,1.8,0.));
#2907 = VECTOR('',#2908,1.);
#2908 = DIRECTION('',(1.,0.,0.));
#2909 = ORIENTED_EDGE('',*,*,#1874,.F.);
#2910 = ORIENTED_EDGE('',*,*,#1849,.F.);
#2911 = PLANE('',#2912);
#2912 = AXIS2_PLACEMENT_3D('',#2913,#2914,#2915);
#2913 = CARTESIAN_POINT('',(-1.45,1.2,0.));
#2914 = DIRECTION('',(0.,0.,1.));
#2915 = DIRECTION('',(1.,0.,0.));
#2916 = ADVANCED_FACE('',(#2917),#2923,.T.);
#2917 = FACE_BOUND('',#2918,.T.);
#2918 = EDGE_LOOP('',(#2919,#2920,#2921,#2922));
#2919 = ORIENTED_EDGE('',*,*,#2904,.F.);
#2920 = ORIENTED_EDGE('',*,*,#1835,.T.);
#2921 = ORIENTED_EDGE('',*,*,#2889,.T.);
#2922 = ORIENTED_EDGE('',*,*,#1882,.F.);
#2923 = PLANE('',#2924);
#2924 = AXIS2_PLACEMENT_3D('',#2925,#2926,#2927);
#2925 = CARTESIAN_POINT('',(-1.45,1.8,0.));
#2926 = DIRECTION('',(0.,1.,0.));
#2927 = DIRECTION('',(0.,0.,1.));
#2928 = ADVANCED_FACE('',(#2929),#2940,.T.);
#2929 = FACE_BOUND('',#2930,.T.);
#2930 = EDGE_LOOP('',(#2931,#2932,#2933,#2934));
#2931 = ORIENTED_EDGE('',*,*,#1939,.F.);
#2932 = ORIENTED_EDGE('',*,*,#1923,.T.);
#2933 = ORIENTED_EDGE('',*,*,#2020,.T.);
#2934 = ORIENTED_EDGE('',*,*,#2935,.F.);
#2935 = EDGE_CURVE('',#1940,#2013,#2936,.T.);
#2936 = LINE('',#2937,#2938);
#2937 = CARTESIAN_POINT('',(0.5,1.8,0.12));
#2938 = VECTOR('',#2939,1.);
#2939 = DIRECTION('',(1.,0.,0.));
#2940 = PLANE('',#2941);
#2941 = AXIS2_PLACEMENT_3D('',#2942,#2943,#2944);
#2942 = CARTESIAN_POINT('',(0.5,1.2,0.12));
#2943 = DIRECTION('',(0.,0.,1.));
#2944 = DIRECTION('',(1.,0.,0.));
#2945 = ADVANCED_FACE('',(#2946),#2957,.F.);
#2946 = FACE_BOUND('',#2947,.T.);
#2947 = EDGE_LOOP('',(#2948,#2949,#2950,#2956));
#2948 = ORIENTED_EDGE('',*,*,#1987,.F.);
#2949 = ORIENTED_EDGE('',*,*,#1955,.T.);
#2950 = ORIENTED_EDGE('',*,*,#2951,.T.);
#2951 = EDGE_CURVE('',#1948,#2005,#2952,.T.);
#2952 = LINE('',#2953,#2954);
#2953 = CARTESIAN_POINT('',(0.5,1.8,0.));
#2954 = VECTOR('',#2955,1.);
#2955 = DIRECTION('',(1.,0.,0.));
#2956 = ORIENTED_EDGE('',*,*,#2004,.F.);
#2957 = PLANE('',#2958);
#2958 = AXIS2_PLACEMENT_3D('',#2959,#2960,#2961);
#2959 = CARTESIAN_POINT('',(0.5,1.2,0.));
#2960 = DIRECTION('',(0.,0.,1.));
#2961 = DIRECTION('',(1.,0.,0.));
#2962 = ADVANCED_FACE('',(#2963),#2969,.T.);
#2963 = FACE_BOUND('',#2964,.T.);
#2964 = EDGE_LOOP('',(#2965,#2966,#2967,#2968));
#2965 = ORIENTED_EDGE('',*,*,#2951,.F.);
#2966 = ORIENTED_EDGE('',*,*,#1947,.T.);
#2967 = ORIENTED_EDGE('',*,*,#2935,.T.);
#2968 = ORIENTED_EDGE('',*,*,#2012,.F.);
#2969 = PLANE('',#2970);
#2970 = AXIS2_PLACEMENT_3D('',#2971,#2972,#2973);
#2971 = CARTESIAN_POINT('',(0.5,1.8,0.));
#2972 = DIRECTION('',(0.,1.,0.));
#2973 = DIRECTION('',(0.,0.,1.));
#2974 = ADVANCED_FACE('',(#2975),#2986,.T.);
#2975 = FACE_BOUND('',#2976,.T.);
#2976 = EDGE_LOOP('',(#2977,#2978,#2979,#2980));
#2977 = ORIENTED_EDGE('',*,*,#2083,.F.);
#2978 = ORIENTED_EDGE('',*,*,#2051,.F.);
#2979 = ORIENTED_EDGE('',*,*,#2146,.T.);
#2980 = ORIENTED_EDGE('',*,*,#2981,.F.);
#2981 = EDGE_CURVE('',#2084,#2139,#2982,.T.);
#2982 = LINE('',#2983,#2984);
#2983 = CARTESIAN_POINT('',(1.15,1.8,0.12));
#2984 = VECTOR('',#2985,1.);
#2985 = DIRECTION('',(1.,0.,0.));
#2986 = PLANE('',#2987);
#2987 = AXIS2_PLACEMENT_3D('',#2988,#2989,#2990);
#2988 = CARTESIAN_POINT('',(1.15,1.2,0.12));
#2989 = DIRECTION('',(0.,0.,1.));
#2990 = DIRECTION('',(1.,0.,0.));
#2991 = ADVANCED_FACE('',(#2992),#3003,.F.);
#2992 = FACE_BOUND('',#2993,.T.);
#2993 = EDGE_LOOP('',(#2994,#2995,#3001,#3002));
#2994 = ORIENTED_EDGE('',*,*,#2065,.T.);
#2995 = ORIENTED_EDGE('',*,*,#2996,.T.);
#2996 = EDGE_CURVE('',#2068,#2131,#2997,.T.);
#2997 = LINE('',#2998,#2999);
#2998 = CARTESIAN_POINT('',(1.15,1.8,0.));
#2999 = VECTOR('',#3000,1.);
#3000 = DIRECTION('',(1.,0.,0.));
#3001 = ORIENTED_EDGE('',*,*,#2130,.F.);
#3002 = ORIENTED_EDGE('',*,*,#2105,.F.);
#3003 = PLANE('',#3004);
#3004 = AXIS2_PLACEMENT_3D('',#3005,#3006,#3007);
#3005 = CARTESIAN_POINT('',(1.15,1.2,0.));
#3006 = DIRECTION('',(0.,0.,1.));
#3007 = DIRECTION('',(1.,0.,0.));
#3008 = ADVANCED_FACE('',(#3009),#3015,.T.);
#3009 = FACE_BOUND('',#3010,.T.);
#3010 = EDGE_LOOP('',(#3011,#3012,#3013,#3014));
#3011 = ORIENTED_EDGE('',*,*,#2996,.F.);
#3012 = ORIENTED_EDGE('',*,*,#2091,.T.);
#3013 = ORIENTED_EDGE('',*,*,#2981,.T.);
#3014 = ORIENTED_EDGE('',*,*,#2138,.F.);
#3015 = PLANE('',#3016);
#3016 = AXIS2_PLACEMENT_3D('',#3017,#3018,#3019);
#3017 = CARTESIAN_POINT('',(1.15,1.8,0.));
#3018 = DIRECTION('',(0.,1.,0.));
#3019 = DIRECTION('',(0.,0.,1.));
#3020 = ADVANCED_FACE('',(#3021),#3056,.F.);
#3021 = FACE_BOUND('',#3022,.F.);
#3022 = EDGE_LOOP('',(#3023,#3024,#3025,#3026,#3034,#3042,#3050));
#3023 = ORIENTED_EDGE('',*,*,#2570,.F.);
#3024 = ORIENTED_EDGE('',*,*,#2204,.F.);
#3025 = ORIENTED_EDGE('',*,*,#2226,.F.);
#3026 = ORIENTED_EDGE('',*,*,#3027,.F.);
#3027 = EDGE_CURVE('',#3028,#2227,#3030,.T.);
#3028 = VERTEX_POINT('',#3029);
#3029 = CARTESIAN_POINT('',(2.635786206369,-0.73,-1.728265158971E-02));
#3030 = LINE('',#3031,#3032);
#3031 = CARTESIAN_POINT('',(2.711050840573,-0.73,-8.505123261972E-02));
#3032 = VECTOR('',#3033,1.);
#3033 = DIRECTION('',(-0.743144825477,0.,0.669130606359));
#3034 = ORIENTED_EDGE('',*,*,#3035,.T.);
#3035 = EDGE_CURVE('',#3028,#3036,#3038,.T.);
#3036 = VERTEX_POINT('',#3037);
#3037 = CARTESIAN_POINT('',(2.635786206369,1.8,-1.728265158971E-02));
#3038 = LINE('',#3039,#3040);
#3039 = CARTESIAN_POINT('',(2.635786206369,-3.2,-1.728265158971E-02));
#3040 = VECTOR('',#3041,1.);
#3041 = DIRECTION('',(0.,1.,0.));
#3042 = ORIENTED_EDGE('',*,*,#3043,.F.);
#3043 = EDGE_CURVE('',#3044,#3036,#3046,.T.);
#3044 = VERTEX_POINT('',#3045);
#3045 = CARTESIAN_POINT('',(2.58,1.8,3.294747424128E-02));
#3046 = LINE('',#3047,#3048);
#3047 = CARTESIAN_POINT('',(2.45,1.8,0.15));
#3048 = VECTOR('',#3049,1.);
#3049 = DIRECTION('',(0.743144825477,0.,-0.669130606359));
#3050 = ORIENTED_EDGE('',*,*,#3051,.F.);
#3051 = EDGE_CURVE('',#2571,#3044,#3052,.T.);
#3052 = LINE('',#3053,#3054);
#3053 = CARTESIAN_POINT('',(2.45,1.8,0.15));
#3054 = VECTOR('',#3055,1.);
#3055 = DIRECTION('',(0.743144825477,0.,-0.669130606359));
#3056 = PLANE('',#3057);
#3057 = AXIS2_PLACEMENT_3D('',#3058,#3059,#3060);
#3058 = CARTESIAN_POINT('',(2.45,-3.2,0.15));
#3059 = DIRECTION('',(0.669130606359,0.,0.743144825477));
#3060 = DIRECTION('',(0.743144825477,0.,-0.669130606359));
#3061 = ADVANCED_FACE('',(#3062),#3128,.T.);
#3062 = FACE_BOUND('',#3063,.T.);
#3063 = EDGE_LOOP('',(#3064,#3074,#3082,#3090,#3096,#3097,#3098,#3106,
    #3114,#3122));
#3064 = ORIENTED_EDGE('',*,*,#3065,.T.);
#3065 = EDGE_CURVE('',#3066,#3068,#3070,.T.);
#3066 = VERTEX_POINT('',#3067);
#3067 = CARTESIAN_POINT('',(2.876448586831,-0.73,0.25));
#3068 = VERTEX_POINT('',#3069);
#3069 = CARTESIAN_POINT('',(2.89,-0.73,0.25));
#3070 = LINE('',#3071,#3072);
#3071 = CARTESIAN_POINT('',(2.54,-0.73,0.25));
#3072 = VECTOR('',#3073,1.);
#3073 = DIRECTION('',(1.,0.,0.));
#3074 = ORIENTED_EDGE('',*,*,#3075,.F.);
#3075 = EDGE_CURVE('',#3076,#3068,#3078,.T.);
#3076 = VERTEX_POINT('',#3077);
#3077 = CARTESIAN_POINT('',(2.89,-0.73,-0.8));
#3078 = LINE('',#3079,#3080);
#3079 = CARTESIAN_POINT('',(2.89,-0.73,-0.8));
#3080 = VECTOR('',#3081,1.);
#3081 = DIRECTION('',(0.,0.,1.));
#3082 = ORIENTED_EDGE('',*,*,#3083,.F.);
#3083 = EDGE_CURVE('',#3084,#3076,#3086,.T.);
#3084 = VERTEX_POINT('',#3085);
#3085 = CARTESIAN_POINT('',(2.54,-0.73,-0.8));
#3086 = LINE('',#3087,#3088);
#3087 = CARTESIAN_POINT('',(2.54,-0.73,-0.8));
#3088 = VECTOR('',#3089,1.);
#3089 = DIRECTION('',(1.,0.,0.));
#3090 = ORIENTED_EDGE('',*,*,#3091,.T.);
#3091 = EDGE_CURVE('',#3084,#2235,#3092,.T.);
#3092 = LINE('',#3093,#3094);
#3093 = CARTESIAN_POINT('',(2.54,-0.73,-0.8));
#3094 = VECTOR('',#3095,1.);
#3095 = DIRECTION('',(0.,0.,1.));
#3096 = ORIENTED_EDGE('',*,*,#2234,.F.);
#3097 = ORIENTED_EDGE('',*,*,#3027,.F.);
#3098 = ORIENTED_EDGE('',*,*,#3099,.T.);
#3099 = EDGE_CURVE('',#3028,#3100,#3102,.T.);
#3100 = VERTEX_POINT('',#3101);
#3101 = CARTESIAN_POINT('',(2.651347575757,-0.73,0.));
#3102 = LINE('',#3103,#3104);
#3103 = CARTESIAN_POINT('',(2.419735365796,-0.73,-0.25723141897));
#3104 = VECTOR('',#3105,1.);
#3105 = DIRECTION('',(0.669130606359,0.,0.743144825477));
#3106 = ORIENTED_EDGE('',*,*,#3107,.F.);
#3107 = EDGE_CURVE('',#3108,#3100,#3110,.T.);
#3108 = VERTEX_POINT('',#3109);
#3109 = CARTESIAN_POINT('',(2.66,-0.73,0.));
#3110 = LINE('',#3111,#3112);
#3111 = CARTESIAN_POINT('',(2.225,-0.73,0.));
#3112 = VECTOR('',#3113,1.);
#3113 = DIRECTION('',(-1.,0.,0.));
#3114 = ORIENTED_EDGE('',*,*,#3115,.T.);
#3115 = EDGE_CURVE('',#3108,#3116,#3118,.T.);
#3116 = VERTEX_POINT('',#3117);
#3117 = CARTESIAN_POINT('',(2.66,-0.73,9.609490647978E-03));
#3118 = LINE('',#3119,#3120);
#3119 = CARTESIAN_POINT('',(2.66,-0.73,-0.4));
#3120 = VECTOR('',#3121,1.);
#3121 = DIRECTION('',(0.,0.,1.));
#3122 = ORIENTED_EDGE('',*,*,#3123,.T.);
#3123 = EDGE_CURVE('',#3116,#3066,#3124,.T.);
#3124 = LINE('',#3125,#3126);
#3125 = CARTESIAN_POINT('',(2.419735365796,-0.73,-0.25723141897));
#3126 = VECTOR('',#3127,1.);
#3127 = DIRECTION('',(0.669130606359,0.,0.743144825477));
#3128 = PLANE('',#3129);
#3129 = AXIS2_PLACEMENT_3D('',#3130,#3131,#3132);
#3130 = CARTESIAN_POINT('',(2.54,-0.73,-0.8));
#3131 = DIRECTION('',(0.,1.,0.));
#3132 = DIRECTION('',(0.,0.,1.));
#3133 = ADVANCED_FACE('',(#3134),#3152,.F.);
#3134 = FACE_BOUND('',#3135,.F.);
#3135 = EDGE_LOOP('',(#3136,#3144,#3150,#3151));
#3136 = ORIENTED_EDGE('',*,*,#3137,.F.);
#3137 = EDGE_CURVE('',#3138,#2243,#3140,.T.);
#3138 = VERTEX_POINT('',#3139);
#3139 = CARTESIAN_POINT('',(2.54,-1.53,-0.8));
#3140 = LINE('',#3141,#3142);
#3141 = CARTESIAN_POINT('',(2.54,-1.53,-0.8));
#3142 = VECTOR('',#3143,1.);
#3143 = DIRECTION('',(0.,0.,1.));
#3144 = ORIENTED_EDGE('',*,*,#3145,.T.);
#3145 = EDGE_CURVE('',#3138,#3084,#3146,.T.);
#3146 = LINE('',#3147,#3148);
#3147 = CARTESIAN_POINT('',(2.54,-1.53,-0.8));
#3148 = VECTOR('',#3149,1.);
#3149 = DIRECTION('',(0.,1.,0.));
#3150 = ORIENTED_EDGE('',*,*,#3091,.T.);
#3151 = ORIENTED_EDGE('',*,*,#2242,.F.);
#3152 = PLANE('',#3153);
#3153 = AXIS2_PLACEMENT_3D('',#3154,#3155,#3156);
#3154 = CARTESIAN_POINT('',(2.54,-1.53,-0.8));
#3155 = DIRECTION('',(1.,0.,0.));
#3156 = DIRECTION('',(0.,0.,1.));
#3157 = ADVANCED_FACE('',(#3158),#3224,.F.);
#3158 = FACE_BOUND('',#3159,.F.);
#3159 = EDGE_LOOP('',(#3160,#3170,#3178,#3184,#3185,#3186,#3194,#3202,
    #3210,#3218));
#3160 = ORIENTED_EDGE('',*,*,#3161,.T.);
#3161 = EDGE_CURVE('',#3162,#3164,#3166,.T.);
#3162 = VERTEX_POINT('',#3163);
#3163 = CARTESIAN_POINT('',(2.876448586831,-1.53,0.25));
#3164 = VERTEX_POINT('',#3165);
#3165 = CARTESIAN_POINT('',(2.89,-1.53,0.25));
#3166 = LINE('',#3167,#3168);
#3167 = CARTESIAN_POINT('',(2.54,-1.53,0.25));
#3168 = VECTOR('',#3169,1.);
#3169 = DIRECTION('',(1.,0.,0.));
#3170 = ORIENTED_EDGE('',*,*,#3171,.F.);
#3171 = EDGE_CURVE('',#3172,#3164,#3174,.T.);
#3172 = VERTEX_POINT('',#3173);
#3173 = CARTESIAN_POINT('',(2.89,-1.53,-0.8));
#3174 = LINE('',#3175,#3176);
#3175 = CARTESIAN_POINT('',(2.89,-1.53,-0.8));
#3176 = VECTOR('',#3177,1.);
#3177 = DIRECTION('',(0.,0.,1.));
#3178 = ORIENTED_EDGE('',*,*,#3179,.F.);
#3179 = EDGE_CURVE('',#3138,#3172,#3180,.T.);
#3180 = LINE('',#3181,#3182);
#3181 = CARTESIAN_POINT('',(2.54,-1.53,-0.8));
#3182 = VECTOR('',#3183,1.);
#3183 = DIRECTION('',(1.,0.,0.));
#3184 = ORIENTED_EDGE('',*,*,#3137,.T.);
#3185 = ORIENTED_EDGE('',*,*,#2250,.F.);
#3186 = ORIENTED_EDGE('',*,*,#3187,.F.);
#3187 = EDGE_CURVE('',#3188,#2251,#3190,.T.);
#3188 = VERTEX_POINT('',#3189);
#3189 = CARTESIAN_POINT('',(2.635786206369,-1.53,-1.728265158971E-02));
#3190 = LINE('',#3191,#3192);
#3191 = CARTESIAN_POINT('',(2.711050840573,-1.53,-8.505123261972E-02));
#3192 = VECTOR('',#3193,1.);
#3193 = DIRECTION('',(-0.743144825477,0.,0.669130606359));
#3194 = ORIENTED_EDGE('',*,*,#3195,.T.);
#3195 = EDGE_CURVE('',#3188,#3196,#3198,.T.);
#3196 = VERTEX_POINT('',#3197);
#3197 = CARTESIAN_POINT('',(2.651347575757,-1.53,0.));
#3198 = LINE('',#3199,#3200);
#3199 = CARTESIAN_POINT('',(2.419735365796,-1.53,-0.25723141897));
#3200 = VECTOR('',#3201,1.);
#3201 = DIRECTION('',(0.669130606359,0.,0.743144825477));
#3202 = ORIENTED_EDGE('',*,*,#3203,.F.);
#3203 = EDGE_CURVE('',#3204,#3196,#3206,.T.);
#3204 = VERTEX_POINT('',#3205);
#3205 = CARTESIAN_POINT('',(2.66,-1.53,0.));
#3206 = LINE('',#3207,#3208);
#3207 = CARTESIAN_POINT('',(2.225,-1.53,0.));
#3208 = VECTOR('',#3209,1.);
#3209 = DIRECTION('',(-1.,0.,0.));
#3210 = ORIENTED_EDGE('',*,*,#3211,.T.);
#3211 = EDGE_CURVE('',#3204,#3212,#3214,.T.);
#3212 = VERTEX_POINT('',#3213);
#3213 = CARTESIAN_POINT('',(2.66,-1.53,9.609490647978E-03));
#3214 = LINE('',#3215,#3216);
#3215 = CARTESIAN_POINT('',(2.66,-1.53,-0.4));
#3216 = VECTOR('',#3217,1.);
#3217 = DIRECTION('',(0.,0.,1.));
#3218 = ORIENTED_EDGE('',*,*,#3219,.T.);
#3219 = EDGE_CURVE('',#3212,#3162,#3220,.T.);
#3220 = LINE('',#3221,#3222);
#3221 = CARTESIAN_POINT('',(2.419735365796,-1.53,-0.25723141897));
#3222 = VECTOR('',#3223,1.);
#3223 = DIRECTION('',(0.669130606359,0.,0.743144825477));
#3224 = PLANE('',#3225);
#3225 = AXIS2_PLACEMENT_3D('',#3226,#3227,#3228);
#3226 = CARTESIAN_POINT('',(2.54,-1.53,-0.8));
#3227 = DIRECTION('',(0.,1.,0.));
#3228 = DIRECTION('',(0.,0.,1.));
#3229 = ADVANCED_FACE('',(#3230),#3241,.F.);
#3230 = FACE_BOUND('',#3231,.F.);
#3231 = EDGE_LOOP('',(#3232,#3233,#3234,#3240));
#3232 = ORIENTED_EDGE('',*,*,#2258,.F.);
#3233 = ORIENTED_EDGE('',*,*,#2382,.T.);
#3234 = ORIENTED_EDGE('',*,*,#3235,.T.);
#3235 = EDGE_CURVE('',#2383,#3188,#3236,.T.);
#3236 = LINE('',#3237,#3238);
#3237 = CARTESIAN_POINT('',(2.635786206369,-3.2,-1.728265158971E-02));
#3238 = VECTOR('',#3239,1.);
#3239 = DIRECTION('',(0.,1.,0.));
#3240 = ORIENTED_EDGE('',*,*,#3187,.T.);
#3241 = PLANE('',#3242);
#3242 = AXIS2_PLACEMENT_3D('',#3243,#3244,#3245);
#3243 = CARTESIAN_POINT('',(2.45,-3.2,0.15));
#3244 = DIRECTION('',(0.669130606359,0.,0.743144825477));
#3245 = DIRECTION('',(0.743144825477,0.,-0.669130606359));
#3246 = ADVANCED_FACE('',(#3247),#3265,.F.);
#3247 = FACE_BOUND('',#3248,.F.);
#3248 = EDGE_LOOP('',(#3249,#3257,#3258,#3259));
#3249 = ORIENTED_EDGE('',*,*,#3250,.F.);
#3250 = EDGE_CURVE('',#2368,#3251,#3253,.T.);
#3251 = VERTEX_POINT('',#3252);
#3252 = CARTESIAN_POINT('',(-2.66,-1.53,1.110612514829E-02));
#3253 = LINE('',#3254,#3255);
#3254 = CARTESIAN_POINT('',(-2.66,-3.2,1.110612514829E-02));
#3255 = VECTOR('',#3256,1.);
#3256 = DIRECTION('',(0.,1.,0.));
#3257 = ORIENTED_EDGE('',*,*,#2375,.F.);
#3258 = ORIENTED_EDGE('',*,*,#2274,.T.);
#3259 = ORIENTED_EDGE('',*,*,#3260,.T.);
#3260 = EDGE_CURVE('',#2275,#3251,#3261,.T.);
#3261 = LINE('',#3262,#3263);
#3262 = CARTESIAN_POINT('',(-2.66,-1.53,-0.4));
#3263 = VECTOR('',#3264,1.);
#3264 = DIRECTION('',(0.,0.,1.));
#3265 = PLANE('',#3266);
#3266 = AXIS2_PLACEMENT_3D('',#3267,#3268,#3269);
#3267 = CARTESIAN_POINT('',(-2.66,-3.2,0.));
#3268 = DIRECTION('',(1.,0.,0.));
#3269 = DIRECTION('',(0.,0.,1.));
#3270 = ADVANCED_FACE('',(#3271),#3313,.F.);
#3271 = FACE_BOUND('',#3272,.F.);
#3272 = EDGE_LOOP('',(#3273,#3281,#3289,#3297,#3305,#3311,#3312));
#3273 = ORIENTED_EDGE('',*,*,#3274,.F.);
#3274 = EDGE_CURVE('',#3275,#2283,#3277,.T.);
#3275 = VERTEX_POINT('',#3276);
#3276 = CARTESIAN_POINT('',(-2.59,-1.53,-0.8));
#3277 = LINE('',#3278,#3279);
#3278 = CARTESIAN_POINT('',(-2.59,-1.53,-0.8));
#3279 = VECTOR('',#3280,1.);
#3280 = DIRECTION('',(0.,0.,1.));
#3281 = ORIENTED_EDGE('',*,*,#3282,.F.);
#3282 = EDGE_CURVE('',#3283,#3275,#3285,.T.);
#3283 = VERTEX_POINT('',#3284);
#3284 = CARTESIAN_POINT('',(-2.94,-1.53,-0.8));
#3285 = LINE('',#3286,#3287);
#3286 = CARTESIAN_POINT('',(-2.94,-1.53,-0.8));
#3287 = VECTOR('',#3288,1.);
#3288 = DIRECTION('',(1.,0.,0.));
#3289 = ORIENTED_EDGE('',*,*,#3290,.T.);
#3290 = EDGE_CURVE('',#3283,#3291,#3293,.T.);
#3291 = VERTEX_POINT('',#3292);
#3292 = CARTESIAN_POINT('',(-2.94,-1.53,0.25));
#3293 = LINE('',#3294,#3295);
#3294 = CARTESIAN_POINT('',(-2.94,-1.53,-0.8));
#3295 = VECTOR('',#3296,1.);
#3296 = DIRECTION('',(0.,0.,1.));
#3297 = ORIENTED_EDGE('',*,*,#3298,.T.);
#3298 = EDGE_CURVE('',#3291,#3299,#3301,.T.);
#3299 = VERTEX_POINT('',#3300);
#3300 = CARTESIAN_POINT('',(-2.875101011074,-1.53,0.25));
#3301 = LINE('',#3302,#3303);
#3302 = CARTESIAN_POINT('',(-2.94,-1.53,0.25));
#3303 = VECTOR('',#3304,1.);
#3304 = DIRECTION('',(1.,0.,0.));
#3305 = ORIENTED_EDGE('',*,*,#3306,.F.);
#3306 = EDGE_CURVE('',#3251,#3299,#3307,.T.);
#3307 = LINE('',#3308,#3309);
#3308 = CARTESIAN_POINT('',(-2.516017307339,-1.53,-0.148802855239));
#3309 = VECTOR('',#3310,1.);
#3310 = DIRECTION('',(-0.669130606359,0.,0.743144825477));
#3311 = ORIENTED_EDGE('',*,*,#3260,.F.);
#3312 = ORIENTED_EDGE('',*,*,#2282,.F.);
#3313 = PLANE('',#3314);
#3314 = AXIS2_PLACEMENT_3D('',#3315,#3316,#3317);
#3315 = CARTESIAN_POINT('',(-2.94,-1.53,-0.8));
#3316 = DIRECTION('',(0.,1.,0.));
#3317 = DIRECTION('',(0.,0.,1.));
#3318 = ADVANCED_FACE('',(#3319),#3337,.T.);
#3319 = FACE_BOUND('',#3320,.T.);
#3320 = EDGE_LOOP('',(#3321,#3322,#3330,#3336));
#3321 = ORIENTED_EDGE('',*,*,#3274,.F.);
#3322 = ORIENTED_EDGE('',*,*,#3323,.T.);
#3323 = EDGE_CURVE('',#3275,#3324,#3326,.T.);
#3324 = VERTEX_POINT('',#3325);
#3325 = CARTESIAN_POINT('',(-2.59,-0.73,-0.8));
#3326 = LINE('',#3327,#3328);
#3327 = CARTESIAN_POINT('',(-2.59,-1.53,-0.8));
#3328 = VECTOR('',#3329,1.);
#3329 = DIRECTION('',(0.,1.,0.));
#3330 = ORIENTED_EDGE('',*,*,#3331,.T.);
#3331 = EDGE_CURVE('',#3324,#2291,#3332,.T.);
#3332 = LINE('',#3333,#3334);
#3333 = CARTESIAN_POINT('',(-2.59,-0.73,-0.8));
#3334 = VECTOR('',#3335,1.);
#3335 = DIRECTION('',(0.,0.,1.));
#3336 = ORIENTED_EDGE('',*,*,#2290,.F.);
#3337 = PLANE('',#3338);
#3338 = AXIS2_PLACEMENT_3D('',#3339,#3340,#3341);
#3339 = CARTESIAN_POINT('',(-2.59,-1.53,-0.8));
#3340 = DIRECTION('',(1.,0.,0.));
#3341 = DIRECTION('',(0.,0.,1.));
#3342 = ADVANCED_FACE('',(#3343),#3385,.T.);
#3343 = FACE_BOUND('',#3344,.T.);
#3344 = EDGE_LOOP('',(#3345,#3346,#3354,#3362,#3370,#3378,#3384));
#3345 = ORIENTED_EDGE('',*,*,#3331,.F.);
#3346 = ORIENTED_EDGE('',*,*,#3347,.F.);
#3347 = EDGE_CURVE('',#3348,#3324,#3350,.T.);
#3348 = VERTEX_POINT('',#3349);
#3349 = CARTESIAN_POINT('',(-2.94,-0.73,-0.8));
#3350 = LINE('',#3351,#3352);
#3351 = CARTESIAN_POINT('',(-2.94,-0.73,-0.8));
#3352 = VECTOR('',#3353,1.);
#3353 = DIRECTION('',(1.,0.,0.));
#3354 = ORIENTED_EDGE('',*,*,#3355,.T.);
#3355 = EDGE_CURVE('',#3348,#3356,#3358,.T.);
#3356 = VERTEX_POINT('',#3357);
#3357 = CARTESIAN_POINT('',(-2.94,-0.73,0.25));
#3358 = LINE('',#3359,#3360);
#3359 = CARTESIAN_POINT('',(-2.94,-0.73,-0.8));
#3360 = VECTOR('',#3361,1.);
#3361 = DIRECTION('',(0.,0.,1.));
#3362 = ORIENTED_EDGE('',*,*,#3363,.T.);
#3363 = EDGE_CURVE('',#3356,#3364,#3366,.T.);
#3364 = VERTEX_POINT('',#3365);
#3365 = CARTESIAN_POINT('',(-2.875101011074,-0.73,0.25));
#3366 = LINE('',#3367,#3368);
#3367 = CARTESIAN_POINT('',(-2.94,-0.73,0.25));
#3368 = VECTOR('',#3369,1.);
#3369 = DIRECTION('',(1.,0.,0.));
#3370 = ORIENTED_EDGE('',*,*,#3371,.F.);
#3371 = EDGE_CURVE('',#3372,#3364,#3374,.T.);
#3372 = VERTEX_POINT('',#3373);
#3373 = CARTESIAN_POINT('',(-2.66,-0.73,1.110612514829E-02));
#3374 = LINE('',#3375,#3376);
#3375 = CARTESIAN_POINT('',(-2.516017307339,-0.73,-0.148802855239));
#3376 = VECTOR('',#3377,1.);
#3377 = DIRECTION('',(-0.669130606359,0.,0.743144825477));
#3378 = ORIENTED_EDGE('',*,*,#3379,.F.);
#3379 = EDGE_CURVE('',#2299,#3372,#3380,.T.);
#3380 = LINE('',#3381,#3382);
#3381 = CARTESIAN_POINT('',(-2.66,-0.73,-0.4));
#3382 = VECTOR('',#3383,1.);
#3383 = DIRECTION('',(0.,0.,1.));
#3384 = ORIENTED_EDGE('',*,*,#2298,.F.);
#3385 = PLANE('',#3386);
#3386 = AXIS2_PLACEMENT_3D('',#3387,#3388,#3389);
#3387 = CARTESIAN_POINT('',(-2.94,-0.73,-0.8));
#3388 = DIRECTION('',(0.,1.,0.));
#3389 = DIRECTION('',(0.,0.,1.));
#3390 = ADVANCED_FACE('',(#3391),#3409,.F.);
#3391 = FACE_BOUND('',#3392,.F.);
#3392 = EDGE_LOOP('',(#3393,#3401,#3402,#3403));
#3393 = ORIENTED_EDGE('',*,*,#3394,.F.);
#3394 = EDGE_CURVE('',#3372,#3395,#3397,.T.);
#3395 = VERTEX_POINT('',#3396);
#3396 = CARTESIAN_POINT('',(-2.66,1.6,1.110612514829E-02));
#3397 = LINE('',#3398,#3399);
#3398 = CARTESIAN_POINT('',(-2.66,-3.2,1.110612514829E-02));
#3399 = VECTOR('',#3400,1.);
#3400 = DIRECTION('',(0.,1.,0.));
#3401 = ORIENTED_EDGE('',*,*,#3379,.F.);
#3402 = ORIENTED_EDGE('',*,*,#2306,.T.);
#3403 = ORIENTED_EDGE('',*,*,#3404,.T.);
#3404 = EDGE_CURVE('',#2307,#3395,#3405,.T.);
#3405 = LINE('',#3406,#3407);
#3406 = CARTESIAN_POINT('',(-2.66,1.6,0.));
#3407 = VECTOR('',#3408,1.);
#3408 = DIRECTION('',(0.,0.,1.));
#3409 = PLANE('',#3410);
#3410 = AXIS2_PLACEMENT_3D('',#3411,#3412,#3413);
#3411 = CARTESIAN_POINT('',(-2.66,-3.2,0.));
#3412 = DIRECTION('',(1.,0.,0.));
#3413 = DIRECTION('',(0.,0.,1.));
#3414 = ADVANCED_FACE('',(#3415),#3425,.T.);
#3415 = FACE_BOUND('',#3416,.T.);
#3416 = EDGE_LOOP('',(#3417,#3418,#3419));
#3417 = ORIENTED_EDGE('',*,*,#2314,.F.);
#3418 = ORIENTED_EDGE('',*,*,#3404,.T.);
#3419 = ORIENTED_EDGE('',*,*,#3420,.F.);
#3420 = EDGE_CURVE('',#2315,#3395,#3421,.T.);
#3421 = LINE('',#3422,#3423);
#3422 = CARTESIAN_POINT('',(-2.652238678842,1.6,2.486304738421E-03));
#3423 = VECTOR('',#3424,1.);
#3424 = DIRECTION('',(-0.669130606359,0.,0.743144825477));
#3425 = PLANE('',#3426);
#3426 = AXIS2_PLACEMENT_3D('',#3427,#3428,#3429);
#3427 = CARTESIAN_POINT('',(-2.66,1.6,0.));
#3428 = DIRECTION('',(0.,1.,0.));
#3429 = DIRECTION('',(0.,0.,1.));
#3430 = ADVANCED_FACE('',(#3431),#3456,.F.);
#3431 = FACE_BOUND('',#3432,.F.);
#3432 = EDGE_LOOP('',(#3433,#3434,#3442,#3450));
#3433 = ORIENTED_EDGE('',*,*,#2349,.F.);
#3434 = ORIENTED_EDGE('',*,*,#3435,.T.);
#3435 = EDGE_CURVE('',#2350,#3436,#3438,.T.);
#3436 = VERTEX_POINT('',#3437);
#3437 = CARTESIAN_POINT('',(-3.75,1.8,1.2));
#3438 = LINE('',#3439,#3440);
#3439 = CARTESIAN_POINT('',(-3.75,-3.2,1.2));
#3440 = VECTOR('',#3441,1.);
#3441 = DIRECTION('',(0.,1.,0.));
#3442 = ORIENTED_EDGE('',*,*,#3443,.T.);
#3443 = EDGE_CURVE('',#3436,#3444,#3446,.T.);
#3444 = VERTEX_POINT('',#3445);
#3445 = CARTESIAN_POINT('',(-3.75,1.8,2.4));
#3446 = LINE('',#3447,#3448);
#3447 = CARTESIAN_POINT('',(-3.75,1.8,1.2));
#3448 = VECTOR('',#3449,1.);
#3449 = DIRECTION('',(0.,0.,1.));
#3450 = ORIENTED_EDGE('',*,*,#3451,.F.);
#3451 = EDGE_CURVE('',#2352,#3444,#3452,.T.);
#3452 = LINE('',#3453,#3454);
#3453 = CARTESIAN_POINT('',(-3.75,-3.2,2.4));
#3454 = VECTOR('',#3455,1.);
#3455 = DIRECTION('',(0.,1.,0.));
#3456 = PLANE('',#3457);
#3457 = AXIS2_PLACEMENT_3D('',#3458,#3459,#3460);
#3458 = CARTESIAN_POINT('',(-3.75,-3.2,1.2));
#3459 = DIRECTION('',(1.,0.,0.));
#3460 = DIRECTION('',(0.,0.,1.));
#3461 = ADVANCED_FACE('',(#3462),#3480,.F.);
#3462 = FACE_BOUND('',#3463,.F.);
#3463 = EDGE_LOOP('',(#3464,#3472,#3473,#3474));
#3464 = ORIENTED_EDGE('',*,*,#3465,.F.);
#3465 = EDGE_CURVE('',#3436,#3466,#3468,.T.);
#3466 = VERTEX_POINT('',#3467);
#3467 = CARTESIAN_POINT('',(-3.730484853157,1.8,1.2));
#3468 = LINE('',#3469,#3470);
#3469 = CARTESIAN_POINT('',(-3.75,1.8,1.2));
#3470 = VECTOR('',#3471,1.);
#3471 = DIRECTION('',(1.,0.,0.));
#3472 = ORIENTED_EDGE('',*,*,#3435,.F.);
#3473 = ORIENTED_EDGE('',*,*,#2359,.T.);
#3474 = ORIENTED_EDGE('',*,*,#3475,.T.);
#3475 = EDGE_CURVE('',#2360,#3466,#3476,.T.);
#3476 = LINE('',#3477,#3478);
#3477 = CARTESIAN_POINT('',(-3.730484853157,-3.2,1.2));
#3478 = VECTOR('',#3479,1.);
#3479 = DIRECTION('',(0.,1.,0.));
#3480 = PLANE('',#3481);
#3481 = AXIS2_PLACEMENT_3D('',#3482,#3483,#3484);
#3482 = CARTESIAN_POINT('',(-3.75,-3.2,1.2));
#3483 = DIRECTION('',(0.,0.,1.));
#3484 = DIRECTION('',(1.,0.,0.));
#3485 = ADVANCED_FACE('',(#3486),#3515,.F.);
#3486 = FACE_BOUND('',#3487,.F.);
#3487 = EDGE_LOOP('',(#3488,#3489,#3490,#3491,#3497,#3498,#3499,#3500,
    #3508,#3514));
#3488 = ORIENTED_EDGE('',*,*,#2367,.F.);
#3489 = ORIENTED_EDGE('',*,*,#3250,.T.);
#3490 = ORIENTED_EDGE('',*,*,#3306,.T.);
#3491 = ORIENTED_EDGE('',*,*,#3492,.F.);
#3492 = EDGE_CURVE('',#3364,#3299,#3493,.T.);
#3493 = LINE('',#3494,#3495);
#3494 = CARTESIAN_POINT('',(-2.875101011074,-2.008777825342,0.25));
#3495 = VECTOR('',#3496,1.);
#3496 = DIRECTION('',(0.,-1.,0.));
#3497 = ORIENTED_EDGE('',*,*,#3371,.F.);
#3498 = ORIENTED_EDGE('',*,*,#3394,.T.);
#3499 = ORIENTED_EDGE('',*,*,#3420,.F.);
#3500 = ORIENTED_EDGE('',*,*,#3501,.T.);
#3501 = EDGE_CURVE('',#2315,#3502,#3504,.T.);
#3502 = VERTEX_POINT('',#3503);
#3503 = CARTESIAN_POINT('',(-2.65,1.8,0.));
#3504 = LINE('',#3505,#3506);
#3505 = CARTESIAN_POINT('',(-2.65,-3.2,0.));
#3506 = VECTOR('',#3507,1.);
#3507 = DIRECTION('',(0.,1.,0.));
#3508 = ORIENTED_EDGE('',*,*,#3509,.T.);
#3509 = EDGE_CURVE('',#3502,#3466,#3510,.T.);
#3510 = LINE('',#3511,#3512);
#3511 = CARTESIAN_POINT('',(-2.65,1.8,0.));
#3512 = VECTOR('',#3513,1.);
#3513 = DIRECTION('',(-0.669130606359,0.,0.743144825477));
#3514 = ORIENTED_EDGE('',*,*,#3475,.F.);
#3515 = PLANE('',#3516);
#3516 = AXIS2_PLACEMENT_3D('',#3517,#3518,#3519);
#3517 = CARTESIAN_POINT('',(-2.65,-3.2,0.));
#3518 = DIRECTION('',(0.743144825477,0.,0.669130606359));
#3519 = DIRECTION('',(-0.669130606359,0.,0.743144825477));
#3520 = ADVANCED_FACE('',(#3521),#3532,.T.);
#3521 = FACE_BOUND('',#3522,.T.);
#3522 = EDGE_LOOP('',(#3523,#3524,#3525,#3526));
#3523 = ORIENTED_EDGE('',*,*,#2390,.F.);
#3524 = ORIENTED_EDGE('',*,*,#3235,.T.);
#3525 = ORIENTED_EDGE('',*,*,#3195,.T.);
#3526 = ORIENTED_EDGE('',*,*,#3527,.F.);
#3527 = EDGE_CURVE('',#2391,#3196,#3528,.T.);
#3528 = LINE('',#3529,#3530);
#3529 = CARTESIAN_POINT('',(2.651347575757,-2.004377200704,
    3.469446951954E-18));
#3530 = VECTOR('',#3531,1.);
#3531 = DIRECTION('',(0.,1.,0.));
#3532 = PLANE('',#3533);
#3533 = AXIS2_PLACEMENT_3D('',#3534,#3535,#3536);
#3534 = CARTESIAN_POINT('',(2.635786206369,-3.2,-1.728265158971E-02));
#3535 = DIRECTION('',(0.743144825477,0.,-0.669130606359));
#3536 = DIRECTION('',(0.669130606359,0.,0.743144825477));
#3537 = ADVANCED_FACE('',(#3538),#3549,.T.);
#3538 = FACE_BOUND('',#3539,.T.);
#3539 = EDGE_LOOP('',(#3540,#3541,#3542,#3548));
#3540 = ORIENTED_EDGE('',*,*,#3527,.T.);
#3541 = ORIENTED_EDGE('',*,*,#3203,.F.);
#3542 = ORIENTED_EDGE('',*,*,#3543,.F.);
#3543 = EDGE_CURVE('',#2399,#3204,#3544,.T.);
#3544 = LINE('',#3545,#3546);
#3545 = CARTESIAN_POINT('',(2.66,-3.2,0.));
#3546 = VECTOR('',#3547,1.);
#3547 = DIRECTION('',(0.,1.,0.));
#3548 = ORIENTED_EDGE('',*,*,#2398,.F.);
#3549 = PLANE('',#3550);
#3550 = AXIS2_PLACEMENT_3D('',#3551,#3552,#3553);
#3551 = CARTESIAN_POINT('',(9.529049295775E-03,-0.808754401408,0.));
#3552 = DIRECTION('',(-0.,-0.,-1.));
#3553 = DIRECTION('',(-1.,0.,0.));
#3554 = ADVANCED_FACE('',(#3555),#3566,.T.);
#3555 = FACE_BOUND('',#3556,.T.);
#3556 = EDGE_LOOP('',(#3557,#3563,#3564,#3565));
#3557 = ORIENTED_EDGE('',*,*,#3558,.T.);
#3558 = EDGE_CURVE('',#3212,#2407,#3559,.T.);
#3559 = LINE('',#3560,#3561);
#3560 = CARTESIAN_POINT('',(2.66,-3.2,9.609490647978E-03));
#3561 = VECTOR('',#3562,1.);
#3562 = DIRECTION('',(0.,-1.,0.));
#3563 = ORIENTED_EDGE('',*,*,#2406,.F.);
#3564 = ORIENTED_EDGE('',*,*,#3543,.T.);
#3565 = ORIENTED_EDGE('',*,*,#3211,.T.);
#3566 = PLANE('',#3567);
#3567 = AXIS2_PLACEMENT_3D('',#3568,#3569,#3570);
#3568 = CARTESIAN_POINT('',(2.66,-3.2,0.));
#3569 = DIRECTION('',(1.,0.,0.));
#3570 = DIRECTION('',(0.,0.,1.));
#3571 = ADVANCED_FACE('',(#3572),#3622,.T.);
#3572 = FACE_BOUND('',#3573,.T.);
#3573 = EDGE_LOOP('',(#3574,#3575,#3576,#3577,#3583,#3584,#3592,#3600,
    #3606,#3607,#3608,#3616));
#3574 = ORIENTED_EDGE('',*,*,#2414,.F.);
#3575 = ORIENTED_EDGE('',*,*,#3558,.F.);
#3576 = ORIENTED_EDGE('',*,*,#3219,.T.);
#3577 = ORIENTED_EDGE('',*,*,#3578,.F.);
#3578 = EDGE_CURVE('',#3066,#3162,#3579,.T.);
#3579 = LINE('',#3580,#3581);
#3580 = CARTESIAN_POINT('',(2.876448586831,-2.008777825342,0.25));
#3581 = VECTOR('',#3582,1.);
#3582 = DIRECTION('',(0.,-1.,0.));
#3583 = ORIENTED_EDGE('',*,*,#3123,.F.);
#3584 = ORIENTED_EDGE('',*,*,#3585,.F.);
#3585 = EDGE_CURVE('',#3586,#3116,#3588,.T.);
#3586 = VERTEX_POINT('',#3587);
#3587 = CARTESIAN_POINT('',(2.66,1.6,9.609490647978E-03));
#3588 = LINE('',#3589,#3590);
#3589 = CARTESIAN_POINT('',(2.66,-3.2,9.609490647978E-03));
#3590 = VECTOR('',#3591,1.);
#3591 = DIRECTION('',(0.,-1.,0.));
#3592 = ORIENTED_EDGE('',*,*,#3593,.F.);
#3593 = EDGE_CURVE('',#3594,#3586,#3596,.T.);
#3594 = VERTEX_POINT('',#3595);
#3595 = CARTESIAN_POINT('',(2.651347575757,1.6,0.));
#3596 = LINE('',#3597,#3598);
#3597 = CARTESIAN_POINT('',(2.477602977834,1.6,-0.192962924837));
#3598 = VECTOR('',#3599,1.);
#3599 = DIRECTION('',(0.669130606359,0.,0.743144825477));
#3600 = ORIENTED_EDGE('',*,*,#3601,.F.);
#3601 = EDGE_CURVE('',#3100,#3594,#3602,.T.);
#3602 = LINE('',#3603,#3604);
#3603 = CARTESIAN_POINT('',(2.651347575757,-2.004377200704,
    3.469446951954E-18));
#3604 = VECTOR('',#3605,1.);
#3605 = DIRECTION('',(0.,1.,0.));
#3606 = ORIENTED_EDGE('',*,*,#3099,.F.);
#3607 = ORIENTED_EDGE('',*,*,#3035,.T.);
#3608 = ORIENTED_EDGE('',*,*,#3609,.T.);
#3609 = EDGE_CURVE('',#3036,#3610,#3612,.T.);
#3610 = VERTEX_POINT('',#3611);
#3611 = CARTESIAN_POINT('',(3.726469094734,1.8,1.194043413938));
#3612 = LINE('',#3613,#3614);
#3613 = CARTESIAN_POINT('',(2.635786206369,1.8,-1.728265158971E-02));
#3614 = VECTOR('',#3615,1.);
#3615 = DIRECTION('',(0.669130606359,0.,0.743144825477));
#3616 = ORIENTED_EDGE('',*,*,#3617,.F.);
#3617 = EDGE_CURVE('',#2415,#3610,#3618,.T.);
#3618 = LINE('',#3619,#3620);
#3619 = CARTESIAN_POINT('',(3.726469094734,-3.2,1.194043413938));
#3620 = VECTOR('',#3621,1.);
#3621 = DIRECTION('',(0.,1.,0.));
#3622 = PLANE('',#3623);
#3623 = AXIS2_PLACEMENT_3D('',#3624,#3625,#3626);
#3624 = CARTESIAN_POINT('',(2.635786206369,-3.2,-1.728265158971E-02));
#3625 = DIRECTION('',(0.743144825477,0.,-0.669130606359));
#3626 = DIRECTION('',(0.669130606359,0.,0.743144825477));
#3627 = ADVANCED_FACE('',(#3628),#3646,.T.);
#3628 = FACE_BOUND('',#3629,.T.);
#3629 = EDGE_LOOP('',(#3630,#3638,#3644,#3645));
#3630 = ORIENTED_EDGE('',*,*,#3631,.F.);
#3631 = EDGE_CURVE('',#3632,#3610,#3634,.T.);
#3632 = VERTEX_POINT('',#3633);
#3633 = CARTESIAN_POINT('',(3.719853635709,1.8,1.2));
#3634 = LINE('',#3635,#3636);
#3635 = CARTESIAN_POINT('',(3.540682888365,1.8,1.361326065528));
#3636 = VECTOR('',#3637,1.);
#3637 = DIRECTION('',(0.743144825477,0.,-0.669130606359));
#3638 = ORIENTED_EDGE('',*,*,#3639,.F.);
#3639 = EDGE_CURVE('',#2423,#3632,#3640,.T.);
#3640 = LINE('',#3641,#3642);
#3641 = CARTESIAN_POINT('',(3.719853635709,-3.2,1.2));
#3642 = VECTOR('',#3643,1.);
#3643 = DIRECTION('',(0.,1.,0.));
#3644 = ORIENTED_EDGE('',*,*,#2422,.T.);
#3645 = ORIENTED_EDGE('',*,*,#3617,.T.);
#3646 = PLANE('',#3647);
#3647 = AXIS2_PLACEMENT_3D('',#3648,#3649,#3650);
#3648 = CARTESIAN_POINT('',(3.540682888365,-3.2,1.361326065528));
#3649 = DIRECTION('',(0.669130606359,0.,0.743144825477));
#3650 = DIRECTION('',(0.743144825477,0.,-0.669130606359));
#3651 = ADVANCED_FACE('',(#3652),#3670,.F.);
#3652 = FACE_BOUND('',#3653,.F.);
#3653 = EDGE_LOOP('',(#3654,#3662,#3663,#3664));
#3654 = ORIENTED_EDGE('',*,*,#3655,.F.);
#3655 = EDGE_CURVE('',#3632,#3656,#3658,.T.);
#3656 = VERTEX_POINT('',#3657);
#3657 = CARTESIAN_POINT('',(3.75,1.8,1.2));
#3658 = LINE('',#3659,#3660);
#3659 = CARTESIAN_POINT('',(3.5,1.8,1.2));
#3660 = VECTOR('',#3661,1.);
#3661 = DIRECTION('',(1.,0.,0.));
#3662 = ORIENTED_EDGE('',*,*,#3639,.F.);
#3663 = ORIENTED_EDGE('',*,*,#2430,.T.);
#3664 = ORIENTED_EDGE('',*,*,#3665,.T.);
#3665 = EDGE_CURVE('',#2431,#3656,#3666,.T.);
#3666 = LINE('',#3667,#3668);
#3667 = CARTESIAN_POINT('',(3.75,-3.2,1.2));
#3668 = VECTOR('',#3669,1.);
#3669 = DIRECTION('',(0.,1.,0.));
#3670 = PLANE('',#3671);
#3671 = AXIS2_PLACEMENT_3D('',#3672,#3673,#3674);
#3672 = CARTESIAN_POINT('',(3.5,-3.2,1.2));
#3673 = DIRECTION('',(0.,0.,1.));
#3674 = DIRECTION('',(1.,0.,0.));
#3675 = ADVANCED_FACE('',(#3676),#3694,.T.);
#3676 = FACE_BOUND('',#3677,.T.);
#3677 = EDGE_LOOP('',(#3678,#3679,#3680,#3688));
#3678 = ORIENTED_EDGE('',*,*,#2438,.F.);
#3679 = ORIENTED_EDGE('',*,*,#3665,.T.);
#3680 = ORIENTED_EDGE('',*,*,#3681,.T.);
#3681 = EDGE_CURVE('',#3656,#3682,#3684,.T.);
#3682 = VERTEX_POINT('',#3683);
#3683 = CARTESIAN_POINT('',(3.75,1.8,2.4));
#3684 = LINE('',#3685,#3686);
#3685 = CARTESIAN_POINT('',(3.75,1.8,1.2));
#3686 = VECTOR('',#3687,1.);
#3687 = DIRECTION('',(0.,0.,1.));
#3688 = ORIENTED_EDGE('',*,*,#3689,.F.);
#3689 = EDGE_CURVE('',#2439,#3682,#3690,.T.);
#3690 = LINE('',#3691,#3692);
#3691 = CARTESIAN_POINT('',(3.75,-3.2,2.4));
#3692 = VECTOR('',#3693,1.);
#3693 = DIRECTION('',(0.,1.,0.));
#3694 = PLANE('',#3695);
#3695 = AXIS2_PLACEMENT_3D('',#3696,#3697,#3698);
#3696 = CARTESIAN_POINT('',(3.75,-3.2,1.2));
#3697 = DIRECTION('',(1.,0.,0.));
#3698 = DIRECTION('',(0.,0.,1.));
#3699 = ADVANCED_FACE('',(#3700),#3718,.T.);
#3700 = FACE_BOUND('',#3701,.T.);
#3701 = EDGE_LOOP('',(#3702,#3710,#3716,#3717));
#3702 = ORIENTED_EDGE('',*,*,#3703,.F.);
#3703 = EDGE_CURVE('',#3704,#3682,#3706,.T.);
#3704 = VERTEX_POINT('',#3705);
#3705 = CARTESIAN_POINT('',(3.748043488775,1.8,2.4));
#3706 = LINE('',#3707,#3708);
#3707 = CARTESIAN_POINT('',(3.5,1.8,2.4));
#3708 = VECTOR('',#3709,1.);
#3709 = DIRECTION('',(1.,0.,0.));
#3710 = ORIENTED_EDGE('',*,*,#3711,.F.);
#3711 = EDGE_CURVE('',#2447,#3704,#3712,.T.);
#3712 = LINE('',#3713,#3714);
#3713 = CARTESIAN_POINT('',(3.748043488775,-3.2,2.4));
#3714 = VECTOR('',#3715,1.);
#3715 = DIRECTION('',(0.,1.,0.));
#3716 = ORIENTED_EDGE('',*,*,#2446,.T.);
#3717 = ORIENTED_EDGE('',*,*,#3689,.T.);
#3718 = PLANE('',#3719);
#3719 = AXIS2_PLACEMENT_3D('',#3720,#3721,#3722);
#3720 = CARTESIAN_POINT('',(3.5,-3.2,2.4));
#3721 = DIRECTION('',(0.,0.,1.));
#3722 = DIRECTION('',(1.,0.,0.));
#3723 = ADVANCED_FACE('',(#3724),#3742,.F.);
#3724 = FACE_BOUND('',#3725,.F.);
#3725 = EDGE_LOOP('',(#3726,#3734,#3735,#3736));
#3726 = ORIENTED_EDGE('',*,*,#3727,.F.);
#3727 = EDGE_CURVE('',#3704,#3728,#3730,.T.);
#3728 = VERTEX_POINT('',#3729);
#3729 = CARTESIAN_POINT('',(3.752012024039,1.8,2.402479816058));
#3730 = LINE('',#3731,#3732);
#3731 = CARTESIAN_POINT('',(3.54,1.8,2.27));
#3732 = VECTOR('',#3733,1.);
#3733 = DIRECTION('',(0.848048096156,0.,0.529919264233));
#3734 = ORIENTED_EDGE('',*,*,#3711,.F.);
#3735 = ORIENTED_EDGE('',*,*,#2454,.T.);
#3736 = ORIENTED_EDGE('',*,*,#3737,.T.);
#3737 = EDGE_CURVE('',#2455,#3728,#3738,.T.);
#3738 = LINE('',#3739,#3740);
#3739 = CARTESIAN_POINT('',(3.752012024039,-3.2,2.402479816058));
#3740 = VECTOR('',#3741,1.);
#3741 = DIRECTION('',(0.,1.,0.));
#3742 = PLANE('',#3743);
#3743 = AXIS2_PLACEMENT_3D('',#3744,#3745,#3746);
#3744 = CARTESIAN_POINT('',(3.54,-3.2,2.27));
#3745 = DIRECTION('',(-0.529919264233,0.,0.848048096156));
#3746 = DIRECTION('',(0.848048096156,0.,0.529919264233));
#3747 = ADVANCED_FACE('',(#3748),#3766,.T.);
#3748 = FACE_BOUND('',#3749,.T.);
#3749 = EDGE_LOOP('',(#3750,#3751,#3752,#3760));
#3750 = ORIENTED_EDGE('',*,*,#2462,.F.);
#3751 = ORIENTED_EDGE('',*,*,#3737,.T.);
#3752 = ORIENTED_EDGE('',*,*,#3753,.T.);
#3753 = EDGE_CURVE('',#3728,#3754,#3756,.T.);
#3754 = VERTEX_POINT('',#3755);
#3755 = CARTESIAN_POINT('',(3.4,1.8,2.965816812766));
#3756 = LINE('',#3757,#3758);
#3757 = CARTESIAN_POINT('',(3.752012024039,1.8,2.402479816058));
#3758 = VECTOR('',#3759,1.);
#3759 = DIRECTION('',(-0.529919264233,0.,0.848048096156));
#3760 = ORIENTED_EDGE('',*,*,#3761,.T.);
#3761 = EDGE_CURVE('',#3754,#2463,#3762,.T.);
#3762 = LINE('',#3763,#3764);
#3763 = CARTESIAN_POINT('',(3.4,-3.2,2.965816812766));
#3764 = VECTOR('',#3765,1.);
#3765 = DIRECTION('',(0.,-1.,0.));
#3766 = PLANE('',#3767);
#3767 = AXIS2_PLACEMENT_3D('',#3768,#3769,#3770);
#3768 = CARTESIAN_POINT('',(3.752012024039,-3.2,2.402479816058));
#3769 = DIRECTION('',(0.848048096156,0.,0.529919264233));
#3770 = DIRECTION('',(-0.529919264233,0.,0.848048096156));
#3771 = ADVANCED_FACE('',(#3772),#3790,.T.);
#3772 = FACE_BOUND('',#3773,.T.);
#3773 = EDGE_LOOP('',(#3774,#3775,#3776,#3784));
#3774 = ORIENTED_EDGE('',*,*,#2470,.F.);
#3775 = ORIENTED_EDGE('',*,*,#3761,.F.);
#3776 = ORIENTED_EDGE('',*,*,#3777,.T.);
#3777 = EDGE_CURVE('',#3754,#3778,#3780,.T.);
#3778 = VERTEX_POINT('',#3779);
#3779 = CARTESIAN_POINT('',(3.4,1.8,3.));
#3780 = LINE('',#3781,#3782);
#3781 = CARTESIAN_POINT('',(3.4,1.8,2.75));
#3782 = VECTOR('',#3783,1.);
#3783 = DIRECTION('',(0.,0.,1.));
#3784 = ORIENTED_EDGE('',*,*,#3785,.F.);
#3785 = EDGE_CURVE('',#2471,#3778,#3786,.T.);
#3786 = LINE('',#3787,#3788);
#3787 = CARTESIAN_POINT('',(3.4,-3.2,3.));
#3788 = VECTOR('',#3789,1.);
#3789 = DIRECTION('',(0.,1.,0.));
#3790 = PLANE('',#3791);
#3791 = AXIS2_PLACEMENT_3D('',#3792,#3793,#3794);
#3792 = CARTESIAN_POINT('',(3.4,-3.2,2.75));
#3793 = DIRECTION('',(1.,0.,0.));
#3794 = DIRECTION('',(0.,0.,1.));
#3795 = ADVANCED_FACE('',(#3796),#3878,.T.);
#3796 = FACE_BOUND('',#3797,.T.);
#3797 = EDGE_LOOP('',(#3798,#3806,#3807,#3808,#3816,#3824,#3832,#3840,
    #3848,#3856,#3864,#3872));
#3798 = ORIENTED_EDGE('',*,*,#3799,.F.);
#3799 = EDGE_CURVE('',#2479,#3800,#3802,.T.);
#3800 = VERTEX_POINT('',#3801);
#3801 = CARTESIAN_POINT('',(-3.4,1.8,3.));
#3802 = LINE('',#3803,#3804);
#3803 = CARTESIAN_POINT('',(-3.4,-3.2,3.));
#3804 = VECTOR('',#3805,1.);
#3805 = DIRECTION('',(0.,1.,0.));
#3806 = ORIENTED_EDGE('',*,*,#2478,.T.);
#3807 = ORIENTED_EDGE('',*,*,#3785,.T.);
#3808 = ORIENTED_EDGE('',*,*,#3809,.F.);
#3809 = EDGE_CURVE('',#3810,#3778,#3812,.T.);
#3810 = VERTEX_POINT('',#3811);
#3811 = CARTESIAN_POINT('',(1.5,1.8,3.));
#3812 = LINE('',#3813,#3814);
#3813 = CARTESIAN_POINT('',(-3.4,1.8,3.));
#3814 = VECTOR('',#3815,1.);
#3815 = DIRECTION('',(1.,0.,0.));
#3816 = ORIENTED_EDGE('',*,*,#3817,.T.);
#3817 = EDGE_CURVE('',#3810,#3818,#3820,.T.);
#3818 = VERTEX_POINT('',#3819);
#3819 = CARTESIAN_POINT('',(1.5,2.05,3.));
#3820 = LINE('',#3821,#3822);
#3821 = CARTESIAN_POINT('',(1.5,1.8,3.));
#3822 = VECTOR('',#3823,1.);
#3823 = DIRECTION('',(0.,1.,0.));
#3824 = ORIENTED_EDGE('',*,*,#3825,.F.);
#3825 = EDGE_CURVE('',#3826,#3818,#3828,.T.);
#3826 = VERTEX_POINT('',#3827);
#3827 = CARTESIAN_POINT('',(1.,2.05,3.));
#3828 = LINE('',#3829,#3830);
#3829 = CARTESIAN_POINT('',(-1.5,2.05,3.));
#3830 = VECTOR('',#3831,1.);
#3831 = DIRECTION('',(1.,0.,0.));
#3832 = ORIENTED_EDGE('',*,*,#3833,.F.);
#3833 = EDGE_CURVE('',#3834,#3826,#3836,.T.);
#3834 = VERTEX_POINT('',#3835);
#3835 = CARTESIAN_POINT('',(1.,1.8,3.));
#3836 = LINE('',#3837,#3838);
#3837 = CARTESIAN_POINT('',(1.,1.8,3.));
#3838 = VECTOR('',#3839,1.);
#3839 = DIRECTION('',(0.,1.,0.));
#3840 = ORIENTED_EDGE('',*,*,#3841,.F.);
#3841 = EDGE_CURVE('',#3842,#3834,#3844,.T.);
#3842 = VERTEX_POINT('',#3843);
#3843 = CARTESIAN_POINT('',(-1.,1.8,3.));
#3844 = LINE('',#3845,#3846);
#3845 = CARTESIAN_POINT('',(-3.4,1.8,3.));
#3846 = VECTOR('',#3847,1.);
#3847 = DIRECTION('',(1.,0.,0.));
#3848 = ORIENTED_EDGE('',*,*,#3849,.T.);
#3849 = EDGE_CURVE('',#3842,#3850,#3852,.T.);
#3850 = VERTEX_POINT('',#3851);
#3851 = CARTESIAN_POINT('',(-1.,2.05,3.));
#3852 = LINE('',#3853,#3854);
#3853 = CARTESIAN_POINT('',(-1.,1.8,3.));
#3854 = VECTOR('',#3855,1.);
#3855 = DIRECTION('',(0.,1.,0.));
#3856 = ORIENTED_EDGE('',*,*,#3857,.F.);
#3857 = EDGE_CURVE('',#3858,#3850,#3860,.T.);
#3858 = VERTEX_POINT('',#3859);
#3859 = CARTESIAN_POINT('',(-1.5,2.05,3.));
#3860 = LINE('',#3861,#3862);
#3861 = CARTESIAN_POINT('',(-1.5,2.05,3.));
#3862 = VECTOR('',#3863,1.);
#3863 = DIRECTION('',(1.,0.,0.));
#3864 = ORIENTED_EDGE('',*,*,#3865,.F.);
#3865 = EDGE_CURVE('',#3866,#3858,#3868,.T.);
#3866 = VERTEX_POINT('',#3867);
#3867 = CARTESIAN_POINT('',(-1.5,1.8,3.));
#3868 = LINE('',#3869,#3870);
#3869 = CARTESIAN_POINT('',(-1.5,1.8,3.));
#3870 = VECTOR('',#3871,1.);
#3871 = DIRECTION('',(0.,1.,0.));
#3872 = ORIENTED_EDGE('',*,*,#3873,.F.);
#3873 = EDGE_CURVE('',#3800,#3866,#3874,.T.);
#3874 = LINE('',#3875,#3876);
#3875 = CARTESIAN_POINT('',(-3.4,1.8,3.));
#3876 = VECTOR('',#3877,1.);
#3877 = DIRECTION('',(1.,0.,0.));
#3878 = PLANE('',#3879);
#3879 = AXIS2_PLACEMENT_3D('',#3880,#3881,#3882);
#3880 = CARTESIAN_POINT('',(1.805240690447E-17,-0.583130081301,3.));
#3881 = DIRECTION('',(0.,0.,1.));
#3882 = DIRECTION('',(1.,0.,0.));
#3883 = ADVANCED_FACE('',(#3884),#3902,.F.);
#3884 = FACE_BOUND('',#3885,.F.);
#3885 = EDGE_LOOP('',(#3886,#3887,#3895,#3901));
#3886 = ORIENTED_EDGE('',*,*,#2486,.F.);
#3887 = ORIENTED_EDGE('',*,*,#3888,.T.);
#3888 = EDGE_CURVE('',#2487,#3889,#3891,.T.);
#3889 = VERTEX_POINT('',#3890);
#3890 = CARTESIAN_POINT('',(-3.4,1.8,2.960117085164));
#3891 = LINE('',#3892,#3893);
#3892 = CARTESIAN_POINT('',(-3.4,-3.2,2.960117085164));
#3893 = VECTOR('',#3894,1.);
#3894 = DIRECTION('',(0.,1.,0.));
#3895 = ORIENTED_EDGE('',*,*,#3896,.T.);
#3896 = EDGE_CURVE('',#3889,#3800,#3897,.T.);
#3897 = LINE('',#3898,#3899);
#3898 = CARTESIAN_POINT('',(-3.4,1.8,2.75));
#3899 = VECTOR('',#3900,1.);
#3900 = DIRECTION('',(0.,0.,1.));
#3901 = ORIENTED_EDGE('',*,*,#3799,.F.);
#3902 = PLANE('',#3903);
#3903 = AXIS2_PLACEMENT_3D('',#3904,#3905,#3906);
#3904 = CARTESIAN_POINT('',(-3.4,-3.2,2.75));
#3905 = DIRECTION('',(1.,0.,0.));
#3906 = DIRECTION('',(0.,0.,1.));
#3907 = ADVANCED_FACE('',(#3908),#3919,.F.);
#3908 = FACE_BOUND('',#3909,.F.);
#3909 = EDGE_LOOP('',(#3910,#3911,#3912,#3918));
#3910 = ORIENTED_EDGE('',*,*,#2494,.F.);
#3911 = ORIENTED_EDGE('',*,*,#3451,.T.);
#3912 = ORIENTED_EDGE('',*,*,#3913,.T.);
#3913 = EDGE_CURVE('',#3444,#3889,#3914,.T.);
#3914 = LINE('',#3915,#3916);
#3915 = CARTESIAN_POINT('',(-3.75,1.8,2.4));
#3916 = VECTOR('',#3917,1.);
#3917 = DIRECTION('',(0.529919264233,0.,0.848048096156));
#3918 = ORIENTED_EDGE('',*,*,#3888,.F.);
#3919 = PLANE('',#3920);
#3920 = AXIS2_PLACEMENT_3D('',#3921,#3922,#3923);
#3921 = CARTESIAN_POINT('',(-3.75,-3.2,2.4));
#3922 = DIRECTION('',(0.848048096156,0.,-0.529919264233));
#3923 = DIRECTION('',(0.529919264233,0.,0.848048096156));
#3924 = ADVANCED_FACE('',(#3925),#3944,.F.);
#3925 = FACE_BOUND('',#3926,.F.);
#3926 = EDGE_LOOP('',(#3927,#3928,#3929,#3937,#3943));
#3927 = ORIENTED_EDGE('',*,*,#2543,.F.);
#3928 = ORIENTED_EDGE('',*,*,#2763,.T.);
#3929 = ORIENTED_EDGE('',*,*,#3930,.F.);
#3930 = EDGE_CURVE('',#3931,#2764,#3933,.T.);
#3931 = VERTEX_POINT('',#3932);
#3932 = CARTESIAN_POINT('',(-2.62,1.8,2.701212132894E-02));
#3933 = LINE('',#3934,#3935);
#3934 = CARTESIAN_POINT('',(-2.65,1.8,0.));
#3935 = VECTOR('',#3936,1.);
#3936 = DIRECTION('',(0.743144825477,0.,0.669130606359));
#3937 = ORIENTED_EDGE('',*,*,#3938,.F.);
#3938 = EDGE_CURVE('',#3502,#3931,#3939,.T.);
#3939 = LINE('',#3940,#3941);
#3940 = CARTESIAN_POINT('',(-2.65,1.8,0.));
#3941 = VECTOR('',#3942,1.);
#3942 = DIRECTION('',(0.743144825477,0.,0.669130606359));
#3943 = ORIENTED_EDGE('',*,*,#3501,.F.);
#3944 = PLANE('',#3945);
#3945 = AXIS2_PLACEMENT_3D('',#3946,#3947,#3948);
#3946 = CARTESIAN_POINT('',(-2.65,-3.2,0.));
#3947 = DIRECTION('',(-0.669130606359,0.,0.743144825477));
#3948 = DIRECTION('',(0.743144825477,0.,0.669130606359));
#3949 = ADVANCED_FACE('',(#3950),#3978,.T.);
#3950 = FACE_BOUND('',#3951,.T.);
#3951 = EDGE_LOOP('',(#3952,#3953,#3959,#3960,#3961,#3962,#3963,#3964,
    #3965,#3966,#3967,#3968,#3969,#3975,#3976,#3977));
#3952 = ORIENTED_EDGE('',*,*,#2674,.F.);
#3953 = ORIENTED_EDGE('',*,*,#3954,.T.);
#3954 = EDGE_CURVE('',#2675,#3810,#3955,.T.);
#3955 = LINE('',#3956,#3957);
#3956 = CARTESIAN_POINT('',(1.5,1.8,1.8));
#3957 = VECTOR('',#3958,1.);
#3958 = DIRECTION('',(0.,0.,1.));
#3959 = ORIENTED_EDGE('',*,*,#3809,.T.);
#3960 = ORIENTED_EDGE('',*,*,#3777,.F.);
#3961 = ORIENTED_EDGE('',*,*,#3753,.F.);
#3962 = ORIENTED_EDGE('',*,*,#3727,.F.);
#3963 = ORIENTED_EDGE('',*,*,#3703,.T.);
#3964 = ORIENTED_EDGE('',*,*,#3681,.F.);
#3965 = ORIENTED_EDGE('',*,*,#3655,.F.);
#3966 = ORIENTED_EDGE('',*,*,#3631,.T.);
#3967 = ORIENTED_EDGE('',*,*,#3609,.F.);
#3968 = ORIENTED_EDGE('',*,*,#3043,.F.);
#3969 = ORIENTED_EDGE('',*,*,#3970,.T.);
#3970 = EDGE_CURVE('',#3044,#2579,#3971,.T.);
#3971 = LINE('',#3972,#3973);
#3972 = CARTESIAN_POINT('',(2.58,1.8,0.));
#3973 = VECTOR('',#3974,1.);
#3974 = DIRECTION('',(0.,0.,1.));
#3975 = ORIENTED_EDGE('',*,*,#2586,.T.);
#3976 = ORIENTED_EDGE('',*,*,#2610,.T.);
#3977 = ORIENTED_EDGE('',*,*,#2634,.T.);
#3978 = PLANE('',#3979);
#3979 = AXIS2_PLACEMENT_3D('',#3980,#3981,#3982);
#3980 = CARTESIAN_POINT('',(2.973336374057,1.8,1.921175644723));
#3981 = DIRECTION('',(1.629903446654E-17,1.,6.329963059763E-18));
#3982 = DIRECTION('',(1.,-1.629903446654E-17,0.));
#3983 = ADVANCED_FACE('',(#3984),#4128,.T.);
#3984 = FACE_BOUND('',#3985,.T.);
#3985 = EDGE_LOOP('',(#3986,#3996,#4004,#4010,#4011,#4012,#4020,#4028,
    #4036,#4042,#4043,#4051,#4059,#4065,#4066,#4074,#4082,#4090,#4096,
    #4097,#4098,#4106,#4114,#4122));
#3986 = ORIENTED_EDGE('',*,*,#3987,.F.);
#3987 = EDGE_CURVE('',#3988,#3990,#3992,.T.);
#3988 = VERTEX_POINT('',#3989);
#3989 = CARTESIAN_POINT('',(2.23,1.8,-0.8));
#3990 = VERTEX_POINT('',#3991);
#3991 = CARTESIAN_POINT('',(2.23,1.8,0.9));
#3992 = LINE('',#3993,#3994);
#3993 = CARTESIAN_POINT('',(2.23,1.8,0.));
#3994 = VECTOR('',#3995,1.);
#3995 = DIRECTION('',(0.,0.,1.));
#3996 = ORIENTED_EDGE('',*,*,#3997,.T.);
#3997 = EDGE_CURVE('',#3988,#3998,#4000,.T.);
#3998 = VERTEX_POINT('',#3999);
#3999 = CARTESIAN_POINT('',(2.58,1.8,-0.8));
#4000 = LINE('',#4001,#4002);
#4001 = CARTESIAN_POINT('',(2.23,1.8,-0.8));
#4002 = VECTOR('',#4003,1.);
#4003 = DIRECTION('',(1.,0.,0.));
#4004 = ORIENTED_EDGE('',*,*,#4005,.T.);
#4005 = EDGE_CURVE('',#3998,#3044,#4006,.T.);
#4006 = LINE('',#4007,#4008);
#4007 = CARTESIAN_POINT('',(2.58,1.8,-0.8));
#4008 = VECTOR('',#4009,1.);
#4009 = DIRECTION('',(0.,0.,1.));
#4010 = ORIENTED_EDGE('',*,*,#3051,.F.);
#4011 = ORIENTED_EDGE('',*,*,#2578,.T.);
#4012 = ORIENTED_EDGE('',*,*,#4013,.T.);
#4013 = EDGE_CURVE('',#2579,#4014,#4016,.T.);
#4014 = VERTEX_POINT('',#4015);
#4015 = CARTESIAN_POINT('',(2.58,1.8,0.73));
#4016 = LINE('',#4017,#4018);
#4017 = CARTESIAN_POINT('',(2.58,1.8,0.));
#4018 = VECTOR('',#4019,1.);
#4019 = DIRECTION('',(0.,0.,1.));
#4020 = ORIENTED_EDGE('',*,*,#4021,.T.);
#4021 = EDGE_CURVE('',#4014,#4022,#4024,.T.);
#4022 = VERTEX_POINT('',#4023);
#4023 = CARTESIAN_POINT('',(1.51,1.8,1.8));
#4024 = LINE('',#4025,#4026);
#4025 = CARTESIAN_POINT('',(1.474020618557,1.8,1.835979381443));
#4026 = VECTOR('',#4027,1.);
#4027 = DIRECTION('',(-0.707106781187,-2.549624869175E-32,0.707106781187
    ));
#4028 = ORIENTED_EDGE('',*,*,#4029,.F.);
#4029 = EDGE_CURVE('',#4030,#4022,#4032,.T.);
#4030 = VERTEX_POINT('',#4031);
#4031 = CARTESIAN_POINT('',(1.5,1.8,1.8));
#4032 = LINE('',#4033,#4034);
#4033 = CARTESIAN_POINT('',(-2.62,1.8,1.8));
#4034 = VECTOR('',#4035,1.);
#4035 = DIRECTION('',(1.,0.,0.));
#4036 = ORIENTED_EDGE('',*,*,#4037,.T.);
#4037 = EDGE_CURVE('',#4030,#2675,#4038,.T.);
#4038 = LINE('',#4039,#4040);
#4039 = CARTESIAN_POINT('',(1.5,1.8,1.8));
#4040 = VECTOR('',#4041,1.);
#4041 = DIRECTION('',(0.,0.,1.));
#4042 = ORIENTED_EDGE('',*,*,#2682,.F.);
#4043 = ORIENTED_EDGE('',*,*,#4044,.F.);
#4044 = EDGE_CURVE('',#4045,#2683,#4047,.T.);
#4045 = VERTEX_POINT('',#4046);
#4046 = CARTESIAN_POINT('',(1.,1.8,2.4));
#4047 = LINE('',#4048,#4049);
#4048 = CARTESIAN_POINT('',(1.,1.8,2.4));
#4049 = VECTOR('',#4050,1.);
#4050 = DIRECTION('',(0.,0.,1.));
#4051 = ORIENTED_EDGE('',*,*,#4052,.F.);
#4052 = EDGE_CURVE('',#4053,#4045,#4055,.T.);
#4053 = VERTEX_POINT('',#4054);
#4054 = CARTESIAN_POINT('',(-1.,1.8,2.4));
#4055 = LINE('',#4056,#4057);
#4056 = CARTESIAN_POINT('',(-1.,1.8,2.4));
#4057 = VECTOR('',#4058,1.);
#4058 = DIRECTION('',(1.,0.,0.));
#4059 = ORIENTED_EDGE('',*,*,#4060,.T.);
#4060 = EDGE_CURVE('',#4053,#2691,#4061,.T.);
#4061 = LINE('',#4062,#4063);
#4062 = CARTESIAN_POINT('',(-1.,1.8,2.4));
#4063 = VECTOR('',#4064,1.);
#4064 = DIRECTION('',(0.,0.,1.));
#4065 = ORIENTED_EDGE('',*,*,#2698,.F.);
#4066 = ORIENTED_EDGE('',*,*,#4067,.F.);
#4067 = EDGE_CURVE('',#4068,#2659,#4070,.T.);
#4068 = VERTEX_POINT('',#4069);
#4069 = CARTESIAN_POINT('',(-1.5,1.8,1.8));
#4070 = LINE('',#4071,#4072);
#4071 = CARTESIAN_POINT('',(-1.5,1.8,1.8));
#4072 = VECTOR('',#4073,1.);
#4073 = DIRECTION('',(0.,0.,1.));
#4074 = ORIENTED_EDGE('',*,*,#4075,.F.);
#4075 = EDGE_CURVE('',#4076,#4068,#4078,.T.);
#4076 = VERTEX_POINT('',#4077);
#4077 = CARTESIAN_POINT('',(-1.55,1.8,1.8));
#4078 = LINE('',#4079,#4080);
#4079 = CARTESIAN_POINT('',(-2.62,1.8,1.8));
#4080 = VECTOR('',#4081,1.);
#4081 = DIRECTION('',(1.,0.,0.));
#4082 = ORIENTED_EDGE('',*,*,#4083,.F.);
#4083 = EDGE_CURVE('',#4084,#4076,#4086,.T.);
#4084 = VERTEX_POINT('',#4085);
#4085 = CARTESIAN_POINT('',(-2.62,1.8,0.73));
#4086 = LINE('',#4087,#4088);
#4087 = CARTESIAN_POINT('',(-1.512164948454,1.8,1.837835051546));
#4088 = VECTOR('',#4089,1.);
#4089 = DIRECTION('',(0.707106781187,-5.961613114079E-33,0.707106781187)
  );
#4090 = ORIENTED_EDGE('',*,*,#4091,.F.);
#4091 = EDGE_CURVE('',#2772,#4084,#4092,.T.);
#4092 = LINE('',#4093,#4094);
#4093 = CARTESIAN_POINT('',(-2.62,1.8,0.));
#4094 = VECTOR('',#4095,1.);
#4095 = DIRECTION('',(0.,0.,1.));
#4096 = ORIENTED_EDGE('',*,*,#2771,.F.);
#4097 = ORIENTED_EDGE('',*,*,#3930,.F.);
#4098 = ORIENTED_EDGE('',*,*,#4099,.F.);
#4099 = EDGE_CURVE('',#4100,#3931,#4102,.T.);
#4100 = VERTEX_POINT('',#4101);
#4101 = CARTESIAN_POINT('',(-2.62,1.8,-0.8));
#4102 = LINE('',#4103,#4104);
#4103 = CARTESIAN_POINT('',(-2.62,1.8,0.));
#4104 = VECTOR('',#4105,1.);
#4105 = DIRECTION('',(0.,0.,1.));
#4106 = ORIENTED_EDGE('',*,*,#4107,.T.);
#4107 = EDGE_CURVE('',#4100,#4108,#4110,.T.);
#4108 = VERTEX_POINT('',#4109);
#4109 = CARTESIAN_POINT('',(-2.27,1.8,-0.8));
#4110 = LINE('',#4111,#4112);
#4111 = CARTESIAN_POINT('',(-2.62,1.8,-0.8));
#4112 = VECTOR('',#4113,1.);
#4113 = DIRECTION('',(1.,0.,0.));
#4114 = ORIENTED_EDGE('',*,*,#4115,.T.);
#4115 = EDGE_CURVE('',#4108,#4116,#4118,.T.);
#4116 = VERTEX_POINT('',#4117);
#4117 = CARTESIAN_POINT('',(-2.27,1.8,0.9));
#4118 = LINE('',#4119,#4120);
#4119 = CARTESIAN_POINT('',(-2.27,1.8,-0.8));
#4120 = VECTOR('',#4121,1.);
#4121 = DIRECTION('',(0.,0.,1.));
#4122 = ORIENTED_EDGE('',*,*,#4123,.T.);
#4123 = EDGE_CURVE('',#4116,#3990,#4124,.T.);
#4124 = LINE('',#4125,#4126);
#4125 = CARTESIAN_POINT('',(-2.27,1.8,0.9));
#4126 = VECTOR('',#4127,1.);
#4127 = DIRECTION('',(1.,0.,0.));
#4128 = PLANE('',#4129);
#4129 = AXIS2_PLACEMENT_3D('',#4130,#4131,#4132);
#4130 = CARTESIAN_POINT('',(-1.966579495408E-02,1.8,1.030085205719));
#4131 = DIRECTION('',(4.312139656117E-19,-1.,-1.5997795864E-17));
#4132 = DIRECTION('',(0.,1.5997795864E-17,-1.));
#4133 = ADVANCED_FACE('',(#4134),#4159,.T.);
#4134 = FACE_BOUND('',#4135,.T.);
#4135 = EDGE_LOOP('',(#4136,#4137,#4138,#4139,#4140,#4141,#4147,#4148,
    #4149,#4150,#4151,#4157,#4158));
#4136 = ORIENTED_EDGE('',*,*,#3465,.F.);
#4137 = ORIENTED_EDGE('',*,*,#3443,.T.);
#4138 = ORIENTED_EDGE('',*,*,#3913,.T.);
#4139 = ORIENTED_EDGE('',*,*,#3896,.T.);
#4140 = ORIENTED_EDGE('',*,*,#3873,.T.);
#4141 = ORIENTED_EDGE('',*,*,#4142,.F.);
#4142 = EDGE_CURVE('',#2659,#3866,#4143,.T.);
#4143 = LINE('',#4144,#4145);
#4144 = CARTESIAN_POINT('',(-1.5,1.8,1.8));
#4145 = VECTOR('',#4146,1.);
#4146 = DIRECTION('',(0.,0.,1.));
#4147 = ORIENTED_EDGE('',*,*,#2656,.F.);
#4148 = ORIENTED_EDGE('',*,*,#2721,.F.);
#4149 = ORIENTED_EDGE('',*,*,#2745,.F.);
#4150 = ORIENTED_EDGE('',*,*,#2779,.F.);
#4151 = ORIENTED_EDGE('',*,*,#4152,.F.);
#4152 = EDGE_CURVE('',#3931,#2772,#4153,.T.);
#4153 = LINE('',#4154,#4155);
#4154 = CARTESIAN_POINT('',(-2.62,1.8,0.));
#4155 = VECTOR('',#4156,1.);
#4156 = DIRECTION('',(0.,0.,1.));
#4157 = ORIENTED_EDGE('',*,*,#3938,.F.);
#4158 = ORIENTED_EDGE('',*,*,#3509,.T.);
#4159 = PLANE('',#4160);
#4160 = AXIS2_PLACEMENT_3D('',#4161,#4162,#4163);
#4161 = CARTESIAN_POINT('',(-2.974891811479,1.8,1.933286620348));
#4162 = DIRECTION('',(-1.73606910178E-17,1.,8.563873664518E-18));
#4163 = DIRECTION('',(1.,1.73606910178E-17,0.));
#4164 = ADVANCED_FACE('',(#4165),#4181,.T.);
#4165 = FACE_BOUND('',#4166,.T.);
#4166 = EDGE_LOOP('',(#4167,#4168,#4174,#4175));
#4167 = ORIENTED_EDGE('',*,*,#2690,.F.);
#4168 = ORIENTED_EDGE('',*,*,#4169,.T.);
#4169 = EDGE_CURVE('',#2691,#3842,#4170,.T.);
#4170 = LINE('',#4171,#4172);
#4171 = CARTESIAN_POINT('',(-1.,1.8,2.4));
#4172 = VECTOR('',#4173,1.);
#4173 = DIRECTION('',(0.,0.,1.));
#4174 = ORIENTED_EDGE('',*,*,#3841,.T.);
#4175 = ORIENTED_EDGE('',*,*,#4176,.F.);
#4176 = EDGE_CURVE('',#2683,#3834,#4177,.T.);
#4177 = LINE('',#4178,#4179);
#4178 = CARTESIAN_POINT('',(1.,1.8,2.4));
#4179 = VECTOR('',#4180,1.);
#4180 = DIRECTION('',(0.,0.,1.));
#4181 = PLANE('',#4182);
#4182 = AXIS2_PLACEMENT_3D('',#4183,#4184,#4185);
#4183 = CARTESIAN_POINT('',(-3.4,1.8,2.75));
#4184 = DIRECTION('',(0.,1.,0.));
#4185 = DIRECTION('',(0.,0.,1.));
#4186 = ADVANCED_FACE('',(#4187),#4198,.T.);
#4187 = FACE_BOUND('',#4188,.T.);
#4188 = EDGE_LOOP('',(#4189,#4190,#4191,#4192));
#4189 = ORIENTED_EDGE('',*,*,#3065,.F.);
#4190 = ORIENTED_EDGE('',*,*,#3578,.T.);
#4191 = ORIENTED_EDGE('',*,*,#3161,.T.);
#4192 = ORIENTED_EDGE('',*,*,#4193,.T.);
#4193 = EDGE_CURVE('',#3164,#3068,#4194,.T.);
#4194 = LINE('',#4195,#4196);
#4195 = CARTESIAN_POINT('',(2.89,-1.53,0.25));
#4196 = VECTOR('',#4197,1.);
#4197 = DIRECTION('',(0.,1.,0.));
#4198 = PLANE('',#4199);
#4199 = AXIS2_PLACEMENT_3D('',#4200,#4201,#4202);
#4200 = CARTESIAN_POINT('',(-1.419092465753E-02,-0.817555650685,0.25));
#4201 = DIRECTION('',(0.,0.,1.));
#4202 = DIRECTION('',(1.,0.,0.));
#4203 = ADVANCED_FACE('',(#4204),#4222,.T.);
#4204 = FACE_BOUND('',#4205,.T.);
#4205 = EDGE_LOOP('',(#4206,#4207,#4208,#4216));
#4206 = ORIENTED_EDGE('',*,*,#3585,.T.);
#4207 = ORIENTED_EDGE('',*,*,#3115,.F.);
#4208 = ORIENTED_EDGE('',*,*,#4209,.T.);
#4209 = EDGE_CURVE('',#3108,#4210,#4212,.T.);
#4210 = VERTEX_POINT('',#4211);
#4211 = CARTESIAN_POINT('',(2.66,1.6,0.));
#4212 = LINE('',#4213,#4214);
#4213 = CARTESIAN_POINT('',(2.66,-3.2,0.));
#4214 = VECTOR('',#4215,1.);
#4215 = DIRECTION('',(0.,1.,0.));
#4216 = ORIENTED_EDGE('',*,*,#4217,.T.);
#4217 = EDGE_CURVE('',#4210,#3586,#4218,.T.);
#4218 = LINE('',#4219,#4220);
#4219 = CARTESIAN_POINT('',(2.66,1.6,0.));
#4220 = VECTOR('',#4221,1.);
#4221 = DIRECTION('',(0.,0.,1.));
#4222 = PLANE('',#4223);
#4223 = AXIS2_PLACEMENT_3D('',#4224,#4225,#4226);
#4224 = CARTESIAN_POINT('',(2.66,-3.2,0.));
#4225 = DIRECTION('',(1.,0.,0.));
#4226 = DIRECTION('',(0.,0.,1.));
#4227 = ADVANCED_FACE('',(#4228),#4239,.T.);
#4228 = FACE_BOUND('',#4229,.T.);
#4229 = EDGE_LOOP('',(#4230,#4231,#4237,#4238));
#4230 = ORIENTED_EDGE('',*,*,#3601,.T.);
#4231 = ORIENTED_EDGE('',*,*,#4232,.T.);
#4232 = EDGE_CURVE('',#3594,#4210,#4233,.T.);
#4233 = LINE('',#4234,#4235);
#4234 = CARTESIAN_POINT('',(1.91,1.6,0.));
#4235 = VECTOR('',#4236,1.);
#4236 = DIRECTION('',(1.,0.,0.));
#4237 = ORIENTED_EDGE('',*,*,#4209,.F.);
#4238 = ORIENTED_EDGE('',*,*,#3107,.T.);
#4239 = PLANE('',#4240);
#4240 = AXIS2_PLACEMENT_3D('',#4241,#4242,#4243);
#4241 = CARTESIAN_POINT('',(9.529049295775E-03,-0.808754401408,0.));
#4242 = DIRECTION('',(-0.,-0.,-1.));
#4243 = DIRECTION('',(-1.,0.,0.));
#4244 = ADVANCED_FACE('',(#4245),#4256,.F.);
#4245 = FACE_BOUND('',#4246,.F.);
#4246 = EDGE_LOOP('',(#4247,#4248,#4249,#4255));
#4247 = ORIENTED_EDGE('',*,*,#3145,.F.);
#4248 = ORIENTED_EDGE('',*,*,#3179,.T.);
#4249 = ORIENTED_EDGE('',*,*,#4250,.T.);
#4250 = EDGE_CURVE('',#3172,#3076,#4251,.T.);
#4251 = LINE('',#4252,#4253);
#4252 = CARTESIAN_POINT('',(2.89,-1.53,-0.8));
#4253 = VECTOR('',#4254,1.);
#4254 = DIRECTION('',(0.,1.,0.));
#4255 = ORIENTED_EDGE('',*,*,#3083,.F.);
#4256 = PLANE('',#4257);
#4257 = AXIS2_PLACEMENT_3D('',#4258,#4259,#4260);
#4258 = CARTESIAN_POINT('',(2.54,-1.53,-0.8));
#4259 = DIRECTION('',(0.,0.,1.));
#4260 = DIRECTION('',(1.,0.,0.));
#4261 = ADVANCED_FACE('',(#4262),#4268,.T.);
#4262 = FACE_BOUND('',#4263,.T.);
#4263 = EDGE_LOOP('',(#4264,#4265,#4266,#4267));
#4264 = ORIENTED_EDGE('',*,*,#3171,.F.);
#4265 = ORIENTED_EDGE('',*,*,#4250,.T.);
#4266 = ORIENTED_EDGE('',*,*,#3075,.T.);
#4267 = ORIENTED_EDGE('',*,*,#4193,.F.);
#4268 = PLANE('',#4269);
#4269 = AXIS2_PLACEMENT_3D('',#4270,#4271,#4272);
#4270 = CARTESIAN_POINT('',(2.89,-1.53,-0.8));
#4271 = DIRECTION('',(1.,0.,0.));
#4272 = DIRECTION('',(0.,0.,1.));
#4273 = ADVANCED_FACE('',(#4274),#4285,.T.);
#4274 = FACE_BOUND('',#4275,.T.);
#4275 = EDGE_LOOP('',(#4276,#4277,#4278,#4284));
#4276 = ORIENTED_EDGE('',*,*,#3492,.F.);
#4277 = ORIENTED_EDGE('',*,*,#3363,.F.);
#4278 = ORIENTED_EDGE('',*,*,#4279,.F.);
#4279 = EDGE_CURVE('',#3291,#3356,#4280,.T.);
#4280 = LINE('',#4281,#4282);
#4281 = CARTESIAN_POINT('',(-2.94,-1.53,0.25));
#4282 = VECTOR('',#4283,1.);
#4283 = DIRECTION('',(0.,1.,0.));
#4284 = ORIENTED_EDGE('',*,*,#3298,.T.);
#4285 = PLANE('',#4286);
#4286 = AXIS2_PLACEMENT_3D('',#4287,#4288,#4289);
#4287 = CARTESIAN_POINT('',(-1.419092465753E-02,-0.817555650685,0.25));
#4288 = DIRECTION('',(0.,0.,1.));
#4289 = DIRECTION('',(1.,0.,0.));
#4290 = ADVANCED_FACE('',(#4291),#4302,.F.);
#4291 = FACE_BOUND('',#4292,.F.);
#4292 = EDGE_LOOP('',(#4293,#4294,#4300,#4301));
#4293 = ORIENTED_EDGE('',*,*,#3290,.F.);
#4294 = ORIENTED_EDGE('',*,*,#4295,.T.);
#4295 = EDGE_CURVE('',#3283,#3348,#4296,.T.);
#4296 = LINE('',#4297,#4298);
#4297 = CARTESIAN_POINT('',(-2.94,-1.53,-0.8));
#4298 = VECTOR('',#4299,1.);
#4299 = DIRECTION('',(0.,1.,0.));
#4300 = ORIENTED_EDGE('',*,*,#3355,.T.);
#4301 = ORIENTED_EDGE('',*,*,#4279,.F.);
#4302 = PLANE('',#4303);
#4303 = AXIS2_PLACEMENT_3D('',#4304,#4305,#4306);
#4304 = CARTESIAN_POINT('',(-2.94,-1.53,-0.8));
#4305 = DIRECTION('',(1.,0.,0.));
#4306 = DIRECTION('',(0.,0.,1.));
#4307 = ADVANCED_FACE('',(#4308),#4314,.F.);
#4308 = FACE_BOUND('',#4309,.F.);
#4309 = EDGE_LOOP('',(#4310,#4311,#4312,#4313));
#4310 = ORIENTED_EDGE('',*,*,#4295,.F.);
#4311 = ORIENTED_EDGE('',*,*,#3282,.T.);
#4312 = ORIENTED_EDGE('',*,*,#3323,.T.);
#4313 = ORIENTED_EDGE('',*,*,#3347,.F.);
#4314 = PLANE('',#4315);
#4315 = AXIS2_PLACEMENT_3D('',#4316,#4317,#4318);
#4316 = CARTESIAN_POINT('',(-2.94,-1.53,-0.8));
#4317 = DIRECTION('',(0.,0.,1.));
#4318 = DIRECTION('',(1.,0.,0.));
#4319 = ADVANCED_FACE('',(#4320),#4325,.T.);
#4320 = FACE_BOUND('',#4321,.T.);
#4321 = EDGE_LOOP('',(#4322,#4323,#4324));
#4322 = ORIENTED_EDGE('',*,*,#4232,.F.);
#4323 = ORIENTED_EDGE('',*,*,#3593,.T.);
#4324 = ORIENTED_EDGE('',*,*,#4217,.F.);
#4325 = PLANE('',#4326);
#4326 = AXIS2_PLACEMENT_3D('',#4327,#4328,#4329);
#4327 = CARTESIAN_POINT('',(1.91,1.6,0.));
#4328 = DIRECTION('',(0.,1.,0.));
#4329 = DIRECTION('',(0.,0.,1.));
#4330 = ADVANCED_FACE('',(#4331),#4350,.T.);
#4331 = FACE_BOUND('',#4332,.T.);
#4332 = EDGE_LOOP('',(#4333,#4334,#4342,#4348,#4349));
#4333 = ORIENTED_EDGE('',*,*,#4037,.F.);
#4334 = ORIENTED_EDGE('',*,*,#4335,.T.);
#4335 = EDGE_CURVE('',#4030,#4336,#4338,.T.);
#4336 = VERTEX_POINT('',#4337);
#4337 = CARTESIAN_POINT('',(1.5,2.05,1.8));
#4338 = LINE('',#4339,#4340);
#4339 = CARTESIAN_POINT('',(1.5,1.8,1.8));
#4340 = VECTOR('',#4341,1.);
#4341 = DIRECTION('',(0.,1.,0.));
#4342 = ORIENTED_EDGE('',*,*,#4343,.T.);
#4343 = EDGE_CURVE('',#4336,#3818,#4344,.T.);
#4344 = LINE('',#4345,#4346);
#4345 = CARTESIAN_POINT('',(1.5,2.05,1.8));
#4346 = VECTOR('',#4347,1.);
#4347 = DIRECTION('',(0.,0.,1.));
#4348 = ORIENTED_EDGE('',*,*,#3817,.F.);
#4349 = ORIENTED_EDGE('',*,*,#3954,.F.);
#4350 = PLANE('',#4351);
#4351 = AXIS2_PLACEMENT_3D('',#4352,#4353,#4354);
#4352 = CARTESIAN_POINT('',(1.5,1.8,1.8));
#4353 = DIRECTION('',(1.,0.,0.));
#4354 = DIRECTION('',(0.,0.,1.));
#4355 = ADVANCED_FACE('',(#4356),#4477,.T.);
#4356 = FACE_BOUND('',#4357,.T.);
#4357 = EDGE_LOOP('',(#4358,#4368,#4376,#4384,#4392,#4400,#4406,#4407,
    #4415,#4423,#4429,#4430,#4431,#4439,#4447,#4455,#4463,#4471));
#4358 = ORIENTED_EDGE('',*,*,#4359,.F.);
#4359 = EDGE_CURVE('',#4360,#4362,#4364,.T.);
#4360 = VERTEX_POINT('',#4361);
#4361 = CARTESIAN_POINT('',(-2.27,2.05,-0.8));
#4362 = VERTEX_POINT('',#4363);
#4363 = CARTESIAN_POINT('',(-2.27,2.05,0.9));
#4364 = LINE('',#4365,#4366);
#4365 = CARTESIAN_POINT('',(-2.27,2.05,-0.8));
#4366 = VECTOR('',#4367,1.);
#4367 = DIRECTION('',(0.,0.,1.));
#4368 = ORIENTED_EDGE('',*,*,#4369,.F.);
#4369 = EDGE_CURVE('',#4370,#4360,#4372,.T.);
#4370 = VERTEX_POINT('',#4371);
#4371 = CARTESIAN_POINT('',(-2.62,2.05,-0.8));
#4372 = LINE('',#4373,#4374);
#4373 = CARTESIAN_POINT('',(-2.62,2.05,-0.8));
#4374 = VECTOR('',#4375,1.);
#4375 = DIRECTION('',(1.,0.,0.));
#4376 = ORIENTED_EDGE('',*,*,#4377,.T.);
#4377 = EDGE_CURVE('',#4370,#4378,#4380,.T.);
#4378 = VERTEX_POINT('',#4379);
#4379 = CARTESIAN_POINT('',(-2.62,2.05,0.73));
#4380 = LINE('',#4381,#4382);
#4381 = CARTESIAN_POINT('',(-2.62,2.05,0.));
#4382 = VECTOR('',#4383,1.);
#4383 = DIRECTION('',(0.,0.,1.));
#4384 = ORIENTED_EDGE('',*,*,#4385,.T.);
#4385 = EDGE_CURVE('',#4378,#4386,#4388,.T.);
#4386 = VERTEX_POINT('',#4387);
#4387 = CARTESIAN_POINT('',(-1.55,2.05,1.8));
#4388 = LINE('',#4389,#4390);
#4389 = CARTESIAN_POINT('',(-1.512164948454,2.05,1.837835051546));
#4390 = VECTOR('',#4391,1.);
#4391 = DIRECTION('',(0.707106781187,-1.751833563747E-31,0.707106781187)
  );
#4392 = ORIENTED_EDGE('',*,*,#4393,.T.);
#4393 = EDGE_CURVE('',#4386,#4394,#4396,.T.);
#4394 = VERTEX_POINT('',#4395);
#4395 = CARTESIAN_POINT('',(-1.5,2.05,1.8));
#4396 = LINE('',#4397,#4398);
#4397 = CARTESIAN_POINT('',(-2.62,2.05,1.8));
#4398 = VECTOR('',#4399,1.);
#4399 = DIRECTION('',(1.,0.,0.));
#4400 = ORIENTED_EDGE('',*,*,#4401,.T.);
#4401 = EDGE_CURVE('',#4394,#3858,#4402,.T.);
#4402 = LINE('',#4403,#4404);
#4403 = CARTESIAN_POINT('',(-1.5,2.05,1.8));
#4404 = VECTOR('',#4405,1.);
#4405 = DIRECTION('',(0.,0.,1.));
#4406 = ORIENTED_EDGE('',*,*,#3857,.T.);
#4407 = ORIENTED_EDGE('',*,*,#4408,.F.);
#4408 = EDGE_CURVE('',#4409,#3850,#4411,.T.);
#4409 = VERTEX_POINT('',#4410);
#4410 = CARTESIAN_POINT('',(-1.,2.05,2.4));
#4411 = LINE('',#4412,#4413);
#4412 = CARTESIAN_POINT('',(-1.,2.05,2.4));
#4413 = VECTOR('',#4414,1.);
#4414 = DIRECTION('',(0.,0.,1.));
#4415 = ORIENTED_EDGE('',*,*,#4416,.T.);
#4416 = EDGE_CURVE('',#4409,#4417,#4419,.T.);
#4417 = VERTEX_POINT('',#4418);
#4418 = CARTESIAN_POINT('',(1.,2.05,2.4));
#4419 = LINE('',#4420,#4421);
#4420 = CARTESIAN_POINT('',(-1.,2.05,2.4));
#4421 = VECTOR('',#4422,1.);
#4422 = DIRECTION('',(1.,0.,0.));
#4423 = ORIENTED_EDGE('',*,*,#4424,.T.);
#4424 = EDGE_CURVE('',#4417,#3826,#4425,.T.);
#4425 = LINE('',#4426,#4427);
#4426 = CARTESIAN_POINT('',(1.,2.05,2.4));
#4427 = VECTOR('',#4428,1.);
#4428 = DIRECTION('',(0.,0.,1.));
#4429 = ORIENTED_EDGE('',*,*,#3825,.T.);
#4430 = ORIENTED_EDGE('',*,*,#4343,.F.);
#4431 = ORIENTED_EDGE('',*,*,#4432,.T.);
#4432 = EDGE_CURVE('',#4336,#4433,#4435,.T.);
#4433 = VERTEX_POINT('',#4434);
#4434 = CARTESIAN_POINT('',(1.51,2.05,1.8));
#4435 = LINE('',#4436,#4437);
#4436 = CARTESIAN_POINT('',(-2.62,2.05,1.8));
#4437 = VECTOR('',#4438,1.);
#4438 = DIRECTION('',(1.,0.,0.));
#4439 = ORIENTED_EDGE('',*,*,#4440,.F.);
#4440 = EDGE_CURVE('',#4441,#4433,#4443,.T.);
#4441 = VERTEX_POINT('',#4442);
#4442 = CARTESIAN_POINT('',(2.58,2.05,0.73));
#4443 = LINE('',#4444,#4445);
#4444 = CARTESIAN_POINT('',(1.474020618557,2.05,1.835979381443));
#4445 = VECTOR('',#4446,1.);
#4446 = DIRECTION('',(-0.707106781187,-1.913236392411E-31,0.707106781187
    ));
#4447 = ORIENTED_EDGE('',*,*,#4448,.F.);
#4448 = EDGE_CURVE('',#4449,#4441,#4451,.T.);
#4449 = VERTEX_POINT('',#4450);
#4450 = CARTESIAN_POINT('',(2.58,2.05,-0.8));
#4451 = LINE('',#4452,#4453);
#4452 = CARTESIAN_POINT('',(2.58,2.05,-0.8));
#4453 = VECTOR('',#4454,1.);
#4454 = DIRECTION('',(0.,0.,1.));
#4455 = ORIENTED_EDGE('',*,*,#4456,.F.);
#4456 = EDGE_CURVE('',#4457,#4449,#4459,.T.);
#4457 = VERTEX_POINT('',#4458);
#4458 = CARTESIAN_POINT('',(2.23,2.05,-0.8));
#4459 = LINE('',#4460,#4461);
#4460 = CARTESIAN_POINT('',(2.23,2.05,-0.8));
#4461 = VECTOR('',#4462,1.);
#4462 = DIRECTION('',(1.,0.,0.));
#4463 = ORIENTED_EDGE('',*,*,#4464,.T.);
#4464 = EDGE_CURVE('',#4457,#4465,#4467,.T.);
#4465 = VERTEX_POINT('',#4466);
#4466 = CARTESIAN_POINT('',(2.23,2.05,0.9));
#4467 = LINE('',#4468,#4469);
#4468 = CARTESIAN_POINT('',(2.23,2.05,0.));
#4469 = VECTOR('',#4470,1.);
#4470 = DIRECTION('',(0.,0.,1.));
#4471 = ORIENTED_EDGE('',*,*,#4472,.F.);
#4472 = EDGE_CURVE('',#4362,#4465,#4473,.T.);
#4473 = LINE('',#4474,#4475);
#4474 = CARTESIAN_POINT('',(-2.27,2.05,0.9));
#4475 = VECTOR('',#4476,1.);
#4476 = DIRECTION('',(1.,0.,0.));
#4477 = PLANE('',#4478);
#4478 = AXIS2_PLACEMENT_3D('',#4479,#4480,#4481);
#4479 = CARTESIAN_POINT('',(-1.662706861199E-02,2.05,1.137863909807));
#4480 = DIRECTION('',(-6.086686596296E-20,1.,6.031584199283E-18));
#4481 = DIRECTION('',(0.,-6.031584199283E-18,1.));
#4482 = ADVANCED_FACE('',(#4483),#4495,.F.);
#4483 = FACE_BOUND('',#4484,.F.);
#4484 = EDGE_LOOP('',(#4485,#4486,#4492,#4493,#4494));
#4485 = ORIENTED_EDGE('',*,*,#4044,.F.);
#4486 = ORIENTED_EDGE('',*,*,#4487,.T.);
#4487 = EDGE_CURVE('',#4045,#4417,#4488,.T.);
#4488 = LINE('',#4489,#4490);
#4489 = CARTESIAN_POINT('',(1.,1.8,2.4));
#4490 = VECTOR('',#4491,1.);
#4491 = DIRECTION('',(0.,1.,0.));
#4492 = ORIENTED_EDGE('',*,*,#4424,.T.);
#4493 = ORIENTED_EDGE('',*,*,#3833,.F.);
#4494 = ORIENTED_EDGE('',*,*,#4176,.F.);
#4495 = PLANE('',#4496);
#4496 = AXIS2_PLACEMENT_3D('',#4497,#4498,#4499);
#4497 = CARTESIAN_POINT('',(1.,1.8,2.4));
#4498 = DIRECTION('',(1.,0.,0.));
#4499 = DIRECTION('',(0.,0.,1.));
#4500 = ADVANCED_FACE('',(#4501),#4513,.T.);
#4501 = FACE_BOUND('',#4502,.T.);
#4502 = EDGE_LOOP('',(#4503,#4504,#4510,#4511,#4512));
#4503 = ORIENTED_EDGE('',*,*,#4060,.F.);
#4504 = ORIENTED_EDGE('',*,*,#4505,.T.);
#4505 = EDGE_CURVE('',#4053,#4409,#4506,.T.);
#4506 = LINE('',#4507,#4508);
#4507 = CARTESIAN_POINT('',(-1.,1.8,2.4));
#4508 = VECTOR('',#4509,1.);
#4509 = DIRECTION('',(0.,1.,0.));
#4510 = ORIENTED_EDGE('',*,*,#4408,.T.);
#4511 = ORIENTED_EDGE('',*,*,#3849,.F.);
#4512 = ORIENTED_EDGE('',*,*,#4169,.F.);
#4513 = PLANE('',#4514);
#4514 = AXIS2_PLACEMENT_3D('',#4515,#4516,#4517);
#4515 = CARTESIAN_POINT('',(-1.,1.8,2.4));
#4516 = DIRECTION('',(1.,0.,0.));
#4517 = DIRECTION('',(0.,0.,1.));
#4518 = ADVANCED_FACE('',(#4519),#4531,.F.);
#4519 = FACE_BOUND('',#4520,.F.);
#4520 = EDGE_LOOP('',(#4521,#4522,#4528,#4529,#4530));
#4521 = ORIENTED_EDGE('',*,*,#4067,.F.);
#4522 = ORIENTED_EDGE('',*,*,#4523,.T.);
#4523 = EDGE_CURVE('',#4068,#4394,#4524,.T.);
#4524 = LINE('',#4525,#4526);
#4525 = CARTESIAN_POINT('',(-1.5,1.8,1.8));
#4526 = VECTOR('',#4527,1.);
#4527 = DIRECTION('',(0.,1.,0.));
#4528 = ORIENTED_EDGE('',*,*,#4401,.T.);
#4529 = ORIENTED_EDGE('',*,*,#3865,.F.);
#4530 = ORIENTED_EDGE('',*,*,#4142,.F.);
#4531 = PLANE('',#4532);
#4532 = AXIS2_PLACEMENT_3D('',#4533,#4534,#4535);
#4533 = CARTESIAN_POINT('',(-1.5,1.8,1.8));
#4534 = DIRECTION('',(1.,0.,0.));
#4535 = DIRECTION('',(0.,0.,1.));
#4536 = ADVANCED_FACE('',(#4537),#4555,.T.);
#4537 = FACE_BOUND('',#4538,.T.);
#4538 = EDGE_LOOP('',(#4539,#4540,#4541,#4547,#4548,#4554));
#4539 = ORIENTED_EDGE('',*,*,#3970,.F.);
#4540 = ORIENTED_EDGE('',*,*,#4005,.F.);
#4541 = ORIENTED_EDGE('',*,*,#4542,.T.);
#4542 = EDGE_CURVE('',#3998,#4449,#4543,.T.);
#4543 = LINE('',#4544,#4545);
#4544 = CARTESIAN_POINT('',(2.58,1.8,-0.8));
#4545 = VECTOR('',#4546,1.);
#4546 = DIRECTION('',(0.,1.,0.));
#4547 = ORIENTED_EDGE('',*,*,#4448,.T.);
#4548 = ORIENTED_EDGE('',*,*,#4549,.F.);
#4549 = EDGE_CURVE('',#4014,#4441,#4550,.T.);
#4550 = LINE('',#4551,#4552);
#4551 = CARTESIAN_POINT('',(2.58,1.8,0.73));
#4552 = VECTOR('',#4553,1.);
#4553 = DIRECTION('',(0.,1.,0.));
#4554 = ORIENTED_EDGE('',*,*,#4013,.F.);
#4555 = PLANE('',#4556);
#4556 = AXIS2_PLACEMENT_3D('',#4557,#4558,#4559);
#4557 = CARTESIAN_POINT('',(2.58,1.925,-3.5E-02));
#4558 = DIRECTION('',(1.,-2.207037813484E-29,-8.091823565195E-32));
#4559 = DIRECTION('',(2.207037813484E-29,1.,0.));
#4560 = ADVANCED_FACE('',(#4561),#4577,.T.);
#4561 = FACE_BOUND('',#4562,.T.);
#4562 = EDGE_LOOP('',(#4563,#4564,#4570,#4571));
#4563 = ORIENTED_EDGE('',*,*,#3987,.T.);
#4564 = ORIENTED_EDGE('',*,*,#4565,.T.);
#4565 = EDGE_CURVE('',#3990,#4465,#4566,.T.);
#4566 = LINE('',#4567,#4568);
#4567 = CARTESIAN_POINT('',(2.23,1.8,0.9));
#4568 = VECTOR('',#4569,1.);
#4569 = DIRECTION('',(0.,1.,0.));
#4570 = ORIENTED_EDGE('',*,*,#4464,.F.);
#4571 = ORIENTED_EDGE('',*,*,#4572,.F.);
#4572 = EDGE_CURVE('',#3988,#4457,#4573,.T.);
#4573 = LINE('',#4574,#4575);
#4574 = CARTESIAN_POINT('',(2.23,1.8,-0.8));
#4575 = VECTOR('',#4576,1.);
#4576 = DIRECTION('',(0.,1.,0.));
#4577 = PLANE('',#4578);
#4578 = AXIS2_PLACEMENT_3D('',#4579,#4580,#4581);
#4579 = CARTESIAN_POINT('',(2.23,1.925,5.E-02));
#4580 = DIRECTION('',(-1.,-3.155443620884E-30,5.194356133256E-32));
#4581 = DIRECTION('',(3.155443620884E-30,-1.,0.));
#4582 = ADVANCED_FACE('',(#4583),#4589,.F.);
#4583 = FACE_BOUND('',#4584,.F.);
#4584 = EDGE_LOOP('',(#4585,#4586,#4587,#4588));
#4585 = ORIENTED_EDGE('',*,*,#4572,.F.);
#4586 = ORIENTED_EDGE('',*,*,#3997,.T.);
#4587 = ORIENTED_EDGE('',*,*,#4542,.T.);
#4588 = ORIENTED_EDGE('',*,*,#4456,.F.);
#4589 = PLANE('',#4590);
#4590 = AXIS2_PLACEMENT_3D('',#4591,#4592,#4593);
#4591 = CARTESIAN_POINT('',(2.23,1.8,-0.8));
#4592 = DIRECTION('',(0.,0.,1.));
#4593 = DIRECTION('',(1.,0.,0.));
#4594 = ADVANCED_FACE('',(#4595),#4606,.T.);
#4595 = FACE_BOUND('',#4596,.T.);
#4596 = EDGE_LOOP('',(#4597,#4598,#4599,#4600));
#4597 = ORIENTED_EDGE('',*,*,#4021,.F.);
#4598 = ORIENTED_EDGE('',*,*,#4549,.T.);
#4599 = ORIENTED_EDGE('',*,*,#4440,.T.);
#4600 = ORIENTED_EDGE('',*,*,#4601,.F.);
#4601 = EDGE_CURVE('',#4022,#4433,#4602,.T.);
#4602 = LINE('',#4603,#4604);
#4603 = CARTESIAN_POINT('',(1.51,1.8,1.8));
#4604 = VECTOR('',#4605,1.);
#4605 = DIRECTION('',(0.,1.,0.));
#4606 = PLANE('',#4607);
#4607 = AXIS2_PLACEMENT_3D('',#4608,#4609,#4610);
#4608 = CARTESIAN_POINT('',(2.045,1.8,1.265));
#4609 = DIRECTION('',(0.707106781187,0.,0.707106781187));
#4610 = DIRECTION('',(0.,1.,0.));
#4611 = ADVANCED_FACE('',(#4612),#4618,.T.);
#4612 = FACE_BOUND('',#4613,.T.);
#4613 = EDGE_LOOP('',(#4614,#4615,#4616,#4617));
#4614 = ORIENTED_EDGE('',*,*,#4432,.F.);
#4615 = ORIENTED_EDGE('',*,*,#4335,.F.);
#4616 = ORIENTED_EDGE('',*,*,#4029,.T.);
#4617 = ORIENTED_EDGE('',*,*,#4601,.T.);
#4618 = PLANE('',#4619);
#4619 = AXIS2_PLACEMENT_3D('',#4620,#4621,#4622);
#4620 = CARTESIAN_POINT('',(-2.62,1.8,1.8));
#4621 = DIRECTION('',(0.,0.,1.));
#4622 = DIRECTION('',(1.,0.,0.));
#4623 = ADVANCED_FACE('',(#4624),#4630,.T.);
#4624 = FACE_BOUND('',#4625,.T.);
#4625 = EDGE_LOOP('',(#4626,#4627,#4628,#4629));
#4626 = ORIENTED_EDGE('',*,*,#4505,.F.);
#4627 = ORIENTED_EDGE('',*,*,#4052,.T.);
#4628 = ORIENTED_EDGE('',*,*,#4487,.T.);
#4629 = ORIENTED_EDGE('',*,*,#4416,.F.);
#4630 = PLANE('',#4631);
#4631 = AXIS2_PLACEMENT_3D('',#4632,#4633,#4634);
#4632 = CARTESIAN_POINT('',(-1.,1.8,2.4));
#4633 = DIRECTION('',(0.,0.,1.));
#4634 = DIRECTION('',(1.,0.,0.));
#4635 = ADVANCED_FACE('',(#4636),#4647,.T.);
#4636 = FACE_BOUND('',#4637,.T.);
#4637 = EDGE_LOOP('',(#4638,#4639,#4645,#4646));
#4638 = ORIENTED_EDGE('',*,*,#4393,.F.);
#4639 = ORIENTED_EDGE('',*,*,#4640,.F.);
#4640 = EDGE_CURVE('',#4076,#4386,#4641,.T.);
#4641 = LINE('',#4642,#4643);
#4642 = CARTESIAN_POINT('',(-1.55,1.8,1.8));
#4643 = VECTOR('',#4644,1.);
#4644 = DIRECTION('',(0.,1.,0.));
#4645 = ORIENTED_EDGE('',*,*,#4075,.T.);
#4646 = ORIENTED_EDGE('',*,*,#4523,.T.);
#4647 = PLANE('',#4648);
#4648 = AXIS2_PLACEMENT_3D('',#4649,#4650,#4651);
#4649 = CARTESIAN_POINT('',(-2.62,1.8,1.8));
#4650 = DIRECTION('',(0.,0.,1.));
#4651 = DIRECTION('',(1.,0.,0.));
#4652 = ADVANCED_FACE('',(#4653),#4664,.F.);
#4653 = FACE_BOUND('',#4654,.F.);
#4654 = EDGE_LOOP('',(#4655,#4656,#4662,#4663));
#4655 = ORIENTED_EDGE('',*,*,#4083,.F.);
#4656 = ORIENTED_EDGE('',*,*,#4657,.T.);
#4657 = EDGE_CURVE('',#4084,#4378,#4658,.T.);
#4658 = LINE('',#4659,#4660);
#4659 = CARTESIAN_POINT('',(-2.62,1.8,0.73));
#4660 = VECTOR('',#4661,1.);
#4661 = DIRECTION('',(0.,1.,0.));
#4662 = ORIENTED_EDGE('',*,*,#4385,.T.);
#4663 = ORIENTED_EDGE('',*,*,#4640,.F.);
#4664 = PLANE('',#4665);
#4665 = AXIS2_PLACEMENT_3D('',#4666,#4667,#4668);
#4666 = CARTESIAN_POINT('',(-2.085,1.8,1.265));
#4667 = DIRECTION('',(0.707106781187,0.,-0.707106781187));
#4668 = DIRECTION('',(0.,1.,0.));
#4669 = ADVANCED_FACE('',(#4670),#4683,.T.);
#4670 = FACE_BOUND('',#4671,.T.);
#4671 = EDGE_LOOP('',(#4672,#4673,#4674,#4675,#4676,#4677));
#4672 = ORIENTED_EDGE('',*,*,#4099,.T.);
#4673 = ORIENTED_EDGE('',*,*,#4152,.T.);
#4674 = ORIENTED_EDGE('',*,*,#4091,.T.);
#4675 = ORIENTED_EDGE('',*,*,#4657,.T.);
#4676 = ORIENTED_EDGE('',*,*,#4377,.F.);
#4677 = ORIENTED_EDGE('',*,*,#4678,.F.);
#4678 = EDGE_CURVE('',#4100,#4370,#4679,.T.);
#4679 = LINE('',#4680,#4681);
#4680 = CARTESIAN_POINT('',(-2.62,1.8,-0.8));
#4681 = VECTOR('',#4682,1.);
#4682 = DIRECTION('',(0.,1.,0.));
#4683 = PLANE('',#4684);
#4684 = AXIS2_PLACEMENT_3D('',#4685,#4686,#4687);
#4685 = CARTESIAN_POINT('',(-2.62,1.925,-3.5E-02));
#4686 = DIRECTION('',(-1.,-0.,-0.));
#4687 = DIRECTION('',(0.,0.,-1.));
#4688 = ADVANCED_FACE('',(#4689),#4700,.F.);
#4689 = FACE_BOUND('',#4690,.F.);
#4690 = EDGE_LOOP('',(#4691,#4692,#4693,#4699));
#4691 = ORIENTED_EDGE('',*,*,#4678,.F.);
#4692 = ORIENTED_EDGE('',*,*,#4107,.T.);
#4693 = ORIENTED_EDGE('',*,*,#4694,.T.);
#4694 = EDGE_CURVE('',#4108,#4360,#4695,.T.);
#4695 = LINE('',#4696,#4697);
#4696 = CARTESIAN_POINT('',(-2.27,1.8,-0.8));
#4697 = VECTOR('',#4698,1.);
#4698 = DIRECTION('',(0.,1.,0.));
#4699 = ORIENTED_EDGE('',*,*,#4369,.F.);
#4700 = PLANE('',#4701);
#4701 = AXIS2_PLACEMENT_3D('',#4702,#4703,#4704);
#4702 = CARTESIAN_POINT('',(-2.62,1.8,-0.8));
#4703 = DIRECTION('',(0.,0.,1.));
#4704 = DIRECTION('',(1.,0.,0.));
#4705 = ADVANCED_FACE('',(#4706),#4717,.T.);
#4706 = FACE_BOUND('',#4707,.T.);
#4707 = EDGE_LOOP('',(#4708,#4709,#4710,#4711));
#4708 = ORIENTED_EDGE('',*,*,#4115,.F.);
#4709 = ORIENTED_EDGE('',*,*,#4694,.T.);
#4710 = ORIENTED_EDGE('',*,*,#4359,.T.);
#4711 = ORIENTED_EDGE('',*,*,#4712,.F.);
#4712 = EDGE_CURVE('',#4116,#4362,#4713,.T.);
#4713 = LINE('',#4714,#4715);
#4714 = CARTESIAN_POINT('',(-2.27,1.8,0.9));
#4715 = VECTOR('',#4716,1.);
#4716 = DIRECTION('',(0.,1.,0.));
#4717 = PLANE('',#4718);
#4718 = AXIS2_PLACEMENT_3D('',#4719,#4720,#4721);
#4719 = CARTESIAN_POINT('',(-2.27,1.925,5.E-02));
#4720 = DIRECTION('',(1.,1.589858132061E-29,5.449816270957E-32));
#4721 = DIRECTION('',(-1.589858132061E-29,1.,0.));
#4722 = ADVANCED_FACE('',(#4723),#4729,.F.);
#4723 = FACE_BOUND('',#4724,.F.);
#4724 = EDGE_LOOP('',(#4725,#4726,#4727,#4728));
#4725 = ORIENTED_EDGE('',*,*,#4712,.F.);
#4726 = ORIENTED_EDGE('',*,*,#4123,.T.);
#4727 = ORIENTED_EDGE('',*,*,#4565,.T.);
#4728 = ORIENTED_EDGE('',*,*,#4472,.F.);
#4729 = PLANE('',#4730);
#4730 = AXIS2_PLACEMENT_3D('',#4731,#4732,#4733);
#4731 = CARTESIAN_POINT('',(-2.27,1.8,0.9));
#4732 = DIRECTION('',(0.,0.,1.));
#4733 = DIRECTION('',(1.,0.,0.));
#4734 = ( GEOMETRIC_REPRESENTATION_CONTEXT(3) 
GLOBAL_UNCERTAINTY_ASSIGNED_CONTEXT((#4738)) 
GLOBAL_UNIT_ASSIGNED_CONTEXT((#4735,#4736,#4737)) REPRESENTATION_CONTEXT
('Context #1','3D Context with UNIT and UNCERTAINTY') );
#4735 = ( LENGTH_UNIT() NAMED_UNIT(*) SI_UNIT(.MILLI.,.METRE.) );
#4736 = ( NAMED_UNIT(*) PLANE_ANGLE_UNIT() SI_UNIT($,.RADIAN.) );
#4737 = ( NAMED_UNIT(*) SI_UNIT($,.STERADIAN.) SOLID_ANGLE_UNIT() );
#4738 = UNCERTAINTY_MEASURE_WITH_UNIT(LENGTH_MEASURE(2.E-06),#4735,
  'distance_accuracy_value','confusion accuracy');
#4739 = PRODUCT_RELATED_PRODUCT_CATEGORY('part',$,(#7));
#4740 = MECHANICAL_DESIGN_GEOMETRIC_PRESENTATION_REPRESENTATION('',(
    #4741,#4749,#4756,#4763,#4770,#4777,#4785,#4792,#4799,#4806,#4813,
    #4820,#4827,#4834,#4841,#4848,#4855,#4862,#4869,#4876,#4883,#4890,
    #4897,#4905,#4912,#4919,#4926,#4933,#4940,#4947,#4954,#4961,#4968,
    #4975,#4982,#4989,#4996,#5003,#5010,#5017,#5024,#5031,#5038,#5045,
    #5052,#5059,#5066,#5073,#5080,#5087,#5094,#5101,#5108,#5115,#5122,
    #5129,#5136,#5143,#5150,#5157,#5164,#5171,#5178,#5185,#5192,#5199,
    #5206,#5213,#5220,#5227,#5234,#5241,#5248,#5255,#5262,#5269,#5276,
    #5283,#5290,#5297,#5304,#5311,#5318,#5325,#5332,#5339,#5346,#5353,
    #5360,#5367,#5374,#5381,#5388,#5395,#5402,#5409,#5416,#5423,#5430,
    #5437,#5444,#5451,#5458,#5465,#5472,#5479,#5486,#5493,#5500,#5507,
    #5514,#5521,#5528,#5535,#5542,#5549,#5556,#5563,#5570,#5577,#5584,
    #5591,#5598,#5605,#5612,#5619,#5626,#5633,#5640,#5647,#5654,#5661,
    #5668,#5675,#5682,#5689,#5696,#5703,#5710,#5717,#5724,#5731,#5738,
    #5745,#5752,#5759),#4734);
#4741 = STYLED_ITEM('color',(#4742),#17);
#4742 = PRESENTATION_STYLE_ASSIGNMENT((#4743));
#4743 = SURFACE_STYLE_USAGE(.BOTH.,#4744);
#4744 = SURFACE_SIDE_STYLE('',(#4745));
#4745 = SURFACE_STYLE_FILL_AREA(#4746);
#4746 = FILL_AREA_STYLE('',(#4747));
#4747 = FILL_AREA_STYLE_COLOUR('',#4748);
#4748 = DRAUGHTING_PRE_DEFINED_COLOUR('black');
#4749 = STYLED_ITEM('color',(#4750),#57);
#4750 = PRESENTATION_STYLE_ASSIGNMENT((#4751));
#4751 = SURFACE_STYLE_USAGE(.BOTH.,#4752);
#4752 = SURFACE_SIDE_STYLE('',(#4753));
#4753 = SURFACE_STYLE_FILL_AREA(#4754);
#4754 = FILL_AREA_STYLE('',(#4755));
#4755 = FILL_AREA_STYLE_COLOUR('',#4748);
#4756 = STYLED_ITEM('color',(#4757),#248);
#4757 = PRESENTATION_STYLE_ASSIGNMENT((#4758));
#4758 = SURFACE_STYLE_USAGE(.BOTH.,#4759);
#4759 = SURFACE_SIDE_STYLE('',(#4760));
#4760 = SURFACE_STYLE_FILL_AREA(#4761);
#4761 = FILL_AREA_STYLE('',(#4762));
#4762 = FILL_AREA_STYLE_COLOUR('',#4748);
#4763 = STYLED_ITEM('color',(#4764),#272);
#4764 = PRESENTATION_STYLE_ASSIGNMENT((#4765));
#4765 = SURFACE_STYLE_USAGE(.BOTH.,#4766);
#4766 = SURFACE_SIDE_STYLE('',(#4767));
#4767 = SURFACE_STYLE_FILL_AREA(#4768);
#4768 = FILL_AREA_STYLE('',(#4769));
#4769 = FILL_AREA_STYLE_COLOUR('',#4748);
#4770 = STYLED_ITEM('color',(#4771),#296);
#4771 = PRESENTATION_STYLE_ASSIGNMENT((#4772));
#4772 = SURFACE_STYLE_USAGE(.BOTH.,#4773);
#4773 = SURFACE_SIDE_STYLE('',(#4774));
#4774 = SURFACE_STYLE_FILL_AREA(#4775);
#4775 = FILL_AREA_STYLE('',(#4776));
#4776 = FILL_AREA_STYLE_COLOUR('',#4748);
#4777 = STYLED_ITEM('color',(#4778),#526);
#4778 = PRESENTATION_STYLE_ASSIGNMENT((#4779));
#4779 = SURFACE_STYLE_USAGE(.BOTH.,#4780);
#4780 = SURFACE_SIDE_STYLE('',(#4781));
#4781 = SURFACE_STYLE_FILL_AREA(#4782);
#4782 = FILL_AREA_STYLE('',(#4783));
#4783 = FILL_AREA_STYLE_COLOUR('',#4784);
#4784 = COLOUR_RGB('',0.737254917622,0.737254917622,0.);
#4785 = STYLED_ITEM('color',(#4786),#550);
#4786 = PRESENTATION_STYLE_ASSIGNMENT((#4787));
#4787 = SURFACE_STYLE_USAGE(.BOTH.,#4788);
#4788 = SURFACE_SIDE_STYLE('',(#4789));
#4789 = SURFACE_STYLE_FILL_AREA(#4790);
#4790 = FILL_AREA_STYLE('',(#4791));
#4791 = FILL_AREA_STYLE_COLOUR('',#4784);
#4792 = STYLED_ITEM('color',(#4793),#574);
#4793 = PRESENTATION_STYLE_ASSIGNMENT((#4794));
#4794 = SURFACE_STYLE_USAGE(.BOTH.,#4795);
#4795 = SURFACE_SIDE_STYLE('',(#4796));
#4796 = SURFACE_STYLE_FILL_AREA(#4797);
#4797 = FILL_AREA_STYLE('',(#4798));
#4798 = FILL_AREA_STYLE_COLOUR('',#4784);
#4799 = STYLED_ITEM('color',(#4800),#591);
#4800 = PRESENTATION_STYLE_ASSIGNMENT((#4801));
#4801 = SURFACE_STYLE_USAGE(.BOTH.,#4802);
#4802 = SURFACE_SIDE_STYLE('',(#4803));
#4803 = SURFACE_STYLE_FILL_AREA(#4804);
#4804 = FILL_AREA_STYLE('',(#4805));
#4805 = FILL_AREA_STYLE_COLOUR('',#4784);
#4806 = STYLED_ITEM('color',(#4807),#615);
#4807 = PRESENTATION_STYLE_ASSIGNMENT((#4808));
#4808 = SURFACE_STYLE_USAGE(.BOTH.,#4809);
#4809 = SURFACE_SIDE_STYLE('',(#4810));
#4810 = SURFACE_STYLE_FILL_AREA(#4811);
#4811 = FILL_AREA_STYLE('',(#4812));
#4812 = FILL_AREA_STYLE_COLOUR('',#4784);
#4813 = STYLED_ITEM('color',(#4814),#639);
#4814 = PRESENTATION_STYLE_ASSIGNMENT((#4815));
#4815 = SURFACE_STYLE_USAGE(.BOTH.,#4816);
#4816 = SURFACE_SIDE_STYLE('',(#4817));
#4817 = SURFACE_STYLE_FILL_AREA(#4818);
#4818 = FILL_AREA_STYLE('',(#4819));
#4819 = FILL_AREA_STYLE_COLOUR('',#4784);
#4820 = STYLED_ITEM('color',(#4821),#656);
#4821 = PRESENTATION_STYLE_ASSIGNMENT((#4822));
#4822 = SURFACE_STYLE_USAGE(.BOTH.,#4823);
#4823 = SURFACE_SIDE_STYLE('',(#4824));
#4824 = SURFACE_STYLE_FILL_AREA(#4825);
#4825 = FILL_AREA_STYLE('',(#4826));
#4826 = FILL_AREA_STYLE_COLOUR('',#4784);
#4827 = STYLED_ITEM('color',(#4828),#680);
#4828 = PRESENTATION_STYLE_ASSIGNMENT((#4829));
#4829 = SURFACE_STYLE_USAGE(.BOTH.,#4830);
#4830 = SURFACE_SIDE_STYLE('',(#4831));
#4831 = SURFACE_STYLE_FILL_AREA(#4832);
#4832 = FILL_AREA_STYLE('',(#4833));
#4833 = FILL_AREA_STYLE_COLOUR('',#4784);
#4834 = STYLED_ITEM('color',(#4835),#704);
#4835 = PRESENTATION_STYLE_ASSIGNMENT((#4836));
#4836 = SURFACE_STYLE_USAGE(.BOTH.,#4837);
#4837 = SURFACE_SIDE_STYLE('',(#4838));
#4838 = SURFACE_STYLE_FILL_AREA(#4839);
#4839 = FILL_AREA_STYLE('',(#4840));
#4840 = FILL_AREA_STYLE_COLOUR('',#4784);
#4841 = STYLED_ITEM('color',(#4842),#721);
#4842 = PRESENTATION_STYLE_ASSIGNMENT((#4843));
#4843 = SURFACE_STYLE_USAGE(.BOTH.,#4844);
#4844 = SURFACE_SIDE_STYLE('',(#4845));
#4845 = SURFACE_STYLE_FILL_AREA(#4846);
#4846 = FILL_AREA_STYLE('',(#4847));
#4847 = FILL_AREA_STYLE_COLOUR('',#4784);
#4848 = STYLED_ITEM('color',(#4849),#745);
#4849 = PRESENTATION_STYLE_ASSIGNMENT((#4850));
#4850 = SURFACE_STYLE_USAGE(.BOTH.,#4851);
#4851 = SURFACE_SIDE_STYLE('',(#4852));
#4852 = SURFACE_STYLE_FILL_AREA(#4853);
#4853 = FILL_AREA_STYLE('',(#4854));
#4854 = FILL_AREA_STYLE_COLOUR('',#4784);
#4855 = STYLED_ITEM('color',(#4856),#769);
#4856 = PRESENTATION_STYLE_ASSIGNMENT((#4857));
#4857 = SURFACE_STYLE_USAGE(.BOTH.,#4858);
#4858 = SURFACE_SIDE_STYLE('',(#4859));
#4859 = SURFACE_STYLE_FILL_AREA(#4860);
#4860 = FILL_AREA_STYLE('',(#4861));
#4861 = FILL_AREA_STYLE_COLOUR('',#4784);
#4862 = STYLED_ITEM('color',(#4863),#786);
#4863 = PRESENTATION_STYLE_ASSIGNMENT((#4864));
#4864 = SURFACE_STYLE_USAGE(.BOTH.,#4865);
#4865 = SURFACE_SIDE_STYLE('',(#4866));
#4866 = SURFACE_STYLE_FILL_AREA(#4867);
#4867 = FILL_AREA_STYLE('',(#4868));
#4868 = FILL_AREA_STYLE_COLOUR('',#4784);
#4869 = STYLED_ITEM('color',(#4870),#810);
#4870 = PRESENTATION_STYLE_ASSIGNMENT((#4871));
#4871 = SURFACE_STYLE_USAGE(.BOTH.,#4872);
#4872 = SURFACE_SIDE_STYLE('',(#4873));
#4873 = SURFACE_STYLE_FILL_AREA(#4874);
#4874 = FILL_AREA_STYLE('',(#4875));
#4875 = FILL_AREA_STYLE_COLOUR('',#4784);
#4876 = STYLED_ITEM('color',(#4877),#834);
#4877 = PRESENTATION_STYLE_ASSIGNMENT((#4878));
#4878 = SURFACE_STYLE_USAGE(.BOTH.,#4879);
#4879 = SURFACE_SIDE_STYLE('',(#4880));
#4880 = SURFACE_STYLE_FILL_AREA(#4881);
#4881 = FILL_AREA_STYLE('',(#4882));
#4882 = FILL_AREA_STYLE_COLOUR('',#4784);
#4883 = STYLED_ITEM('color',(#4884),#851);
#4884 = PRESENTATION_STYLE_ASSIGNMENT((#4885));
#4885 = SURFACE_STYLE_USAGE(.BOTH.,#4886);
#4886 = SURFACE_SIDE_STYLE('',(#4887));
#4887 = SURFACE_STYLE_FILL_AREA(#4888);
#4888 = FILL_AREA_STYLE('',(#4889));
#4889 = FILL_AREA_STYLE_COLOUR('',#4748);
#4890 = STYLED_ITEM('color',(#4891),#863);
#4891 = PRESENTATION_STYLE_ASSIGNMENT((#4892));
#4892 = SURFACE_STYLE_USAGE(.BOTH.,#4893);
#4893 = SURFACE_SIDE_STYLE('',(#4894));
#4894 = SURFACE_STYLE_FILL_AREA(#4895);
#4895 = FILL_AREA_STYLE('',(#4896));
#4896 = FILL_AREA_STYLE_COLOUR('',#4748);
#4897 = STYLED_ITEM('color',(#4898),#1064);
#4898 = PRESENTATION_STYLE_ASSIGNMENT((#4899));
#4899 = SURFACE_STYLE_USAGE(.BOTH.,#4900);
#4900 = SURFACE_SIDE_STYLE('',(#4901));
#4901 = SURFACE_STYLE_FILL_AREA(#4902);
#4902 = FILL_AREA_STYLE('',(#4903));
#4903 = FILL_AREA_STYLE_COLOUR('',#4904);
#4904 = COLOUR_RGB('',0.800000011921,0.800000011921,0.800000011921);
#4905 = STYLED_ITEM('color',(#4906),#1120);
#4906 = PRESENTATION_STYLE_ASSIGNMENT((#4907));
#4907 = SURFACE_STYLE_USAGE(.BOTH.,#4908);
#4908 = SURFACE_SIDE_STYLE('',(#4909));
#4909 = SURFACE_STYLE_FILL_AREA(#4910);
#4910 = FILL_AREA_STYLE('',(#4911));
#4911 = FILL_AREA_STYLE_COLOUR('',#4904);
#4912 = STYLED_ITEM('color',(#4913),#1167);
#4913 = PRESENTATION_STYLE_ASSIGNMENT((#4914));
#4914 = SURFACE_STYLE_USAGE(.BOTH.,#4915);
#4915 = SURFACE_SIDE_STYLE('',(#4916));
#4916 = SURFACE_STYLE_FILL_AREA(#4917);
#4917 = FILL_AREA_STYLE('',(#4918));
#4918 = FILL_AREA_STYLE_COLOUR('',#4904);
#4919 = STYLED_ITEM('color',(#4920),#1191);
#4920 = PRESENTATION_STYLE_ASSIGNMENT((#4921));
#4921 = SURFACE_STYLE_USAGE(.BOTH.,#4922);
#4922 = SURFACE_SIDE_STYLE('',(#4923));
#4923 = SURFACE_STYLE_FILL_AREA(#4924);
#4924 = FILL_AREA_STYLE('',(#4925));
#4925 = FILL_AREA_STYLE_COLOUR('',#4904);
#4926 = STYLED_ITEM('color',(#4927),#1215);
#4927 = PRESENTATION_STYLE_ASSIGNMENT((#4928));
#4928 = SURFACE_STYLE_USAGE(.BOTH.,#4929);
#4929 = SURFACE_SIDE_STYLE('',(#4930));
#4930 = SURFACE_STYLE_FILL_AREA(#4931);
#4931 = FILL_AREA_STYLE('',(#4932));
#4932 = FILL_AREA_STYLE_COLOUR('',#4904);
#4933 = STYLED_ITEM('color',(#4934),#1239);
#4934 = PRESENTATION_STYLE_ASSIGNMENT((#4935));
#4935 = SURFACE_STYLE_USAGE(.BOTH.,#4936);
#4936 = SURFACE_SIDE_STYLE('',(#4937));
#4937 = SURFACE_STYLE_FILL_AREA(#4938);
#4938 = FILL_AREA_STYLE('',(#4939));
#4939 = FILL_AREA_STYLE_COLOUR('',#4904);
#4940 = STYLED_ITEM('color',(#4941),#1263);
#4941 = PRESENTATION_STYLE_ASSIGNMENT((#4942));
#4942 = SURFACE_STYLE_USAGE(.BOTH.,#4943);
#4943 = SURFACE_SIDE_STYLE('',(#4944));
#4944 = SURFACE_STYLE_FILL_AREA(#4945);
#4945 = FILL_AREA_STYLE('',(#4946));
#4946 = FILL_AREA_STYLE_COLOUR('',#4904);
#4947 = STYLED_ITEM('color',(#4948),#1287);
#4948 = PRESENTATION_STYLE_ASSIGNMENT((#4949));
#4949 = SURFACE_STYLE_USAGE(.BOTH.,#4950);
#4950 = SURFACE_SIDE_STYLE('',(#4951));
#4951 = SURFACE_STYLE_FILL_AREA(#4952);
#4952 = FILL_AREA_STYLE('',(#4953));
#4953 = FILL_AREA_STYLE_COLOUR('',#4904);
#4954 = STYLED_ITEM('color',(#4955),#1311);
#4955 = PRESENTATION_STYLE_ASSIGNMENT((#4956));
#4956 = SURFACE_STYLE_USAGE(.BOTH.,#4957);
#4957 = SURFACE_SIDE_STYLE('',(#4958));
#4958 = SURFACE_STYLE_FILL_AREA(#4959);
#4959 = FILL_AREA_STYLE('',(#4960));
#4960 = FILL_AREA_STYLE_COLOUR('',#4904);
#4961 = STYLED_ITEM('color',(#4962),#1328);
#4962 = PRESENTATION_STYLE_ASSIGNMENT((#4963));
#4963 = SURFACE_STYLE_USAGE(.BOTH.,#4964);
#4964 = SURFACE_SIDE_STYLE('',(#4965));
#4965 = SURFACE_STYLE_FILL_AREA(#4966);
#4966 = FILL_AREA_STYLE('',(#4967));
#4967 = FILL_AREA_STYLE_COLOUR('',#4904);
#4968 = STYLED_ITEM('color',(#4969),#1377);
#4969 = PRESENTATION_STYLE_ASSIGNMENT((#4970));
#4970 = SURFACE_STYLE_USAGE(.BOTH.,#4971);
#4971 = SURFACE_SIDE_STYLE('',(#4972));
#4972 = SURFACE_STYLE_FILL_AREA(#4973);
#4973 = FILL_AREA_STYLE('',(#4974));
#4974 = FILL_AREA_STYLE_COLOUR('',#4784);
#4975 = STYLED_ITEM('color',(#4976),#1389);
#4976 = PRESENTATION_STYLE_ASSIGNMENT((#4977));
#4977 = SURFACE_STYLE_USAGE(.BOTH.,#4978);
#4978 = SURFACE_SIDE_STYLE('',(#4979));
#4979 = SURFACE_STYLE_FILL_AREA(#4980);
#4980 = FILL_AREA_STYLE('',(#4981));
#4981 = FILL_AREA_STYLE_COLOUR('',#4784);
#4982 = STYLED_ITEM('color',(#4983),#1401);
#4983 = PRESENTATION_STYLE_ASSIGNMENT((#4984));
#4984 = SURFACE_STYLE_USAGE(.BOTH.,#4985);
#4985 = SURFACE_SIDE_STYLE('',(#4986));
#4986 = SURFACE_STYLE_FILL_AREA(#4987);
#4987 = FILL_AREA_STYLE('',(#4988));
#4988 = FILL_AREA_STYLE_COLOUR('',#4784);
#4989 = STYLED_ITEM('color',(#4990),#1413);
#4990 = PRESENTATION_STYLE_ASSIGNMENT((#4991));
#4991 = SURFACE_STYLE_USAGE(.BOTH.,#4992);
#4992 = SURFACE_SIDE_STYLE('',(#4993));
#4993 = SURFACE_STYLE_FILL_AREA(#4994);
#4994 = FILL_AREA_STYLE('',(#4995));
#4995 = FILL_AREA_STYLE_COLOUR('',#4784);
#4996 = STYLED_ITEM('color',(#4997),#1425);
#4997 = PRESENTATION_STYLE_ASSIGNMENT((#4998));
#4998 = SURFACE_STYLE_USAGE(.BOTH.,#4999);
#4999 = SURFACE_SIDE_STYLE('',(#5000));
#5000 = SURFACE_STYLE_FILL_AREA(#5001);
#5001 = FILL_AREA_STYLE('',(#5002));
#5002 = FILL_AREA_STYLE_COLOUR('',#4784);
#5003 = STYLED_ITEM('color',(#5004),#1437);
#5004 = PRESENTATION_STYLE_ASSIGNMENT((#5005));
#5005 = SURFACE_STYLE_USAGE(.BOTH.,#5006);
#5006 = SURFACE_SIDE_STYLE('',(#5007));
#5007 = SURFACE_STYLE_FILL_AREA(#5008);
#5008 = FILL_AREA_STYLE('',(#5009));
#5009 = FILL_AREA_STYLE_COLOUR('',#4748);
#5010 = STYLED_ITEM('color',(#5011),#1518);
#5011 = PRESENTATION_STYLE_ASSIGNMENT((#5012));
#5012 = SURFACE_STYLE_USAGE(.BOTH.,#5013);
#5013 = SURFACE_SIDE_STYLE('',(#5014));
#5014 = SURFACE_STYLE_FILL_AREA(#5015);
#5015 = FILL_AREA_STYLE('',(#5016));
#5016 = FILL_AREA_STYLE_COLOUR('',#4784);
#5017 = STYLED_ITEM('color',(#5018),#1549);
#5018 = PRESENTATION_STYLE_ASSIGNMENT((#5019));
#5019 = SURFACE_STYLE_USAGE(.BOTH.,#5020);
#5020 = SURFACE_SIDE_STYLE('',(#5021));
#5021 = SURFACE_STYLE_FILL_AREA(#5022);
#5022 = FILL_AREA_STYLE('',(#5023));
#5023 = FILL_AREA_STYLE_COLOUR('',#4784);
#5024 = STYLED_ITEM('color',(#5025),#1589);
#5025 = PRESENTATION_STYLE_ASSIGNMENT((#5026));
#5026 = SURFACE_STYLE_USAGE(.BOTH.,#5027);
#5027 = SURFACE_SIDE_STYLE('',(#5028));
#5028 = SURFACE_STYLE_FILL_AREA(#5029);
#5029 = FILL_AREA_STYLE('',(#5030));
#5030 = FILL_AREA_STYLE_COLOUR('',#4784);
#5031 = STYLED_ITEM('color',(#5032),#1613);
#5032 = PRESENTATION_STYLE_ASSIGNMENT((#5033));
#5033 = SURFACE_STYLE_USAGE(.BOTH.,#5034);
#5034 = SURFACE_SIDE_STYLE('',(#5035));
#5035 = SURFACE_STYLE_FILL_AREA(#5036);
#5036 = FILL_AREA_STYLE('',(#5037));
#5037 = FILL_AREA_STYLE_COLOUR('',#4784);
#5038 = STYLED_ITEM('color',(#5039),#1646);
#5039 = PRESENTATION_STYLE_ASSIGNMENT((#5040));
#5040 = SURFACE_STYLE_USAGE(.BOTH.,#5041);
#5041 = SURFACE_SIDE_STYLE('',(#5042));
#5042 = SURFACE_STYLE_FILL_AREA(#5043);
#5043 = FILL_AREA_STYLE('',(#5044));
#5044 = FILL_AREA_STYLE_COLOUR('',#4784);
#5045 = STYLED_ITEM('color',(#5046),#1677);
#5046 = PRESENTATION_STYLE_ASSIGNMENT((#5047));
#5047 = SURFACE_STYLE_USAGE(.BOTH.,#5048);
#5048 = SURFACE_SIDE_STYLE('',(#5049));
#5049 = SURFACE_STYLE_FILL_AREA(#5050);
#5050 = FILL_AREA_STYLE('',(#5051));
#5051 = FILL_AREA_STYLE_COLOUR('',#4784);
#5052 = STYLED_ITEM('color',(#5053),#1717);
#5053 = PRESENTATION_STYLE_ASSIGNMENT((#5054));
#5054 = SURFACE_STYLE_USAGE(.BOTH.,#5055);
#5055 = SURFACE_SIDE_STYLE('',(#5056));
#5056 = SURFACE_STYLE_FILL_AREA(#5057);
#5057 = FILL_AREA_STYLE('',(#5058));
#5058 = FILL_AREA_STYLE_COLOUR('',#4784);
#5059 = STYLED_ITEM('color',(#5060),#1741);
#5060 = PRESENTATION_STYLE_ASSIGNMENT((#5061));
#5061 = SURFACE_STYLE_USAGE(.BOTH.,#5062);
#5062 = SURFACE_SIDE_STYLE('',(#5063));
#5063 = SURFACE_STYLE_FILL_AREA(#5064);
#5064 = FILL_AREA_STYLE('',(#5065));
#5065 = FILL_AREA_STYLE_COLOUR('',#4784);
#5066 = STYLED_ITEM('color',(#5067),#1774);
#5067 = PRESENTATION_STYLE_ASSIGNMENT((#5068));
#5068 = SURFACE_STYLE_USAGE(.BOTH.,#5069);
#5069 = SURFACE_SIDE_STYLE('',(#5070));
#5070 = SURFACE_STYLE_FILL_AREA(#5071);
#5071 = FILL_AREA_STYLE('',(#5072));
#5072 = FILL_AREA_STYLE_COLOUR('',#4784);
#5073 = STYLED_ITEM('color',(#5074),#1805);
#5074 = PRESENTATION_STYLE_ASSIGNMENT((#5075));
#5075 = SURFACE_STYLE_USAGE(.BOTH.,#5076);
#5076 = SURFACE_SIDE_STYLE('',(#5077));
#5077 = SURFACE_STYLE_FILL_AREA(#5078);
#5078 = FILL_AREA_STYLE('',(#5079));
#5079 = FILL_AREA_STYLE_COLOUR('',#4784);
#5080 = STYLED_ITEM('color',(#5081),#1845);
#5081 = PRESENTATION_STYLE_ASSIGNMENT((#5082));
#5082 = SURFACE_STYLE_USAGE(.BOTH.,#5083);
#5083 = SURFACE_SIDE_STYLE('',(#5084));
#5084 = SURFACE_STYLE_FILL_AREA(#5085);
#5085 = FILL_AREA_STYLE('',(#5086));
#5086 = FILL_AREA_STYLE_COLOUR('',#4784);
#5087 = STYLED_ITEM('color',(#5088),#1869);
#5088 = PRESENTATION_STYLE_ASSIGNMENT((#5089));
#5089 = SURFACE_STYLE_USAGE(.BOTH.,#5090);
#5090 = SURFACE_SIDE_STYLE('',(#5091));
#5091 = SURFACE_STYLE_FILL_AREA(#5092);
#5092 = FILL_AREA_STYLE('',(#5093));
#5093 = FILL_AREA_STYLE_COLOUR('',#4784);
#5094 = STYLED_ITEM('color',(#5095),#1902);
#5095 = PRESENTATION_STYLE_ASSIGNMENT((#5096));
#5096 = SURFACE_STYLE_USAGE(.BOTH.,#5097);
#5097 = SURFACE_SIDE_STYLE('',(#5098));
#5098 = SURFACE_STYLE_FILL_AREA(#5099);
#5099 = FILL_AREA_STYLE('',(#5100));
#5100 = FILL_AREA_STYLE_COLOUR('',#4784);
#5101 = STYLED_ITEM('color',(#5102),#1933);
#5102 = PRESENTATION_STYLE_ASSIGNMENT((#5103));
#5103 = SURFACE_STYLE_USAGE(.BOTH.,#5104);
#5104 = SURFACE_SIDE_STYLE('',(#5105));
#5105 = SURFACE_STYLE_FILL_AREA(#5106);
#5106 = FILL_AREA_STYLE('',(#5107));
#5107 = FILL_AREA_STYLE_COLOUR('',#4784);
#5108 = STYLED_ITEM('color',(#5109),#1973);
#5109 = PRESENTATION_STYLE_ASSIGNMENT((#5110));
#5110 = SURFACE_STYLE_USAGE(.BOTH.,#5111);
#5111 = SURFACE_SIDE_STYLE('',(#5112));
#5112 = SURFACE_STYLE_FILL_AREA(#5113);
#5113 = FILL_AREA_STYLE('',(#5114));
#5114 = FILL_AREA_STYLE_COLOUR('',#4784);
#5115 = STYLED_ITEM('color',(#5116),#1997);
#5116 = PRESENTATION_STYLE_ASSIGNMENT((#5117));
#5117 = SURFACE_STYLE_USAGE(.BOTH.,#5118);
#5118 = SURFACE_SIDE_STYLE('',(#5119));
#5119 = SURFACE_STYLE_FILL_AREA(#5120);
#5120 = FILL_AREA_STYLE('',(#5121));
#5121 = FILL_AREA_STYLE_COLOUR('',#4784);
#5122 = STYLED_ITEM('color',(#5123),#2030);
#5123 = PRESENTATION_STYLE_ASSIGNMENT((#5124));
#5124 = SURFACE_STYLE_USAGE(.BOTH.,#5125);
#5125 = SURFACE_SIDE_STYLE('',(#5126));
#5126 = SURFACE_STYLE_FILL_AREA(#5127);
#5127 = FILL_AREA_STYLE('',(#5128));
#5128 = FILL_AREA_STYLE_COLOUR('',#4784);
#5129 = STYLED_ITEM('color',(#5130),#2061);
#5130 = PRESENTATION_STYLE_ASSIGNMENT((#5131));
#5131 = SURFACE_STYLE_USAGE(.BOTH.,#5132);
#5132 = SURFACE_SIDE_STYLE('',(#5133));
#5133 = SURFACE_STYLE_FILL_AREA(#5134);
#5134 = FILL_AREA_STYLE('',(#5135));
#5135 = FILL_AREA_STYLE_COLOUR('',#4784);
#5136 = STYLED_ITEM('color',(#5137),#2101);
#5137 = PRESENTATION_STYLE_ASSIGNMENT((#5138));
#5138 = SURFACE_STYLE_USAGE(.BOTH.,#5139);
#5139 = SURFACE_SIDE_STYLE('',(#5140));
#5140 = SURFACE_STYLE_FILL_AREA(#5141);
#5141 = FILL_AREA_STYLE('',(#5142));
#5142 = FILL_AREA_STYLE_COLOUR('',#4784);
#5143 = STYLED_ITEM('color',(#5144),#2125);
#5144 = PRESENTATION_STYLE_ASSIGNMENT((#5145));
#5145 = SURFACE_STYLE_USAGE(.BOTH.,#5146);
#5146 = SURFACE_SIDE_STYLE('',(#5147));
#5147 = SURFACE_STYLE_FILL_AREA(#5148);
#5148 = FILL_AREA_STYLE('',(#5149));
#5149 = FILL_AREA_STYLE_COLOUR('',#4784);
#5150 = STYLED_ITEM('color',(#5151),#2158);
#5151 = PRESENTATION_STYLE_ASSIGNMENT((#5152));
#5152 = SURFACE_STYLE_USAGE(.BOTH.,#5153);
#5153 = SURFACE_SIDE_STYLE('',(#5154));
#5154 = SURFACE_STYLE_FILL_AREA(#5155);
#5155 = FILL_AREA_STYLE('',(#5156));
#5156 = FILL_AREA_STYLE_COLOUR('',#4904);
#5157 = STYLED_ITEM('color',(#5158),#2182);
#5158 = PRESENTATION_STYLE_ASSIGNMENT((#5159));
#5159 = SURFACE_STYLE_USAGE(.BOTH.,#5160);
#5160 = SURFACE_SIDE_STYLE('',(#5161));
#5161 = SURFACE_STYLE_FILL_AREA(#5162);
#5162 = FILL_AREA_STYLE('',(#5163));
#5163 = FILL_AREA_STYLE_COLOUR('',#4904);
#5164 = STYLED_ITEM('color',(#5165),#2214);
#5165 = PRESENTATION_STYLE_ASSIGNMENT((#5166));
#5166 = SURFACE_STYLE_USAGE(.BOTH.,#5167);
#5167 = SURFACE_SIDE_STYLE('',(#5168));
#5168 = SURFACE_STYLE_FILL_AREA(#5169);
#5169 = FILL_AREA_STYLE('',(#5170));
#5170 = FILL_AREA_STYLE_COLOUR('',#4904);
#5171 = STYLED_ITEM('color',(#5172),#2333);
#5172 = PRESENTATION_STYLE_ASSIGNMENT((#5173));
#5173 = SURFACE_STYLE_USAGE(.BOTH.,#5174);
#5174 = SURFACE_SIDE_STYLE('',(#5175));
#5175 = SURFACE_STYLE_FILL_AREA(#5176);
#5176 = FILL_AREA_STYLE('',(#5177));
#5177 = FILL_AREA_STYLE_COLOUR('',#4904);
#5178 = STYLED_ITEM('color',(#5179),#2345);
#5179 = PRESENTATION_STYLE_ASSIGNMENT((#5180));
#5180 = SURFACE_STYLE_USAGE(.BOTH.,#5181);
#5181 = SURFACE_SIDE_STYLE('',(#5182));
#5182 = SURFACE_STYLE_FILL_AREA(#5183);
#5183 = FILL_AREA_STYLE('',(#5184));
#5184 = FILL_AREA_STYLE_COLOUR('',#4904);
#5185 = STYLED_ITEM('color',(#5186),#2514);
#5186 = PRESENTATION_STYLE_ASSIGNMENT((#5187));
#5187 = SURFACE_STYLE_USAGE(.BOTH.,#5188);
#5188 = SURFACE_SIDE_STYLE('',(#5189));
#5189 = SURFACE_STYLE_FILL_AREA(#5190);
#5190 = FILL_AREA_STYLE('',(#5191));
#5191 = FILL_AREA_STYLE_COLOUR('',#4904);
#5192 = STYLED_ITEM('color',(#5193),#2538);
#5193 = PRESENTATION_STYLE_ASSIGNMENT((#5194));
#5194 = SURFACE_STYLE_USAGE(.BOTH.,#5195);
#5195 = SURFACE_SIDE_STYLE('',(#5196));
#5196 = SURFACE_STYLE_FILL_AREA(#5197);
#5197 = FILL_AREA_STYLE('',(#5198));
#5198 = FILL_AREA_STYLE_COLOUR('',#4904);
#5199 = STYLED_ITEM('color',(#5200),#2563);
#5200 = PRESENTATION_STYLE_ASSIGNMENT((#5201));
#5201 = SURFACE_STYLE_USAGE(.BOTH.,#5202);
#5202 = SURFACE_SIDE_STYLE('',(#5203));
#5203 = SURFACE_STYLE_FILL_AREA(#5204);
#5204 = FILL_AREA_STYLE('',(#5205));
#5205 = FILL_AREA_STYLE_COLOUR('',#4904);
#5206 = STYLED_ITEM('color',(#5207),#2604);
#5207 = PRESENTATION_STYLE_ASSIGNMENT((#5208));
#5208 = SURFACE_STYLE_USAGE(.BOTH.,#5209);
#5209 = SURFACE_SIDE_STYLE('',(#5210));
#5210 = SURFACE_STYLE_FILL_AREA(#5211);
#5211 = FILL_AREA_STYLE('',(#5212));
#5212 = FILL_AREA_STYLE_COLOUR('',#4904);
#5213 = STYLED_ITEM('color',(#5214),#2628);
#5214 = PRESENTATION_STYLE_ASSIGNMENT((#5215));
#5215 = SURFACE_STYLE_USAGE(.BOTH.,#5216);
#5216 = SURFACE_SIDE_STYLE('',(#5217));
#5217 = SURFACE_STYLE_FILL_AREA(#5218);
#5218 = FILL_AREA_STYLE('',(#5219));
#5219 = FILL_AREA_STYLE_COLOUR('',#4904);
#5220 = STYLED_ITEM('color',(#5221),#2652);
#5221 = PRESENTATION_STYLE_ASSIGNMENT((#5222));
#5222 = SURFACE_STYLE_USAGE(.BOTH.,#5223);
#5223 = SURFACE_SIDE_STYLE('',(#5224));
#5224 = SURFACE_STYLE_FILL_AREA(#5225);
#5225 = FILL_AREA_STYLE('',(#5226));
#5226 = FILL_AREA_STYLE_COLOUR('',#4904);
#5227 = STYLED_ITEM('color',(#5228),#2708);
#5228 = PRESENTATION_STYLE_ASSIGNMENT((#5229));
#5229 = SURFACE_STYLE_USAGE(.BOTH.,#5230);
#5230 = SURFACE_SIDE_STYLE('',(#5231));
#5231 = SURFACE_STYLE_FILL_AREA(#5232);
#5232 = FILL_AREA_STYLE('',(#5233));
#5233 = FILL_AREA_STYLE_COLOUR('',#4904);
#5234 = STYLED_ITEM('color',(#5235),#2732);
#5235 = PRESENTATION_STYLE_ASSIGNMENT((#5236));
#5236 = SURFACE_STYLE_USAGE(.BOTH.,#5237);
#5237 = SURFACE_SIDE_STYLE('',(#5238));
#5238 = SURFACE_STYLE_FILL_AREA(#5239);
#5239 = FILL_AREA_STYLE('',(#5240));
#5240 = FILL_AREA_STYLE_COLOUR('',#4904);
#5241 = STYLED_ITEM('color',(#5242),#2756);
#5242 = PRESENTATION_STYLE_ASSIGNMENT((#5243));
#5243 = SURFACE_STYLE_USAGE(.BOTH.,#5244);
#5244 = SURFACE_SIDE_STYLE('',(#5245));
#5245 = SURFACE_STYLE_FILL_AREA(#5246);
#5246 = FILL_AREA_STYLE('',(#5247));
#5247 = FILL_AREA_STYLE_COLOUR('',#4904);
#5248 = STYLED_ITEM('color',(#5249),#2790);
#5249 = PRESENTATION_STYLE_ASSIGNMENT((#5250));
#5250 = SURFACE_STYLE_USAGE(.BOTH.,#5251);
#5251 = SURFACE_SIDE_STYLE('',(#5252));
#5252 = SURFACE_STYLE_FILL_AREA(#5253);
#5253 = FILL_AREA_STYLE('',(#5254));
#5254 = FILL_AREA_STYLE_COLOUR('',#4784);
#5255 = STYLED_ITEM('color',(#5256),#2807);
#5256 = PRESENTATION_STYLE_ASSIGNMENT((#5257));
#5257 = SURFACE_STYLE_USAGE(.BOTH.,#5258);
#5258 = SURFACE_SIDE_STYLE('',(#5259));
#5259 = SURFACE_STYLE_FILL_AREA(#5260);
#5260 = FILL_AREA_STYLE('',(#5261));
#5261 = FILL_AREA_STYLE_COLOUR('',#4784);
#5262 = STYLED_ITEM('color',(#5263),#2824);
#5263 = PRESENTATION_STYLE_ASSIGNMENT((#5264));
#5264 = SURFACE_STYLE_USAGE(.BOTH.,#5265);
#5265 = SURFACE_SIDE_STYLE('',(#5266));
#5266 = SURFACE_STYLE_FILL_AREA(#5267);
#5267 = FILL_AREA_STYLE('',(#5268));
#5268 = FILL_AREA_STYLE_COLOUR('',#4784);
#5269 = STYLED_ITEM('color',(#5270),#2836);
#5270 = PRESENTATION_STYLE_ASSIGNMENT((#5271));
#5271 = SURFACE_STYLE_USAGE(.BOTH.,#5272);
#5272 = SURFACE_SIDE_STYLE('',(#5273));
#5273 = SURFACE_STYLE_FILL_AREA(#5274);
#5274 = FILL_AREA_STYLE('',(#5275));
#5275 = FILL_AREA_STYLE_COLOUR('',#4784);
#5276 = STYLED_ITEM('color',(#5277),#2853);
#5277 = PRESENTATION_STYLE_ASSIGNMENT((#5278));
#5278 = SURFACE_STYLE_USAGE(.BOTH.,#5279);
#5279 = SURFACE_SIDE_STYLE('',(#5280));
#5280 = SURFACE_STYLE_FILL_AREA(#5281);
#5281 = FILL_AREA_STYLE('',(#5282));
#5282 = FILL_AREA_STYLE_COLOUR('',#4784);
#5283 = STYLED_ITEM('color',(#5284),#2870);
#5284 = PRESENTATION_STYLE_ASSIGNMENT((#5285));
#5285 = SURFACE_STYLE_USAGE(.BOTH.,#5286);
#5286 = SURFACE_SIDE_STYLE('',(#5287));
#5287 = SURFACE_STYLE_FILL_AREA(#5288);
#5288 = FILL_AREA_STYLE('',(#5289));
#5289 = FILL_AREA_STYLE_COLOUR('',#4784);
#5290 = STYLED_ITEM('color',(#5291),#2882);
#5291 = PRESENTATION_STYLE_ASSIGNMENT((#5292));
#5292 = SURFACE_STYLE_USAGE(.BOTH.,#5293);
#5293 = SURFACE_SIDE_STYLE('',(#5294));
#5294 = SURFACE_STYLE_FILL_AREA(#5295);
#5295 = FILL_AREA_STYLE('',(#5296));
#5296 = FILL_AREA_STYLE_COLOUR('',#4784);
#5297 = STYLED_ITEM('color',(#5298),#2899);
#5298 = PRESENTATION_STYLE_ASSIGNMENT((#5299));
#5299 = SURFACE_STYLE_USAGE(.BOTH.,#5300);
#5300 = SURFACE_SIDE_STYLE('',(#5301));
#5301 = SURFACE_STYLE_FILL_AREA(#5302);
#5302 = FILL_AREA_STYLE('',(#5303));
#5303 = FILL_AREA_STYLE_COLOUR('',#4784);
#5304 = STYLED_ITEM('color',(#5305),#2916);
#5305 = PRESENTATION_STYLE_ASSIGNMENT((#5306));
#5306 = SURFACE_STYLE_USAGE(.BOTH.,#5307);
#5307 = SURFACE_SIDE_STYLE('',(#5308));
#5308 = SURFACE_STYLE_FILL_AREA(#5309);
#5309 = FILL_AREA_STYLE('',(#5310));
#5310 = FILL_AREA_STYLE_COLOUR('',#4784);
#5311 = STYLED_ITEM('color',(#5312),#2928);
#5312 = PRESENTATION_STYLE_ASSIGNMENT((#5313));
#5313 = SURFACE_STYLE_USAGE(.BOTH.,#5314);
#5314 = SURFACE_SIDE_STYLE('',(#5315));
#5315 = SURFACE_STYLE_FILL_AREA(#5316);
#5316 = FILL_AREA_STYLE('',(#5317));
#5317 = FILL_AREA_STYLE_COLOUR('',#4784);
#5318 = STYLED_ITEM('color',(#5319),#2945);
#5319 = PRESENTATION_STYLE_ASSIGNMENT((#5320));
#5320 = SURFACE_STYLE_USAGE(.BOTH.,#5321);
#5321 = SURFACE_SIDE_STYLE('',(#5322));
#5322 = SURFACE_STYLE_FILL_AREA(#5323);
#5323 = FILL_AREA_STYLE('',(#5324));
#5324 = FILL_AREA_STYLE_COLOUR('',#4784);
#5325 = STYLED_ITEM('color',(#5326),#2962);
#5326 = PRESENTATION_STYLE_ASSIGNMENT((#5327));
#5327 = SURFACE_STYLE_USAGE(.BOTH.,#5328);
#5328 = SURFACE_SIDE_STYLE('',(#5329));
#5329 = SURFACE_STYLE_FILL_AREA(#5330);
#5330 = FILL_AREA_STYLE('',(#5331));
#5331 = FILL_AREA_STYLE_COLOUR('',#4784);
#5332 = STYLED_ITEM('color',(#5333),#2974);
#5333 = PRESENTATION_STYLE_ASSIGNMENT((#5334));
#5334 = SURFACE_STYLE_USAGE(.BOTH.,#5335);
#5335 = SURFACE_SIDE_STYLE('',(#5336));
#5336 = SURFACE_STYLE_FILL_AREA(#5337);
#5337 = FILL_AREA_STYLE('',(#5338));
#5338 = FILL_AREA_STYLE_COLOUR('',#4784);
#5339 = STYLED_ITEM('color',(#5340),#2991);
#5340 = PRESENTATION_STYLE_ASSIGNMENT((#5341));
#5341 = SURFACE_STYLE_USAGE(.BOTH.,#5342);
#5342 = SURFACE_SIDE_STYLE('',(#5343));
#5343 = SURFACE_STYLE_FILL_AREA(#5344);
#5344 = FILL_AREA_STYLE('',(#5345));
#5345 = FILL_AREA_STYLE_COLOUR('',#4784);
#5346 = STYLED_ITEM('color',(#5347),#3008);
#5347 = PRESENTATION_STYLE_ASSIGNMENT((#5348));
#5348 = SURFACE_STYLE_USAGE(.BOTH.,#5349);
#5349 = SURFACE_SIDE_STYLE('',(#5350));
#5350 = SURFACE_STYLE_FILL_AREA(#5351);
#5351 = FILL_AREA_STYLE('',(#5352));
#5352 = FILL_AREA_STYLE_COLOUR('',#4784);
#5353 = STYLED_ITEM('color',(#5354),#3020);
#5354 = PRESENTATION_STYLE_ASSIGNMENT((#5355));
#5355 = SURFACE_STYLE_USAGE(.BOTH.,#5356);
#5356 = SURFACE_SIDE_STYLE('',(#5357));
#5357 = SURFACE_STYLE_FILL_AREA(#5358);
#5358 = FILL_AREA_STYLE('',(#5359));
#5359 = FILL_AREA_STYLE_COLOUR('',#4904);
#5360 = STYLED_ITEM('color',(#5361),#3061);
#5361 = PRESENTATION_STYLE_ASSIGNMENT((#5362));
#5362 = SURFACE_STYLE_USAGE(.BOTH.,#5363);
#5363 = SURFACE_SIDE_STYLE('',(#5364));
#5364 = SURFACE_STYLE_FILL_AREA(#5365);
#5365 = FILL_AREA_STYLE('',(#5366));
#5366 = FILL_AREA_STYLE_COLOUR('',#4904);
#5367 = STYLED_ITEM('color',(#5368),#3133);
#5368 = PRESENTATION_STYLE_ASSIGNMENT((#5369));
#5369 = SURFACE_STYLE_USAGE(.BOTH.,#5370);
#5370 = SURFACE_SIDE_STYLE('',(#5371));
#5371 = SURFACE_STYLE_FILL_AREA(#5372);
#5372 = FILL_AREA_STYLE('',(#5373));
#5373 = FILL_AREA_STYLE_COLOUR('',#4904);
#5374 = STYLED_ITEM('color',(#5375),#3157);
#5375 = PRESENTATION_STYLE_ASSIGNMENT((#5376));
#5376 = SURFACE_STYLE_USAGE(.BOTH.,#5377);
#5377 = SURFACE_SIDE_STYLE('',(#5378));
#5378 = SURFACE_STYLE_FILL_AREA(#5379);
#5379 = FILL_AREA_STYLE('',(#5380));
#5380 = FILL_AREA_STYLE_COLOUR('',#4904);
#5381 = STYLED_ITEM('color',(#5382),#3229);
#5382 = PRESENTATION_STYLE_ASSIGNMENT((#5383));
#5383 = SURFACE_STYLE_USAGE(.BOTH.,#5384);
#5384 = SURFACE_SIDE_STYLE('',(#5385));
#5385 = SURFACE_STYLE_FILL_AREA(#5386);
#5386 = FILL_AREA_STYLE('',(#5387));
#5387 = FILL_AREA_STYLE_COLOUR('',#4904);
#5388 = STYLED_ITEM('color',(#5389),#3246);
#5389 = PRESENTATION_STYLE_ASSIGNMENT((#5390));
#5390 = SURFACE_STYLE_USAGE(.BOTH.,#5391);
#5391 = SURFACE_SIDE_STYLE('',(#5392));
#5392 = SURFACE_STYLE_FILL_AREA(#5393);
#5393 = FILL_AREA_STYLE('',(#5394));
#5394 = FILL_AREA_STYLE_COLOUR('',#4904);
#5395 = STYLED_ITEM('color',(#5396),#3270);
#5396 = PRESENTATION_STYLE_ASSIGNMENT((#5397));
#5397 = SURFACE_STYLE_USAGE(.BOTH.,#5398);
#5398 = SURFACE_SIDE_STYLE('',(#5399));
#5399 = SURFACE_STYLE_FILL_AREA(#5400);
#5400 = FILL_AREA_STYLE('',(#5401));
#5401 = FILL_AREA_STYLE_COLOUR('',#4904);
#5402 = STYLED_ITEM('color',(#5403),#3318);
#5403 = PRESENTATION_STYLE_ASSIGNMENT((#5404));
#5404 = SURFACE_STYLE_USAGE(.BOTH.,#5405);
#5405 = SURFACE_SIDE_STYLE('',(#5406));
#5406 = SURFACE_STYLE_FILL_AREA(#5407);
#5407 = FILL_AREA_STYLE('',(#5408));
#5408 = FILL_AREA_STYLE_COLOUR('',#4904);
#5409 = STYLED_ITEM('color',(#5410),#3342);
#5410 = PRESENTATION_STYLE_ASSIGNMENT((#5411));
#5411 = SURFACE_STYLE_USAGE(.BOTH.,#5412);
#5412 = SURFACE_SIDE_STYLE('',(#5413));
#5413 = SURFACE_STYLE_FILL_AREA(#5414);
#5414 = FILL_AREA_STYLE('',(#5415));
#5415 = FILL_AREA_STYLE_COLOUR('',#4904);
#5416 = STYLED_ITEM('color',(#5417),#3390);
#5417 = PRESENTATION_STYLE_ASSIGNMENT((#5418));
#5418 = SURFACE_STYLE_USAGE(.BOTH.,#5419);
#5419 = SURFACE_SIDE_STYLE('',(#5420));
#5420 = SURFACE_STYLE_FILL_AREA(#5421);
#5421 = FILL_AREA_STYLE('',(#5422));
#5422 = FILL_AREA_STYLE_COLOUR('',#4904);
#5423 = STYLED_ITEM('color',(#5424),#3414);
#5424 = PRESENTATION_STYLE_ASSIGNMENT((#5425));
#5425 = SURFACE_STYLE_USAGE(.BOTH.,#5426);
#5426 = SURFACE_SIDE_STYLE('',(#5427));
#5427 = SURFACE_STYLE_FILL_AREA(#5428);
#5428 = FILL_AREA_STYLE('',(#5429));
#5429 = FILL_AREA_STYLE_COLOUR('',#4904);
#5430 = STYLED_ITEM('color',(#5431),#3430);
#5431 = PRESENTATION_STYLE_ASSIGNMENT((#5432));
#5432 = SURFACE_STYLE_USAGE(.BOTH.,#5433);
#5433 = SURFACE_SIDE_STYLE('',(#5434));
#5434 = SURFACE_STYLE_FILL_AREA(#5435);
#5435 = FILL_AREA_STYLE('',(#5436));
#5436 = FILL_AREA_STYLE_COLOUR('',#4904);
#5437 = STYLED_ITEM('color',(#5438),#3461);
#5438 = PRESENTATION_STYLE_ASSIGNMENT((#5439));
#5439 = SURFACE_STYLE_USAGE(.BOTH.,#5440);
#5440 = SURFACE_SIDE_STYLE('',(#5441));
#5441 = SURFACE_STYLE_FILL_AREA(#5442);
#5442 = FILL_AREA_STYLE('',(#5443));
#5443 = FILL_AREA_STYLE_COLOUR('',#4904);
#5444 = STYLED_ITEM('color',(#5445),#3485);
#5445 = PRESENTATION_STYLE_ASSIGNMENT((#5446));
#5446 = SURFACE_STYLE_USAGE(.BOTH.,#5447);
#5447 = SURFACE_SIDE_STYLE('',(#5448));
#5448 = SURFACE_STYLE_FILL_AREA(#5449);
#5449 = FILL_AREA_STYLE('',(#5450));
#5450 = FILL_AREA_STYLE_COLOUR('',#4904);
#5451 = STYLED_ITEM('color',(#5452),#3520);
#5452 = PRESENTATION_STYLE_ASSIGNMENT((#5453));
#5453 = SURFACE_STYLE_USAGE(.BOTH.,#5454);
#5454 = SURFACE_SIDE_STYLE('',(#5455));
#5455 = SURFACE_STYLE_FILL_AREA(#5456);
#5456 = FILL_AREA_STYLE('',(#5457));
#5457 = FILL_AREA_STYLE_COLOUR('',#4904);
#5458 = STYLED_ITEM('color',(#5459),#3537);
#5459 = PRESENTATION_STYLE_ASSIGNMENT((#5460));
#5460 = SURFACE_STYLE_USAGE(.BOTH.,#5461);
#5461 = SURFACE_SIDE_STYLE('',(#5462));
#5462 = SURFACE_STYLE_FILL_AREA(#5463);
#5463 = FILL_AREA_STYLE('',(#5464));
#5464 = FILL_AREA_STYLE_COLOUR('',#4904);
#5465 = STYLED_ITEM('color',(#5466),#3554);
#5466 = PRESENTATION_STYLE_ASSIGNMENT((#5467));
#5467 = SURFACE_STYLE_USAGE(.BOTH.,#5468);
#5468 = SURFACE_SIDE_STYLE('',(#5469));
#5469 = SURFACE_STYLE_FILL_AREA(#5470);
#5470 = FILL_AREA_STYLE('',(#5471));
#5471 = FILL_AREA_STYLE_COLOUR('',#4904);
#5472 = STYLED_ITEM('color',(#5473),#3571);
#5473 = PRESENTATION_STYLE_ASSIGNMENT((#5474));
#5474 = SURFACE_STYLE_USAGE(.BOTH.,#5475);
#5475 = SURFACE_SIDE_STYLE('',(#5476));
#5476 = SURFACE_STYLE_FILL_AREA(#5477);
#5477 = FILL_AREA_STYLE('',(#5478));
#5478 = FILL_AREA_STYLE_COLOUR('',#4904);
#5479 = STYLED_ITEM('color',(#5480),#3627);
#5480 = PRESENTATION_STYLE_ASSIGNMENT((#5481));
#5481 = SURFACE_STYLE_USAGE(.BOTH.,#5482);
#5482 = SURFACE_SIDE_STYLE('',(#5483));
#5483 = SURFACE_STYLE_FILL_AREA(#5484);
#5484 = FILL_AREA_STYLE('',(#5485));
#5485 = FILL_AREA_STYLE_COLOUR('',#4904);
#5486 = STYLED_ITEM('color',(#5487),#3651);
#5487 = PRESENTATION_STYLE_ASSIGNMENT((#5488));
#5488 = SURFACE_STYLE_USAGE(.BOTH.,#5489);
#5489 = SURFACE_SIDE_STYLE('',(#5490));
#5490 = SURFACE_STYLE_FILL_AREA(#5491);
#5491 = FILL_AREA_STYLE('',(#5492));
#5492 = FILL_AREA_STYLE_COLOUR('',#4904);
#5493 = STYLED_ITEM('color',(#5494),#3675);
#5494 = PRESENTATION_STYLE_ASSIGNMENT((#5495));
#5495 = SURFACE_STYLE_USAGE(.BOTH.,#5496);
#5496 = SURFACE_SIDE_STYLE('',(#5497));
#5497 = SURFACE_STYLE_FILL_AREA(#5498);
#5498 = FILL_AREA_STYLE('',(#5499));
#5499 = FILL_AREA_STYLE_COLOUR('',#4904);
#5500 = STYLED_ITEM('color',(#5501),#3699);
#5501 = PRESENTATION_STYLE_ASSIGNMENT((#5502));
#5502 = SURFACE_STYLE_USAGE(.BOTH.,#5503);
#5503 = SURFACE_SIDE_STYLE('',(#5504));
#5504 = SURFACE_STYLE_FILL_AREA(#5505);
#5505 = FILL_AREA_STYLE('',(#5506));
#5506 = FILL_AREA_STYLE_COLOUR('',#4904);
#5507 = STYLED_ITEM('color',(#5508),#3723);
#5508 = PRESENTATION_STYLE_ASSIGNMENT((#5509));
#5509 = SURFACE_STYLE_USAGE(.BOTH.,#5510);
#5510 = SURFACE_SIDE_STYLE('',(#5511));
#5511 = SURFACE_STYLE_FILL_AREA(#5512);
#5512 = FILL_AREA_STYLE('',(#5513));
#5513 = FILL_AREA_STYLE_COLOUR('',#4904);
#5514 = STYLED_ITEM('color',(#5515),#3747);
#5515 = PRESENTATION_STYLE_ASSIGNMENT((#5516));
#5516 = SURFACE_STYLE_USAGE(.BOTH.,#5517);
#5517 = SURFACE_SIDE_STYLE('',(#5518));
#5518 = SURFACE_STYLE_FILL_AREA(#5519);
#5519 = FILL_AREA_STYLE('',(#5520));
#5520 = FILL_AREA_STYLE_COLOUR('',#4904);
#5521 = STYLED_ITEM('color',(#5522),#3771);
#5522 = PRESENTATION_STYLE_ASSIGNMENT((#5523));
#5523 = SURFACE_STYLE_USAGE(.BOTH.,#5524);
#5524 = SURFACE_SIDE_STYLE('',(#5525));
#5525 = SURFACE_STYLE_FILL_AREA(#5526);
#5526 = FILL_AREA_STYLE('',(#5527));
#5527 = FILL_AREA_STYLE_COLOUR('',#4904);
#5528 = STYLED_ITEM('color',(#5529),#3795);
#5529 = PRESENTATION_STYLE_ASSIGNMENT((#5530));
#5530 = SURFACE_STYLE_USAGE(.BOTH.,#5531);
#5531 = SURFACE_SIDE_STYLE('',(#5532));
#5532 = SURFACE_STYLE_FILL_AREA(#5533);
#5533 = FILL_AREA_STYLE('',(#5534));
#5534 = FILL_AREA_STYLE_COLOUR('',#4904);
#5535 = STYLED_ITEM('color',(#5536),#3883);
#5536 = PRESENTATION_STYLE_ASSIGNMENT((#5537));
#5537 = SURFACE_STYLE_USAGE(.BOTH.,#5538);
#5538 = SURFACE_SIDE_STYLE('',(#5539));
#5539 = SURFACE_STYLE_FILL_AREA(#5540);
#5540 = FILL_AREA_STYLE('',(#5541));
#5541 = FILL_AREA_STYLE_COLOUR('',#4904);
#5542 = STYLED_ITEM('color',(#5543),#3907);
#5543 = PRESENTATION_STYLE_ASSIGNMENT((#5544));
#5544 = SURFACE_STYLE_USAGE(.BOTH.,#5545);
#5545 = SURFACE_SIDE_STYLE('',(#5546));
#5546 = SURFACE_STYLE_FILL_AREA(#5547);
#5547 = FILL_AREA_STYLE('',(#5548));
#5548 = FILL_AREA_STYLE_COLOUR('',#4904);
#5549 = STYLED_ITEM('color',(#5550),#3924);
#5550 = PRESENTATION_STYLE_ASSIGNMENT((#5551));
#5551 = SURFACE_STYLE_USAGE(.BOTH.,#5552);
#5552 = SURFACE_SIDE_STYLE('',(#5553));
#5553 = SURFACE_STYLE_FILL_AREA(#5554);
#5554 = FILL_AREA_STYLE('',(#5555));
#5555 = FILL_AREA_STYLE_COLOUR('',#4904);
#5556 = STYLED_ITEM('color',(#5557),#3949);
#5557 = PRESENTATION_STYLE_ASSIGNMENT((#5558));
#5558 = SURFACE_STYLE_USAGE(.BOTH.,#5559);
#5559 = SURFACE_SIDE_STYLE('',(#5560));
#5560 = SURFACE_STYLE_FILL_AREA(#5561);
#5561 = FILL_AREA_STYLE('',(#5562));
#5562 = FILL_AREA_STYLE_COLOUR('',#4904);
#5563 = STYLED_ITEM('color',(#5564),#3983);
#5564 = PRESENTATION_STYLE_ASSIGNMENT((#5565));
#5565 = SURFACE_STYLE_USAGE(.BOTH.,#5566);
#5566 = SURFACE_SIDE_STYLE('',(#5567));
#5567 = SURFACE_STYLE_FILL_AREA(#5568);
#5568 = FILL_AREA_STYLE('',(#5569));
#5569 = FILL_AREA_STYLE_COLOUR('',#4904);
#5570 = STYLED_ITEM('color',(#5571),#4133);
#5571 = PRESENTATION_STYLE_ASSIGNMENT((#5572));
#5572 = SURFACE_STYLE_USAGE(.BOTH.,#5573);
#5573 = SURFACE_SIDE_STYLE('',(#5574));
#5574 = SURFACE_STYLE_FILL_AREA(#5575);
#5575 = FILL_AREA_STYLE('',(#5576));
#5576 = FILL_AREA_STYLE_COLOUR('',#4904);
#5577 = STYLED_ITEM('color',(#5578),#4164);
#5578 = PRESENTATION_STYLE_ASSIGNMENT((#5579));
#5579 = SURFACE_STYLE_USAGE(.BOTH.,#5580);
#5580 = SURFACE_SIDE_STYLE('',(#5581));
#5581 = SURFACE_STYLE_FILL_AREA(#5582);
#5582 = FILL_AREA_STYLE('',(#5583));
#5583 = FILL_AREA_STYLE_COLOUR('',#4904);
#5584 = STYLED_ITEM('color',(#5585),#4186);
#5585 = PRESENTATION_STYLE_ASSIGNMENT((#5586));
#5586 = SURFACE_STYLE_USAGE(.BOTH.,#5587);
#5587 = SURFACE_SIDE_STYLE('',(#5588));
#5588 = SURFACE_STYLE_FILL_AREA(#5589);
#5589 = FILL_AREA_STYLE('',(#5590));
#5590 = FILL_AREA_STYLE_COLOUR('',#4904);
#5591 = STYLED_ITEM('color',(#5592),#4203);
#5592 = PRESENTATION_STYLE_ASSIGNMENT((#5593));
#5593 = SURFACE_STYLE_USAGE(.BOTH.,#5594);
#5594 = SURFACE_SIDE_STYLE('',(#5595));
#5595 = SURFACE_STYLE_FILL_AREA(#5596);
#5596 = FILL_AREA_STYLE('',(#5597));
#5597 = FILL_AREA_STYLE_COLOUR('',#4904);
#5598 = STYLED_ITEM('color',(#5599),#4227);
#5599 = PRESENTATION_STYLE_ASSIGNMENT((#5600));
#5600 = SURFACE_STYLE_USAGE(.BOTH.,#5601);
#5601 = SURFACE_SIDE_STYLE('',(#5602));
#5602 = SURFACE_STYLE_FILL_AREA(#5603);
#5603 = FILL_AREA_STYLE('',(#5604));
#5604 = FILL_AREA_STYLE_COLOUR('',#4904);
#5605 = STYLED_ITEM('color',(#5606),#4244);
#5606 = PRESENTATION_STYLE_ASSIGNMENT((#5607));
#5607 = SURFACE_STYLE_USAGE(.BOTH.,#5608);
#5608 = SURFACE_SIDE_STYLE('',(#5609));
#5609 = SURFACE_STYLE_FILL_AREA(#5610);
#5610 = FILL_AREA_STYLE('',(#5611));
#5611 = FILL_AREA_STYLE_COLOUR('',#4904);
#5612 = STYLED_ITEM('color',(#5613),#4261);
#5613 = PRESENTATION_STYLE_ASSIGNMENT((#5614));
#5614 = SURFACE_STYLE_USAGE(.BOTH.,#5615);
#5615 = SURFACE_SIDE_STYLE('',(#5616));
#5616 = SURFACE_STYLE_FILL_AREA(#5617);
#5617 = FILL_AREA_STYLE('',(#5618));
#5618 = FILL_AREA_STYLE_COLOUR('',#4904);
#5619 = STYLED_ITEM('color',(#5620),#4273);
#5620 = PRESENTATION_STYLE_ASSIGNMENT((#5621));
#5621 = SURFACE_STYLE_USAGE(.BOTH.,#5622);
#5622 = SURFACE_SIDE_STYLE('',(#5623));
#5623 = SURFACE_STYLE_FILL_AREA(#5624);
#5624 = FILL_AREA_STYLE('',(#5625));
#5625 = FILL_AREA_STYLE_COLOUR('',#4904);
#5626 = STYLED_ITEM('color',(#5627),#4290);
#5627 = PRESENTATION_STYLE_ASSIGNMENT((#5628));
#5628 = SURFACE_STYLE_USAGE(.BOTH.,#5629);
#5629 = SURFACE_SIDE_STYLE('',(#5630));
#5630 = SURFACE_STYLE_FILL_AREA(#5631);
#5631 = FILL_AREA_STYLE('',(#5632));
#5632 = FILL_AREA_STYLE_COLOUR('',#4904);
#5633 = STYLED_ITEM('color',(#5634),#4307);
#5634 = PRESENTATION_STYLE_ASSIGNMENT((#5635));
#5635 = SURFACE_STYLE_USAGE(.BOTH.,#5636);
#5636 = SURFACE_SIDE_STYLE('',(#5637));
#5637 = SURFACE_STYLE_FILL_AREA(#5638);
#5638 = FILL_AREA_STYLE('',(#5639));
#5639 = FILL_AREA_STYLE_COLOUR('',#4904);
#5640 = STYLED_ITEM('color',(#5641),#4319);
#5641 = PRESENTATION_STYLE_ASSIGNMENT((#5642));
#5642 = SURFACE_STYLE_USAGE(.BOTH.,#5643);
#5643 = SURFACE_SIDE_STYLE('',(#5644));
#5644 = SURFACE_STYLE_FILL_AREA(#5645);
#5645 = FILL_AREA_STYLE('',(#5646));
#5646 = FILL_AREA_STYLE_COLOUR('',#4904);
#5647 = STYLED_ITEM('color',(#5648),#4330);
#5648 = PRESENTATION_STYLE_ASSIGNMENT((#5649));
#5649 = SURFACE_STYLE_USAGE(.BOTH.,#5650);
#5650 = SURFACE_SIDE_STYLE('',(#5651));
#5651 = SURFACE_STYLE_FILL_AREA(#5652);
#5652 = FILL_AREA_STYLE('',(#5653));
#5653 = FILL_AREA_STYLE_COLOUR('',#4904);
#5654 = STYLED_ITEM('color',(#5655),#4355);
#5655 = PRESENTATION_STYLE_ASSIGNMENT((#5656));
#5656 = SURFACE_STYLE_USAGE(.BOTH.,#5657);
#5657 = SURFACE_SIDE_STYLE('',(#5658));
#5658 = SURFACE_STYLE_FILL_AREA(#5659);
#5659 = FILL_AREA_STYLE('',(#5660));
#5660 = FILL_AREA_STYLE_COLOUR('',#4904);
#5661 = STYLED_ITEM('color',(#5662),#4482);
#5662 = PRESENTATION_STYLE_ASSIGNMENT((#5663));
#5663 = SURFACE_STYLE_USAGE(.BOTH.,#5664);
#5664 = SURFACE_SIDE_STYLE('',(#5665));
#5665 = SURFACE_STYLE_FILL_AREA(#5666);
#5666 = FILL_AREA_STYLE('',(#5667));
#5667 = FILL_AREA_STYLE_COLOUR('',#4904);
#5668 = STYLED_ITEM('color',(#5669),#4500);
#5669 = PRESENTATION_STYLE_ASSIGNMENT((#5670));
#5670 = SURFACE_STYLE_USAGE(.BOTH.,#5671);
#5671 = SURFACE_SIDE_STYLE('',(#5672));
#5672 = SURFACE_STYLE_FILL_AREA(#5673);
#5673 = FILL_AREA_STYLE('',(#5674));
#5674 = FILL_AREA_STYLE_COLOUR('',#4904);
#5675 = STYLED_ITEM('color',(#5676),#4518);
#5676 = PRESENTATION_STYLE_ASSIGNMENT((#5677));
#5677 = SURFACE_STYLE_USAGE(.BOTH.,#5678);
#5678 = SURFACE_SIDE_STYLE('',(#5679));
#5679 = SURFACE_STYLE_FILL_AREA(#5680);
#5680 = FILL_AREA_STYLE('',(#5681));
#5681 = FILL_AREA_STYLE_COLOUR('',#4904);
#5682 = STYLED_ITEM('color',(#5683),#4536);
#5683 = PRESENTATION_STYLE_ASSIGNMENT((#5684));
#5684 = SURFACE_STYLE_USAGE(.BOTH.,#5685);
#5685 = SURFACE_SIDE_STYLE('',(#5686));
#5686 = SURFACE_STYLE_FILL_AREA(#5687);
#5687 = FILL_AREA_STYLE('',(#5688));
#5688 = FILL_AREA_STYLE_COLOUR('',#4904);
#5689 = STYLED_ITEM('color',(#5690),#4560);
#5690 = PRESENTATION_STYLE_ASSIGNMENT((#5691));
#5691 = SURFACE_STYLE_USAGE(.BOTH.,#5692);
#5692 = SURFACE_SIDE_STYLE('',(#5693));
#5693 = SURFACE_STYLE_FILL_AREA(#5694);
#5694 = FILL_AREA_STYLE('',(#5695));
#5695 = FILL_AREA_STYLE_COLOUR('',#4904);
#5696 = STYLED_ITEM('color',(#5697),#4582);
#5697 = PRESENTATION_STYLE_ASSIGNMENT((#5698));
#5698 = SURFACE_STYLE_USAGE(.BOTH.,#5699);
#5699 = SURFACE_SIDE_STYLE('',(#5700));
#5700 = SURFACE_STYLE_FILL_AREA(#5701);
#5701 = FILL_AREA_STYLE('',(#5702));
#5702 = FILL_AREA_STYLE_COLOUR('',#4904);
#5703 = STYLED_ITEM('color',(#5704),#4594);
#5704 = PRESENTATION_STYLE_ASSIGNMENT((#5705));
#5705 = SURFACE_STYLE_USAGE(.BOTH.,#5706);
#5706 = SURFACE_SIDE_STYLE('',(#5707));
#5707 = SURFACE_STYLE_FILL_AREA(#5708);
#5708 = FILL_AREA_STYLE('',(#5709));
#5709 = FILL_AREA_STYLE_COLOUR('',#4904);
#5710 = STYLED_ITEM('color',(#5711),#4611);
#5711 = PRESENTATION_STYLE_ASSIGNMENT((#5712));
#5712 = SURFACE_STYLE_USAGE(.BOTH.,#5713);
#5713 = SURFACE_SIDE_STYLE('',(#5714));
#5714 = SURFACE_STYLE_FILL_AREA(#5715);
#5715 = FILL_AREA_STYLE('',(#5716));
#5716 = FILL_AREA_STYLE_COLOUR('',#4904);
#5717 = STYLED_ITEM('color',(#5718),#4623);
#5718 = PRESENTATION_STYLE_ASSIGNMENT((#5719));
#5719 = SURFACE_STYLE_USAGE(.BOTH.,#5720);
#5720 = SURFACE_SIDE_STYLE('',(#5721));
#5721 = SURFACE_STYLE_FILL_AREA(#5722);
#5722 = FILL_AREA_STYLE('',(#5723));
#5723 = FILL_AREA_STYLE_COLOUR('',#4904);
#5724 = STYLED_ITEM('color',(#5725),#4635);
#5725 = PRESENTATION_STYLE_ASSIGNMENT((#5726));
#5726 = SURFACE_STYLE_USAGE(.BOTH.,#5727);
#5727 = SURFACE_SIDE_STYLE('',(#5728));
#5728 = SURFACE_STYLE_FILL_AREA(#5729);
#5729 = FILL_AREA_STYLE('',(#5730));
#5730 = FILL_AREA_STYLE_COLOUR('',#4904);
#5731 = STYLED_ITEM('color',(#5732),#4652);
#5732 = PRESENTATION_STYLE_ASSIGNMENT((#5733));
#5733 = SURFACE_STYLE_USAGE(.BOTH.,#5734);
#5734 = SURFACE_SIDE_STYLE('',(#5735));
#5735 = SURFACE_STYLE_FILL_AREA(#5736);
#5736 = FILL_AREA_STYLE('',(#5737));
#5737 = FILL_AREA_STYLE_COLOUR('',#4904);
#5738 = STYLED_ITEM('color',(#5739),#4669);
#5739 = PRESENTATION_STYLE_ASSIGNMENT((#5740));
#5740 = SURFACE_STYLE_USAGE(.BOTH.,#5741);
#5741 = SURFACE_SIDE_STYLE('',(#5742));
#5742 = SURFACE_STYLE_FILL_AREA(#5743);
#5743 = FILL_AREA_STYLE('',(#5744));
#5744 = FILL_AREA_STYLE_COLOUR('',#4904);
#5745 = STYLED_ITEM('color',(#5746),#4688);
#5746 = PRESENTATION_STYLE_ASSIGNMENT((#5747));
#5747 = SURFACE_STYLE_USAGE(.BOTH.,#5748);
#5748 = SURFACE_SIDE_STYLE('',(#5749));
#5749 = SURFACE_STYLE_FILL_AREA(#5750);
#5750 = FILL_AREA_STYLE('',(#5751));
#5751 = FILL_AREA_STYLE_COLOUR('',#4904);
#5752 = STYLED_ITEM('color',(#5753),#4705);
#5753 = PRESENTATION_STYLE_ASSIGNMENT((#5754));
#5754 = SURFACE_STYLE_USAGE(.BOTH.,#5755);
#5755 = SURFACE_SIDE_STYLE('',(#5756));
#5756 = SURFACE_STYLE_FILL_AREA(#5757);
#5757 = FILL_AREA_STYLE('',(#5758));
#5758 = FILL_AREA_STYLE_COLOUR('',#4904);
#5759 = STYLED_ITEM('color',(#5760),#4722);
#5760 = PRESENTATION_STYLE_ASSIGNMENT((#5761));
#5761 = SURFACE_STYLE_USAGE(.BOTH.,#5762);
#5762 = SURFACE_SIDE_STYLE('',(#5763));
#5763 = SURFACE_STYLE_FILL_AREA(#5764);
#5764 = FILL_AREA_STYLE('',(#5765));
#5765 = FILL_AREA_STYLE_COLOUR('',#4904);
ENDSEC;
END-ISO-10303-21;
